year,ticker,name,market,mcap_rank,div_nov,runup,runup_ex,exday,dps,post0,post0_ex,tot0,post5,post5_ex,tot5,post10,post10_ex,tot10,post20,post20_ex,tot20,post40,post40_ex,tot40,post60,post60_ex,tot60,dps_prev,price_e,yield_act,tot0_net,tot5_net,tot10_net,tot20_net,tot40_net,tot60_net,drop_ratio
2010,032040,C&S자산관리,KOSDAQ,1112,8.24000,0.13342,0.12675,-0.04940,300.00000,-0.04940,-0.05519,0.07742,-0.03205,-0.06629,0.09709,-0.09890,-0.14784,0.02132,-0.13224,-0.17231,-0.01647,-0.14533,-0.12077,-0.03131,-0.12937,-0.14144,-0.01322,50.00000,687.75184,0.43620,0.44310,0.46277,0.38700,0.34921,0.33437,0.35246,0.11325
2010,079190,케스피온,KOSDAQ,964,5.38000,-0.05595,-0.06262,0.00000,0.00000,0.00000,-0.00579,-0.05595,0.00794,-0.02630,-0.04846,-0.03189,-0.08083,-0.08606,-0.08437,-0.12445,-0.13560,-0.16641,-0.14184,-0.21305,-0.03895,-0.05102,-0.09272,250.00000,4386.84439,0.00000,-0.05930,-0.05181,-0.08941,-0.13895,-0.21640,-0.09607,
2010,114090,GKL,KOSPI,130,5.08000,0.03966,0.03300,-0.00950,620.00000,-0.00950,-0.01529,0.02979,-0.03100,-0.06524,0.00743,0.03326,-0.01568,0.07424,-0.10966,-0.14973,-0.07434,-0.10491,-0.08035,-0.06941,-0.22402,-0.23610,-0.19325,1027.00000,21018.36681,0.02950,0.05139,0.02903,0.09585,-0.05274,-0.04781,-0.17164,0.32206
2010,001250,GS글로벌,KOSPI,357,7.73000,0.01195,0.00528,0.00000,500.00000,0.00000,-0.00579,0.01195,-0.05127,-0.08552,-0.03994,-0.04277,-0.09171,-0.03133,-0.07694,-0.11701,-0.06591,-0.11957,-0.09500,-0.10905,-0.04809,-0.06016,-0.03671,1627.00000,21299.38308,0.02347,0.02846,-0.02343,-0.01482,-0.04940,-0.09254,-0.02020,
2010,035000,HS애드,KOSPI,438,8.02000,-0.03217,-0.03884,-0.02860,150.00000,-0.02860,-0.03439,-0.05985,0.00477,-0.02948,-0.02756,-0.01896,-0.06790,-0.05052,-0.01430,-0.05438,-0.04602,-0.02864,-0.00407,-0.05989,-0.00012,-0.01219,-0.03229,870.00000,10498.86338,0.01429,-0.05112,-0.01882,-0.04178,-0.03728,-0.05115,-0.02355,2.00178
2010,005560,JS전선,KOSPI,514,7.23000,-0.04411,-0.05077,-0.00420,500.00000,-0.00420,-0.00999,-0.04812,0.00834,-0.02590,-0.03613,-0.01693,-0.06587,-0.06029,-0.03794,-0.07802,-0.08038,-0.23376,-0.20919,-0.26755,-0.22109,-0.23316,-0.25545,900.00000,11899.08751,0.04202,-0.01592,-0.00393,-0.02809,-0.04818,-0.23535,-0.22325,0.09995
2010,009440,KC그린홀딩스,KOSPI,792,5.13000,0.01574,0.00907,-0.00980,65.00000,-0.00980,-0.01559,0.00579,0.02253,-0.01172,0.03862,0.08139,0.03245,0.09841,0.01553,-0.02454,0.03152,-0.11056,-0.08599,-0.09656,-0.00968,-0.02175,0.00591,180.00000,3564.00435,0.01824,0.01787,0.05070,0.11049,0.04360,-0.08448,0.01799,0.53734
2010,083420,그린케미칼,KOSPI,724,3.44000,-0.00471,-0.01138,-0.01150,150.00000,-0.01150,-0.01729,-0.01616,-0.02997,-0.06421,-0.03454,0.00006,-0.04888,-0.00466,-0.05644,-0.09651,-0.06089,-0.10696,-0.08239,-0.11117,-0.10103,-0.11310,-0.10526,150.00000,4339.91082,0.03456,0.00973,-0.00865,0.02123,-0.03500,-0.08528,-0.07937,0.33273
2010,114450,그린생명과학,KOSDAQ,984,5.38000,0.01747,0.01080,-0.01590,200.00000,-0.01590,-0.02169,0.00129,-0.01321,-0.04745,0.00402,-0.03171,-0.08065,-0.01479,-0.06989,-0.10996,-0.05364,-0.19280,-0.16824,-0.17870,-0.13589,-0.14797,-0.12080,200.00000,3782.40483,0.05288,0.04267,0.04541,0.02659,-0.01226,-0.13732,-0.07942,0.30070
2010,030200,KT,KOSPI,20,4.30000,0.05821,0.05154,-0.04980,2410.00000,-0.04980,-0.05559,0.00551,-0.08839,-0.12263,-0.03532,-0.11481,-0.16375,-0.06329,-0.14128,-0.18135,-0.09129,-0.20432,-0.17975,-0.15801,-0.21628,-0.22835,-0.17066,2000.00000,49218.99617,0.04896,0.04358,0.00275,-0.02521,-0.05322,-0.11993,-0.13258,1.01706
2010,033780,KT&G,KOSPI,30,4.47000,0.09412,0.08745,-0.04960,3000.00000,-0.04960,-0.05539,0.03985,-0.04814,-0.08238,0.04145,-0.05836,-0.10730,0.03026,-0.11813,-0.15820,-0.03513,-0.15164,-0.12707,-0.07179,-0.17936,-0.19143,-0.10212,2800.00000,68535.23107,0.04377,0.07353,0.07513,0.06395,-0.00145,-0.03811,-0.06844,1.13312
2010,060370,LS마린솔루션,KOSDAQ,834,3.05000,0.12796,0.12129,-0.03240,250.00000,-0.03240,-0.03819,0.09141,-0.01630,-0.05054,0.10958,0.05131,0.00237,0.18583,-0.08653,-0.12661,0.03035,-0.12704,-0.10248,-0.01534,-0.15687,-0.16895,-0.04899,500.00000,18491.11836,0.01352,0.09950,0.11766,0.19392,0.03844,-0.00725,-0.04090,2.39645
2010,032640,LG유플러스,KOSPI,66,4.92000,0.05084,0.04417,-0.04020,350.00000,-0.04020,-0.04599,0.00859,-0.04282,-0.07706,0.00584,-0.04025,-0.08919,0.00854,-0.09115,-0.13122,-0.04494,-0.26388,-0.23931,-0.22646,-0.18384,-0.19591,-0.14235,350.00000,7475.46863,0.04682,0.04485,0.04210,0.04480,-0.00868,-0.19020,-0.10609,0.85861
2010,091340,S&K폴리텍,KOSDAQ,1383,4.00000,0.01062,0.00395,-0.01720,150.00000,-0.01720,-0.02299,-0.00677,-0.06072,-0.09496,-0.05075,-0.05805,-0.10699,-0.04805,-0.07398,-0.11406,-0.06415,-0.10432,-0.07975,-0.09481,-0.04358,-0.05565,-0.03343,150.00000,3789.81575,0.03958,0.02337,-0.02061,-0.01791,-0.03402,-0.06467,-0.00329,0.43457
2010,025530,SJM홀딩스,KOSPI,905,3.56000,0.09518,0.08851,-0.00760,100.00000,-0.00760,-0.01339,0.08686,-0.00756,-0.04180,0.08690,0.01302,-0.03592,0.10944,-0.06519,-0.10526,0.02379,-0.16711,-0.14254,-0.08783,-0.22566,-0.23774,-0.15196,150.00000,4614.51864,0.02167,0.10184,0.10189,0.12442,0.03877,-0.07285,-0.13698,0.35070
2010,018670,SK가스,KOSPI,265,3.76000,0.05882,0.05215,-0.02960,1500.00000,-0.02960,-0.03539,0.02748,-0.04615,-0.08040,0.00995,-0.02250,-0.07144,0.03499,-0.05901,-0.09909,-0.00367,-0.11710,-0.09253,-0.06517,-0.05097,-0.06304,0.00485,1500.00000,42240.12160,0.03551,0.05417,0.03664,0.06169,0.02303,-0.03848,0.03155,0.83354
2010,017670,SK텔레콤,KOSPI,17,5.50000,0.05549,0.04882,-0.04430,9400.00000,-0.04430,-0.05009,0.00873,-0.04710,-0.08134,0.00577,-0.07472,-0.12366,-0.02338,-0.07196,-0.11204,-0.02047,-0.10529,-0.08072,-0.05564,-0.10810,-0.12017,-0.05861,9400.00000,180392.62535,0.05211,0.04946,0.04651,0.01735,0.02027,-0.01491,-0.01788,0.85015
2010,002710,TCC스틸,KOSPI,830,3.11000,0.09724,0.09057,0.00600,180.00000,0.00600,0.00021,0.10382,0.00803,-0.02621,0.10605,0.01412,-0.03482,0.11273,-0.04024,-0.08032,0.05308,-0.13484,-0.11027,-0.05071,-0.03713,-0.04920,0.05650,150.00000,5292.15266,0.03401,0.12925,0.13148,0.13815,0.07851,-0.02528,0.08192,-0.17641
2010,035250,강원랜드,KOSPI,49,3.61000,0.15949,0.15282,-0.05630,970.00000,-0.05630,-0.06209,0.09421,0.00341,-0.03084,0.16343,-0.05956,-0.10850,0.09043,-0.09264,-0.13272,0.05207,-0.17530,-0.15073,-0.04377,-0.15875,-0.17083,-0.02458,940.00000,30191.62106,0.03213,0.11804,0.18727,0.11426,0.07590,-0.01994,-0.00075,1.75236
2010,039240,경남스틸,KOSDAQ,1548,4.68000,0.04208,0.03541,0.00000,200.00000,0.00000,-0.00579,0.04208,-0.02252,-0.05676,0.01861,-0.00790,-0.05684,0.03385,0.00651,-0.03356,0.04886,0.02204,0.04661,0.06505,0.15118,0.13911,0.19962,200.00000,4453.32669,0.04491,0.07672,0.05326,0.06849,0.08351,0.09969,0.23426,
2010,008020,경남에너지,KOSPI,716,3.36000,0.04858,0.04191,-0.00640,100.00000,-0.00640,-0.01219,0.04187,-0.01441,-0.04865,0.03347,-0.02887,-0.07781,0.01831,-0.03860,-0.07867,0.00810,-0.06754,-0.04298,-0.02225,-0.03399,-0.04607,0.01293,100.00000,3120.76268,0.03204,0.06562,0.05723,0.04207,0.03186,0.00151,0.03669,0.19973
2010,002100,경농,KOSPI,760,5.29000,0.01453,0.00786,-0.01300,200.00000,-0.01300,-0.01879,0.00134,-0.00395,-0.03819,0.01052,0.06902,0.02008,0.08455,0.02228,-0.01779,0.03713,-0.08058,-0.05601,-0.06722,-0.06754,-0.07962,-0.05400,200.00000,3835.63784,0.05214,0.04210,0.05128,0.12531,0.07789,-0.02646,-0.01324,0.24932
2010,011040,경동제약,KOSDAQ,609,5.98000,0.06217,0.05550,-0.03490,500.00000,-0.03490,-0.04069,0.02510,-0.03937,-0.07361,0.02035,-0.05183,-0.10077,0.00712,-0.05974,-0.09981,-0.00129,-0.07759,-0.05303,-0.02025,-0.06306,-0.07513,-0.00481,500.00000,8881.01757,0.05630,0.06938,0.06463,0.05140,0.04299,0.02403,0.03947,0.61989
2010,001290,상상인증권,KOSPI,637,3.70000,0.09945,0.09278,0.01680,80.00000,0.01680,0.01101,0.11792,0.00203,-0.03221,0.10168,-0.08850,-0.13744,0.00215,-0.23589,-0.27596,-0.15990,-0.35792,-0.33335,-0.29406,-0.25485,-0.26692,-0.18074,80.00000,2377.18562,0.03365,0.14304,0.12680,0.02727,-0.13478,-0.26894,-0.15562,-0.49921
2010,066620,국보디자인,KOSDAQ,1462,4.50000,0.04491,0.03824,-0.02440,200.00000,-0.02440,-0.03019,0.01941,-0.01862,-0.05286,0.02545,-0.01003,-0.05897,0.03442,-0.02453,-0.06461,0.01927,0.05290,0.07747,0.10019,0.09030,0.07822,0.13926,150.00000,3483.02682,0.05742,0.06464,0.07068,0.07965,0.06450,0.14542,0.18449,0.42493
2010,053740,국제엘렉트릭,KOSDAQ,710,4.38000,0.04488,0.03821,-0.03870,400.00000,-0.03870,-0.04449,0.00444,0.12571,0.09146,0.17622,0.09947,0.05053,0.14881,0.21991,0.17983,0.27465,0.33019,0.35476,0.38988,0.46634,0.45427,0.53215,400.00000,9542.24021,0.04192,0.03655,0.20834,0.18092,0.30676,0.42200,0.56426,0.92321
2010,014530,극동유화,KOSPI,1129,4.26000,0.03184,0.02517,-0.00340,600.00000,-0.00340,-0.00919,0.02833,-0.03775,-0.07199,-0.00711,-0.00680,-0.05574,0.02482,-0.07552,-0.11560,-0.04609,-0.12017,-0.09560,-0.09215,-0.01028,-0.02235,0.02124,600.00000,14532.98039,0.04129,0.05991,0.02447,0.05640,-0.01451,-0.06058,0.05282,0.08235
2010,053260,금강철강,KOSDAQ,1172,4.44000,0.06474,0.05808,-0.02090,100.00000,-0.02090,-0.02669,0.04249,-0.01467,-0.04891,0.04912,0.00203,-0.04691,0.06690,0.00826,-0.03182,0.07353,-0.09805,-0.07349,-0.03966,-0.13986,-0.15193,-0.08417,100.00000,2398.06804,0.04170,0.07442,0.08105,0.09883,0.10546,-0.00773,-0.05224,0.50120
2010,092440,기신정기,KOSPI,437,4.85000,-0.04527,-0.05194,0.00680,300.00000,0.00680,0.00101,-0.03878,-0.00681,-0.04105,-0.05177,-0.00508,-0.05402,-0.05012,-0.05587,-0.09595,-0.09861,-0.16683,-0.14227,-0.20455,-0.15238,-0.16445,-0.19075,300.00000,5905.54663,0.05080,0.00085,-0.01214,-0.01049,-0.05899,-0.16492,-0.15113,-0.13386
2010,051490,나라엠앤디,KOSDAQ,1168,4.00000,0.03849,0.03182,-0.01930,120.00000,-0.01930,-0.02509,0.01845,-0.06907,-0.10331,-0.03324,-0.06107,-0.11001,-0.02493,-0.05304,-0.09311,-0.01659,-0.04352,-0.01895,-0.00670,-0.06936,-0.08143,-0.03354,120.00000,3115.47072,0.03852,0.04768,-0.00400,0.00430,0.01264,0.02253,-0.00430,0.50107
2010,036800,나이스정보통신,KOSDAQ,1193,3.69000,0.05642,0.04976,-0.01630,200.00000,-0.01630,-0.02209,0.03920,-0.04070,-0.07494,0.01343,-0.01964,-0.06858,0.03567,-0.05093,-0.09100,0.00262,-0.06727,-0.04270,-0.01464,-0.09386,-0.10593,-0.04273,150.00000,4294.40535,0.04657,0.07525,0.04948,0.07172,0.03867,0.02141,-0.00668,0.34999
2010,090350,노루페인트,KOSPI,873,3.03000,0.01531,0.00865,-0.01490,150.00000,-0.01490,-0.02069,0.00019,-0.01337,-0.04762,0.00174,-0.02988,-0.07882,-0.01503,-0.04484,-0.08492,-0.03021,-0.13427,-0.10970,-0.12101,-0.03253,-0.04460,-0.01771,100.00000,3350.87205,0.04476,0.03471,0.03626,0.01950,0.00431,-0.08649,0.01681,0.33285
2010,000320,노루홀딩스,KOSPI,759,4.82000,-0.01416,-0.02083,-0.03260,400.00000,-0.03260,-0.03839,-0.04630,-0.00495,-0.03919,-0.01905,-0.01970,-0.06864,-0.03358,-0.02293,-0.06300,-0.03677,-0.11585,-0.09128,-0.12837,0.04046,0.02838,0.02572,300.00000,6135.91748,0.06519,0.00550,0.03276,0.01822,0.01503,-0.07657,0.07752,0.50008
2010,072710,농심홀딩스,KOSPI,319,3.47000,0.03319,0.02652,-0.02180,2000.00000,-0.02180,-0.02759,0.01067,-0.02181,-0.05606,0.01065,-0.03352,-0.08246,-0.00145,-0.05721,-0.09728,-0.02592,-0.09768,-0.07311,-0.06773,-0.05570,-0.06778,-0.02436,2000.00000,59549.79155,0.03359,0.03573,0.03571,0.02362,-0.00086,-0.04267,0.00070,0.64909
2010,019680,대교,KOSPI,197,3.99000,0.02869,0.02202,-0.04190,220.00000,-0.04190,-0.04769,-0.01441,-0.02633,-0.06057,0.00160,-0.04335,-0.09229,-0.01591,-0.05570,-0.09577,-0.02861,-0.10059,-0.07602,-0.07479,-0.06481,-0.07688,-0.03798,250.00000,6445.41560,0.03413,0.01111,0.02713,0.00962,-0.00308,-0.04926,-0.01245,1.22756
2010,004130,대덕GDS,KOSPI,431,3.36000,0.05383,0.04716,-0.02130,300.00000,-0.02130,-0.02709,0.03138,-0.03087,-0.06511,0.02129,-0.01278,-0.06172,0.04035,-0.06796,-0.10803,-0.01779,-0.11473,-0.09016,-0.06708,-0.04337,-0.05544,0.00812,300.00000,9409.16173,0.03188,0.05500,0.04492,0.06398,0.00583,-0.04346,0.03175,0.66805
2010,008060,대덕,KOSPI,243,3.70000,0.03568,0.02901,-0.02980,300.00000,-0.02980,-0.03559,0.00482,-0.04890,-0.08315,-0.01497,-0.05843,-0.10737,-0.02483,-0.04300,-0.08308,-0.00886,0.09047,0.11504,0.12938,0.19037,0.17830,0.23284,300.00000,8397.39157,0.03573,0.03169,0.01190,0.00204,0.01802,0.15625,0.25971,0.83414
2010,084690,대상홀딩스,KOSPI,591,3.13000,0.04083,0.03416,-0.02110,150.00000,-0.02110,-0.02689,0.01887,-0.03919,-0.07343,0.00004,-0.05272,-0.10166,-0.01404,-0.07821,-0.11828,-0.04057,-0.15052,-0.12595,-0.11584,-0.07517,-0.08724,-0.03741,100.00000,3325.32767,0.04511,0.05368,0.03485,0.02077,-0.00576,-0.08103,-0.00260,0.46776
2010,003540,대신증권,KOSPI,167,6.78000,0.12889,0.12222,0.00000,1000.00000,0.00000,-0.00579,0.12889,0.00299,-0.03125,0.13226,-0.00597,-0.05491,0.12216,0.00001,-0.04006,0.12890,-0.06596,-0.04139,0.05443,-0.11703,-0.12910,-0.00322,1000.00000,16650.31544,0.06006,0.17635,0.17972,0.16962,0.17636,0.10189,0.04424,
2010,005710,대원산업,KOSDAQ,1214,3.05000,0.04896,0.04229,-0.01740,100.00000,-0.01740,-0.02319,0.03070,0.01740,-0.01684,0.06721,0.02617,-0.02277,0.07641,-0.00001,-0.04008,0.04895,-0.01155,0.01302,0.03684,0.10903,0.09696,0.16333,100.00000,3439.20151,0.02908,0.05195,0.08846,0.09766,0.07020,0.05809,0.18457,0.59842
2010,065690,파커스,KOSDAQ,859,3.96000,0.04128,0.03461,-0.00830,190.00000,-0.00830,-0.01409,0.03263,-0.00002,-0.03426,0.04126,0.01821,-0.03073,0.06024,-0.09095,-0.13102,-0.05343,-0.22307,-0.19850,-0.19100,-0.20657,-0.21865,-0.17382,230.00000,6047.81542,0.03142,0.05586,0.06448,0.08347,-0.03020,-0.16778,-0.15060,0.26419
2010,026870,코원에너지서비스,KOSPI,310,4.39000,0.03511,0.02845,-0.00340,1500.00000,-0.00340,-0.00919,0.03160,-0.03560,-0.06984,-0.00173,-0.01693,-0.06587,0.01759,-0.02714,-0.06721,0.00702,-0.04242,-0.01786,-0.00880,-0.03230,-0.04438,0.00168,1250.00000,29473.65801,0.05089,0.07130,0.03798,0.05730,0.04673,0.03091,0.04138,0.06681
2010,084010,대한제강,KOSPI,393,3.52000,0.10915,0.10248,-0.00950,100.00000,-0.00950,-0.01529,0.09861,0.03385,-0.00040,0.14668,0.01998,-0.02896,0.13131,0.10462,0.06455,0.22518,0.00764,0.03221,0.11762,0.02700,0.01493,0.13909,300.00000,9452.94285,0.01058,0.10421,0.15228,0.13691,0.23078,0.12322,0.14469,0.89803
2010,005960,동부건설,KOSPI,462,3.26000,0.04809,0.04143,-0.00250,250.00000,-0.00250,-0.00829,0.04547,0.03232,-0.00192,0.08197,0.05836,0.00942,0.10926,0.14424,0.10417,0.19927,-0.15309,-0.12852,-0.11236,-0.17043,-0.18250,-0.13053,250.00000,8037.51986,0.03110,0.06844,0.10494,0.13223,0.22223,-0.08939,-0.10757,0.08038
2010,016610,DB증권,KOSPI,286,4.19000,0.05584,0.04918,0.02120,300.00000,0.02120,0.01541,0.07823,0.01200,-0.02224,0.06851,0.01864,-0.03030,0.07553,0.01858,-0.02149,0.07546,-0.12712,-0.10255,-0.07837,-0.12849,-0.14056,-0.07982,300.00000,7559.74139,0.03968,0.10845,0.09874,0.10575,0.10568,-0.04815,-0.04960,-0.53422
2010,084670,동양고속,KOSPI,950,6.64000,-0.03102,-0.03768,-0.04790,1500.00000,-0.04790,-0.05369,-0.07743,-0.04791,-0.08215,-0.07744,-0.04105,-0.08999,-0.07079,-0.07526,-0.11533,-0.10394,-0.16421,-0.13964,-0.19013,-0.17788,-0.18995,-0.20338,1500.00000,21889.70981,0.06853,-0.02281,-0.02282,-0.01617,-0.04932,-0.13551,-0.14876,0.69901
2010,049770,동원F&B,KOSPI,421,3.07000,0.01030,0.00364,0.01010,2000.00000,0.01010,0.00431,0.02051,0.03444,0.00020,0.04510,0.08303,0.03409,0.09419,-0.01440,-0.05447,-0.00425,-0.07824,-0.05368,-0.06875,-0.05497,-0.06704,-0.04523,1500.00000,49363.29734,0.04052,0.05143,0.07603,0.12512,0.02668,-0.03782,-0.01431,-0.24928
2010,000020,동화약품,KOSPI,534,3.13000,0.06588,0.05922,0.03720,100.00000,0.03720,0.03141,0.10553,0.00004,-0.03420,0.06592,-0.01162,-0.06056,0.05349,-0.04892,-0.08899,0.01374,-0.12339,-0.09883,-0.06564,-0.08524,-0.09732,-0.02498,150.00000,5108.06159,0.01958,0.11875,0.07913,0.06670,0.02695,-0.05243,-0.01177,-1.90020
2010,026890,스틱인베스트먼트,KOSPI,853,3.00000,-0.15613,-0.16280,-0.02850,50.00000,-0.02850,-0.03429,-0.18018,-0.01421,-0.04845,-0.16812,0.07474,0.02580,-0.09306,0.22056,0.18048,0.02999,0.32727,0.35184,0.12004,0.21321,0.20114,0.02379,50.00000,1406.44721,0.03555,-0.15346,-0.14139,-0.06634,0.05672,0.14677,0.05052,0.80167
2010,026040,제이에스티나,KOSDAQ,1417,3.93000,0.06270,0.05603,-0.03450,75.00000,-0.03450,-0.04029,0.02604,0.01484,-0.01940,0.07848,0.07140,0.02246,0.13858,0.07868,0.03861,0.14632,0.04919,0.07375,0.11497,0.15766,0.14558,0.23024,75.00000,2028.05628,0.03698,0.05397,0.10641,0.16652,0.17425,0.14291,0.25818,0.93291
2010,058470,리노공업,KOSDAQ,555,3.13000,0.02506,0.01839,-0.04270,800.00000,-0.04270,-0.04849,-0.01871,0.05474,0.02050,0.08117,0.04559,-0.00335,0.07180,0.01502,-0.02505,0.04046,0.05186,0.07643,0.07822,0.29873,0.28665,0.33127,500.00000,16374.73317,0.04886,0.01927,0.11916,0.10978,0.07844,0.11620,0.36925,0.87400
2010,079430,현대리바트,KOSPI,550,3.33000,0.00002,-0.00664,-0.02000,240.00000,-0.02000,-0.02579,-0.01998,-0.03202,-0.06626,-0.03199,-0.03333,-0.08227,-0.03331,-0.04135,-0.08142,-0.04132,-0.05055,-0.02598,-0.05053,0.06403,0.05195,0.06405,250.00000,7507.69321,0.03197,0.00372,-0.00830,-0.00961,-0.01763,-0.02683,0.08775,0.62564
2010,000060,메리츠화재,KOSPI,153,3.87000,0.04912,0.04246,0.02830,300.00000,0.02830,0.02251,0.07881,0.04681,0.01256,0.09823,0.16720,0.11826,0.22454,0.24715,0.20707,0.30841,0.17343,0.19800,0.23108,0.27179,0.25972,0.33426,300.00000,8132.73262,0.03689,0.10667,0.12608,0.25240,0.33627,0.25893,0.36212,-0.76719
2010,059210,메타바이오메드,KOSDAQ,1317,4.83000,-0.02900,-0.03567,0.00000,10.00000,0.00000,-0.00579,-0.02900,-0.00009,-0.03433,-0.02909,0.02723,-0.02171,-0.00257,0.07206,0.03199,0.04096,0.32603,0.35060,0.28757,0.16666,0.15459,0.13283,100.00000,2010.34279,0.00497,-0.02815,-0.02824,-0.00171,0.04182,0.28843,0.13368,
2010,001810,무림SP,KOSDAQ,986,3.97000,0.00795,0.00129,-0.01180,100.00000,-0.01180,-0.01759,-0.00394,-0.01962,-0.05386,-0.01183,-0.02354,-0.07248,-0.01578,-0.03737,-0.07745,-0.02972,-0.17716,-0.15259,-0.17062,-0.10645,-0.11853,-0.09935,100.00000,2538.92217,0.03939,0.02603,0.01814,0.01419,0.00025,-0.14065,-0.06938,0.29959
2010,009200,무림페이퍼,KOSPI,417,6.48000,0.02915,0.02248,-0.05560,250.00000,-0.05560,-0.06139,-0.02807,-0.08938,-0.12362,-0.06284,-0.08733,-0.13627,-0.06073,-0.07381,-0.11388,-0.04681,-0.19961,-0.17505,-0.17629,-0.14922,-0.16129,-0.12442,600.00000,9529.14833,0.02624,-0.00923,-0.04399,-0.04188,-0.02796,-0.15744,-0.10558,2.11928
2010,003650,미창석유,KOSPI,587,3.44000,-0.04029,-0.04695,-0.02180,2000.00000,-0.02180,-0.02759,-0.06121,-0.12922,-0.16347,-0.16431,-0.13228,-0.18122,-0.16724,-0.21789,-0.25796,-0.24940,-0.28580,-0.26123,-0.31457,-0.20101,-0.21308,-0.23320,2300.00000,64166.85011,0.03117,-0.03819,-0.14129,-0.14422,-0.22638,-0.29155,-0.21018,0.69942
2010,052260,현대바이오랜드,KOSDAQ,539,3.39000,0.04187,0.03520,-0.01520,200.00000,-0.01520,-0.02099,0.02603,0.06285,0.02861,0.10735,0.19845,0.14951,0.24863,0.17686,0.13679,0.22613,0.06303,0.08760,0.10754,0.18777,0.17570,0.23750,300.00000,9220.08806,0.02169,0.04103,0.12235,0.26363,0.24114,0.12254,0.25250,0.70073
2010,014580,태경비케이,KOSPI,886,4.27000,0.02369,0.01702,-0.03130,1000.00000,-0.03130,-0.03709,-0.00835,-0.03962,-0.07386,-0.01687,0.01042,-0.03853,0.03435,-0.07304,-0.11311,-0.05108,-0.16464,-0.14007,-0.14485,-0.14569,-0.15776,-0.12545,1000.00000,23973.95713,0.04171,0.02358,0.01507,0.06629,-0.01915,-0.11291,-0.09351,0.75038
2010,066110,한프,KOSDAQ,1173,3.64000,-0.02542,-0.03208,0.00190,100.00000,0.00190,-0.00389,-0.02356,-0.05035,-0.08459,-0.07449,-0.11925,-0.16819,-0.14164,-0.19388,-0.23395,-0.21437,-0.27415,-0.24958,-0.29260,-0.23315,-0.24523,-0.25264,100.00000,2677.43013,0.03735,0.00468,-0.04624,-0.11339,-0.18612,-0.26435,-0.22440,-0.05087
2010,003000,부광약품,KOSPI,264,3.91000,0.00395,-0.00272,0.00780,500.00000,0.00780,0.00201,0.01178,0.08567,0.05143,0.08995,0.08180,0.03286,0.08607,0.03522,-0.00485,0.03931,-0.02319,0.00138,-0.01933,-0.00382,-0.01589,0.00011,500.00000,12838.17359,0.03895,0.04137,0.11955,0.11567,0.06890,0.01027,0.02971,-0.20028
2010,015350,부산가스,KOSPI,356,4.62000,0.00682,0.00015,-0.02980,1000.00000,-0.02980,-0.03559,-0.02318,-0.05049,-0.08473,-0.04401,-0.08262,-0.13156,-0.07637,-0.08504,-0.12512,-0.07880,-0.09649,-0.07192,-0.09032,-0.08742,-0.09949,-0.08119,1000.00000,21792.67299,0.04589,0.01229,-0.00854,-0.04090,-0.04333,-0.05485,-0.04572,0.64942
2010,064480,브리지텍,KOSDAQ,1425,8.22000,0.04282,0.03616,-0.05360,180.00000,-0.05360,-0.05939,-0.01307,-0.13255,-0.16679,-0.09540,-0.14046,-0.18940,-0.10365,-0.17205,-0.21212,-0.13659,-0.21633,-0.19176,-0.18277,-0.17843,-0.19051,-0.14325,250.00000,3171.60502,0.05675,0.03159,-0.05074,-0.05899,-0.09193,-0.13811,-0.09859,0.94443
2010,014970,삼륭물산,KOSDAQ,1487,3.15000,0.03787,0.03120,0.01820,50.00000,0.01820,0.01241,0.05676,0.02121,-0.01303,0.05989,-0.00012,-0.04906,0.03775,-0.10341,-0.14349,-0.06946,-0.14584,-0.12127,-0.11349,-0.09707,-0.10915,-0.06288,50.00000,1647.41225,0.03035,0.07909,0.08221,0.06008,-0.04713,-0.09116,-0.04055,-0.59966
2010,005610,삼립,KOSPI,727,3.71000,0.17831,0.17164,-0.02520,375.00000,-0.02520,-0.03099,0.14861,0.09244,0.05820,0.28723,0.28165,0.23271,0.51018,0.04636,0.00629,0.23294,0.12182,0.14639,0.32185,0.12190,0.10983,0.32195,375.00000,11910.12492,0.03149,0.17190,0.31052,0.53347,0.25623,0.34513,0.34523,0.80036
2010,002170,SYTS,KOSPI,861,3.32000,0.02218,0.01551,0.01080,750.00000,0.01080,0.00501,0.03322,-0.02604,-0.06028,-0.00443,-0.00438,-0.05332,0.01770,0.00870,-0.03137,0.03107,0.00665,0.03122,0.02898,0.02371,0.01163,0.04641,750.00000,23091.41476,0.03248,0.05735,0.01969,0.04183,0.05520,0.05311,0.07054,-0.33252
2010,003720,삼영,KOSPI,789,4.09000,0.05166,0.04499,-0.03280,150.00000,-0.03280,-0.03859,0.01716,-0.05745,-0.09169,-0.00876,-0.06364,-0.11258,-0.01527,-0.08421,-0.12428,-0.03690,-0.06174,-0.03718,-0.01327,0.22292,0.21085,0.28610,950.00000,24427.29113,0.00614,0.01901,-0.00691,-0.01342,-0.03505,-0.01143,0.28794,5.34143
2010,010960,삼호개발,KOSPI,882,3.46000,0.04232,0.03566,-0.00740,90.00000,-0.00740,-0.01319,0.03461,-0.00747,-0.04171,0.03454,0.00540,-0.04354,0.04795,-0.07763,-0.11770,-0.03859,-0.21804,-0.19347,-0.18494,-0.20882,-0.22090,-0.17534,90.00000,2711.24305,0.03320,0.05934,0.05927,0.07269,-0.01386,-0.16021,-0.15060,0.22292
2010,075180,새론오토모티브,KOSPI,648,3.33000,0.00378,-0.00289,-0.01100,190.00000,-0.01100,-0.01679,-0.00726,0.00370,-0.03054,0.00749,0.00923,-0.03972,0.01304,-0.01089,-0.05097,-0.00715,-0.09940,-0.07483,-0.09600,-0.12237,-0.13444,-0.11905,180.00000,5425.83732,0.03502,0.01901,0.03377,0.03932,0.01912,-0.06972,-0.09278,0.31413
2010,065710,서호전기,KOSDAQ,1308,4.59000,-0.00131,-0.00798,-0.00150,300.00000,-0.00150,-0.00729,-0.00281,0.03990,0.00565,0.03853,0.35079,0.30185,0.34902,0.18990,0.14983,0.18834,0.13283,0.15740,0.13134,0.08397,0.07190,0.08255,300.00000,6527.35597,0.04596,0.03272,0.07406,0.38455,0.22387,0.16688,0.11808,0.03264
2010,008490,서흥,KOSPI,729,3.33000,0.08144,0.07478,-0.01480,280.00000,-0.01480,-0.02059,0.06544,-0.00855,-0.04279,0.07220,-0.02706,-0.07600,0.05218,-0.05539,-0.09546,0.02154,-0.08987,-0.06531,-0.01575,-0.01481,-0.02688,0.06543,250.00000,8118.94451,0.03449,0.09126,0.09803,0.07801,0.04737,0.01008,0.09125,0.42914
2010,037350,성도이엔지,KOSDAQ,1102,3.14000,0.01745,0.01078,-0.00930,50.00000,-0.00930,-0.01509,0.00799,0.04163,0.00739,0.05981,0.04627,-0.00267,0.06453,0.14542,0.10535,0.16541,0.02631,0.05088,0.04422,0.12071,0.10864,0.14027,100.00000,3240.28303,0.01543,0.01769,0.06951,0.07423,0.17511,0.05392,0.14997,0.60269
2010,039310,세중,KOSDAQ,1085,3.70000,-0.00368,-0.01035,-0.00370,100.00000,-0.00370,-0.00949,-0.00737,-0.01305,-0.04730,-0.01669,0.08555,0.03661,0.08155,0.04649,0.00641,0.04264,-0.12644,-0.10187,-0.12965,-0.16744,-0.17951,-0.17050,100.00000,2692.75635,0.03714,0.02070,0.01138,0.10962,0.07070,-0.10159,-0.14244,0.09963
2010,084180,수성웹툰,KOSDAQ,1769,5.02000,0.07548,0.06882,-0.04330,0.00000,-0.04330,-0.04909,0.02891,-0.07340,-0.10764,-0.00345,-0.05676,-0.10570,0.01444,-0.04341,-0.08348,0.02880,-0.13008,-0.10551,-0.06442,0.00960,-0.00247,0.08581,70.00000,1499.67785,0.00000,0.02556,-0.00680,0.01109,0.02545,-0.06777,0.08246,
2010,093230,이아이디,KOSPI,810,5.00000,-0.00621,-0.01287,-0.00630,100.00000,-0.00630,-0.01209,-0.01247,0.02264,-0.01161,0.01629,-0.00011,-0.04905,-0.00631,0.16327,0.12320,0.15605,-0.08452,-0.05996,-0.09021,-0.30467,-0.31675,-0.30899,400.00000,7950.35787,0.01258,-0.00518,0.02358,0.00098,0.16334,-0.08291,-0.30170,0.50087
2010,029530,신도리코,KOSPI,194,4.21000,0.06359,0.05692,-0.04230,2500.00000,-0.04230,-0.04809,0.01860,-0.02112,-0.05537,0.04112,-0.05452,-0.10346,0.00560,-0.05821,-0.09828,0.00168,-0.10735,-0.08278,-0.05059,-0.08449,-0.09656,-0.02628,2250.00000,56842.52138,0.04398,0.05246,0.07498,0.03946,0.03554,-0.01673,0.00758,0.96178
2010,001720,신영증권,KOSPI,263,5.42000,0.01630,0.00963,0.00000,2000.00000,0.00000,-0.00579,0.01630,0.01069,-0.02355,0.02717,0.02133,-0.02761,0.03798,0.00533,-0.03475,0.02171,-0.05333,-0.02876,-0.03789,-0.02912,-0.04119,-0.01330,2000.00000,37501.85440,0.05333,0.05807,0.06893,0.07975,0.06348,0.00387,0.02847,
2010,009270,신원,KOSPI,728,3.64000,0.01844,0.01177,-0.00360,40.00000,-0.00360,-0.00939,0.01477,-0.00000,-0.03424,0.01843,0.01430,-0.03464,0.03300,0.07134,0.03126,0.09109,-0.05731,-0.03274,-0.03993,-0.00369,-0.01576,0.01468,50.00000,1398.95122,0.02859,0.03561,0.03927,0.05384,0.11193,-0.01909,0.03552,0.12591
2010,047400,유니온머티리얼,KOSPI,978,3.70000,0.10376,0.09709,-0.01010,50.00000,-0.01010,-0.01589,0.09261,-0.07049,-0.10473,0.02596,-0.02368,-0.07262,0.07762,-0.06710,-0.10717,0.02970,0.03360,0.05817,0.14085,0.14092,0.12884,0.25929,500.00000,14915.63956,0.00335,0.09210,0.02544,0.07711,0.02918,0.14033,0.25878,3.01296
2010,013990,아가방컴퍼니,KOSDAQ,944,3.70000,0.08087,0.07421,0.14990,90.00000,0.14990,0.14411,0.24290,0.32339,0.28915,0.43042,0.37462,0.32568,0.48579,0.69153,0.65145,0.82833,2.44292,2.46749,2.72136,3.08932,3.07725,3.42004,80.00000,2337.02519,0.03851,0.27213,0.45965,0.51502,0.85756,2.75059,3.44927,-3.89245
2010,002310,아세아제지,KOSPI,892,3.77000,0.06141,0.05474,-0.02220,500.00000,-0.02220,-0.02799,0.03785,-0.01332,-0.04757,0.04727,0.00437,-0.04457,0.06605,-0.02238,-0.06245,0.03766,-0.16188,-0.13731,-0.11041,-0.12093,-0.13301,-0.06695,400.00000,11261.63381,0.04440,0.07206,0.08148,0.10026,0.07187,-0.07620,-0.03274,0.50002
2010,033660,우리금융캐피탈,KOSPI,325,4.96000,0.07542,0.06875,-0.03430,50.00000,-0.03430,-0.04009,0.03853,-0.06151,-0.09575,0.00928,-0.07468,-0.12362,-0.00489,-0.12405,-0.16412,-0.05799,-0.19657,-0.17201,-0.13598,-0.17022,-0.18230,-0.10764,230.00000,4986.82908,0.01003,0.04367,0.01441,0.00025,-0.05285,-0.13085,-0.10251,3.42096
2010,032080,아즈텍WB,KOSDAQ,1491,3.02000,0.05149,0.04483,-0.02300,50.00000,-0.02300,-0.02879,0.02731,-0.06323,-0.09747,-0.01499,-0.01151,-0.06045,0.03939,0.20696,0.16688,0.26911,0.25582,0.28038,0.32048,0.45978,0.44771,0.53495,50.00000,1740.88185,0.02872,0.04826,0.00596,0.06034,0.29005,0.34143,0.55590,0.80081
2010,093240,형지엘리트,KOSPI,1623,5.36000,-0.10312,-0.10979,0.00000,125.00000,0.00000,-0.00579,-0.10312,0.09335,0.05911,-0.01940,0.09568,0.04674,-0.01731,0.07877,0.03870,-0.03247,0.16017,0.18474,0.04054,0.08364,0.07157,-0.02810,125.00000,2091.60730,0.05976,-0.05591,0.02781,0.02990,0.01474,0.08775,0.01911,
2010,041440,현대에버다임,KOSDAQ,963,3.45000,-0.05053,-0.05720,-0.00730,130.00000,-0.00730,-0.01309,-0.05746,-0.00859,-0.04283,-0.05869,-0.01955,-0.06849,-0.06909,-0.05218,-0.09226,-0.10008,-0.12494,-0.10037,-0.16916,-0.02933,-0.04140,-0.07838,150.00000,4128.12524,0.03149,-0.03417,-0.03540,-0.04580,-0.07679,-0.14586,-0.05509,0.23181
2010,069510,에스텍,KOSDAQ,653,3.01000,0.04304,0.03637,-0.02060,500.00000,-0.02060,-0.02639,0.02156,-0.03601,-0.07025,0.00549,-0.04632,-0.09526,-0.00528,-0.01321,-0.05328,0.02926,-0.23171,-0.20714,-0.19864,-0.10902,-0.12109,-0.07067,280.00000,9702.71540,0.05153,0.06180,0.04573,0.03497,0.06951,-0.15839,-0.03043,0.39975
2010,045660,에이텍,KOSDAQ,1178,3.27000,0.02130,0.01464,0.01920,70.00000,0.01920,0.01341,0.04091,-0.00473,-0.03897,0.01647,-0.01601,-0.06495,0.00495,-0.02238,-0.06246,-0.00156,-0.05581,-0.03125,-0.03570,-0.10071,-0.11279,-0.08156,100.00000,3123.25530,0.02241,0.05652,0.03208,0.02056,0.01405,-0.02009,-0.06595,-0.85666
2010,002680,한탑,KOSDAQ,1092,3.23000,0.03025,0.02358,0.02720,50.00000,0.02720,0.02141,0.05827,0.25106,0.21681,0.28890,0.27613,0.22719,0.31473,0.41844,0.37837,0.46135,0.80120,0.82577,0.85569,0.71133,0.69926,0.76310,75.00000,2392.22325,0.02090,0.07261,0.30323,0.32906,0.47568,0.87002,0.77744,-1.30137
2010,012160,영흥,KOSPI,1071,4.49000,0.03590,0.02923,-0.01950,400.00000,-0.01950,-0.02529,0.01570,-0.03038,-0.06462,0.00443,-0.03259,-0.08153,0.00213,-0.01314,-0.05322,0.02228,-0.05655,-0.03199,-0.02269,-0.01641,-0.02849,0.01889,400.00000,9228.46576,0.04334,0.04901,0.03775,0.03545,0.05560,0.01063,0.05221,0.44989
2010,015360,INVENI,KOSPI,507,5.15000,0.03700,0.03034,-0.03380,1250.00000,-0.03380,-0.03959,0.00195,-0.05175,-0.08599,-0.01666,-0.05177,-0.10071,-0.01668,-0.06360,-0.10368,-0.02895,-0.04573,-0.02117,-0.01042,-0.04565,-0.05772,-0.01033,1250.00000,25170.02144,0.04966,0.04062,0.02201,0.02198,0.00971,0.02824,0.02833,0.68060
2010,010470,오리콤,KOSDAQ,1568,5.12000,0.05024,0.04357,-0.03900,750.00000,-0.03900,-0.04479,0.00928,-0.05162,-0.08586,-0.00397,-0.04879,-0.09773,-0.00100,0.11210,0.07203,0.16797,-0.01945,0.00511,0.02981,0.06838,0.05631,0.12205,500.00000,10256.24606,0.07313,0.06779,0.05454,0.05751,0.22648,0.08832,0.18057,0.53332
2010,004940,외환은행,KOSPI,38,4.55000,0.12046,0.11379,-0.03980,1085.00000,-0.03980,-0.04559,0.07586,-0.08364,-0.11788,0.02675,-0.07574,-0.12468,0.03559,-0.11956,-0.15963,-0.01350,-0.27254,-0.24797,-0.18491,-0.24374,-0.25581,-0.15264,510.00000,12558.99019,0.08639,0.14560,0.09648,0.10533,0.05624,-0.11517,-0.08290,0.46069
2010,021960,KB캐피탈,KOSPI,366,3.33000,0.00745,0.00079,0.00370,570.00000,0.00370,-0.00209,0.01118,-0.02569,-0.05993,-0.01842,-0.03309,-0.08203,-0.02588,0.16169,0.12162,0.17035,0.14313,0.16770,0.15165,0.12467,0.11260,0.13305,450.00000,13614.23893,0.04187,0.04325,0.01365,0.00619,0.20242,0.18372,0.16513,-0.08837
2010,006980,우성,KOSPI,1002,3.68000,0.01987,0.01320,-0.00560,60.00000,-0.00560,-0.01139,0.01416,-0.02774,-0.06198,-0.00842,0.02774,-0.02120,0.04816,-0.10284,-0.14291,-0.08501,-0.19179,-0.16723,-0.17573,-0.21120,-0.22327,-0.19552,65.00000,1801.40415,0.03331,0.03899,0.01641,0.07299,-0.06018,-0.15091,-0.17069,0.16813
2010,095720,웅진씽크빅,KOSPI,187,4.84000,-0.02523,-0.03190,-0.03690,885.00000,-0.03690,-0.04269,-0.06120,-0.05420,-0.08844,-0.07806,-0.08676,-0.13570,-0.10980,-0.21261,-0.25269,-0.23248,-0.29721,-0.27264,-0.31494,-0.28424,-0.29632,-0.30230,1145.00000,23060.14674,0.03838,-0.03208,-0.04894,-0.08068,-0.20336,-0.28582,-0.27318,0.96149
2010,003460,유화증권,KOSPI,446,5.18000,0.00955,0.00288,-0.00320,800.00000,-0.00320,-0.00899,0.00632,-0.00002,-0.03426,0.00953,-0.00014,-0.04908,0.00941,-0.01281,-0.05288,-0.00338,-0.03843,-0.01386,-0.02925,-0.03211,-0.04418,-0.02287,800.00000,15591.52095,0.05131,0.04638,0.04959,0.04947,0.03668,0.01081,0.01719,0.06237
2010,008730,율촌화학,KOSPI,365,5.40000,0.00323,-0.00344,-0.05380,500.00000,-0.05380,-0.05959,-0.05075,-0.06560,-0.09984,-0.06259,-0.07638,-0.12532,-0.07340,-0.10650,-0.14657,-0.10362,-0.11499,-0.09042,-0.11214,-0.08498,-0.09705,-0.08202,500.00000,9289.12894,0.05383,-0.00856,-0.02040,-0.03121,-0.06143,-0.06995,-0.03984,0.99951
2010,060150,인선이엔티,KOSDAQ,610,3.08000,0.15566,0.14899,0.02530,0.00000,0.02530,0.01951,0.18489,0.11450,0.08026,0.28798,0.07595,0.02701,0.24343,0.07455,0.03448,0.24182,0.15575,0.18031,0.33565,-0.01195,-0.02403,0.14184,100.00000,3752.13018,0.00000,0.18154,0.28463,0.24008,0.23847,0.33230,0.13849,
2010,049070,인탑스,KOSDAQ,448,3.23000,0.13161,0.12494,0.01320,400.00000,0.01320,0.00741,0.14655,0.10098,0.06674,0.24588,0.05491,0.00597,0.19375,-0.03497,-0.07504,0.09204,-0.12278,-0.09821,-0.00733,-0.14464,-0.15671,-0.03207,650.00000,22772.30276,0.01757,0.15806,0.25739,0.20526,0.10355,0.00418,-0.02056,-0.75149
2010,017250,인터엠,KOSDAQ,1258,5.13000,-0.07447,-0.08114,0.04990,100.00000,0.04990,0.04411,-0.02829,0.00287,-0.03137,-0.07182,0.02225,-0.02669,-0.05388,-0.04137,-0.08145,-0.11277,-0.12163,-0.09706,-0.18704,-0.13562,-0.14769,-0.19999,100.00000,1804.14460,0.05543,0.01525,-0.02828,-0.01034,-0.06922,-0.14350,-0.15645,-0.90027
2010,058450,한주에이알티,KOSDAQ,1703,4.01000,-0.05699,-0.06366,0.00710,0.00000,0.00710,0.00131,-0.05029,0.02479,-0.00946,-0.03362,-0.00708,-0.05602,-0.06367,-0.02471,-0.06478,-0.08029,-0.05302,-0.02846,-0.10699,0.20595,0.19388,0.13722,60.00000,1410.98855,0.00000,-0.05364,-0.03697,-0.06702,-0.08364,-0.11034,0.13387,
2010,040420,정상제이엘에스,KOSDAQ,569,4.32000,-0.02743,-0.03410,-0.02250,400.00000,-0.02250,-0.02829,-0.04931,-0.06893,-0.10318,-0.09447,-0.01541,-0.06435,-0.04242,-0.04228,-0.08236,-0.06855,-0.01144,0.01312,-0.03856,0.06172,0.04965,0.03260,315.00000,7091.65216,0.05640,-0.00495,-0.05011,0.00195,-0.02418,0.00581,0.07697,0.39891
2010,033050,제이엠아이,KOSDAQ,701,3.56000,0.08893,0.08226,0.00820,0.00000,0.00820,0.00241,0.09786,0.00009,-0.03415,0.08903,0.03107,-0.01787,0.12276,0.03771,-0.00236,0.12999,-0.09287,-0.06830,-0.01220,-0.14043,-0.15251,-0.06399,100.00000,3058.78328,0.00000,0.09451,0.08568,0.11941,0.12664,-0.01555,-0.06734,
2010,004910,조광페인트,KOSPI,993,3.48000,-0.00133,-0.00799,-0.01040,150.00000,-0.01040,-0.01619,-0.01171,-0.00342,-0.03767,-0.00475,0.00586,-0.04309,0.00452,-0.01746,-0.05754,-0.01877,-0.07316,-0.04859,-0.07439,-0.10113,-0.11320,-0.10232,150.00000,4304.62358,0.03485,0.01442,0.02138,0.03065,0.00736,-0.04826,-0.07619,0.29845
2010,000480,CR홀딩스,KOSPI,334,3.10000,0.04633,0.03967,-0.02220,2500.00000,-0.02220,-0.02799,0.02311,-0.08293,-0.11717,-0.04044,-0.07856,-0.12750,-0.03586,-0.11119,-0.15126,-0.07000,-0.11710,-0.09253,-0.07619,-0.07417,-0.08624,-0.03127,2000.00000,67505.43605,0.03703,0.05109,-0.01246,-0.00788,-0.04202,-0.04821,-0.00329,0.59945
2010,000080,하이트진로,KOSPI,121,5.51000,0.01782,0.01116,-0.03920,1500.00000,-0.03920,-0.04499,-0.02208,-0.04202,-0.07626,-0.02495,-0.06905,-0.11799,-0.05245,-0.11770,-0.15777,-0.10197,-0.16914,-0.14457,-0.15433,-0.03389,-0.04597,-0.01667,2000.00000,36944.59725,0.04060,0.00892,0.00605,-0.02146,-0.07097,-0.12333,0.01433,0.96549
2010,018120,진로발효,KOSDAQ,444,7.49000,-0.00360,-0.01027,-0.07140,1000.00000,-0.07140,-0.07719,-0.07474,-0.09767,-0.13191,-0.10091,-0.10141,-0.15035,-0.10465,-0.10898,-0.14905,-0.11218,-0.12029,-0.09573,-0.12346,-0.10152,-0.11360,-0.10476,1000.00000,13303.08554,0.07517,-0.01450,-0.04067,-0.04440,-0.05194,-0.06322,-0.04451,0.94984
2010,003780,진양산업,KOSPI,1616,6.61000,0.06887,0.06221,-0.04700,150.00000,-0.04700,-0.05279,0.01864,-0.10635,-0.14059,-0.04480,-0.10621,-0.15516,-0.04466,-0.12362,-0.16369,-0.06325,-0.16326,-0.13869,-0.10563,-0.14352,-0.15559,-0.08453,125.00000,2021.32064,0.07421,0.07807,0.01463,0.01477,-0.00382,-0.04620,-0.02510,0.63335
2010,010640,진양폴리,KOSPI,1764,3.42000,0.06826,0.06159,-0.06400,100.00000,-0.06400,-0.06979,-0.00011,-0.10000,-0.13424,-0.03856,-0.09603,-0.14497,-0.03432,-0.09208,-0.13216,-0.03011,-0.12791,-0.10334,-0.06838,-0.02802,-0.04010,0.03832,40.00000,1249.42662,0.08004,0.06425,0.02580,0.03004,0.03425,-0.00402,0.10268,0.79963
2010,100250,진양홀딩스,KOSPI,694,3.63000,0.03661,0.02994,-0.00290,65.00000,-0.00290,-0.00869,0.03360,-0.03498,-0.06922,0.00034,-0.01758,-0.06653,0.01838,-0.01750,-0.05757,0.01846,-0.17209,-0.14752,-0.14178,-0.11361,-0.12568,-0.08116,60.00000,1713.39788,0.03794,0.06234,0.02909,0.04712,0.04721,-0.11304,-0.05242,0.07644
2010,051630,진양화학,KOSPI,1719,8.55000,0.12382,0.11716,-0.09510,50.00000,-0.09510,-0.10089,0.01695,-0.18251,-0.21675,-0.08129,-0.21668,-0.26562,-0.11969,-0.17862,-0.21869,-0.07691,-0.20144,-0.17687,-0.10256,-0.18243,-0.19451,-0.08120,100.00000,1314.41513,0.03804,0.04578,-0.05246,-0.09086,-0.04808,-0.07373,-0.05237,2.50002
2010,016920,카스,KOSDAQ,1504,3.47000,0.00352,-0.00315,-0.00690,25.00000,-0.00690,-0.01269,-0.00340,0.00688,-0.02736,0.01043,0.05529,0.00634,0.05900,0.04151,0.00144,0.04518,-0.03469,-0.01012,-0.03129,0.02432,0.01225,0.02793,50.00000,1445.99487,0.01729,0.00787,0.02171,0.07028,0.05646,-0.02002,0.03921,0.39909
2010,004620,캠브리지코오롱,KOSPI,989,4.39000,0.03514,0.02847,-0.02540,,-0.02540,-0.03119,0.00884,-0.00426,-0.03850,0.03073,-0.01279,-0.06174,0.02189,-0.04254,-0.08261,-0.00890,0.05497,0.07954,0.09204,-0.03394,-0.04601,0.00000,500.00000,11789.70453,,,,,,,,
2010,045520,크린앤사이언스,KOSDAQ,1690,6.44000,0.11804,0.11137,-0.04220,150.00000,-0.04220,-0.04799,0.07086,-0.05949,-0.09374,0.05152,-0.03265,-0.08159,0.08153,0.08252,0.04245,0.21030,0.02300,0.04757,0.14376,0.97360,0.96153,1.20657,150.00000,2604.12921,0.05760,0.11624,0.09690,0.12691,0.25568,0.18914,1.25195,0.73263
2010,015890,태경산업,KOSPI,520,3.18000,0.02327,0.01660,-0.01970,150.00000,-0.01970,-0.02549,0.00311,-0.03012,-0.06436,-0.00755,-0.01864,-0.06758,0.00420,-0.05703,-0.09710,-0.03508,-0.10490,-0.08033,-0.08407,-0.06964,-0.08172,-0.04799,150.00000,4826.73906,0.03108,0.02605,0.01539,0.02714,-0.01214,-0.06113,-0.02505,0.63391
2010,006890,태경케미컬,KOSPI,1032,3.33000,0.00527,-0.00140,-0.01660,150.00000,-0.01660,-0.02239,-0.01142,-0.03984,-0.07408,-0.03478,-0.04986,-0.09880,-0.04485,-0.08617,-0.12624,-0.08135,-0.11040,-0.08583,-0.10571,-0.05187,-0.06394,-0.04687,150.00000,4528.24097,0.03313,0.01326,-0.01010,-0.02018,-0.05668,-0.08103,-0.02220,0.50113
2010,062860,티엘아이,KOSDAQ,612,3.65000,0.09859,0.09192,0.00330,240.00000,0.00330,-0.00249,0.10222,0.10959,0.07535,0.21898,0.03980,-0.00914,0.14231,-0.07658,-0.11665,0.01447,-0.17292,-0.14835,-0.09138,-0.23938,-0.25145,-0.16439,500.00000,15049.19576,0.01595,0.11236,0.22912,0.15246,0.02461,-0.08123,-0.15424,-0.20693
2010,034230,파라다이스,KOSPI,247,4.83000,0.06304,0.05638,-0.06020,250.00000,-0.06020,-0.06599,-0.00095,-0.04772,-0.08196,0.01232,0.00106,-0.04788,0.06417,-0.02727,-0.06735,0.03405,0.12589,0.15045,0.19686,0.28238,0.27030,0.36322,200.00000,4401.83406,0.05679,0.04375,0.05702,0.10886,0.07875,0.24156,0.40792,1.05996
2010,094940,푸른로보틱스,KOSDAQ,1734,3.72000,-0.02173,-0.02840,0.00160,0.00000,0.00160,-0.00419,-0.02017,0.01272,-0.02152,-0.00929,0.02058,-0.02836,-0.00159,0.15834,0.11827,0.13317,0.16800,0.19257,0.14262,0.14269,0.13062,0.11786,120.00000,3155.70802,0.00000,-0.02352,-0.01264,-0.00494,0.12982,0.13927,0.11451,
2010,075130,플랜티넷,KOSDAQ,1066,4.46000,0.08531,0.07865,-0.02460,250.00000,-0.02460,-0.03039,0.05861,-0.07872,-0.11296,-0.00012,-0.05402,-0.10296,0.02668,0.04604,0.00596,0.13528,0.21172,0.23629,0.31510,-0.04934,-0.06141,0.03176,250.00000,6083.59625,0.04109,0.09003,0.03130,0.05810,0.16669,0.34651,0.06318,0.59863
2010,032580,피델릭스,KOSDAQ,1420,3.34000,0.03038,0.02371,-0.01950,20.00000,-0.01950,-0.02529,0.01029,0.03252,-0.00172,0.06389,0.09750,0.04856,0.13084,0.00322,-0.03685,0.03370,0.01619,0.04076,0.04707,0.27614,0.26407,0.31491,50.00000,1542.48585,0.01297,0.01791,0.07151,0.13846,0.04132,0.05468,0.32253,1.50392
2010,054340,피앤텔,KOSDAQ,651,5.44000,0.03973,0.03307,0.00160,60.00000,0.00160,-0.00419,0.04140,0.16480,0.13056,0.21108,0.21694,0.16800,0.26530,0.18377,0.14369,0.23080,0.04431,0.06888,0.08580,-0.15064,-0.16271,-0.11689,330.00000,6307.20942,0.00951,0.04610,0.21578,0.26999,0.23550,0.09050,-0.11219,-0.16819
2010,010460,화인자산관리,KOSPI,427,17.95000,0.02306,0.01639,0.00500,3500.00000,0.00500,-0.00079,0.02817,0.04502,0.01078,0.06912,0.03253,-0.01642,0.05633,0.04272,0.00265,0.06677,0.04266,0.06723,0.06670,-0.03500,-0.04707,-0.01275,3500.00000,19948.16685,0.17545,0.17326,0.21420,0.20142,0.21185,0.21179,0.13234,-0.02850
2010,002960,한국쉘석유,KOSPI,294,8.93000,0.10496,0.09829,-0.07680,18000.00000,-0.07680,-0.08259,0.02010,-0.09700,-0.13124,-0.00223,-0.02235,-0.07129,0.08026,-0.07093,-0.11100,0.02658,-0.11945,-0.09488,-0.02703,-0.11132,-0.12340,-0.01805,20000.00000,247470.76211,0.07274,0.07828,0.05596,0.13845,0.08477,0.03116,0.04013,1.05588
2010,063570,NICE인프라,KOSDAQ,805,3.37000,0.04377,0.03711,-0.01770,80.00000,-0.01770,-0.02349,0.02530,-0.06283,-0.09708,-0.02181,-0.06457,-0.11351,-0.02363,-0.02582,-0.06589,0.01683,-0.09844,-0.07387,-0.05898,-0.07573,-0.08780,-0.03527,100.00000,3097.24728,0.02583,0.04380,-0.00331,-0.00512,0.03533,-0.04048,-0.01677,0.68527
2010,002300,한국제지,KOSPI,532,5.04000,-0.02245,-0.02912,-0.01340,500.00000,-0.01340,-0.01919,-0.03555,-0.00571,-0.03995,-0.02803,-0.03640,-0.08534,-0.05803,-0.02495,-0.06503,-0.04685,-0.13936,-0.11479,-0.15868,-0.05926,-0.07134,-0.08039,1350.00000,26184.28994,0.01910,-0.02275,-0.01523,-0.04523,-0.03404,-0.14588,-0.06758,0.70174
2010,000970,한국주철관,KOSPI,782,4.30000,0.03587,0.02920,0.01110,150.00000,0.01110,0.00531,0.04737,0.05263,0.01839,0.09039,0.07902,0.03008,0.11772,0.06368,0.02360,0.10183,0.03319,0.05776,0.07025,0.10248,0.09040,0.14202,150.00000,3613.49355,0.04151,0.07913,0.12216,0.14949,0.13360,0.10202,0.17379,-0.26740
2010,104700,한국철강,KOSPI,341,3.29000,0.06409,0.05742,-0.01030,900.00000,-0.01030,-0.01609,0.05313,0.07051,0.03627,0.13912,0.23720,0.18826,0.31649,0.22866,0.18858,0.30740,0.08429,0.10886,0.15378,0.05141,0.03934,0.11880,900.00000,29108.81638,0.03092,0.07594,0.16193,0.33930,0.33021,0.17659,0.14160,0.33313
2010,054040,한국컴퓨터,KOSDAQ,932,3.15000,0.10490,0.09824,-0.03680,180.00000,-0.03680,-0.04259,0.06424,-0.08551,-0.11975,0.01043,-0.09025,-0.13919,0.00519,-0.08309,-0.12317,0.01310,-0.23515,-0.21059,-0.15492,-0.15075,-0.16282,-0.06166,120.00000,4209.16172,0.04276,0.09707,0.04325,0.03802,0.04592,-0.12209,-0.02883,0.86054
2010,030520,한컴,KOSDAQ,672,4.76000,0.11181,0.10515,0.14990,100.00000,0.14990,0.14411,0.27847,0.14558,0.11134,0.27367,0.14579,0.09685,0.27391,0.03117,-0.00890,0.14647,0.01174,0.03631,0.12486,0.07097,0.05889,0.19071,200.00000,4671.48019,0.02141,0.29323,0.28843,0.28867,0.16123,0.13962,0.20547,-7.00255
2010,002390,한독,KOSPI,452,3.16000,0.02708,0.02041,-0.00990,530.00000,-0.00990,-0.01569,0.01691,0.01338,-0.02086,0.04082,-0.02636,-0.07530,0.00001,-0.06608,-0.10615,-0.04079,-0.15564,-0.13108,-0.13278,-0.15888,-0.17095,-0.13610,465.00000,15113.66812,0.03507,0.04323,0.06714,0.02633,-0.01447,-0.10646,-0.10979,0.28231
2010,014790,HL D&I,KOSPI,261,3.44000,0.10025,0.09358,0.01040,600.00000,0.01040,0.00461,0.11169,0.10408,0.06984,0.21476,0.22628,0.17734,0.34922,0.15607,0.11599,0.27196,-0.03388,-0.00932,0.06297,0.03896,0.02688,0.14311,600.00000,19190.40517,0.03127,0.13479,0.23786,0.37232,0.29506,0.08607,0.16621,-0.33263
2010,009240,한샘,KOSPI,305,3.31000,0.09946,0.09279,-0.00750,500.00000,-0.00750,-0.01329,0.09121,-0.03007,-0.06431,0.06640,0.05275,0.00381,0.15745,0.12041,0.08034,0.23185,0.03400,0.05857,0.13684,0.05637,0.04430,0.16144,400.00000,13286.50755,0.03763,0.11970,0.09489,0.18594,0.26033,0.16532,0.18992,0.19930
2010,004150,한솔홀딩스,KOSPI,222,3.88000,0.08739,0.08072,-0.03570,300.00000,-0.03570,-0.04149,0.04857,-0.04460,-0.07884,0.03889,-0.06708,-0.11602,0.01445,-0.14303,-0.18310,-0.06814,-0.32604,-0.30147,-0.26714,-0.21806,-0.23013,-0.14973,400.00000,11210.20193,0.02676,0.06786,0.05818,0.03374,-0.04885,-0.24785,-0.13044,1.33401
2010,004960,한신공영,KOSPI,683,5.23000,0.10362,0.09696,-0.02370,150.00000,-0.02370,-0.02949,0.07747,-0.01896,-0.05320,0.08270,0.04742,-0.00152,0.15596,-0.00947,-0.04955,0.09317,-0.17155,-0.14698,-0.08570,-0.22544,-0.23751,-0.14518,500.00000,10550.88448,0.01422,0.08614,0.09137,0.16464,0.10184,-0.07703,-0.13650,1.66704
2010,001750,한양증권,KOSPI,585,8.15000,0.03243,0.02576,0.00950,750.00000,0.00950,0.00371,0.04224,0.00842,-0.02582,0.04112,0.01467,-0.03427,0.04758,-0.00654,-0.04662,0.02567,-0.05380,-0.02923,-0.02312,-0.08758,-0.09965,-0.05799,750.00000,9500.87158,0.07894,0.10567,0.10456,0.11101,0.08911,0.04031,0.00545,-0.12034
2010,003530,한화투자증권,KOSPI,180,3.19000,0.08948,0.08282,0.02110,250.00000,0.02110,0.01531,0.11247,0.02929,-0.00495,0.12140,0.09972,0.05078,0.19813,0.05186,0.01179,0.14599,-0.10880,-0.08423,-0.02905,-0.13556,-0.14764,-0.05821,250.00000,8538.26580,0.02928,0.13389,0.14282,0.21955,0.16741,-0.00763,-0.03679,-0.72063
2010,027390,한화갤러리아타임월드,KOSPI,608,3.24000,0.09170,0.08503,0.00000,600.00000,0.00000,-0.00579,0.09170,-0.00989,-0.04413,0.08090,0.00736,-0.04158,0.09973,0.00994,-0.03014,0.10255,-0.08435,-0.05978,-0.00039,-0.01507,-0.02715,0.07524,600.00000,20216.65052,0.02968,0.11346,0.10266,0.12149,0.12431,0.02137,0.09700,
2010,006390,한일현대시멘트,KOSPI,974,3.22000,-0.10705,-0.11372,0.01440,0.00000,0.01440,0.00861,-0.09419,0.04905,0.01481,-0.06325,0.04327,-0.00567,-0.06841,0.02009,-0.01998,-0.08911,-0.12558,-0.10101,-0.21919,0.01994,0.00786,-0.08925,250.00000,6932.83904,0.00000,-0.09754,-0.06660,-0.07176,-0.09246,-0.22254,-0.09260,
2010,004310,현대약품,KOSPI,1120,3.06000,-0.02744,-0.03411,-0.01260,45.00000,-0.01260,-0.01839,-0.03970,0.02524,-0.00900,-0.00290,0.08804,0.03910,0.05819,-0.00630,-0.04637,-0.03357,-0.14761,-0.12304,-0.17100,-0.12555,-0.13762,-0.14954,50.00000,1589.14773,0.02832,-0.01909,0.01771,0.07879,-0.01296,-0.15040,-0.12894,0.44496
2010,003450,현대증권,KOSPI,96,3.20000,0.11998,0.11331,0.04640,400.00000,0.04640,0.04061,0.17194,0.06780,0.03356,0.19591,0.10337,0.05443,0.23575,0.04266,0.00259,0.16776,-0.06803,-0.04346,0.04378,-0.06081,-0.07289,0.05187,400.00000,13999.68974,0.02857,0.19276,0.21673,0.25657,0.18858,0.06460,0.07269,-1.62396
2010,001450,현대해상,KOSPI,100,3.13000,0.07813,0.07147,0.01040,700.00000,0.01040,0.00461,0.08934,0.05801,0.02377,0.14068,0.10775,0.05881,0.19431,0.18033,0.14026,0.27255,0.17215,0.19671,0.26373,0.21158,0.19951,0.30625,700.00000,24111.58310,0.02903,0.11056,0.16189,0.21552,0.29376,0.28494,0.32746,-0.35823
2010,010660,화천기계,KOSPI,1154,3.51000,0.06998,0.06332,-0.03040,900.00000,-0.03040,-0.03619,0.03746,0.00706,-0.02718,0.07754,-0.03508,-0.08402,0.03245,-0.00938,-0.04945,0.05995,-0.06794,-0.04338,-0.00271,-0.04206,-0.05413,0.02498,700.00000,21338.70378,0.04218,0.06979,0.10987,0.06478,0.09228,0.02962,0.05731,0.72077
2010,016580,환인제약,KOSPI,535,6.96000,-0.00701,-0.01368,-0.02660,250.00000,-0.02660,-0.03239,-0.03342,-0.02798,-0.06222,-0.03480,-0.03637,-0.08531,-0.04313,-0.04204,-0.08211,-0.04875,-0.03504,-0.01048,-0.04181,0.00824,-0.00384,0.00117,500.00000,7133.54449,0.03505,-0.00713,-0.00850,-0.01683,-0.02245,-0.01551,0.02747,0.75901
2010,097870,효성오앤비,KOSDAQ,1402,3.06000,0.10815,0.10148,0.01470,150.00000,0.01470,0.00891,0.12444,0.08280,0.04856,0.19991,0.49516,0.44622,0.65686,0.43078,0.39070,0.58551,0.71253,0.73710,0.89774,1.13582,1.12375,1.36680,150.00000,5432.09807,0.02761,0.14445,0.21992,0.67687,0.60552,0.91775,1.38682,-0.53235
2010,005010,휴스틸,KOSPI,566,3.94000,0.04223,0.03556,-0.04050,1000.00000,-0.04050,-0.04629,0.00002,-0.05401,-0.08825,-0.01406,-0.04851,-0.09745,-0.00833,-0.02969,-0.06976,0.01129,-0.05929,-0.03472,-0.01956,-0.03762,-0.04969,0.00302,700.00000,18516.79194,0.05401,0.04236,0.02828,0.03401,0.05362,0.02277,0.04536,0.74993
2010,069260,TKG휴켐스,KOSPI,162,7.71000,0.07971,0.07304,-0.04290,800.00000,-0.04290,-0.04869,0.03339,-0.05953,-0.09377,0.01544,-0.05958,-0.10852,0.01539,-0.05003,-0.09011,0.02569,-0.07163,-0.04706,0.00237,0.20909,0.19702,0.30547,1500.00000,21006.07009,0.03808,0.06226,0.04431,0.04426,0.05456,0.03124,0.33434,1.12645
2011,032040,C&S자산관리,KOSDAQ,1116,10.75000,0.03419,0.00796,-0.05030,300.00000,-0.05030,-0.05006,-0.01783,-0.03474,-0.07609,-0.00174,0.07448,0.02226,0.11121,0.06776,0.00527,0.10427,0.03465,-0.13004,0.07003,0.00866,-0.13488,0.04315,300.00000,2886.11564,0.10395,0.06676,0.08285,0.19580,0.18886,0.15462,0.12774,0.48391
2011,023460,CNH,KOSDAQ,1030,3.70000,-0.01857,-0.04480,0.05660,50.00000,0.05660,0.05684,0.03698,0.08301,0.04166,0.06290,-0.00381,-0.05603,-0.02231,0.14320,0.08070,0.12197,0.19612,0.03143,0.17391,0.12451,-0.01904,0.10363,50.00000,1326.25580,0.03770,0.06552,0.09144,0.00624,0.15052,0.20245,0.13217,-1.50132
2011,017940,E1,KOSPI,276,3.03000,0.11015,0.08392,-0.01640,1500.00000,-0.01640,-0.01616,0.09194,-0.04368,-0.08503,0.06165,-0.02913,-0.08135,0.07781,0.04190,-0.02060,0.15666,0.09848,-0.06622,0.21947,-0.00714,-0.15069,0.10222,1500.00000,54957.88398,0.02729,0.11168,0.08139,0.09755,0.17640,0.23921,0.12196,0.60087
2011,114090,GKL,KOSPI,149,3.39000,-0.01365,-0.03989,-0.05820,512.00000,-0.05820,-0.05796,-0.07106,0.00280,-0.03855,-0.01089,-0.00814,-0.06036,-0.02168,0.08610,0.02360,0.07127,0.10532,-0.05937,0.09023,0.14963,0.00609,0.13394,620.00000,18039.35815,0.02838,-0.05040,0.00977,-0.00102,0.09193,0.11089,0.15460,2.05057
2011,001250,GS글로벌,KOSPI,352,4.57000,-0.05008,-0.07632,-0.00480,125.00000,-0.00480,-0.00456,-0.05464,0.02882,-0.01252,-0.02270,0.02398,-0.02824,-0.02731,0.18740,0.12490,0.12793,0.43746,0.27277,0.36547,0.29824,0.15470,0.23322,500.00000,10392.95604,0.01203,-0.04782,-0.01588,-0.02048,0.13475,0.37229,0.24005,0.39909
2011,036640,HRS,KOSDAQ,1016,6.37000,0.12430,0.09807,-0.04110,100.00000,-0.04110,-0.04086,0.07809,-0.07938,-0.12073,0.03505,-0.07654,-0.12876,0.03824,-0.09055,-0.15305,0.02249,-0.03967,-0.20437,0.07970,-0.05394,-0.19749,0.06366,200.00000,3529.98798,0.02833,0.09871,0.05567,0.05886,0.04311,0.10031,0.08427,1.45083
2011,095340,ISC,KOSDAQ,871,3.50000,-0.04570,-0.07193,-0.01350,400.00000,-0.01350,-0.01326,-0.05858,0.06485,0.02351,0.01619,0.04521,-0.00701,-0.00256,0.11372,0.05122,0.06282,0.10149,-0.06320,0.05115,0.11727,-0.02627,0.06621,300.00000,8179.70726,0.04890,-0.02056,0.05421,0.03547,0.10084,0.08917,0.10423,0.27607
2011,002380,KCC,KOSPI,85,3.49000,0.23053,0.20430,-0.02480,8000.00000,-0.02480,-0.02456,0.20002,0.02300,-0.01835,0.25883,0.06200,0.00978,0.30682,0.06022,-0.00228,0.30464,0.23164,0.06694,0.51557,0.16779,0.02424,0.43700,8000.00000,282070.67962,0.02836,0.22066,0.27948,0.32747,0.32528,0.53621,0.45765,0.87442
2011,021320,KCC건설,KOSDAQ,451,3.33000,0.05827,0.03204,-0.03780,1000.00000,-0.03780,-0.03756,0.01827,-0.02214,-0.06348,0.03485,-0.02059,-0.07281,0.03648,0.03280,-0.02970,0.09299,0.03454,-0.13015,0.09483,-0.04721,-0.19076,0.00831,1000.00000,31780.01308,0.03147,0.04154,0.05812,0.05975,0.11626,0.11810,0.03158,1.20128
2011,119650,KC코트렐,KOSPI,669,4.48000,0.04916,0.02293,-0.02920,420.00000,-0.02920,-0.02896,0.01853,-0.04379,-0.08513,0.00323,-0.05253,-0.10475,-0.00594,-0.07601,-0.13850,-0.03058,0.16997,0.00527,0.22749,0.02357,-0.11998,0.07389,730.00000,17095.76390,0.02457,0.03596,0.02066,0.01149,-0.01314,0.24492,0.09133,1.18856
2011,001390,KG케미칼,KOSPI,776,3.35000,0.00403,-0.02220,0.00000,250.00000,0.00000,0.00024,0.00403,0.04280,0.00146,0.04701,0.01480,-0.03742,0.01889,-0.00528,-0.06778,-0.00127,0.07904,-0.08565,0.08339,0.13508,-0.00847,0.13965,250.00000,7492.75541,0.03337,0.02891,0.07188,0.04377,0.02361,0.10826,0.16453,
2011,025850,한화화인케미칼,KOSPI,921,9.43000,0.14146,0.11523,-0.01650,500.00000,-0.01650,-0.01626,0.12263,-0.05223,-0.09357,0.08185,-0.01367,-0.06589,0.12586,0.16275,0.10026,0.32724,0.51564,0.35095,0.73006,0.86826,0.72471,1.13255,1500.00000,18156.91637,0.02754,0.14258,0.10180,0.14581,0.34719,0.75000,1.15250,0.59918
2011,030200,KT,KOSPI,26,6.69000,0.04563,0.01940,-0.04780,2000.00000,-0.04780,-0.04756,-0.00435,-0.08500,-0.12634,-0.04324,-0.10494,-0.15717,-0.06410,-0.10489,-0.16739,-0.06405,-0.13674,-0.30143,-0.09735,-0.14359,-0.28713,-0.10451,2410.00000,37667.68338,0.05310,0.03722,-0.00168,-0.02253,-0.02248,-0.05578,-0.06294,0.90026
2011,033780,KT&G,KOSPI,18,3.88000,0.07343,0.04720,-0.03850,3200.00000,-0.03850,-0.03826,0.03211,0.00117,-0.04017,0.07469,-0.10003,-0.15225,-0.03394,-0.07717,-0.13966,-0.00940,-0.10869,-0.27338,-0.04324,-0.08591,-0.22946,-0.01879,3000.00000,82997.34841,0.03856,0.06137,0.10396,-0.00467,0.01987,-0.01397,0.01048,0.99856
2011,032640,LG유플러스,KOSPI,68,5.26000,0.12034,0.09411,-0.01740,150.00000,-0.01740,-0.01716,0.10085,-0.06180,-0.10314,0.05111,-0.12618,-0.17840,-0.02102,-0.11694,-0.17944,-0.01067,-0.16119,-0.32588,-0.06025,-0.10638,-0.24992,0.00117,350.00000,7454.75909,0.02012,0.11452,0.06478,-0.00735,0.00300,-0.04657,0.01484,0.86475
2011,079950,인베니아,KOSDAQ,959,4.07000,0.26467,0.23844,0.11590,0.00000,0.11590,0.11614,0.41125,0.25601,0.21466,0.58844,0.35110,0.29888,0.70870,0.27715,0.21465,0.61517,0.09864,-0.06605,0.38942,-0.01737,-0.16092,0.24270,100.00000,3107.30737,0.00000,0.40790,0.58509,0.70535,0.61182,0.38607,0.23935,
2011,086960,MDS테크,KOSDAQ,964,4.00000,0.11360,0.08737,0.09670,290.00000,0.09670,0.09694,0.22129,0.18651,0.14517,0.32130,0.21279,0.16057,0.35057,0.25154,0.18905,0.39373,0.61632,0.45162,0.79994,0.74051,0.59697,0.93824,260.00000,7238.43080,0.04006,0.25183,0.35185,0.38111,0.42427,0.83048,0.96879,-2.41364
2011,036530,SNT홀딩스,KOSPI,419,3.10000,0.01948,-0.00676,-0.03420,400.00000,-0.03420,-0.03396,-0.01539,-0.00759,-0.04894,0.01174,-0.01146,-0.06368,0.00780,-0.01895,-0.08145,0.00016,0.01151,-0.15318,0.03121,-0.08729,-0.23084,-0.06951,400.00000,13154.53230,0.03041,0.00699,0.03411,0.03017,0.02253,0.05359,-0.04714,1.12471
2011,017670,SK텔레콤,KOSPI,15,6.18000,-0.00654,-0.03277,-0.06290,9400.00000,-0.06290,-0.06266,-0.06903,-0.08271,-0.12406,-0.08871,-0.10587,-0.15809,-0.11171,-0.05951,-0.12201,-0.06566,-0.07610,-0.24079,-0.08214,-0.05616,-0.19971,-0.06233,9400.00000,151109.27877,0.06221,-0.01975,-0.03943,-0.06243,-0.01638,-0.03286,-0.01305,1.01115
2011,002710,TCC스틸,KOSPI,774,3.59000,0.09554,0.06930,-0.02120,150.00000,-0.02120,-0.02096,0.07231,-0.03466,-0.07601,0.05756,-0.04334,-0.09556,0.04806,-0.02309,-0.08559,0.07024,0.05980,-0.10489,0.16105,-0.02522,-0.16877,0.06791,180.00000,5492.93901,0.02731,0.09206,0.07731,0.06781,0.08999,0.18081,0.08766,0.77634
2011,000500,가온전선,KOSPI,934,3.55000,0.09590,0.06967,-0.00650,500.00000,-0.00650,-0.00626,0.08878,0.06144,0.02009,0.16323,0.04846,-0.00376,0.14901,0.11973,0.05723,0.22712,0.28158,0.11689,0.40449,0.38190,0.23835,0.51443,500.00000,15435.27250,0.03239,0.11284,0.18729,0.17306,0.25117,0.42855,0.53848,0.20066
2011,030270,에스마크,KOSDAQ,1753,4.12000,0.05156,0.02532,-0.00980,0.00000,-0.00980,-0.00956,0.04125,-0.02257,-0.06392,0.02782,-0.00980,-0.06202,0.04126,0.01960,-0.04290,0.07217,0.35798,0.19328,0.42799,0.08326,-0.06029,0.13911,400.00000,10209.30870,0.00000,0.03790,0.02447,0.03791,0.06882,0.42464,0.13576,
2011,035250,강원랜드,KOSPI,46,3.51000,0.02369,-0.00255,-0.03890,910.00000,-0.03890,-0.03866,-0.01613,-0.03710,-0.07844,-0.01429,-0.08831,-0.14053,-0.06671,-0.07418,-0.13668,-0.05225,-0.07421,-0.23891,-0.05228,-0.10239,-0.24593,-0.08113,970.00000,28289.93321,0.03217,0.00773,0.00958,-0.04285,-0.02839,-0.02842,-0.05726,1.20932
2011,039240,경남스틸,KOSDAQ,1308,3.14000,0.05670,0.03046,-0.03270,250.00000,-0.03270,-0.03246,0.02214,-0.04460,-0.08594,0.00957,-0.05047,-0.10270,0.00336,-0.06384,-0.12634,-0.01077,0.13079,-0.03390,0.19490,-0.01019,-0.15373,0.04593,200.00000,6730.56631,0.03714,0.05022,0.03765,0.03144,0.01731,0.22298,0.07401,0.88036
2011,011040,경동제약,KOSDAQ,538,5.01000,0.04198,0.01575,-0.03370,600.00000,-0.03370,-0.03346,0.00687,-0.02885,-0.07019,0.01192,0.00003,-0.05219,0.04202,0.04331,-0.01919,0.08711,0.21621,0.05151,0.26726,0.10090,-0.04264,0.14712,500.00000,10399.02897,0.05770,0.05233,0.05739,0.08748,0.13257,0.31273,0.19259,0.58408
2011,017900,광전자,KOSPI,497,4.29000,0.31387,0.28763,-0.04900,0.00000,-0.04900,-0.04876,0.24949,-0.04904,-0.09038,0.24944,-0.04907,-0.10130,0.24939,0.00129,-0.06120,0.31557,0.07703,-0.08766,0.41508,-0.07843,-0.22197,0.21083,110.00000,3368.89464,0.00000,0.24614,0.24609,0.24604,0.31222,0.41173,0.20748,
2011,066620,국보디자인,KOSDAQ,1294,4.55000,0.18319,0.15695,-0.04040,200.00000,-0.04040,-0.04016,0.13539,-0.04512,-0.08646,0.12980,0.13276,0.08054,0.34026,0.06156,-0.00094,0.25602,0.65992,0.49523,0.96400,0.47129,0.32775,0.74082,200.00000,5200.81988,0.03846,0.16457,0.15899,0.36945,0.28521,0.99318,0.77000,1.05057
2011,043650,국순당,KOSDAQ,547,3.63000,0.11124,0.08501,-0.00370,105.00000,-0.00370,-0.00346,0.10713,0.02466,-0.01668,0.13865,0.00245,-0.04978,0.11396,0.03578,-0.02672,0.15100,0.05785,-0.10685,0.17553,0.06783,-0.07572,0.18661,265.00000,8112.37974,0.01294,0.11473,0.14625,0.12156,0.15860,0.18313,0.19421,0.28586
2011,053740,국제엘렉트릭,KOSDAQ,484,3.79000,0.12282,0.09659,0.01120,600.00000,0.01120,0.01144,0.13540,0.03938,-0.00196,0.16705,0.00574,-0.04648,0.12927,0.03942,-0.02308,0.16709,0.14908,-0.01562,0.29021,0.16880,0.02525,0.31236,600.00000,17775.59210,0.03375,0.16061,0.19225,0.15448,0.19230,0.31542,0.33756,-0.33181
2011,092440,기신정기,KOSPI,504,3.99000,-0.04190,-0.06813,-0.00100,200.00000,-0.00100,-0.00076,-0.04286,0.01668,-0.02466,-0.02592,0.06874,0.01652,0.02396,0.07712,0.01463,0.03199,0.12109,-0.04360,0.07412,0.20459,0.06104,0.15412,200.00000,4802.50882,0.04164,-0.01098,0.00596,0.05584,0.06387,0.10600,0.18600,0.02401
2011,051490,나라엠앤디,KOSDAQ,1207,4.43000,0.03120,0.00497,-0.04110,120.00000,-0.04110,-0.04086,-0.01118,-0.05729,-0.09863,-0.02787,-0.06267,-0.11489,-0.03342,0.11072,0.04822,0.14538,0.08758,-0.07711,0.12152,-0.00017,-0.14371,0.03103,120.00000,2793.32296,0.04296,0.02181,0.00512,-0.00043,0.17837,0.15451,0.06402,0.95671
2011,036800,나이스정보통신,KOSDAQ,1078,4.27000,0.08973,0.06350,-0.03920,200.00000,-0.03920,-0.03896,0.04702,0.01386,-0.02748,0.10484,-0.00183,-0.05405,0.08774,-0.02727,-0.08977,0.06002,0.16291,-0.00179,0.26726,0.11791,-0.02563,0.21823,200.00000,5104.13976,0.03918,0.07682,0.13464,0.11754,0.08982,0.29706,0.24803,1.00041
2011,000320,노루홀딩스,KOSPI,720,5.86000,0.03212,0.00589,-0.02980,400.00000,-0.02980,-0.02956,0.00136,-0.06665,-0.10799,-0.03666,-0.05530,-0.10753,-0.02496,-0.01131,-0.07381,0.02045,0.15895,-0.00574,0.19618,0.09375,-0.04980,0.12888,400.00000,7045.19903,0.05678,0.04605,0.00802,0.01972,0.06513,0.24086,0.17357,0.52487
2011,072710,농심홀딩스,KOSPI,375,4.04000,0.02921,0.00297,-0.02840,2000.00000,-0.02840,-0.02816,-0.00002,0.00389,-0.03745,0.03321,0.00396,-0.04826,0.03328,0.00018,-0.06231,0.02940,0.06113,-0.10357,0.09212,0.02965,-0.11390,0.05972,2000.00000,50950.93494,0.03925,0.02984,0.06307,0.06314,0.05926,0.12198,0.08958,0.72350
2011,019680,대교,KOSPI,219,3.62000,0.04461,0.01838,-0.00790,260.00000,-0.00790,-0.00766,0.03636,-0.02666,-0.06801,0.01676,-0.04095,-0.09317,0.00184,-0.02672,-0.08922,0.01670,-0.04885,-0.21354,-0.00641,-0.05044,-0.19399,-0.00808,220.00000,6348.47355,0.04095,0.06766,0.04806,0.03313,0.04800,0.02488,0.02322,0.19290
2011,004130,대덕GDS,KOSPI,413,3.13000,0.02302,-0.00321,-0.01530,300.00000,-0.01530,-0.01506,0.00737,0.01838,-0.02296,0.04183,0.00719,-0.04503,0.03038,-0.01847,-0.08097,0.00413,0.20525,0.04055,0.23299,0.24614,0.10259,0.27482,300.00000,9805.31546,0.03060,0.02990,0.06436,0.05292,0.02666,0.25553,0.29736,0.50007
2011,048470,대동스틸,KOSDAQ,1449,3.02000,0.04832,0.02209,-0.03460,80.00000,-0.03460,-0.03436,0.01205,0.00958,-0.03176,0.05836,0.03845,-0.01377,0.08863,0.09616,0.03366,0.14913,0.16157,-0.00312,0.21770,0.74999,0.60645,0.83455,75.00000,2603.44417,0.03073,0.03469,0.08101,0.11128,0.17177,0.24035,0.85720,1.12599
2011,006570,대림통상,KOSPI,911,4.96000,0.00120,-0.02503,-0.00740,120.00000,-0.00740,-0.00716,-0.00621,-0.00981,-0.05115,-0.00862,-0.00116,-0.05338,0.00004,-0.00005,-0.06255,0.00115,0.31678,0.15209,0.31837,-0.00487,-0.14842,-0.00367,200.00000,4037.10571,0.02972,0.01559,0.01318,0.02183,0.02295,0.34016,0.01812,0.24895
2011,078140,대봉엘에스,KOSDAQ,1288,4.16000,-0.12479,-0.15102,-0.01710,50.00000,-0.01710,-0.01686,-0.13975,0.12554,0.08419,-0.01492,0.10470,0.05248,-0.03316,0.05536,-0.00714,-0.07633,0.15976,-0.00494,0.01503,0.42622,0.28267,0.24825,125.00000,2629.84308,0.01901,-0.12702,-0.00218,-0.02042,-0.06360,0.02777,0.26098,0.89941
2011,117580,대성에너지,KOSPI,522,5.89000,0.10429,0.07806,-0.05340,300.00000,-0.05340,-0.05316,0.04532,-0.07650,-0.11784,0.01981,-0.07300,-0.12522,0.02368,-0.06412,-0.12662,0.03349,-0.04286,-0.20755,0.05697,-0.09277,-0.23632,0.00184,300.00000,5624.58036,0.05334,0.08710,0.06159,0.06546,0.07526,0.09874,0.04362,1.00118
2011,003540,대신증권,KOSPI,213,7.01000,-0.02357,-0.04981,0.00960,750.00000,0.00960,0.00984,-0.01420,0.02874,-0.01260,0.00449,0.06214,0.00992,0.03711,0.12909,0.06659,0.10247,0.19137,0.02668,0.16329,0.18205,0.03850,0.15418,750.00000,10446.78340,0.07179,0.04319,0.06188,0.09449,0.15986,0.22067,0.21157,-0.13372
2011,006800,미래에셋증권,KOSPI,75,4.24000,0.09622,0.06998,0.00970,400.00000,0.00970,0.00994,0.10685,0.04351,0.00216,0.14391,0.11120,0.05898,0.21812,0.25630,0.19381,0.37718,0.33835,0.17366,0.46712,0.33346,0.18991,0.46176,400.00000,10341.67410,0.03868,0.13622,0.17329,0.24749,0.40655,0.49650,0.49114,-0.25079
2011,003220,대원제약,KOSPI,902,4.02000,0.12178,0.09555,-0.02120,50.00000,-0.02120,-0.02096,0.09800,0.02422,-0.01712,0.14896,0.15766,0.10544,0.29864,0.32329,0.26079,0.48445,0.28286,0.11817,0.43910,0.25257,0.10902,0.40511,195.00000,5441.48881,0.00919,0.10243,0.15338,0.30307,0.48887,0.44352,0.40954,2.30719
2011,120240,대정화금,KOSDAQ,711,3.16000,-0.09808,-0.12431,-0.02110,400.00000,-0.02110,-0.02086,-0.11711,0.04560,0.00426,-0.05695,0.07721,0.02499,-0.02844,-0.02447,-0.08697,-0.12015,-0.08758,-0.25227,-0.17707,-0.13688,-0.28043,-0.22154,500.00000,14270.87266,0.02803,-0.09675,-0.03659,-0.00808,-0.09979,-0.15671,-0.20118,0.75279
2011,065690,파커스,KOSDAQ,1139,5.22000,0.05091,0.02468,0.00390,0.00000,0.00390,0.00414,0.05501,0.00130,-0.04005,0.05228,0.04835,-0.00387,0.10172,0.04059,-0.02191,0.09356,0.12165,-0.04305,0.17875,0.01960,-0.12394,0.07151,190.00000,3825.15226,0.00000,0.05166,0.04893,0.09837,0.09021,0.17540,0.06816,
2011,088350,한화생명,KOSPI,44,3.16000,0.04099,0.01475,-0.02250,230.00000,-0.02250,-0.02226,0.01756,-0.01330,-0.05465,0.02714,-0.01184,-0.06406,0.02866,-0.00261,-0.06510,0.03828,-0.01462,-0.17932,0.02576,0.03030,-0.11325,0.07253,230.00000,7576.80515,0.03036,0.03990,0.04947,0.05099,0.06061,0.04809,0.09486,0.74121
2011,001230,동국홀딩스,KOSPI,132,3.42000,-0.03858,-0.06481,-0.03090,750.00000,-0.03090,-0.03066,-0.06829,-0.00001,-0.04135,-0.03859,0.02851,-0.02371,-0.01117,0.07853,0.01603,0.03692,0.11425,-0.05045,0.07126,0.06445,-0.07909,0.02339,750.00000,21083.76458,0.03557,-0.04154,-0.01184,0.01558,0.06366,0.09800,0.05013,0.86865
2011,005960,동부건설,KOSPI,642,5.20000,-0.07984,-0.10607,0.01580,0.00000,0.01580,0.01604,-0.06530,0.00325,-0.03809,-0.07685,0.03256,-0.01966,-0.04988,0.12056,0.05806,0.03109,0.14090,-0.02379,0.04981,0.07988,-0.06366,-0.00633,250.00000,4423.84688,0.00000,-0.06865,-0.08020,-0.05323,0.02774,0.04646,-0.00968,
2011,016610,DB증권,KOSPI,462,7.52000,0.02890,0.00267,0.00370,300.00000,0.00370,0.00394,0.03271,0.00118,-0.04016,0.03012,0.08407,0.03185,0.11540,0.13633,0.07384,0.16918,0.17546,0.01077,0.20943,0.21809,0.07454,0.25330,300.00000,4104.66923,0.07309,0.09119,0.08860,0.17389,0.22766,0.26792,0.31178,-0.05062
2011,026960,동서,KOSPI,159,3.82000,0.01906,-0.00717,-0.01250,1350.00000,-0.01250,-0.01226,0.00633,-0.03126,-0.07261,-0.01280,-0.03120,-0.08342,-0.01273,0.00011,-0.06239,0.01918,0.05009,-0.11460,0.07011,0.04514,-0.09841,0.06506,1200.00000,32012.46567,0.04217,0.03865,0.01953,0.01959,0.05150,0.10243,0.09739,0.29641
2011,013450,동성하이켐,KOSDAQ,1022,3.90000,0.13371,0.10747,-0.00980,150.00000,-0.00980,-0.00956,0.12260,0.00735,-0.03400,0.14204,-0.01726,-0.06949,0.11413,0.02955,-0.03295,0.16720,0.20773,0.04304,0.36921,0.88190,0.73835,1.13352,140.00000,4069.71893,0.03686,0.15043,0.16987,0.14197,0.19504,0.39705,1.16135,0.26589
2011,079960,동양이엔피,KOSDAQ,903,3.77000,0.04266,0.01642,-0.01690,300.00000,-0.01690,-0.01666,0.02503,-0.02534,-0.06668,0.01623,-0.02780,-0.08002,0.01367,0.01944,-0.04306,0.06292,0.11085,-0.05384,0.15823,0.12526,-0.01828,0.17326,300.00000,8296.99224,0.03616,0.05227,0.04347,0.04091,0.09016,0.18547,0.20050,0.46740
2011,003470,유안타증권,KOSPI,220,3.64000,0.00117,-0.02506,0.03520,150.00000,0.03520,0.03544,0.03641,0.13941,0.09807,0.14075,0.36235,0.31013,0.36394,0.50560,0.44310,0.50737,0.27549,0.11079,0.27698,0.38200,0.23846,0.38362,150.00000,4125.70392,0.03636,0.06382,0.16815,0.39135,0.53477,0.30439,0.41103,-0.96817
2011,001530,DI동일,KOSPI,618,5.06000,0.00118,-0.02506,-0.01010,1500.00000,-0.01010,-0.00986,-0.00894,-0.03435,-0.07569,-0.03321,-0.05661,-0.10883,-0.05550,-0.05247,-0.11497,-0.05136,0.09299,-0.07170,0.09428,0.13352,-0.01003,0.13485,2500.00000,49465.20381,0.03032,0.01337,-0.01091,-0.03320,-0.02905,0.11658,0.15716,0.33307
2011,019300,태림페이퍼,KOSPI,915,3.25000,0.08462,0.05839,-0.02990,20.00000,-0.02990,-0.02966,0.05219,0.03895,-0.00239,0.12687,-0.00893,-0.06115,0.07493,0.00596,-0.05654,0.09108,0.15227,-0.01242,0.24978,0.06224,-0.08131,0.15213,50.00000,1668.64641,0.01199,0.05898,0.13366,0.08172,0.09787,0.25657,0.15892,2.49463
2011,011160,두산건설,KOSPI,218,3.33000,0.00336,-0.02288,0.01500,0.00000,0.01500,0.01524,0.01841,0.04658,0.00524,0.05009,0.04490,-0.00732,0.04840,0.12957,0.06707,0.13336,0.17262,0.00793,0.17656,0.17440,0.03086,0.17834,100.00000,3013.07836,0.00000,0.01506,0.04674,0.04505,0.13001,0.17321,0.17499,
2011,024090,디씨엠,KOSPI,595,3.48000,0.03003,0.00380,-0.03770,600.00000,-0.03770,-0.03746,-0.00880,-0.05222,-0.09356,-0.02376,-0.05511,-0.10733,-0.02673,0.02414,-0.03836,0.05490,0.11100,-0.05369,0.14437,0.05788,-0.08566,0.08965,350.00000,10359.51123,0.05792,0.03685,0.02189,0.01892,0.10054,0.19002,0.13530,0.65092
2011,003160,디아이,KOSPI,1259,6.67000,0.18661,0.16038,-0.03750,0.00000,-0.03750,-0.03726,0.14211,-0.01493,-0.05628,0.16889,0.01862,-0.03361,0.20870,-0.01116,-0.07366,0.17336,0.05238,-0.11231,0.24876,-0.01503,-0.15858,0.16877,75.00000,1334.27004,0.00000,0.13876,0.16554,0.20535,0.17001,0.24541,0.16542,
2011,051160,지어소프트,KOSDAQ,1681,4.05000,0.04844,0.02221,0.01160,0.00000,0.01160,0.01184,0.06061,-0.04247,-0.08382,0.00392,-0.04639,-0.09861,-0.00020,0.06543,0.00293,0.11704,0.03446,-0.13024,0.08457,0.14257,-0.00097,0.19792,50.00000,1294.37493,0.00000,0.05726,0.00057,-0.00355,0.11369,0.08122,0.19457,
2011,026890,스틱인베스트먼트,KOSPI,841,3.02000,-0.08759,-0.11382,-0.02980,50.00000,-0.02980,-0.02956,-0.11478,-0.07278,-0.11412,-0.15399,-0.05286,-0.10508,-0.13581,-0.01964,-0.08214,-0.10551,0.20231,0.03762,0.09700,0.23550,0.09195,0.12728,50.00000,1510.61861,0.03310,-0.09012,-0.12934,-0.11116,-0.08086,0.12165,0.15193,0.90033
2011,058470,리노공업,KOSDAQ,448,3.66000,-0.01622,-0.04246,-0.00700,900.00000,-0.00700,-0.00676,-0.02311,-0.02104,-0.06239,-0.03692,-0.05599,-0.10821,-0.07131,-0.02815,-0.09065,-0.04391,0.07403,-0.09066,0.05661,0.08784,-0.05570,0.07020,800.00000,21503.36286,0.04185,0.00895,-0.00487,-0.03925,-0.01185,0.08867,0.10225,0.16725
2011,014470,부방,KOSDAQ,1005,3.33000,-0.02323,-0.04946,-0.02390,0.00000,-0.02390,-0.02366,-0.04658,0.02384,-0.01750,0.00006,0.03065,-0.02157,0.00670,0.07506,0.01256,0.05008,0.21520,0.05051,0.18697,0.18097,0.03743,0.15354,50.00000,1466.62121,0.00000,-0.04993,-0.00329,0.00335,0.04673,0.18362,0.15019,
2011,042500,링네트,KOSDAQ,1541,5.57000,0.01137,-0.01486,-0.01930,0.00000,-0.01930,-0.01906,-0.00815,0.16804,0.12669,0.18132,0.09101,0.03879,0.10342,0.14065,0.07815,0.15362,0.33903,0.17433,0.35426,0.09358,-0.04996,0.10602,100.00000,1815.75299,0.00000,-0.01150,0.17797,0.10007,0.15027,0.35091,0.10267,
2011,008560,메리츠증권,KOSPI,392,5.13000,0.02491,-0.00133,0.00290,35.00000,0.00290,0.00314,0.02788,0.03438,-0.00696,0.06015,0.05728,0.00506,0.08361,0.17160,0.10910,0.20078,0.19440,0.02971,0.22415,0.34456,0.20101,0.37805,35.00000,699.25465,0.05005,0.06687,0.09914,0.12261,0.23978,0.26315,0.41704,-0.05794
2011,000060,메리츠화재,KOSPI,147,3.81000,0.00009,-0.02614,0.00850,450.00000,0.00850,0.00874,0.00859,-0.01692,-0.05827,-0.01684,-0.02544,-0.07766,-0.02535,-0.00869,-0.07119,-0.00860,0.02504,-0.13965,0.02513,0.13112,-0.01243,0.13122,450.00000,11812.08697,0.03810,0.03747,0.01204,0.00353,0.02028,0.05401,0.16010,-0.22312
2011,033200,모아텍,KOSDAQ,899,3.19000,0.00111,-0.02512,-0.01600,60.00000,-0.01600,-0.01576,-0.01491,-0.05432,-0.09566,-0.05327,-0.00004,-0.05226,0.00107,-0.05319,-0.11568,-0.05213,0.21281,0.04812,0.21416,0.17058,0.02703,0.17188,150.00000,4707.41490,0.01275,-0.00747,-0.04584,0.00851,-0.04470,0.22159,0.17931,1.25531
2011,009680,모토닉,KOSPI,359,4.12000,0.04544,0.01920,-0.03420,250.00000,-0.03420,-0.03396,0.00968,-0.00008,-0.04143,0.04535,0.05114,-0.00108,0.09890,0.10247,0.03998,0.15257,0.17591,0.01121,0.22933,0.11696,-0.02659,0.16771,300.00000,7612.39094,0.03284,0.03411,0.06978,0.12333,0.17700,0.25377,0.19214,1.04138
2011,009580,무림P&P,KOSPI,309,4.25000,0.11806,0.09183,0.00190,250.00000,0.00190,0.00214,0.12019,-0.05603,-0.09737,0.05542,-0.05602,-0.10824,0.05543,-0.00935,-0.07185,0.10761,0.11832,-0.04637,0.25036,0.02711,-0.11644,0.14838,200.00000,5261.48194,0.04752,0.15704,0.09227,0.09228,0.14445,0.28721,0.18523,-0.03999
2011,009200,무림페이퍼,KOSPI,626,9.67000,0.11982,0.09359,-0.05180,200.00000,-0.05180,-0.05156,0.06181,-0.08467,-0.12602,0.02500,-0.08467,-0.13689,0.02501,-0.05183,-0.11433,0.06178,0.01723,-0.14746,0.13912,-0.05013,-0.19368,0.06368,250.00000,2895.08818,0.06908,0.11691,0.08010,0.08010,0.11687,0.19421,0.11877,0.74983
2011,046310,백금T&A,KOSDAQ,1725,4.29000,-0.06166,-0.08789,0.00570,50.00000,0.00570,0.00594,-0.05631,0.01717,-0.02418,-0.04555,0.00577,-0.04645,-0.05624,-0.01432,-0.07681,-0.07509,0.10840,-0.05629,0.04006,-0.03444,-0.17799,-0.09398,80.00000,1749.82277,0.02857,-0.03549,-0.02473,-0.03542,-0.05427,0.06088,-0.07315,-0.19948
2011,003000,부광약품,KOSPI,263,3.56000,0.04989,0.02365,0.00000,200.00000,0.00000,0.00024,0.04989,0.04604,0.00469,0.09822,0.14526,0.09304,0.20239,0.07773,0.01523,0.13149,-0.02846,-0.19315,0.02001,-0.03196,-0.17551,0.01633,500.00000,14745.58907,0.01356,0.05801,0.10634,0.21052,0.13962,0.02813,0.02446,
2011,026940,부국철강,KOSPI,1185,3.78000,0.07797,0.05174,-0.04210,75.00000,-0.04210,-0.04186,0.03259,-0.04217,-0.08351,0.03252,-0.02569,-0.07792,0.05027,-0.02572,-0.08822,0.05024,0.05362,-0.11108,0.13577,0.00685,-0.13670,0.08536,75.00000,2138.83129,0.03507,0.05890,0.05883,0.07659,0.07656,0.16209,0.11167,1.20060
2011,008470,부스타,KOSDAQ,1296,3.72000,0.19438,0.16815,-0.05600,120.00000,-0.05600,-0.05576,0.12750,-0.08718,-0.12852,0.09026,-0.06541,-0.11764,0.11625,-0.08728,-0.14977,0.09014,-0.01986,-0.18455,0.17066,-0.05119,-0.19474,0.13324,150.00000,4816.05669,0.02492,0.14523,0.10799,0.13398,0.10787,0.18839,0.15097,2.24749
2011,064480,브리지텍,KOSDAQ,1434,6.02000,-0.03347,-0.05970,-0.04330,150.00000,-0.04330,-0.04306,-0.07532,0.15383,0.11249,0.11522,0.25428,0.20206,0.21230,0.11768,0.05519,0.08028,0.09325,-0.07144,0.05667,0.27004,0.12650,0.22754,180.00000,2889.96631,0.05190,-0.03476,0.15578,0.25286,0.12084,0.09723,0.26810,0.83424
2011,029780,삼성카드,KOSPI,53,3.69000,-0.02714,-0.05337,-0.01010,700.00000,-0.01010,-0.00986,-0.03696,0.01273,-0.02862,-0.01476,0.02041,-0.03181,-0.00728,0.07468,0.01218,0.04551,0.06343,-0.10126,0.03457,0.03426,-0.10929,0.00619,1500.00000,39547.25053,0.01770,-0.02534,-0.00313,0.00434,0.05714,0.04620,0.01782,0.57061
2011,009300,삼아제약,KOSDAQ,1251,3.57000,0.13397,0.10774,-0.00790,200.00000,-0.00790,-0.00766,0.12501,0.05828,0.01694,0.20006,0.11021,0.05799,0.25895,0.05679,-0.00571,0.19836,0.11982,-0.04487,0.26984,0.05346,-0.09009,0.19459,200.00000,6352.77832,0.03148,0.14830,0.22334,0.28224,0.22165,0.29313,0.21787,0.25093
2011,003940,삼양제넥스,KOSPI,428,3.59000,0.00793,-0.01831,-0.03800,2000.00000,-0.03800,-0.03776,-0.03038,-0.03967,-0.08102,-0.03206,-0.02855,-0.08077,-0.02085,-0.04259,-0.10509,-0.03500,-0.05042,-0.21512,-0.04290,-0.14411,-0.28766,-0.13733,2250.00000,63170.81730,0.03166,-0.00694,-0.00862,0.00258,-0.01157,-0.01946,-0.11390,1.20025
2011,004380,삼익THK,KOSPI,495,3.53000,0.03386,0.00763,-0.02180,300.00000,-0.02180,-0.02156,0.01132,-0.01630,-0.05765,0.01701,0.00690,-0.04532,0.04100,0.02466,-0.03784,0.05936,0.05998,-0.10472,0.09587,0.11727,-0.02627,0.15511,250.00000,7321.96806,0.04097,0.04264,0.04832,0.07231,0.09067,0.12718,0.18642,0.53206
2011,032750,삼진,KOSDAQ,1652,3.64000,-0.01643,-0.04266,-0.00930,50.00000,-0.00930,-0.00906,-0.02557,0.08140,0.04006,0.06364,0.10366,0.05144,0.08553,0.09252,0.03002,0.07457,0.23358,0.06889,0.21332,0.48546,0.34191,0.46106,100.00000,2702.12805,0.01850,-0.01327,0.07595,0.09783,0.08688,0.22563,0.47337,0.50260
2011,000250,삼천당제약,KOSDAQ,1149,4.76000,0.16201,0.13578,-0.02870,50.00000,-0.02870,-0.02846,0.12866,0.09007,0.04873,0.26668,0.06340,0.01118,0.23568,0.02449,-0.03801,0.19047,0.02249,-0.14220,0.18815,0.01016,-0.13339,0.17381,100.00000,2441.19775,0.02048,0.14264,0.28066,0.24966,0.20444,0.20212,0.18779,1.40125
2011,017480,삼현철강,KOSDAQ,1031,3.13000,0.09849,0.07225,-0.03280,125.00000,-0.03280,-0.03256,0.06245,-0.01149,-0.05283,0.08587,0.01122,-0.04100,0.11081,0.00573,-0.05677,0.10478,0.31903,0.15434,0.44893,0.32075,0.17720,0.45082,100.00000,3509.53765,0.03562,0.08924,0.11265,0.13760,0.13157,0.47572,0.47760,0.92090
2011,010960,삼호개발,KOSPI,1047,4.62000,0.09235,0.06612,-0.00940,70.00000,-0.00940,-0.00916,0.08208,-0.04939,-0.09073,0.03840,-0.02363,-0.07586,0.06654,-0.06347,-0.12597,0.02302,0.10781,-0.05688,0.21012,0.16878,0.02523,0.27672,90.00000,2127.95945,0.03290,0.10656,0.06288,0.09102,0.04750,0.23460,0.30120,0.28575
2011,000390,SP삼화,KOSPI,766,4.81000,-0.03852,-0.06475,-0.01710,250.00000,-0.01710,-0.01686,-0.05496,-0.02139,-0.06274,-0.05909,-0.03561,-0.08783,-0.07275,0.03869,-0.02381,-0.00131,0.12159,-0.04311,0.07839,0.08591,-0.05764,0.04408,175.00000,3498.11758,0.07147,0.00215,-0.00198,-0.01564,0.05580,0.13550,0.10119,0.23927
2011,000360,삼환기업,KOSPI,1121,5.40000,-0.01750,-0.04374,0.01100,0.00000,0.01100,0.01124,-0.00670,0.19782,0.15648,0.17685,0.17178,0.11956,0.15127,0.38464,0.32214,0.36040,0.36383,0.19914,0.33996,0.32381,0.18027,0.30064,200.00000,3638.87181,0.00000,-0.01005,0.17350,0.14792,0.35705,0.33661,0.29729,
2011,041650,상신브레이크,KOSPI,652,3.34000,0.03236,0.00613,-0.01620,120.00000,-0.01620,-0.01596,0.01564,-0.00306,-0.04441,0.02920,0.03150,-0.02072,0.06488,-0.00089,-0.06339,0.03145,-0.04739,-0.21208,-0.01656,-0.10903,-0.25258,-0.08019,160.00000,4945.45651,0.02426,0.03282,0.04638,0.08206,0.04863,0.00062,-0.06302,0.66764
2011,075180,새론오토모티브,KOSPI,742,4.27000,-0.02916,-0.05539,-0.02200,190.00000,-0.02200,-0.02176,-0.05052,-0.04628,-0.08763,-0.07409,-0.03352,-0.08574,-0.06170,-0.01039,-0.07289,-0.03924,0.08568,-0.07901,0.05403,0.08459,-0.05896,0.05296,190.00000,4319.89971,0.04398,-0.01666,-0.04023,-0.02784,-0.00539,0.08788,0.08682,0.50020
2011,065710,서호전기,KOSDAQ,1266,4.48000,0.01486,-0.01138,-0.02350,0.00000,-0.02350,-0.02326,-0.00899,-0.00162,-0.04296,0.01322,-0.02073,-0.07295,-0.00618,-0.00174,-0.06424,0.01309,0.47750,0.31281,0.49945,0.32303,0.17948,0.34269,300.00000,6795.92458,0.00000,-0.01234,0.00987,-0.00953,0.00974,0.49610,0.33934,
2011,019440,세아특수강,KOSPI,332,3.22000,-0.13847,-0.16470,-0.01490,700.00000,-0.01490,-0.01466,-0.15130,-0.01485,-0.05620,-0.15126,-0.01851,-0.07073,-0.15441,0.03383,-0.02867,-0.10932,0.09546,-0.06924,-0.05623,0.02646,-0.11709,-0.11567,1000.00000,26755.73131,0.02616,-0.13252,-0.13248,-0.13563,-0.09054,-0.03744,-0.09688,0.56951
2011,029530,신도리코,KOSPI,223,5.01000,0.02207,-0.00416,-0.01570,2750.00000,-0.01570,-0.01546,0.00603,-0.02152,-0.06286,0.00008,-0.02051,-0.07273,0.00111,0.05500,-0.00750,0.07829,0.04719,-0.11750,0.07031,0.04745,-0.09609,0.07057,2500.00000,51001.59181,0.05392,0.04829,0.04234,0.04338,0.12055,0.11257,0.11284,0.29117
2011,065350,신성델타테크,KOSDAQ,1108,5.62000,0.10112,0.07488,-0.01020,40.00000,-0.01020,-0.00996,0.08989,0.02868,-0.01267,0.13269,0.03682,-0.01540,0.14166,0.08995,0.02745,0.20016,0.14513,-0.01957,0.26092,0.13896,-0.00459,0.25413,125.00000,2449.10599,0.01633,0.10035,0.14316,0.15213,0.21063,0.27139,0.26459,0.62452
2011,104120,신성에프에이,KOSPI,1620,4.91000,0.04189,0.01566,-0.00710,0.00000,-0.00710,-0.00686,0.03450,0.06597,0.02463,0.11063,0.23120,0.17898,0.28277,0.17217,0.10967,0.22127,0.18396,0.01926,0.23355,0.08469,-0.05885,0.13014,100.00000,2121.98189,0.00000,0.03115,0.10728,0.27942,0.21792,0.23020,0.12679,
2011,104110,신성이엔지,KOSPI,1442,3.50000,0.05772,0.03149,0.00660,50.00000,0.00660,0.00684,0.06470,0.05619,0.01484,0.11715,0.09254,0.04032,0.15561,0.04282,-0.01968,0.10302,0.08080,-0.08389,0.14319,-0.01014,-0.15368,0.04700,100.00000,3022.06605,0.01654,0.07535,0.12780,0.16625,0.11366,0.15383,0.05765,-0.39891
2011,009270,신원,KOSPI,815,3.48000,0.09551,0.06927,-0.00400,0.00000,-0.00400,-0.00376,0.09113,0.06352,0.02218,0.16510,0.10330,0.05108,0.20868,0.08331,0.02081,0.18677,0.17446,0.00977,0.28663,0.14685,0.00330,0.25639,40.00000,1259.20543,0.00000,0.08778,0.16175,0.20533,0.18342,0.28328,0.25304,
2011,099830,씨그널엔터테인먼트그룹,KOSDAQ,1506,3.52000,0.21431,0.18808,0.05200,100.00000,0.05200,0.05224,0.27746,0.00358,-0.03776,0.21866,-0.17538,-0.22760,0.00135,-0.20926,-0.27176,-0.03979,0.14881,-0.01589,0.39501,0.15601,0.01246,0.40375,240.00000,8279.39480,0.01208,0.28432,0.22553,0.00822,-0.03293,0.40188,0.41062,-4.30529
2011,123860,아나패스,KOSDAQ,670,10.17000,-0.13004,-0.15627,-0.01750,300.00000,-0.01750,-0.01726,-0.14526,0.11827,0.07693,-0.02714,0.45637,0.40415,0.26699,0.43877,0.37627,0.25168,0.45642,0.29172,0.26703,0.52631,0.38277,0.32784,1000.00000,8554.22588,0.03507,-0.11894,-0.00082,0.29331,0.27800,0.29335,0.35416,0.49900
2011,052860,아이앤씨,KOSDAQ,854,6.10000,0.12919,0.10296,0.02880,200.00000,0.02880,0.02904,0.16171,0.01440,-0.02695,0.14545,0.07930,0.02708,0.21874,0.00726,-0.05524,0.13739,-0.03428,-0.19897,0.09049,-0.00732,-0.15087,0.12093,300.00000,5553.40591,0.03601,0.18883,0.17257,0.24586,0.16451,0.11761,0.14805,-0.79969
2011,010780,아이에스동서,KOSPI,275,5.19000,0.01131,-0.01493,0.03300,300.00000,0.03300,0.03324,0.04468,-0.06960,-0.11094,-0.05908,-0.00002,-0.05224,0.01128,-0.05129,-0.11379,-0.04056,0.20145,0.03675,0.21503,0.08779,-0.05576,0.10009,700.00000,13639.96437,0.02199,0.05994,-0.04382,0.02654,-0.02530,0.23029,0.11534,-1.50040
2011,006840,AK홀딩스,KOSPI,325,4.84000,0.17089,0.14465,0.00550,750.00000,0.00550,0.00574,0.17733,0.06201,0.02067,0.24350,-0.02193,-0.07415,0.14521,-0.04665,-0.10915,0.11627,-0.06742,-0.23212,0.09194,-0.16383,-0.30738,-0.02094,1500.00000,36287.86083,0.02067,0.19146,0.25763,0.15935,0.13040,0.10608,-0.00681,-0.26611
2011,093240,형지엘리트,KOSPI,1572,5.43000,0.17826,0.15203,-0.04800,125.00000,-0.04800,-0.04776,0.12171,-0.04978,-0.09112,0.11961,-0.02207,-0.07429,0.15226,0.03875,-0.02375,0.22392,0.11836,-0.04633,0.31773,0.05001,-0.09353,0.23719,125.00000,2712.39356,0.04608,0.15734,0.15525,0.18789,0.25956,0.35337,0.27283,1.04156
2011,041440,현대에버다임,KOSDAQ,1012,3.39000,-0.00121,-0.02744,-0.01570,210.00000,-0.01570,-0.01546,-0.01689,-0.05484,-0.09619,-0.05599,-0.06136,-0.11358,-0.06249,-0.03000,-0.09250,-0.03117,0.34211,0.17742,0.34049,0.30550,0.16195,0.30392,130.00000,3830.17339,0.05483,0.02614,-0.01295,-0.01946,0.01186,0.38353,0.34695,0.28635
2011,070480,에버테크노,KOSDAQ,1159,3.04000,-0.07716,-0.10340,-0.01980,0.00000,-0.01980,-0.01956,-0.09543,0.05050,0.00915,-0.03056,0.18450,0.13228,0.09311,0.08899,0.02649,0.00496,0.14276,-0.02193,0.05458,-0.00899,-0.15254,-0.08546,150.00000,4553.47922,0.00000,-0.09878,-0.03391,0.08976,0.00161,0.05123,-0.08881,
2011,033160,엠케이전자,KOSDAQ,873,4.41000,0.05882,0.03258,0.00280,200.00000,0.00280,0.00304,0.06178,0.06122,0.01987,0.12364,0.03475,-0.01747,0.09561,0.05436,-0.00814,0.11637,0.13918,-0.02551,0.20619,0.07544,-0.06811,0.13869,150.00000,3601.42089,0.05553,0.10541,0.16727,0.13924,0.16000,0.24982,0.18233,-0.05042
2011,014440,영보화학,KOSPI,980,3.68000,0.18397,0.15774,-0.01860,50.00000,-0.01860,-0.01836,0.16195,0.18474,0.14339,0.40270,0.00311,-0.04911,0.18766,0.42387,0.36137,0.68582,0.61167,0.44698,0.90818,0.30284,0.15930,0.54253,100.00000,3217.31473,0.01554,0.17175,0.41249,0.19746,0.69562,0.91797,0.55233,1.19684
2011,045060,오공,KOSDAQ,1659,3.57000,0.02855,0.00232,-0.02080,50.00000,-0.02080,-0.02056,0.00716,0.03808,-0.00326,0.06772,0.01030,-0.04192,0.03914,0.03815,-0.02435,0.06779,0.31259,0.14790,0.35007,0.27090,0.12736,0.30719,50.00000,1440.54962,0.03471,0.03317,0.09373,0.06516,0.09381,0.37608,0.33320,0.59927
2011,031510,오스템,KOSDAQ,878,4.00000,-0.00814,-0.03438,-0.03230,80.00000,-0.03230,-0.03206,-0.04018,-0.00806,-0.04941,-0.01614,0.06050,0.00828,0.05187,0.01415,-0.04835,0.00589,0.12527,-0.03943,0.11610,0.06871,-0.07484,0.06000,100.00000,2479.64241,0.03226,-0.01624,0.00780,0.07581,0.02984,0.14005,0.08395,1.00116
2011,004940,외환은행,KOSPI,51,13.41000,-0.02972,-0.05595,-0.05100,1510.00000,-0.05100,-0.05076,-0.07920,-0.07515,-0.11650,-0.10264,-0.05478,-0.10700,-0.08287,0.01896,-0.04354,-0.01132,0.03140,-0.13329,0.00075,0.12538,-0.01817,0.09194,1085.00000,7850.54041,0.19234,0.08017,0.05674,0.07650,0.14805,0.16013,0.25131,0.26515
2011,005940,NH투자증권,KOSPI,134,3.02000,0.06538,0.03915,-0.00470,300.00000,-0.00470,-0.00446,0.06038,0.02828,-0.01307,0.09551,0.14618,0.09396,0.22112,0.24057,0.17807,0.32168,0.32104,0.15635,0.40742,0.26424,0.12069,0.34690,300.00000,10583.28354,0.02835,0.08101,0.11614,0.24175,0.34232,0.42805,0.36753,0.16580
2011,021960,KB캐피탈,KOSPI,351,3.92000,-0.03110,-0.05733,-0.04260,910.00000,-0.04260,-0.04236,-0.07238,-0.04257,-0.08392,-0.07235,0.01426,-0.03796,-0.01728,0.02127,-0.04123,-0.01049,0.16646,0.00177,0.13018,0.12749,-0.01606,0.09242,570.00000,14088.59448,0.06459,-0.02108,-0.02105,0.03401,0.04080,0.18148,0.14372,0.65953
2011,017370,우신시스템,KOSPI,1186,3.53000,0.01774,-0.00850,-0.02600,100.00000,-0.02600,-0.02576,-0.00872,-0.01902,-0.06037,-0.00162,0.00517,-0.04705,0.02300,0.00523,-0.05727,0.02306,0.05017,-0.11452,0.06880,0.03431,-0.10924,0.05265,100.00000,2883.11114,0.03468,0.01727,0.02437,0.04899,0.04905,0.09480,0.07865,0.74961
2011,105840,우진,KOSPI,628,4.07000,0.17888,0.15264,0.00340,270.00000,0.00340,0.00364,0.18289,-0.01382,-0.05516,0.16259,-0.05180,-0.10402,0.11781,-0.08960,-0.15210,0.07325,0.01384,-0.15085,0.19519,-0.08268,-0.22623,0.08141,500.00000,14482.53604,0.01864,0.19531,0.17501,0.13023,0.08567,0.20761,0.09383,-0.18237
2011,095720,웅진씽크빅,KOSPI,251,5.57000,0.01284,-0.01339,-0.01860,410.00000,-0.01860,-0.01836,-0.00600,0.01246,-0.02888,0.02546,-0.00619,-0.05842,0.00657,-0.05268,-0.11518,-0.04051,-0.10843,-0.27312,-0.09698,-0.25446,-0.39800,-0.24488,885.00000,16092.75758,0.02548,0.01221,0.04367,0.02477,-0.02231,-0.07878,-0.22668,0.73006
2011,003640,유니온스틸,KOSPI,463,3.03000,-0.02119,-0.04742,0.00000,200.00000,0.00000,0.00024,-0.02119,0.00318,-0.03817,-0.01808,-0.01541,-0.06763,-0.03627,0.04972,-0.01277,0.02748,0.17351,0.00882,0.14865,0.06503,-0.07852,0.04247,500.00000,16152.01545,0.01238,-0.01406,-0.01095,-0.02915,0.03461,0.15577,0.04959,
2011,002920,유성기업,KOSPI,888,4.06000,-0.04245,-0.06868,-0.02540,100.00000,-0.02540,-0.02516,-0.06677,0.00435,-0.03700,-0.03829,0.01284,-0.03938,-0.03016,0.02549,-0.03701,-0.01805,0.06784,-0.09685,0.02251,0.08901,-0.05454,0.04278,100.00000,2358.49642,0.04240,-0.03425,-0.00577,0.00236,0.01447,0.05503,0.07530,0.59906
2011,072130,유엔젤,KOSPI,983,3.66000,0.07583,0.04959,-0.03170,150.00000,-0.03170,-0.03146,0.04172,0.30400,0.26266,0.40288,0.15207,0.09985,0.23943,0.13846,0.07596,0.22478,0.34010,0.17541,0.44171,0.46911,0.32556,0.58050,150.00000,4409.12109,0.03402,0.06715,0.42831,0.26486,0.25021,0.46714,0.60593,0.93179
2011,008730,율촌화학,KOSPI,397,5.97000,0.00378,-0.02246,-0.06430,500.00000,-0.06430,-0.06406,-0.06076,-0.06900,-0.11035,-0.06548,-0.07613,-0.12835,-0.07264,-0.04750,-0.11000,-0.04390,-0.03681,-0.20150,-0.03317,-0.03703,-0.18058,-0.03339,500.00000,8406.85222,0.05948,-0.01380,-0.01852,-0.02567,0.00307,0.01379,0.01358,1.08112
2011,025820,이구산업,KOSPI,1090,3.64000,0.02559,-0.00065,-0.01060,30.00000,-0.01060,-0.01036,0.01472,0.03547,-0.00588,0.06196,0.14903,0.09680,0.17843,0.18791,0.12541,0.21831,0.23046,0.06576,0.26194,0.15591,0.01237,0.18549,50.00000,1408.77442,0.02130,0.02938,0.07663,0.19309,0.23297,0.27661,0.20015,0.49777
2011,092130,이크레더블,KOSDAQ,780,3.21000,0.03356,0.00733,0.05920,290.00000,0.05920,0.05944,0.09475,0.09760,0.05625,0.13443,0.05479,0.00257,0.09019,0.04880,-0.01370,0.08400,0.06209,-0.10260,0.09773,0.05784,-0.08571,0.09334,210.00000,6761.61347,0.04289,0.12768,0.16737,0.12313,0.11693,0.13067,0.12628,-1.38030
2011,017250,인터엠,KOSDAQ,1517,8.30000,0.04972,0.02349,-0.00400,100.00000,-0.00400,-0.00376,0.04552,0.03150,-0.00985,0.08279,0.05920,0.00698,0.11186,0.11454,0.05204,0.16995,0.47407,0.30938,0.54737,0.35563,0.21209,0.42303,100.00000,1264.72249,0.07907,0.10906,0.14633,0.17540,0.23350,0.61091,0.48658,0.05059
2011,023810,인팩,KOSPI,1230,3.23000,-0.01333,-0.03956,-0.00540,120.00000,-0.00540,-0.00516,-0.01866,-0.02039,-0.06173,-0.03345,0.02331,-0.02891,0.00967,0.00145,-0.06105,-0.01190,0.06689,-0.09780,0.05267,0.05757,-0.08598,0.04347,120.00000,3665.65218,0.03274,0.00569,-0.00910,0.03401,0.01245,0.07702,0.06782,0.16495
2011,115310,인포바인,KOSDAQ,958,3.73000,0.07476,0.04852,-0.03470,750.00000,-0.03470,-0.03446,0.03746,-0.06688,-0.10823,0.00287,-0.10166,-0.15388,-0.03450,-0.13638,-0.19888,-0.07182,-0.09902,-0.26372,-0.03167,0.04233,-0.10122,0.12024,700.00000,20169.67222,0.03718,0.06557,0.03098,-0.00639,-0.04371,-0.00356,0.14835,0.93318
2011,101930,인화정공,KOSDAQ,804,6.33000,-0.07287,-0.09910,-0.03750,200.00000,-0.03750,-0.03726,-0.10764,-0.04434,-0.08569,-0.11398,-0.03759,-0.08981,-0.10772,-0.03409,-0.09658,-0.10447,0.05113,-0.11356,-0.02546,0.04766,-0.09589,-0.02868,1000.00000,14646.63517,0.01366,-0.09943,-0.10578,-0.09952,-0.09627,-0.01726,-0.02048,2.74624
2011,094820,일진파워,KOSDAQ,825,5.51000,0.12170,0.09546,-0.02270,125.00000,-0.02270,-0.02246,0.09623,0.07182,0.03047,0.20225,0.12480,0.07258,0.26168,0.02647,-0.03603,0.15139,0.27246,0.10776,0.42731,0.08914,-0.05441,0.22168,260.00000,5292.94593,0.02362,0.11286,0.21888,0.27831,0.16802,0.44394,0.23831,0.96120
2011,006350,전북은행,KOSPI,324,5.00000,0.00183,-0.02440,0.00100,100.00000,0.00100,0.00124,0.00283,-0.03973,-0.08108,-0.03798,-0.04478,-0.09700,-0.04303,0.01024,-0.05225,0.01209,0.04169,-0.12301,0.04359,0.03358,-0.10996,0.03547,250.00000,5009.15234,0.01996,0.01637,-0.02444,-0.02949,0.02563,0.05713,0.04901,-0.05009
2011,044060,조광ILI,KOSDAQ,1602,3.49000,0.03721,0.01098,-0.01050,80.00000,-0.01050,-0.01026,0.02632,0.03775,-0.00359,0.07637,0.02734,-0.02488,0.06557,0.05472,-0.00778,0.09397,0.36573,0.20104,0.41656,0.39502,0.25147,0.44693,80.00000,2377.56879,0.03365,0.05144,0.10149,0.09069,0.11909,0.44167,0.47205,0.31206
2011,004910,조광페인트,KOSPI,1127,4.44000,0.03970,0.01346,-0.01850,180.00000,-0.01850,-0.01826,0.02046,0.01854,-0.02280,0.05898,0.17784,0.12562,0.22460,1.29049,1.22799,1.38142,1.83955,1.67486,1.95227,2.79841,2.65486,2.94919,150.00000,3512.49126,0.05125,0.06047,0.09898,0.26460,1.42142,1.99228,2.98920,0.36101
2011,018120,진로발효,KOSDAQ,491,8.73000,0.03932,0.01309,-0.04620,500.00000,-0.04620,-0.04596,-0.00869,-0.03355,-0.07490,0.00445,-0.03772,-0.08995,0.00012,-0.00834,-0.07084,0.03066,-0.11292,-0.27762,-0.07804,-0.07268,-0.21623,-0.03621,1000.00000,11905.19293,0.04200,0.02349,0.03663,0.03230,0.06284,-0.04586,-0.00403,1.10004
2011,007370,진양제약,KOSDAQ,1348,4.04000,0.15978,0.13355,0.06790,100.00000,0.06790,0.06814,0.23853,0.34489,0.30354,0.55977,0.59228,0.54006,0.84670,0.67431,0.61181,0.94183,0.23871,0.07402,0.43663,0.27714,0.13359,0.48120,100.00000,2870.74247,0.03483,0.26465,0.58589,0.87282,0.96795,0.46275,0.50732,-1.94923
2011,100250,진양홀딩스,KOSPI,838,5.22000,0.10461,0.07838,-0.04000,85.00000,-0.04000,-0.03976,0.06043,0.06555,0.02420,0.17702,0.01087,-0.04135,0.11662,0.03638,-0.02612,0.14480,0.23633,0.07163,0.36566,0.32721,0.18367,0.46606,65.00000,1375.47620,0.06180,0.10936,0.22595,0.16555,0.19373,0.41459,0.51499,0.64728
2011,111820,지유온,KOSDAQ,1568,5.26000,0.09839,0.07215,-0.05210,240.00000,-0.05210,-0.05186,0.04116,-0.11240,-0.15374,-0.02507,-0.05105,-0.10327,0.04232,-0.07082,-0.13332,0.02060,0.06047,-0.10422,0.16481,-0.03734,-0.18088,0.05738,230.00000,4802.84016,0.04997,0.08009,0.01386,0.08125,0.05953,0.20374,0.09630,1.04262
2011,083550,케이엠,KOSDAQ,1327,4.08000,-0.06268,-0.08891,-0.03060,50.00000,-0.03060,-0.03036,-0.09136,0.03575,-0.00559,-0.02916,0.06804,0.01582,0.00110,0.06281,0.00031,-0.00381,0.17323,0.00854,0.09970,0.03714,-0.10640,-0.02786,130.00000,2986.57068,0.01674,-0.08054,-0.01835,0.01191,0.00701,0.11051,-0.01705,1.82778
2011,101670,하이드로리튬,KOSDAQ,1645,6.67000,0.04015,0.01392,-0.03850,150.00000,-0.03850,-0.03826,0.00011,-0.05349,-0.09483,-0.01549,-0.05773,-0.10995,-0.01990,-0.02148,-0.08398,0.01781,0.08971,-0.07498,0.13347,0.13894,-0.00460,0.18467,150.00000,2339.17048,0.06413,0.05101,0.03541,0.03100,0.06871,0.18437,0.23557,0.60039
2011,045520,크린앤사이언스,KOSDAQ,1617,5.36000,0.05012,0.02388,-0.02720,0.00000,-0.02720,-0.02696,0.02155,0.02050,-0.02085,0.07164,0.03580,-0.01643,0.08771,0.15470,0.09220,0.21257,0.78584,0.62114,0.87534,0.48263,0.33909,0.55694,150.00000,2938.75867,0.00000,0.01820,0.06829,0.08436,0.20922,0.87199,0.55359,
2011,015890,태경산업,KOSPI,715,4.82000,0.06770,0.04147,-0.04220,150.00000,-0.04220,-0.04196,0.02264,-0.01514,-0.05648,0.05154,0.00893,-0.04330,0.07723,0.02414,-0.03836,0.09347,0.03484,-0.12985,0.10490,0.00312,-0.14042,0.07104,150.00000,3322.72196,0.04514,0.05749,0.08638,0.11207,0.12831,0.13974,0.10588,0.93479
2011,006890,태경케미컬,KOSPI,1235,4.72000,0.08012,0.05388,-0.02910,150.00000,-0.02910,-0.02886,0.04869,-0.04071,-0.08205,0.03615,0.00732,-0.04490,0.08802,0.15574,0.09324,0.24833,0.18055,0.01586,0.27514,0.14416,0.00062,0.23583,150.00000,3432.57784,0.04370,0.08231,0.06977,0.12164,0.28195,0.30876,0.26945,0.66592
2011,026150,특수건설,KOSDAQ,1382,3.58000,0.02513,-0.00111,-0.02450,100.00000,-0.02450,-0.02426,0.00001,-0.00527,-0.04662,0.01972,0.20280,0.15058,0.23302,0.18869,0.12619,0.21856,0.57337,0.40868,0.61290,0.83893,0.69539,0.88514,100.00000,2863.48389,0.03492,0.02621,0.04592,0.25922,0.24475,0.63910,0.91133,0.70155
2011,062860,티엘아이,KOSDAQ,1087,4.24000,0.09382,0.06759,-0.01620,0.00000,-0.01620,-0.01596,0.07610,0.12120,0.07986,0.22640,0.10973,0.05751,0.21385,0.19048,0.12798,0.30218,0.02407,-0.14062,0.12016,-0.06480,-0.20834,0.02295,240.00000,6191.44942,0.00000,0.07275,0.22305,0.21050,0.29883,0.11681,0.01960,
2011,034230,파라다이스,KOSPI,190,3.49000,0.11306,0.08683,-0.00750,150.00000,-0.00750,-0.00726,0.10471,0.07910,0.03775,0.20110,0.04905,-0.00317,0.16766,0.13188,0.06938,0.25985,0.07907,-0.08563,0.20107,0.12534,-0.01821,0.25257,250.00000,7973.21563,0.01881,0.11728,0.21367,0.18023,0.27242,0.21363,0.26514,0.39866
2011,038950,파인디지털,KOSDAQ,1522,4.42000,0.19889,0.17266,0.00370,50.00000,0.00370,0.00394,0.20333,0.19193,0.15058,0.42899,0.22505,0.17283,0.46870,0.05517,-0.00732,0.26504,0.45369,0.28900,0.74282,0.32829,0.18474,0.59247,100.00000,2712.42040,0.01843,0.21557,0.44124,0.48095,0.27728,0.75506,0.60472,-0.20072
2011,017810,풀무원,KOSPI,599,3.37000,0.07901,0.05278,-0.02140,1020.00000,-0.02140,-0.02116,0.05592,-0.03054,-0.07188,0.04607,-0.05044,-0.10266,0.02459,-0.02137,-0.08387,0.05596,0.03214,-0.13256,0.11369,0.20518,0.06163,0.30040,1020.00000,32658.59364,0.03123,0.07900,0.06914,0.04766,0.07903,0.13676,0.32347,0.68519
2011,075130,플랜티넷,KOSDAQ,972,4.07000,-0.02452,-0.05076,-0.07000,300.00000,-0.07000,-0.06976,-0.09281,0.01669,-0.02466,-0.00824,0.21001,0.15779,0.18033,0.32498,0.26248,0.29248,0.51321,0.34851,0.47610,0.38172,0.23817,0.34783,250.00000,5991.87320,0.05007,-0.05380,0.03076,0.21934,0.33149,0.51511,0.38684,1.39810
2011,033180,KH 필룩스,KOSPI,1454,3.58000,0.41267,0.38643,-0.00360,30.00000,-0.00360,-0.00336,0.40758,0.01099,-0.03035,0.42820,0.06174,0.00952,0.49989,-0.12302,-0.18552,0.23888,0.06548,-0.09921,0.50517,-0.01776,-0.16130,0.38758,35.00000,1381.10058,0.02172,0.42261,0.44323,0.51492,0.25391,0.52020,0.40261,0.16573
2011,000080,하이트진로,KOSPI,96,5.00000,-0.04659,-0.07283,-0.08920,1250.00000,-0.08920,-0.08896,-0.13164,-0.02278,-0.06412,-0.06831,-0.02641,-0.07863,-0.07177,-0.13467,-0.19717,-0.17499,-0.11201,-0.27671,-0.15339,-0.09805,-0.24160,-0.14008,1500.00000,28602.20176,0.04370,-0.09801,-0.03469,-0.03815,-0.14136,-0.11976,-0.10645,2.04105
2011,010460,화인자산관리,KOSPI,482,7.83000,-0.05417,-0.08041,-0.00960,1300.00000,-0.00960,-0.00936,-0.06325,0.01268,-0.02867,-0.04218,0.00631,-0.04592,-0.04821,0.04782,-0.01468,-0.00894,0.13707,-0.02763,0.07547,0.16873,0.02518,0.10542,1300.00000,15703.38492,0.08278,0.00343,0.02450,0.01848,0.05774,0.14215,0.17210,0.11596
2011,002960,한국쉘석유,KOSPI,323,8.37000,0.04654,0.02031,-0.07560,17000.00000,-0.07560,-0.07536,-0.03258,-0.08875,-0.13009,-0.04633,-0.09312,-0.14534,-0.05091,-0.04856,-0.11106,-0.00428,-0.04629,-0.21098,-0.00190,-0.03521,-0.17876,0.00969,18000.00000,225062.97750,0.07553,0.02798,0.01422,0.00964,0.05627,0.05865,0.07025,1.00087
2011,063570,NICE인프라,KOSDAQ,1084,4.49000,0.06191,0.03567,0.00530,80.00000,0.00530,0.00554,0.06753,-0.00524,-0.04659,0.05634,0.08458,0.03236,0.15172,0.08470,0.02220,0.15185,0.13495,-0.02975,0.20521,0.15351,0.00997,0.22492,80.00000,1892.03564,0.04228,0.09995,0.08876,0.18414,0.18427,0.23763,0.25734,-0.12535
2011,104700,한국철강,KOSPI,384,3.87000,-0.01508,-0.04131,-0.01750,900.00000,-0.01750,-0.01726,-0.03232,-0.02414,-0.06548,-0.03885,-0.01537,-0.06759,-0.03022,0.08067,0.01817,0.06437,0.26379,0.09910,0.24474,0.16129,0.01774,0.14378,900.00000,22905.12057,0.03929,-0.00242,-0.00896,-0.00033,0.09426,0.27463,0.17367,0.44538
2011,089150,케이씨티,KOSDAQ,1395,3.77000,-0.10689,-0.13312,-0.03170,60.00000,-0.03170,-0.03146,-0.13520,-0.01396,-0.05531,-0.11936,0.01420,-0.03802,-0.09420,0.07062,0.00812,-0.04381,0.11272,-0.05197,-0.00622,0.08482,-0.05872,-0.03113,60.00000,1421.39823,0.04221,-0.10284,-0.08700,-0.06184,-0.01145,0.02614,0.00123,0.75097
2011,054040,한국컴퓨터,KOSDAQ,967,5.16000,0.06175,0.03552,-0.00270,120.00000,-0.00270,-0.00246,0.05889,-0.07151,-0.11285,-0.01417,-0.15926,-0.21148,-0.10734,-0.15380,-0.21630,-0.10154,-0.11595,-0.28064,-0.06135,-0.15113,-0.29468,-0.09871,180.00000,3703.78981,0.03240,0.08295,0.00989,-0.08328,-0.07748,-0.03729,-0.07465,0.08334
2011,010100,한국무브넥스,KOSPI,806,4.10000,0.04919,0.02295,-0.02340,250.00000,-0.02340,-0.02316,0.02464,-0.01565,-0.05699,0.03277,0.01177,-0.04045,0.06154,0.12120,0.05870,0.17635,0.07826,-0.08643,0.13130,0.03920,-0.10434,0.09032,500.00000,12794.97144,0.01954,0.03782,0.04595,0.07472,0.18953,0.14448,0.10350,1.19761
2011,052600,한네트,KOSDAQ,1493,12.25000,-0.03423,-0.06047,-0.04820,100.00000,-0.04820,-0.04796,-0.08078,-0.05330,-0.09465,-0.08571,-0.03297,-0.08519,-0.06607,-0.02782,-0.09032,-0.06110,0.00256,-0.16214,-0.03177,0.03289,-0.11065,-0.00246,250.00000,1970.95152,0.05074,-0.04121,-0.04614,-0.02650,-0.02153,0.00781,0.03711,0.95000
2011,014790,HL D&I,KOSPI,366,5.08000,-0.00007,-0.02631,-0.01270,600.00000,-0.01270,-0.01246,-0.01277,0.11019,0.06884,0.11011,0.14837,0.09615,0.14829,0.22885,0.16635,0.22876,0.15667,-0.00803,0.15658,0.15657,0.01303,0.15649,600.00000,11810.15057,0.05080,0.02686,0.14974,0.18792,0.26839,0.19621,0.19612,0.24998
2011,018880,한온시스템,KOSPI,88,3.00000,-0.00000,-0.02623,-0.00680,664.00000,-0.00680,-0.00656,-0.00680,-0.03612,-0.07746,-0.03612,-0.04513,-0.09735,-0.04513,-0.03171,-0.09421,-0.03171,0.01787,-0.14682,0.01787,-0.02495,-0.16849,-0.02495,664.00000,22133.32024,0.03000,0.01523,-0.01409,-0.02310,-0.00968,0.03990,-0.00292,0.22667
2011,053690,한미글로벌,KOSPI,950,3.70000,-0.01984,-0.04608,0.00500,150.00000,0.00500,0.00524,-0.01494,-0.02397,-0.06532,-0.04334,-0.05796,-0.11018,-0.07665,-0.09075,-0.15325,-0.10879,0.09587,-0.06882,0.07413,0.08594,-0.05761,0.06439,300.00000,7947.22714,0.01887,-0.00232,-0.03072,-0.06404,-0.09617,0.08675,0.07701,-0.26491
2011,042700,한미반도체,KOSPI,465,7.54000,0.01207,-0.01417,-0.05370,100.00000,-0.05370,-0.05346,-0.04228,-0.02387,-0.06521,-0.01209,-0.05076,-0.10298,-0.03931,-0.02991,-0.09240,-0.01820,-0.02527,-0.18997,-0.01351,-0.11609,-0.25964,-0.10543,500.00000,6711.31860,0.01490,-0.03303,-0.00283,-0.03005,-0.00894,-0.00426,-0.09617,3.60398
2011,004150,한솔홀딩스,KOSPI,257,3.34000,-0.06134,-0.08757,0.00000,300.00000,0.00000,0.00024,-0.06134,-0.00114,-0.04249,-0.06241,0.04860,-0.00362,-0.01572,0.03791,-0.02458,-0.02575,0.04380,-0.12090,-0.02023,-0.04856,-0.19210,-0.10692,300.00000,8431.10361,0.03558,-0.03458,-0.03566,0.01104,0.00100,0.00653,-0.08016,
2011,011700,한신기계,KOSPI,1238,3.98000,0.10189,0.07565,-0.04420,45.00000,-0.04420,-0.04396,0.05318,-0.02402,-0.06536,0.07542,0.04433,-0.00789,0.15074,0.00809,-0.05440,0.11081,0.13250,-0.03220,0.24788,0.02788,-0.11567,0.13260,45.00000,1245.85202,0.03612,0.08039,0.10263,0.17795,0.13801,0.27509,0.15981,1.22370
2011,051600,한전KPS,KOSPI,116,3.12000,0.19245,0.16622,-0.01900,1620.00000,-0.01900,-0.01876,0.16980,-0.02129,-0.06263,0.16707,-0.05091,-0.10313,0.13175,-0.11968,-0.18218,0.04974,-0.05423,-0.21892,0.12779,-0.01271,-0.15626,0.17729,1100.00000,42041.60908,0.03853,0.19905,0.19632,0.16100,0.07899,0.15704,0.20654,0.49308
2011,117930,한진해운,KOSPI,153,5.93000,0.26965,0.24342,0.08880,0.00000,0.08880,0.08904,0.38240,0.07952,0.03818,0.37062,0.13560,0.08338,0.44181,0.23381,0.17131,0.56651,0.56096,0.39627,0.98188,0.54232,0.39877,0.95821,500.00000,10705.32940,0.00000,0.37905,0.36727,0.43846,0.56316,0.97853,0.95486,
2011,000700,유수홀딩스,KOSPI,283,3.34000,-0.03874,-0.06497,0.01530,0.00000,0.01530,0.01554,-0.02403,0.05006,0.00871,0.00938,0.01665,-0.03557,-0.02273,0.15833,0.09584,0.11346,0.24998,0.08529,0.20156,0.18329,0.03974,0.13745,250.00000,7195.07517,0.00000,-0.02738,0.00603,-0.02608,0.11011,0.19821,0.13410,
2011,003530,한화투자증권,KOSPI,266,3.37000,0.00130,-0.02493,0.01010,150.00000,0.01010,0.01034,0.01141,0.03915,-0.00219,0.04050,0.14237,0.09015,0.14385,0.23231,0.16981,0.23391,0.16272,-0.00197,0.16424,0.14494,0.00139,0.14643,150.00000,4456.82387,0.03366,0.03654,0.06563,0.16898,0.25903,0.18936,0.17155,-0.30009
2011,027390,한화갤러리아타임월드,KOSPI,648,3.49000,0.10470,0.07847,-0.02370,700.00000,-0.02370,-0.02346,0.07852,0.00263,-0.03871,0.10761,0.02372,-0.02850,0.13091,0.04749,-0.01501,0.15717,-0.03665,-0.20134,0.06421,-0.04983,-0.19337,0.04966,600.00000,18992.03475,0.03686,0.10635,0.13544,0.15874,0.18500,0.09205,0.07749,0.64302
2011,102210,에이치디,KOSDAQ,870,3.01000,0.00901,-0.01723,0.00300,100.00000,0.00300,0.00324,0.01203,-0.06718,-0.10852,-0.05877,-0.07617,-0.12839,-0.06785,-0.06422,-0.12672,-0.05579,0.15053,-0.01417,0.16089,0.13560,-0.00795,0.14583,200.00000,6704.36561,0.01492,0.02130,-0.04951,-0.05858,-0.04652,0.17016,0.15510,-0.20113
2011,010620,HD현대미포,KOSPI,90,3.10000,0.00449,-0.02175,-0.00880,2000.00000,-0.00880,-0.00856,-0.00435,0.00447,-0.03687,0.00898,-0.01315,-0.06537,-0.00872,0.07928,0.01678,0.08412,0.26869,0.10400,0.27438,0.27309,0.12954,0.27880,3500.00000,113409.74127,0.01764,0.00722,0.02055,0.00284,0.09569,0.28595,0.29037,0.49900
2011,004310,현대약품,KOSPI,1285,3.78000,0.18073,0.15450,0.00360,40.00000,0.00360,0.00384,0.18498,0.07478,0.03344,0.26903,0.12117,0.06895,0.32380,0.01079,-0.05171,0.19347,0.13868,-0.02602,0.34447,0.04611,-0.09744,0.23517,45.00000,1405.63125,0.02846,0.20571,0.28975,0.34452,0.21419,0.36520,0.25590,-0.12651
2011,003450,현대증권,KOSPI,118,5.68000,-0.04201,-0.06824,0.00830,500.00000,0.00830,0.00854,-0.03405,0.06168,0.02033,0.01708,0.08543,0.03321,0.03983,0.22185,0.15935,0.17053,0.30482,0.14013,0.25001,0.32864,0.18509,0.27283,500.00000,8433.04367,0.05929,0.01275,0.06389,0.08664,0.21734,0.29682,0.31964,-0.13999
2011,003010,혜인,KOSPI,928,3.78000,-0.02838,-0.05462,-0.00430,120.00000,-0.00430,-0.00406,-0.03256,0.02486,-0.01648,-0.00423,0.03680,-0.01542,0.00737,0.06689,0.00439,0.03661,0.07343,-0.09127,0.04296,0.09513,-0.04842,0.06405,180.00000,4626.75235,0.02594,-0.01397,0.01436,0.02596,0.05520,0.06155,0.08264,0.16579
2011,016580,환인제약,KOSPI,614,4.21000,0.03196,0.00573,-0.02450,250.00000,-0.02450,-0.02426,0.00668,-0.06861,-0.10996,-0.03885,0.01629,-0.03593,0.04877,0.00329,-0.05921,0.03535,0.04062,-0.12408,0.07388,0.06339,-0.08015,0.09738,250.00000,6128.02822,0.04080,0.03784,-0.00768,0.07993,0.06652,0.10504,0.12854,0.60055
2011,005010,휴스틸,KOSPI,543,5.28000,0.01573,-0.01051,-0.04680,1000.00000,-0.04680,-0.04656,-0.03181,-0.05449,-0.09584,-0.03962,-0.04931,-0.10153,-0.03435,-0.01295,-0.07545,0.00257,0.57434,0.40964,0.59910,0.33272,0.18918,0.35368,1000.00000,19237.26007,0.05198,0.00882,0.00100,0.00627,0.04320,0.63972,0.39431,0.90030
2011,069260,TKG휴켐스,KOSPI,166,3.96000,0.01968,-0.00655,-0.03880,700.00000,-0.03880,-0.03856,-0.01988,0.00252,-0.03882,0.02226,-0.01691,-0.06913,0.00244,0.02687,-0.03563,0.04708,0.09487,-0.06983,0.11642,0.01720,-0.12634,0.03722,800.00000,20599.64360,0.03398,0.00552,0.04765,0.02783,0.07248,0.14181,0.06262,1.14181
2011,024060,흥구석유,KOSDAQ,1453,3.03000,-0.02098,-0.04722,-0.05260,50.00000,-0.05260,-0.05236,-0.07248,-0.04639,-0.08773,-0.06639,-0.03400,-0.08622,-0.05427,-0.05868,-0.12118,-0.07843,0.16704,0.00234,0.14255,0.06503,-0.07851,0.04269,50.00000,1615.54178,0.03095,-0.04964,-0.04356,-0.03143,-0.05560,0.16538,0.06552,1.69955
2011,010240,흥국,KOSDAQ,1380,3.31000,0.02203,-0.00420,-0.00650,150.00000,-0.00650,-0.00626,0.01539,-0.02167,-0.06302,-0.00012,-0.02055,-0.07277,0.00103,-0.06704,-0.12954,-0.04648,0.36057,0.19588,0.39055,0.15788,0.01434,0.18339,150.00000,4631.56106,0.03239,0.03944,0.02393,0.02508,-0.02243,0.41460,0.20744,0.20070
2012,006840,AK홀딩스,KOSPI,523,3.54000,0.08483,0.09784,-0.03700,150.00000,-0.03700,-0.04144,0.04469,0.03477,-0.00238,0.12254,0.01518,-0.03754,0.10130,-0.04132,-0.09208,0.04001,-0.02820,-0.10412,0.05424,-0.07168,-0.18641,0.00707,750.00000,22983.66983,0.00653,0.04686,0.12472,0.10347,0.04218,0.05641,0.00924,5.66931
2012,032040,C&S자산관리,KOSDAQ,806,5.71000,-0.08370,-0.07069,-0.04050,200.00000,-0.04050,-0.04494,-0.12081,-0.09345,-0.13060,-0.16933,-0.09448,-0.14719,-0.17027,-0.13279,-0.18355,-0.20537,-0.00168,-0.07760,-0.08523,0.16243,0.04770,0.06514,300.00000,4814.21069,0.04154,-0.08901,-0.13753,-0.13847,-0.17358,-0.05344,0.09693,0.97488
2012,023460,CNH,KOSDAQ,1190,4.02000,0.02826,0.04127,-0.00390,25.00000,-0.00390,-0.00834,0.02425,-0.02734,-0.06449,0.00015,-0.01176,-0.06448,0.01616,0.06254,0.01178,0.09257,-0.03120,-0.10712,-0.00383,-0.03889,-0.15362,-0.01173,50.00000,1278.92786,0.01955,0.03744,0.01333,0.02935,0.10576,0.00936,0.00145,0.19951
2012,036640,HRS,KOSDAQ,1184,3.51000,0.01566,0.02867,0.00170,20.00000,0.00170,-0.00274,0.01739,-0.01732,-0.05447,-0.00193,0.01550,-0.03721,0.03141,0.03628,-0.01448,0.05252,0.01041,-0.06551,0.02624,0.03455,-0.08019,0.05075,100.00000,2893.63111,0.00691,0.01989,0.00057,0.03391,0.05501,0.02874,0.05325,-0.24596
2012,095340,ISC,KOSDAQ,840,3.81000,0.01437,0.02738,-0.01880,400.00000,-0.01880,-0.02324,-0.00470,-0.00471,-0.04185,0.00960,0.01404,-0.03868,0.02861,0.06553,0.01477,0.08085,0.17360,0.09768,0.19048,0.26298,0.14825,0.28113,400.00000,10649.60450,0.03756,0.02373,0.03803,0.05704,0.10928,0.21890,0.30956,0.50053
2012,119650,KC코트렐,KOSPI,1082,4.71000,0.02803,0.04104,-0.00980,470.00000,-0.00980,-0.01424,0.01796,0.08611,0.04896,0.11655,0.05778,0.00506,0.08743,0.19948,0.14872,0.23310,0.30850,0.23258,0.34518,0.42310,0.30837,0.46299,420.00000,9167.14580,0.05127,0.05798,0.15658,0.12745,0.27312,0.38520,0.50301,0.19114
2012,083420,그린케미칼,KOSPI,760,3.23000,0.01423,0.02724,-0.01270,150.00000,-0.01270,-0.01714,0.00135,0.02126,-0.01589,0.03579,-0.04133,-0.09404,-0.02768,-0.02757,-0.07833,-0.01373,0.06036,-0.01557,0.07545,0.06032,-0.05441,0.07541,150.00000,4710.05503,0.03185,0.02494,0.05938,-0.00409,0.00986,0.09904,0.09900,0.39878
2012,114450,그린생명과학,KOSDAQ,1000,5.38000,-0.05746,-0.04445,-0.01020,600.00000,-0.01020,-0.01464,-0.06707,0.00764,-0.02950,-0.05025,0.11179,0.05908,0.04791,-0.04557,-0.09633,-0.10041,0.29699,0.22106,0.22246,0.20060,0.08587,0.13161,225.00000,3941.85791,0.15221,0.05835,0.07517,0.17333,0.02501,0.34789,0.25704,0.06701
2012,030200,KT,KOSPI,25,5.31000,-0.00548,0.00753,-0.05330,2000.00000,-0.05330,-0.05774,-0.05849,-0.01859,-0.05574,-0.02396,-0.03203,-0.08475,-0.03734,0.01323,-0.03754,0.00768,-0.07730,-0.15322,-0.08236,-0.06121,-0.17594,-0.06636,2000.00000,37458.48725,0.05339,-0.01667,0.01786,0.00448,0.04950,-0.04053,-0.02454,0.99827
2012,033780,KT&G,KOSPI,19,3.73000,-0.03280,-0.01979,-0.02770,3200.00000,-0.02770,-0.03214,-0.05959,-0.06148,-0.09862,-0.09226,-0.05177,-0.10448,-0.08287,-0.08670,-0.13747,-0.11666,-0.08792,-0.16385,-0.11784,-0.09293,-0.20766,-0.12269,3200.00000,82976.94278,0.03856,-0.03032,-0.06298,-0.05359,-0.08739,-0.08856,-0.09341,0.71827
2012,058850,KTcs,KOSPI,694,3.04000,0.01080,0.02381,-0.01720,100.00000,-0.01720,-0.02164,-0.00659,-0.01932,-0.05647,-0.00873,-0.03221,-0.08492,-0.02175,-0.03438,-0.08514,-0.02395,-0.04294,-0.11886,-0.03260,0.14563,0.03090,0.15801,70.00000,2327.50124,0.04296,0.02641,0.02427,0.01124,0.00905,0.00040,0.19101,0.40033
2012,002550,KB손해보험,KOSPI,126,3.25000,0.04873,0.06174,-0.01360,800.00000,-0.01360,-0.01804,0.03447,-0.05426,-0.09140,-0.00817,-0.02708,-0.07979,0.02034,0.02148,-0.02928,0.07126,-0.09892,-0.17484,-0.05501,-0.06207,-0.17680,-0.01636,800.00000,25814.96330,0.03099,0.05734,0.01470,0.04320,0.09413,-0.03214,0.00651,0.43885
2012,030190,NICE평가정보,KOSPI,541,3.26000,0.09664,0.10965,-0.00190,90.00000,-0.00190,-0.00634,0.09456,0.00183,-0.03532,0.09865,-0.01292,-0.06563,0.08248,-0.04249,-0.09325,0.05005,0.06317,-0.01276,0.16591,-0.02961,-0.14434,0.06417,160.00000,5382.29255,0.01672,0.10535,0.10944,0.09327,0.06085,0.17671,0.07497,0.11363
2012,005490,POSCO홀딩스,KOSPI,3,3.09000,0.08642,0.09943,-0.00850,8000.00000,-0.00850,-0.01294,0.07718,0.04984,0.01270,0.14057,0.02992,-0.02279,0.11893,0.01277,-0.03799,0.10029,0.01120,-0.06472,0.09859,-0.06989,-0.18462,0.01049,10000.00000,351591.42740,0.02275,0.09308,0.15647,0.13483,0.11619,0.11449,0.02639,0.37357
2012,003570,SNT다이내믹스,KOSPI,267,3.42000,0.06833,0.08134,-0.04000,300.00000,-0.04000,-0.04444,0.02560,-0.06801,-0.10516,-0.00433,-0.07610,-0.12882,-0.01297,-0.07211,-0.12287,-0.00870,-0.04804,-0.12396,0.01701,0.02395,-0.09078,0.09392,400.00000,12495.12501,0.02401,0.04256,0.01263,0.00399,0.00826,0.03398,0.11088,1.66602
2012,010950,S-Oil,KOSPI,21,4.90000,0.08773,0.10074,-0.00940,2650.00000,-0.00940,-0.01384,0.07751,-0.03753,-0.07467,0.04691,-0.08536,-0.13807,-0.00512,-0.07223,-0.12299,0.00916,-0.06104,-0.13696,0.02134,-0.12016,-0.23489,-0.04297,4800.00000,106553.30622,0.02487,0.09520,0.06460,0.01257,0.02685,0.03903,-0.02528,0.37796
2012,099220,SDN,KOSDAQ,981,3.91000,-0.47810,-0.46509,-0.14970,0.00000,-0.14970,-0.15414,-0.55623,0.13176,0.09461,-0.40934,-0.04789,-0.10060,-0.50310,0.17080,0.12004,-0.38896,-0.10170,-0.17762,-0.53118,-0.03296,-0.14769,-0.49531,125.00000,1668.46772,0.00000,-0.55958,-0.41269,-0.50645,-0.39231,-0.53453,-0.49866,
2012,017670,SK텔레콤,KOSPI,17,6.25000,0.05304,0.06604,-0.04100,9400.00000,-0.04100,-0.04544,0.00986,-0.01574,-0.05288,0.03647,0.01275,-0.03997,0.06646,0.08230,0.03154,0.13970,0.10142,0.02550,0.15983,0.13940,0.02467,0.19983,9400.00000,158376.62293,0.05935,0.05672,0.08333,0.11332,0.18656,0.20669,0.24670,0.69079
2012,011810,STX,KOSPI,229,3.16000,0.04173,0.05474,0.00000,125.00000,0.00000,-0.00444,0.04173,-0.03632,-0.07347,0.00389,-0.02664,-0.07936,0.01398,-0.05931,-0.11007,-0.02005,-0.06927,-0.14520,-0.03044,-0.16619,-0.28093,-0.13140,250.00000,8241.50764,0.01517,0.05121,0.01337,0.02346,-0.01057,-0.02096,-0.12192,
2012,077970,STX엔진,KOSPI,394,3.03000,0.07852,0.09153,0.01230,0.00000,0.01230,0.00786,0.09178,-0.00459,-0.04174,0.07357,-0.02703,-0.07974,0.04937,-0.09665,-0.14741,-0.02572,-0.10323,-0.17916,-0.03282,-0.14032,-0.25505,-0.07282,250.00000,8898.67314,0.00000,0.08843,0.07022,0.04602,-0.02907,-0.03617,-0.07617,
2012,032540,TJ미디어,KOSDAQ,1185,6.20000,-0.02689,-0.01388,-0.02890,130.00000,-0.02890,-0.03334,-0.05501,-0.03042,-0.06756,-0.05649,-0.00871,-0.06143,-0.03536,-0.00579,-0.05655,-0.03252,-0.02622,-0.10214,-0.05240,0.02721,-0.08752,-0.00041,220.00000,3452.97784,0.03765,-0.02651,-0.02798,-0.00686,-0.00402,-0.02390,0.02809,0.76762
2012,002100,경농,KOSPI,928,6.15000,0.01384,0.02685,-0.03030,150.00000,-0.03030,-0.03474,-0.01688,-0.03035,-0.06750,-0.01694,-0.01969,-0.07240,-0.00612,-0.04693,-0.09769,-0.03374,-0.02108,-0.09700,-0.00754,0.00324,-0.11149,0.01712,200.00000,3297.02961,0.04550,0.01826,0.01820,0.02902,0.00140,0.02760,0.05226,0.66600
2012,011040,경동제약,KOSDAQ,455,4.17000,-0.12494,-0.11194,-0.01590,500.00000,-0.01590,-0.02034,-0.13886,0.01580,-0.02134,-0.11112,0.08726,0.03454,-0.04859,0.02001,-0.03075,-0.10744,0.11543,0.03950,-0.02394,0.32957,0.21484,0.16345,600.00000,12590.73374,0.03971,-0.10861,-0.08087,-0.01834,-0.07719,0.00631,0.19369,0.40039
2012,066620,국보디자인,KOSDAQ,1153,3.05000,0.07759,0.09060,-0.02400,200.00000,-0.02400,-0.02844,0.05173,-0.04233,-0.07948,0.03197,-0.00696,-0.05968,0.07009,0.09766,0.04690,0.18283,0.10206,0.02614,0.18756,0.16423,0.04950,0.25456,200.00000,7066.15158,0.02830,0.07232,0.05257,0.09068,0.20342,0.20816,0.27515,0.84794
2012,053740,국제엘렉트릭,KOSDAQ,759,10.59000,0.09114,0.10415,0.02430,1000.00000,0.02430,0.01986,0.11766,0.05825,0.02110,0.15470,0.08258,0.02986,0.18125,-0.00489,-0.05565,0.08581,0.36912,0.29320,0.49391,0.43232,0.31759,0.56287,1000.00000,10303.51936,0.09705,0.19642,0.23346,0.26001,0.16457,0.57267,0.64162,-0.25038
2012,053260,금강철강,KOSDAQ,1186,4.03000,0.01608,0.02909,-0.04170,100.00000,-0.04170,-0.04614,-0.02629,-0.06157,-0.09871,-0.04647,-0.06937,-0.12209,-0.05441,-0.06723,-0.11799,-0.05223,-0.05739,-0.13331,-0.04223,0.04358,-0.07115,0.06037,100.00000,2521.29518,0.03966,0.00392,-0.01627,-0.02420,-0.02203,-0.01202,0.09057,1.05138
2012,092440,기신정기,KOSPI,467,3.21000,0.01457,0.02757,-0.00950,200.00000,-0.00950,-0.01394,0.00493,-0.00157,-0.03872,0.01297,0.00950,-0.04321,0.02421,0.03804,-0.01272,0.05316,0.11875,0.04283,0.13505,0.10939,-0.00534,0.12555,200.00000,6321.28369,0.03164,0.02834,0.03639,0.04762,0.07657,0.15846,0.14897,0.30026
2012,024110,기업은행,KOSPI,44,5.04000,0.05236,0.06536,-0.02480,400.00000,-0.02480,-0.02924,0.02626,-0.00417,-0.04132,0.04797,-0.02071,-0.07343,0.03056,0.01240,-0.03836,0.06541,0.07018,-0.00574,0.12621,0.06615,-0.04858,0.12197,580.00000,12110.43581,0.03303,0.05085,0.07256,0.05515,0.09000,0.15081,0.14656,0.75085
2012,036800,나이스정보통신,KOSDAQ,1111,3.85000,0.01553,0.02854,-0.02850,200.00000,-0.02850,-0.03294,-0.01342,-0.05129,-0.08844,-0.03656,-0.03236,-0.08507,-0.01733,-0.01333,-0.06409,0.00199,-0.02100,-0.09693,-0.00580,-0.02851,-0.14324,-0.01342,200.00000,5275.46376,0.03791,0.01531,-0.00784,0.01139,0.03071,0.02292,0.01530,0.75175
2012,090350,노루페인트,KOSPI,765,4.35000,0.05134,0.06434,-0.05690,200.00000,-0.05690,-0.06134,-0.00848,-0.02895,-0.06610,0.02090,0.05495,0.00223,0.10910,-0.00283,-0.05359,0.04836,0.26198,0.18606,0.32676,0.12940,0.01467,0.18738,200.00000,4833.73022,0.04138,0.02317,0.05255,0.14076,0.08002,0.35842,0.21903,1.37520
2012,072710,농심홀딩스,KOSPI,343,3.29000,-0.00171,0.01130,-0.01150,2000.00000,-0.01150,-0.01594,-0.01319,0.04605,0.00890,0.04426,0.05920,0.00648,0.05739,0.06583,0.01507,0.06401,0.04443,-0.03149,0.04265,0.14473,0.03000,0.14277,2000.00000,60686.46057,0.03296,0.01134,0.06879,0.08192,0.08854,0.06718,0.16730,0.34895
2012,053290,NE능률,KOSDAQ,1272,3.94000,0.00426,0.01726,-0.01960,0.00000,-0.01960,-0.02404,-0.01543,0.00825,-0.02890,0.01254,0.04463,-0.00808,0.04908,-0.05906,-0.10982,-0.05506,-0.05493,-0.13085,-0.05091,-0.02012,-0.13485,-0.01595,140.00000,3568.42018,0.00000,-0.01878,0.00919,0.04573,-0.05841,-0.05426,-0.01930,
2012,019680,대교,KOSPI,222,4.28000,0.09876,0.11177,-0.03450,210.00000,-0.03450,-0.03894,0.06085,-0.04198,-0.07913,0.05263,-0.01950,-0.07221,0.07734,-0.02558,-0.07635,0.07065,-0.04066,-0.11658,0.05408,0.01193,-0.10280,0.11187,260.00000,6674.70452,0.03146,0.08412,0.07590,0.10060,0.09391,0.07735,0.13513,1.09656
2012,006370,대구백화점,KOSPI,555,3.00000,0.13091,0.14392,0.01320,400.00000,0.01320,0.00876,0.14584,-0.01659,-0.05373,0.11215,-0.05305,-0.10577,0.07092,-0.09272,-0.14348,0.02605,-0.08604,-0.16197,0.03360,-0.01999,-0.13472,0.10831,400.00000,15078.82034,0.02653,0.16493,0.13124,0.09001,0.04515,0.05270,0.12740,-0.49760
2012,005750,대림바스,KOSPI,1339,4.10000,-0.12501,-0.11200,0.00230,0.00000,0.00230,-0.00214,-0.12300,0.02103,-0.01612,-0.10662,0.03501,-0.01771,-0.09438,0.09358,0.04282,-0.04313,0.11944,0.04351,-0.02051,0.01393,-0.10080,-0.11282,100.00000,2134.11565,0.00000,-0.12635,-0.10997,-0.09773,-0.04648,-0.02386,-0.11617,
2012,117580,대성에너지,KOSPI,495,4.89000,-0.05198,-0.03898,-0.02920,250.00000,-0.02920,-0.03364,-0.07967,-0.06017,-0.09732,-0.10903,-0.04462,-0.09733,-0.09428,-0.10816,-0.15892,-0.15452,-0.10469,-0.18061,-0.15123,-0.13563,-0.25036,-0.18056,300.00000,5816.04800,0.04298,-0.04665,-0.07602,-0.06127,-0.12151,-0.11822,-0.14755,0.67931
2012,003540,대신증권,KOSPI,239,7.34000,0.13558,0.14859,-0.01990,650.00000,-0.01990,-0.02434,0.11298,0.01001,-0.02714,0.14695,0.00499,-0.04773,0.14125,0.06973,0.01897,0.21477,0.09449,0.01857,0.24288,-0.02302,-0.13775,0.10944,650.00000,10056.24589,0.06464,0.16432,0.19828,0.19258,0.26610,0.29422,0.16077,0.30788
2012,120240,대정화금,KOSDAQ,1106,4.41000,0.04975,0.06276,-0.01260,300.00000,-0.01260,-0.01704,0.03652,-0.00632,-0.04347,0.04312,0.03256,-0.02016,0.08392,0.14384,0.09308,0.20075,0.00962,-0.06630,0.05985,0.07578,-0.03895,0.12930,400.00000,9521.52338,0.03151,0.05983,0.06642,0.10723,0.22405,0.08315,0.15260,0.39990
2012,006650,대한유화,KOSPI,344,3.46000,0.20183,0.21484,-0.02110,0.00000,-0.02110,-0.02554,0.17647,0.00957,-0.02758,0.21334,0.00191,-0.05081,0.20412,0.02500,-0.02577,0.23187,-0.09982,-0.17574,0.08186,-0.13432,-0.24905,0.04041,1500.00000,52102.50581,0.00000,0.17312,0.20999,0.20077,0.22852,0.07851,0.03706,
2012,024900,디와이덕양,KOSPI,1107,30.62000,0.10503,0.11803,-0.10920,628.00000,-0.10920,-0.11364,-0.01564,-0.20171,-0.23885,-0.11787,-0.21847,-0.27119,-0.13639,-0.24931,-0.30007,-0.17047,-0.21295,-0.28887,-0.13029,-0.07579,-0.19052,0.02128,4945.00000,17845.68900,0.03519,0.01078,-0.09145,-0.10997,-0.14405,-0.10387,0.04770,3.10310
2012,005160,동국산업,KOSDAQ,529,3.85000,0.13790,0.15091,-0.02390,120.00000,-0.02390,-0.02834,0.11070,-0.01547,-0.05262,0.12029,-0.00839,-0.06110,0.12835,-0.07310,-0.12386,0.05472,-0.06879,-0.14471,0.05962,0.01408,-0.10065,0.15392,120.00000,3546.69088,0.03383,0.13597,0.14556,0.15363,0.07999,0.08490,0.17920,0.70638
2012,001230,동국홀딩스,KOSPI,174,5.98000,0.12356,0.13656,-0.03550,500.00000,-0.03550,-0.03994,0.08367,0.01420,-0.02295,0.13951,-0.01413,-0.06684,0.10768,-0.07789,-0.12865,0.03604,-0.11001,-0.18593,-0.00004,-0.12777,-0.24251,-0.02001,750.00000,14091.42016,0.03548,0.11034,0.16618,0.13435,0.06271,0.02663,0.00666,1.00049
2012,026960,동서,KOSPI,218,7.54000,0.03067,0.04368,-0.01360,800.00000,-0.01360,-0.01804,0.01665,-0.01365,-0.05080,0.01660,-0.01091,-0.06363,0.01942,0.01067,-0.04009,0.04167,0.07015,-0.00577,0.10297,0.24359,0.12886,0.28173,1350.00000,18453.64359,0.04335,0.04998,0.04993,0.05275,0.07500,0.13630,0.31506,0.31371
2012,082640,동양생명,KOSPI,143,3.35000,-0.00012,0.01289,0.00960,350.00000,0.00960,0.00516,0.00948,0.00485,-0.03230,0.00473,0.06218,0.00947,0.06205,0.06218,0.01142,0.06205,0.05743,-0.01849,0.05730,0.05733,-0.05740,0.05720,350.00000,10446.47270,0.03350,0.03447,0.02972,0.08705,0.08705,0.08229,0.08220,-0.28653
2012,049770,동원F&B,KOSPI,352,3.49000,0.05982,0.07283,-0.00920,1500.00000,-0.00920,-0.01364,0.05007,-0.00143,-0.03857,0.05831,0.06821,0.01550,0.13212,0.09038,0.03962,0.15560,0.31495,0.23903,0.39361,0.41358,0.29885,0.49814,2500.00000,75918.41361,0.01976,0.06344,0.07168,0.14548,0.16897,0.40698,0.51151,0.46563
2012,030720,동원수산,KOSPI,1263,3.69000,0.09589,0.10890,-0.05390,250.00000,-0.05390,-0.05834,0.03682,-0.05735,-0.09450,0.03304,-0.06082,-0.11353,0.02924,-0.08776,-0.13852,-0.00028,-0.14501,-0.22093,-0.06302,-0.18535,-0.30008,-0.10723,500.00000,14849.47163,0.01684,0.04772,0.04394,0.04013,0.01061,-0.05213,-0.09634,3.20155
2012,004890,동일산업,KOSPI,656,3.17000,0.04350,0.05651,-0.01720,1250.00000,-0.01720,-0.02164,0.02555,-0.00399,-0.04113,0.03934,-0.00401,-0.05672,0.03932,-0.03023,-0.08099,0.01196,0.03664,-0.03929,0.08173,0.16439,0.04966,0.21504,1500.00000,49376.84295,0.02532,0.04362,0.05740,0.05738,0.03002,0.09979,0.23311,0.67943
2012,024090,디씨엠,KOSPI,589,5.33000,-0.01788,-0.00487,-0.04070,600.00000,-0.04070,-0.04514,-0.05785,-0.04531,-0.08246,-0.06238,-0.05435,-0.10706,-0.07126,-0.05431,-0.10507,-0.07122,-0.07269,-0.14861,-0.08927,0.08099,-0.03374,0.06166,600.00000,11055.76516,0.05427,-0.01529,-0.01982,-0.02869,-0.02866,-0.04670,0.10423,0.74995
2012,038390,레드캡투어,KOSDAQ,604,3.37000,-0.00680,0.00621,-0.00680,550.00000,-0.00680,-0.01124,-0.01355,-0.02380,-0.06095,-0.03044,-0.00347,-0.05619,-0.01025,-0.00011,-0.05087,-0.00691,-0.01703,-0.09296,-0.02372,-0.01382,-0.12855,-0.02052,500.00000,14735.90344,0.03732,0.01467,-0.00222,0.01798,0.02131,0.00451,0.00770,0.18219
2012,072870,메가스터디,KOSDAQ,226,5.19000,0.02077,0.03377,-0.01400,3000.00000,-0.01400,-0.01844,0.00648,-0.04949,-0.08664,-0.02975,-0.04180,-0.09451,-0.02190,-0.02918,-0.07994,-0.00902,0.00150,-0.07442,0.02230,-0.15269,-0.26742,-0.13510,4000.00000,78671.75545,0.03813,0.03539,-0.00084,0.00701,0.01989,0.05121,-0.10619,0.36713
2012,008560,메리츠증권,KOSPI,261,6.00000,0.01208,0.02509,0.04350,75.00000,0.04350,0.03906,0.05610,0.15416,0.11701,0.16810,0.11868,0.06597,0.13220,0.07521,0.02445,0.08820,0.07143,-0.00449,0.08438,0.17803,0.06330,0.19226,75.00000,1265.09871,0.05928,0.10291,0.21490,0.17900,0.13500,0.13118,0.23906,-0.73376
2012,000060,메리츠화재,KOSPI,136,4.20000,0.08019,0.09320,0.00000,550.00000,0.00000,-0.00444,0.08019,-0.06002,-0.09716,0.01536,0.00724,-0.04547,0.08802,0.01447,-0.03629,0.09582,-0.18711,-0.26303,-0.12192,-0.11649,-0.23122,-0.04564,550.00000,14145.34341,0.03888,0.10973,0.04491,0.11756,0.12536,-0.09238,-0.01609,
2012,009580,무림P&P,KOSPI,389,6.54000,0.07049,0.08350,-0.06850,250.00000,-0.06850,-0.07294,-0.00283,-0.05874,-0.09589,0.00761,-0.07087,-0.12359,-0.00537,-0.13940,-0.19017,-0.07874,-0.07088,-0.14681,-0.00539,0.16740,0.05267,0.24969,250.00000,4092.10251,0.06109,0.04550,0.05594,0.04296,-0.03040,0.04295,0.29803,1.12124
2012,001810,무림SP,KOSDAQ,1121,4.33000,0.00873,0.02174,-0.02790,80.00000,-0.02790,-0.03234,-0.01941,0.01933,-0.01782,0.02823,0.01070,-0.04202,0.01953,0.02345,-0.02731,0.03239,0.01910,-0.05682,0.02800,0.14369,0.02896,0.15368,100.00000,2329.64139,0.03434,0.00629,0.05393,0.04523,0.05809,0.05371,0.17938,0.81246
2012,009200,무림페이퍼,KOSPI,714,8.13000,0.03852,0.05153,-0.04890,0.00000,-0.04890,-0.05334,-0.01226,-0.06661,-0.10376,-0.03066,-0.06462,-0.11733,-0.02858,-0.08429,-0.13505,-0.04902,-0.12529,-0.20122,-0.09160,-0.08026,-0.19500,-0.04484,200.00000,2554.78632,0.00000,-0.01561,-0.03401,-0.03193,-0.05237,-0.09495,-0.04819,
2012,003650,미창석유,KOSPI,747,3.67000,0.01463,0.02764,-0.00900,2300.00000,-0.00900,-0.01344,0.00550,-0.03968,-0.07683,-0.02563,-0.03975,-0.09247,-0.02570,-0.02904,-0.07980,-0.01483,0.20609,0.13016,0.22373,0.44485,0.33012,0.46599,2000.00000,55293.23984,0.04160,0.03734,0.00621,0.00614,0.01701,0.25557,0.49783,0.21636
2012,015350,부산가스,KOSPI,381,4.55000,-0.02508,-0.01207,-0.04200,1000.00000,-0.04200,-0.04644,-0.06603,-0.02560,-0.06275,-0.05004,-0.00697,-0.05968,-0.03187,-0.01625,-0.06701,-0.04092,0.05367,-0.02225,0.02725,0.14005,0.02532,0.11146,1000.00000,21426.82405,0.04667,-0.02989,-0.01390,0.00426,-0.00479,0.06338,0.14759,0.89993
2012,005030,부산주공,KOSPI,1618,4.55000,0.05187,0.06487,0.03090,40.00000,0.03090,0.02646,0.08437,-0.03389,-0.07103,0.01622,-0.00612,-0.05883,0.04543,-0.08024,-0.13100,-0.03253,-0.05545,-0.13137,-0.00646,-0.03384,-0.14857,0.01627,70.00000,1618.25433,0.02472,0.10193,0.03378,0.06299,-0.01497,0.01110,0.03383,-1.25010
2012,064480,브리지텍,KOSDAQ,1492,4.69000,0.12205,0.13506,-0.06140,180.00000,-0.06140,-0.06584,0.05315,-0.07257,-0.10972,0.04062,0.05855,0.00583,0.18774,-0.03916,-0.08992,0.07810,0.19788,0.12195,0.34407,0.26350,0.14877,0.41771,150.00000,3588.63608,0.05016,0.09224,0.07970,0.22683,0.11719,0.38316,0.45679,1.22412
2012,003940,삼양제넥스,KOSPI,511,3.66000,0.04196,0.05497,-0.01750,2000.00000,-0.01750,-0.02194,0.02373,-0.02452,-0.06167,0.01641,-0.02101,-0.07372,0.02008,0.10182,0.05106,0.14806,0.20880,0.13288,0.25953,0.34089,0.22616,0.39716,2000.00000,56937.97476,0.03513,0.05010,0.04278,0.04644,0.17443,0.28589,0.42353,0.49821
2012,002170,SYTS,KOSPI,963,3.35000,-0.02465,-0.01164,-0.01370,750.00000,-0.01370,-0.01814,-0.03801,-0.03439,-0.07153,-0.05818,-0.02067,-0.07338,-0.04481,-0.04353,-0.09429,-0.06711,-0.02059,-0.09651,-0.04472,0.05248,-0.06225,0.02654,750.00000,21836.28046,0.03435,-0.01230,-0.03248,-0.01910,-0.04140,-0.01902,0.05225,0.39888
2012,003720,삼영,KOSPI,677,4.62000,0.11244,0.12544,-0.03880,50.00000,-0.03880,-0.04324,0.06927,-0.05823,-0.09538,0.04765,-0.06936,-0.12207,0.03528,-0.09983,-0.15059,0.00138,-0.08610,-0.16202,0.01666,-0.12359,-0.23832,-0.02505,150.00000,3611.80254,0.01384,0.07763,0.05602,0.04364,0.00974,0.02502,-0.01669,2.80276
2012,004380,삼익THK,KOSPI,668,5.63000,0.04305,0.05606,-0.01080,250.00000,-0.01080,-0.01524,0.03179,0.03063,-0.00652,0.07500,0.01626,-0.03646,0.06001,-0.01254,-0.06330,0.02997,0.03791,-0.03801,0.08259,0.05613,-0.05860,0.10160,300.00000,5558.00121,0.04498,0.06649,0.10970,0.09471,0.06468,0.11730,0.13630,0.24011
2012,000520,삼일제약,KOSPI,1554,3.51000,0.06434,0.07735,-0.00440,150.00000,-0.00440,-0.00884,0.05966,-0.01524,-0.05239,0.04812,0.05516,0.00244,0.12305,0.02869,-0.02207,0.09488,0.00670,-0.06922,0.07147,0.05175,-0.06298,0.11942,150.00000,4548.46968,0.03298,0.08421,0.07267,0.14760,0.11943,0.09602,0.14397,0.13342
2012,017480,삼현철강,KOSDAQ,1052,3.43000,0.02472,0.03773,-0.00540,125.00000,-0.00540,-0.00984,0.01919,-0.04024,-0.07738,-0.01651,-0.03084,-0.08356,-0.00688,-0.05099,-0.10175,-0.02753,-0.04831,-0.12424,-0.02479,0.01465,-0.10008,0.03973,125.00000,3734.40771,0.03347,0.04416,0.00846,0.01809,-0.00256,0.00018,0.06470,0.16133
2012,010960,삼호개발,KOSPI,1124,3.43000,0.00735,0.02036,-0.00970,90.00000,-0.00970,-0.01414,-0.00242,-0.02189,-0.05904,-0.01470,0.02194,-0.03078,0.02946,0.04870,-0.00207,0.05641,0.11687,0.04095,0.12508,0.20201,0.08728,0.21085,70.00000,2055.82430,0.04378,0.03127,0.01899,0.06314,0.09009,0.15877,0.24454,0.22157
2012,041650,상신브레이크,KOSPI,819,3.05000,-0.04555,-0.03254,-0.02530,130.00000,-0.02530,-0.02974,-0.06969,-0.07998,-0.11713,-0.12189,-0.05202,-0.10473,-0.09520,-0.09334,-0.14410,-0.13463,-0.02144,-0.09737,-0.06601,0.04273,-0.07200,-0.00476,120.00000,3755.23164,0.03462,-0.04376,-0.09595,-0.06926,-0.10870,-0.04008,0.02118,0.73083
2012,075180,새론오토모티브,KOSPI,673,3.28000,-0.00867,0.00434,-0.00870,180.00000,-0.00870,-0.01314,-0.01729,-0.06083,-0.09797,-0.06897,-0.05387,-0.10659,-0.06208,-0.07113,-0.12190,-0.07919,0.05757,-0.01835,0.04840,0.15843,0.04370,0.14839,190.00000,5742.46031,0.03135,0.00587,-0.04580,-0.03891,-0.05602,0.07157,0.17156,0.27755
2012,045300,성우테크론,KOSDAQ,1746,3.96000,0.01032,0.02333,-0.01640,20.00000,-0.01640,-0.02084,-0.00625,0.01098,-0.02616,0.02142,-0.00275,-0.05546,0.00754,0.08456,0.03379,0.09575,0.07098,-0.00494,0.08203,0.04369,-0.07105,0.05446,75.00000,1913.48557,0.01045,-0.00076,0.02691,0.01304,0.10124,0.08753,0.05995,1.56906
2012,001430,세아베스틸지주,KOSPI,160,4.61000,0.13635,0.14935,-0.01350,900.00000,-0.01350,-0.01794,0.12101,-0.07761,-0.11476,0.04815,-0.16540,-0.21812,-0.05161,-0.05569,-0.10645,0.07306,0.17744,0.10152,0.33798,0.11335,-0.00138,0.26515,1200.00000,29579.50111,0.03043,0.14340,0.07054,-0.02922,0.09545,0.36037,0.28755,0.44369
2012,019440,세아특수강,KOSPI,506,3.63000,0.03647,0.04947,-0.00750,600.00000,-0.00750,-0.01194,0.02869,-0.05005,-0.08720,-0.01541,-0.05998,-0.11269,-0.02570,-0.06004,-0.11081,-0.02577,0.03748,-0.03844,0.07532,0.12486,0.01013,0.16588,700.00000,19986.93848,0.03002,0.05074,0.00664,-0.00365,-0.00372,0.09736,0.18793,0.24984
2012,096690,에이루트,KOSDAQ,1602,4.82000,0.05084,0.06385,-0.00230,50.00000,-0.00230,-0.00674,0.04842,0.00691,-0.03024,0.05810,-0.00457,-0.05729,0.04604,-0.00694,-0.05771,0.04354,-0.01159,-0.08751,0.03866,0.15816,0.04343,0.21705,100.00000,2180.16529,0.02293,0.06447,0.07415,0.06209,0.05959,0.05472,0.23310,0.10029
2012,039310,세중,KOSDAQ,1048,3.13000,0.12643,0.13944,-0.01250,100.00000,-0.01250,-0.01694,0.11235,0.13734,0.10019,0.28113,0.15129,0.09857,0.29684,0.19862,0.14785,0.35015,0.96424,0.88832,1.21257,0.81707,0.70234,1.04680,100.00000,3598.80794,0.02779,0.13250,0.30129,0.31700,0.37031,1.23273,1.06696,0.44985
2012,029530,신도리코,KOSPI,197,4.41000,0.05774,0.07075,-0.04550,2500.00000,-0.04550,-0.04994,0.00962,0.00003,-0.03712,0.05778,0.01527,-0.03745,0.07389,-0.05440,-0.10516,0.00020,-0.06043,-0.13635,-0.00618,0.03821,-0.07652,0.09816,2750.00000,65959.00288,0.03790,0.03833,0.08649,0.10260,0.02892,0.02254,0.12688,1.20045
2012,104110,신성이엔지,KOSPI,1622,4.39000,0.10953,0.12254,0.01980,0.00000,0.01980,0.01536,0.13150,0.03567,-0.00147,0.14911,0.00401,-0.04870,0.11398,-0.01961,-0.07038,0.08776,0.00027,-0.07566,0.10982,-0.11025,-0.22498,-0.01280,50.00000,1263.69830,0.00000,0.12815,0.14576,0.11063,0.08441,0.10647,-0.01615,
2012,099830,씨그널엔터테인먼트그룹,KOSDAQ,1485,4.84000,0.00261,0.01562,0.03620,0.00000,0.03620,0.03176,0.03890,0.01450,-0.02265,0.01715,-0.03383,-0.08654,-0.03131,-0.08218,-0.13294,-0.07978,0.12093,0.04501,0.12386,-0.09159,-0.20632,-0.08922,100.00000,2071.50412,0.00000,0.03555,0.01380,-0.03466,-0.08313,0.12051,-0.09257,
2012,050860,아세아텍,KOSDAQ,1329,3.53000,0.06353,0.07654,0.00000,75.00000,0.00000,-0.00444,0.06353,0.04418,0.00703,0.11051,0.04857,-0.00415,0.11518,0.02667,-0.02409,0.09190,0.18167,0.10575,0.25674,0.16366,0.04893,0.23759,75.00000,2259.62995,0.03319,0.08826,0.13524,0.13991,0.11663,0.28147,0.26232,
2012,052860,아이앤씨,KOSDAQ,1113,5.33000,0.00685,0.01985,-0.00260,0.00000,-0.00260,-0.00704,0.00423,0.04763,0.01048,0.05480,0.01457,-0.03815,0.02151,-0.03709,-0.08786,-0.03050,-0.19315,-0.26907,-0.18762,-0.01996,-0.13469,-0.01325,200.00000,3778.03093,0.00000,0.00088,0.05145,0.01816,-0.03385,-0.19097,-0.01660,
2012,033660,우리금융캐피탈,KOSPI,390,9.66000,0.02884,0.04185,-0.05050,300.00000,-0.05050,-0.05494,-0.02311,-0.05755,-0.09470,-0.03037,-0.05761,-0.11033,-0.03043,-0.05527,-0.10603,-0.02802,-0.00835,-0.08427,0.02025,0.10089,-0.01384,0.13264,400.00000,4260.21914,0.07042,0.03311,0.02586,0.02579,0.02820,0.07648,0.18886,0.71714
2012,093240,형지엘리트,KOSPI,1533,5.18000,-0.05992,-0.04691,0.00660,125.00000,0.00660,0.00216,-0.05372,0.05058,0.01343,-0.01238,0.07052,0.01780,0.00637,0.05723,0.00647,-0.00612,0.06595,-0.00997,0.00208,0.10542,-0.00931,0.03918,125.00000,2268.52660,0.05510,-0.01045,0.03089,0.04964,0.03715,0.04534,0.08245,-0.11978
2012,041440,현대에버다임,KOSDAQ,863,3.65000,0.09197,0.10498,-0.01910,170.00000,-0.01910,-0.02354,0.07111,-0.06037,-0.09752,0.02605,-0.07947,-0.13219,0.00519,-0.03171,-0.08247,0.05735,0.10522,0.02929,0.20686,0.12900,0.01427,0.23283,210.00000,6282.57164,0.02706,0.09066,0.04559,0.02473,0.07689,0.22641,0.25238,0.70587
2012,058610,에스피지,KOSDAQ,1174,5.63000,0.02415,0.03716,-0.00960,200.00000,-0.00960,-0.01404,0.01432,-0.03710,-0.07425,-0.01385,-0.05077,-0.10349,-0.02785,-0.03145,-0.08221,-0.00806,0.10760,0.03168,0.13435,0.08826,-0.02647,0.11454,200.00000,3638.18322,0.05497,0.05747,0.02931,0.01531,0.03509,0.17750,0.15770,0.17463
2012,045660,에이텍,KOSDAQ,1213,3.00000,0.07343,0.08643,0.04470,100.00000,0.04470,0.04026,0.12141,0.04749,0.01034,0.12440,0.08530,0.03258,0.16499,0.00984,-0.04092,0.08399,0.39385,0.31793,0.49619,0.33244,0.21771,0.43028,100.00000,3578.08346,0.02795,0.14170,0.14470,0.18528,0.10428,0.51649,0.45057,-1.59940
2012,033160,엠케이전자,KOSDAQ,739,4.48000,0.06065,0.07366,-0.01480,150.00000,-0.01480,-0.01924,0.04496,-0.06446,-0.10161,-0.00772,-0.08889,-0.14161,-0.03363,-0.11838,-0.16914,-0.06491,-0.13662,-0.21254,-0.08425,0.13078,0.01605,0.19936,200.00000,4735.06232,0.03168,0.06841,0.01573,-0.01018,-0.04146,-0.06080,0.22281,0.46719
2012,069640,한세엠케이,KOSPI,929,3.41000,-0.05674,-0.04373,0.00960,200.00000,0.00960,0.00516,-0.04769,-0.00001,-0.03715,-0.05675,0.01685,-0.03587,-0.04085,0.07937,0.02861,0.01812,0.03741,-0.03851,-0.02146,0.17824,0.06351,0.11138,300.00000,8298.44732,0.02410,-0.03065,-0.03971,-0.02381,0.03516,-0.00442,0.12842,-0.39833
2012,015360,INVENI,KOSPI,475,5.01000,-0.01316,-0.00015,-0.03550,1350.00000,-0.03550,-0.03994,-0.04819,-0.01514,-0.05229,-0.02810,0.03055,-0.02216,0.01700,0.01202,-0.03874,-0.00129,0.08301,0.00709,0.06876,0.06111,-0.05362,0.04715,1500.00000,29546.23955,0.04569,-0.01288,0.00721,0.05230,0.03401,0.10407,0.08246,0.77696
2012,045060,오공,KOSDAQ,1660,3.15000,0.03468,0.04769,-0.00610,50.00000,-0.00610,-0.01054,0.02837,0.00005,-0.03709,0.03473,0.07332,0.02061,0.11054,0.04592,-0.00484,0.08219,0.12799,0.05207,0.16711,0.09750,-0.01723,0.13556,50.00000,1642.34380,0.03044,0.05077,0.05714,0.13295,0.10460,0.18951,0.15796,0.20037
2012,031510,오스템,KOSDAQ,1083,3.82000,-0.01679,-0.00378,-0.01700,60.00000,-0.01700,-0.02144,-0.03350,-0.00986,-0.04700,-0.02647,-0.01478,-0.06750,-0.03132,-0.02191,-0.07267,-0.03833,0.04603,-0.02989,0.02848,0.12611,0.01138,0.10721,80.00000,2059.08880,0.02914,-0.01220,-0.00517,-0.01002,-0.01702,0.04978,0.12851,0.58341
2012,004940,외환은행,KOSPI,50,20.71000,0.06305,0.07606,-0.01550,,-0.01550,-0.01994,0.04658,-0.00140,-0.03855,0.06157,-0.04786,-0.10057,0.01218,0.00503,-0.04573,0.06840,-0.03002,-0.10595,0.03114,-0.05316,-0.16789,0.00655,1510.00000,7750.89556,,,,,,,,
2012,021960,KB캐피탈,KOSPI,283,5.55000,0.02747,0.04048,-0.00300,590.00000,-0.00300,-0.00744,0.02439,0.04747,0.01032,0.07625,0.02665,-0.02607,0.05485,0.06507,0.01431,0.09433,0.00565,-0.07027,0.03328,0.19265,0.07792,0.22541,910.00000,16846.83371,0.03502,0.05067,0.10252,0.08113,0.12060,0.05956,0.25169,0.08566
2012,105840,우진,KOSPI,1046,4.03000,-0.06288,-0.04988,-0.01270,188.00000,-0.01270,-0.01714,-0.07479,0.06698,0.02983,-0.00012,0.16089,0.10817,0.08789,0.28656,0.23580,0.20566,0.29913,0.22321,0.21744,0.33095,0.21622,0.24726,270.00000,6278.44158,0.02994,-0.05280,0.02186,0.10987,0.22764,0.23942,0.26924,0.42413
2012,095720,웅진씽크빅,KOSPI,473,6.58000,0.00970,0.02271,0.00790,0.00000,0.00790,0.00346,0.01768,0.03331,-0.00384,0.04334,0.20661,0.15390,0.21832,0.26543,0.21467,0.27771,0.43850,0.36258,0.45246,0.38725,0.27252,0.40071,410.00000,6291.45503,0.00000,0.01433,0.03999,0.21497,0.27436,0.44911,0.39736,
2012,002920,유성기업,KOSPI,873,3.39000,0.08641,0.09942,-0.02180,130.00000,-0.02180,-0.02624,0.06272,-0.02341,-0.06056,0.06097,-0.02652,-0.07924,0.05759,-0.09507,-0.14583,-0.01688,0.11256,0.03664,0.20869,0.31070,0.19596,0.42395,100.00000,3204.74361,0.04056,0.09369,0.09194,0.08856,0.01409,0.23966,0.45492,0.53741
2012,003460,유화증권,KOSPI,548,4.26000,-0.01543,-0.00242,0.00000,550.00000,0.00000,-0.00444,-0.01543,-0.00387,-0.04102,-0.01925,0.01191,-0.04080,-0.00371,-0.01569,-0.06645,-0.03088,-0.03144,-0.10736,-0.04639,-0.04726,-0.16199,-0.06196,550.00000,12711.54751,0.04327,0.01782,0.01401,0.02955,0.00238,-0.01313,-0.02870,
2012,008730,율촌화학,KOSPI,429,5.77000,-0.01251,0.00050,-0.04910,500.00000,-0.04910,-0.05354,-0.06100,-0.04091,-0.07806,-0.05291,-0.03981,-0.09253,-0.05182,-0.03052,-0.08128,-0.04265,0.01158,-0.06434,-0.00107,0.19283,0.07810,0.17791,500.00000,8557.11163,0.05843,-0.01491,-0.00683,-0.00574,0.00344,0.04501,0.22399,0.84031
2012,080010,이상네트웍스,KOSDAQ,1461,3.08000,0.07229,0.08530,0.00860,30.00000,0.00860,0.00416,0.08151,-0.00855,-0.04570,0.06312,0.12084,0.06812,0.20187,0.07772,0.02696,0.15564,0.11654,0.04061,0.19725,0.17243,0.05770,0.25718,100.00000,3481.47120,0.00862,0.08545,0.06706,0.20581,0.15958,0.20119,0.26112,-0.99802
2012,005950,이수화학,KOSPI,338,3.20000,0.12795,0.14096,0.00240,450.00000,0.00240,-0.00204,0.13066,-0.02121,-0.05836,0.10402,-0.06375,-0.11647,0.05604,-0.13468,-0.18544,-0.02396,-0.14190,-0.21782,-0.03210,-0.13024,-0.24497,-0.01896,600.00000,21149.10963,0.02128,0.14531,0.11867,0.07069,-0.00930,-0.01745,-0.00431,-0.11280
2012,067010,이씨에스,KOSDAQ,1634,5.77000,-0.05372,-0.04072,0.00410,150.00000,0.00410,-0.00034,-0.04984,0.03245,-0.00469,-0.02301,0.02639,-0.02633,-0.02875,0.01013,-0.04063,-0.04414,0.16675,0.09083,0.10407,0.26647,0.15174,0.19843,150.00000,2459.99034,0.06098,-0.00161,0.02522,0.01948,0.00410,0.15230,0.24667,-0.06724
2012,033600,럭슬,KOSDAQ,1652,6.23000,-0.04989,-0.03689,-0.05900,100.00000,-0.05900,-0.06344,-0.10595,0.09193,0.05479,0.03745,0.13120,0.07848,0.07476,0.12790,0.07714,0.07162,0.00996,-0.06596,-0.04043,0.00001,-0.11472,-0.04988,100.00000,1525.04889,0.06557,-0.05383,0.08958,0.12688,0.12375,0.01170,0.00224,0.89978
2012,092130,이크레더블,KOSDAQ,835,4.30000,0.01192,0.02493,-0.01470,17.00000,-0.01470,-0.01914,-0.00296,0.01170,-0.02545,0.02376,0.09961,0.04689,0.11272,0.00002,-0.05074,0.01194,-0.04670,-0.12262,-0.03533,-0.01742,-0.13215,-0.00571,290.00000,6824.57811,0.00249,-0.00420,0.02251,0.11147,0.01069,-0.03658,-0.00695,5.90125
2012,101930,인화정공,KOSDAQ,1119,3.64000,0.00902,0.02203,-0.01080,50.00000,-0.01080,-0.01524,-0.00188,-0.02163,-0.05878,-0.01281,0.00001,-0.05270,0.00903,0.03428,-0.01648,0.04360,0.14423,0.06830,0.15455,0.15697,0.04224,0.16740,200.00000,5544.05815,0.00902,0.00240,-0.00853,0.01331,0.04788,0.15883,0.17168,1.19752
2012,040420,정상제이엘에스,KOSDAQ,845,7.84000,0.04112,0.05413,-0.06780,420.00000,-0.06780,-0.07224,-0.02947,-0.10166,-0.13881,-0.06472,-0.10634,-0.15905,-0.06959,-0.11760,-0.16836,-0.08132,-0.08541,-0.16134,-0.04781,-0.04689,-0.16162,-0.00770,400.00000,5311.84183,0.07907,0.03408,-0.00118,-0.00605,-0.01778,0.01574,0.05584,0.85748
2012,088790,진도,KOSPI,1132,5.93000,-0.06933,-0.05632,-0.02340,0.00000,-0.02340,-0.02784,-0.09111,-0.04573,-0.08288,-0.11189,-0.02339,-0.07610,-0.09110,-0.00635,-0.05711,-0.07524,-0.08924,-0.16517,-0.15238,-0.05624,-0.17097,-0.12167,300.00000,4708.28272,0.00000,-0.09446,-0.11524,-0.09445,-0.07859,-0.15573,-0.12502,
2012,018120,진로발효,KOSDAQ,727,3.82000,-0.01143,0.00158,-0.06560,1000.00000,-0.06560,-0.07004,-0.07628,-0.02703,-0.06418,-0.03815,-0.03480,-0.08752,-0.04583,-0.04260,-0.09336,-0.05354,0.08480,0.00888,0.07241,0.21211,0.09738,0.19826,500.00000,12939.44373,0.07728,-0.01425,0.02388,0.01620,0.00849,0.13444,0.26029,0.84883
2012,003780,진양산업,KOSPI,1541,8.28000,0.03313,0.04614,-0.07820,200.00000,-0.07820,-0.08264,-0.04766,-0.13419,-0.17134,-0.10551,-0.12222,-0.17494,-0.09314,-0.15039,-0.20115,-0.12224,-0.08635,-0.16227,-0.05608,-0.08627,-0.20100,-0.05600,200.00000,2495.47905,0.08014,0.01679,-0.04106,-0.02869,-0.05779,0.00837,0.00846,0.97573
2012,100250,진양홀딩스,KOSPI,778,5.28000,0.01240,0.02540,-0.03070,110.00000,-0.03070,-0.03514,-0.01869,-0.03378,-0.07093,-0.02181,-0.03993,-0.09265,-0.02803,-0.07676,-0.12752,-0.06531,-0.06453,-0.14046,-0.05294,0.00911,-0.10562,0.02162,85.00000,1629.80328,0.06749,0.03506,0.03194,0.02572,-0.01157,0.00081,0.07537,0.45486
2012,009310,참엔지니어링,KOSPI,1028,3.81000,0.03261,0.04562,-0.00260,0.00000,-0.00260,-0.00704,0.02992,0.06341,0.02626,0.09809,0.05544,0.00273,0.08986,0.00281,-0.04795,0.03551,0.08985,0.01392,0.12538,0.14527,0.03054,0.18262,70.00000,1897.18210,0.00000,0.02657,0.09474,0.08651,0.03216,0.12203,0.17927,
2012,111820,지유온,KOSDAQ,1406,4.01000,0.05355,0.06656,-0.00790,210.00000,-0.00790,-0.01234,0.04522,-0.00789,-0.04503,0.04524,0.07789,0.02517,0.13560,-0.04592,-0.09668,0.00517,0.12844,0.05252,0.18887,0.37479,0.26006,0.44840,240.00000,6305.51540,0.03330,0.07005,0.07006,0.16043,0.02999,0.21369,0.47323,0.23721
2012,096240,크레버스,KOSDAQ,712,3.03000,-0.04842,-0.03541,-0.01910,500.00000,-0.01910,-0.02354,-0.06659,-0.06677,-0.10392,-0.11196,-0.03498,-0.08770,-0.08171,-0.21964,-0.27040,-0.25742,-0.17519,-0.25111,-0.21512,-0.11477,-0.22950,-0.15763,500.00000,15702.70912,0.03184,-0.04300,-0.08837,-0.05812,-0.23383,-0.19153,-0.13404,0.59984
2012,033250,체시스,KOSPI,1547,3.47000,-0.03133,-0.01832,0.00360,50.00000,0.00360,-0.00084,-0.02784,0.01072,-0.02642,-0.02094,-0.04647,-0.09918,-0.07634,0.01820,-0.03257,-0.01370,0.00738,-0.06854,-0.02418,0.06470,-0.05003,0.03134,50.00000,1395.77808,0.03582,-0.00089,0.00601,-0.04938,0.01325,0.00277,0.05830,-0.10050
2012,006380,카프로,KOSPI,241,8.97000,0.13003,0.14304,-0.01590,250.00000,-0.01590,-0.02034,0.11207,-0.01190,-0.04905,0.11658,-0.05158,-0.10430,0.07174,-0.08343,-0.13419,0.03576,-0.04780,-0.12372,0.07602,-0.08722,-0.20195,0.03147,1000.00000,12597.91351,0.01984,0.12550,0.13002,0.08518,0.04919,0.08945,0.04491,0.80123
2012,101670,하이드로리튬,KOSDAQ,1664,6.25000,0.01028,0.02329,-0.01030,80.00000,-0.01030,-0.01474,-0.00012,-0.04333,-0.08047,-0.03349,-0.05775,-0.11047,-0.04806,0.10498,0.05421,0.11634,0.05758,-0.01834,0.06846,0.10927,-0.00546,0.12068,150.00000,2424.68383,0.03299,0.02444,-0.00892,-0.02350,0.14090,0.09302,0.14524,0.31218
2012,036690,코맥스,KOSDAQ,1361,3.78000,0.00582,0.01883,-0.00380,100.00000,-0.00380,-0.00824,0.00200,0.03940,0.00225,0.04545,0.09575,0.04303,0.10213,0.03760,-0.01316,0.04364,0.09222,0.01630,0.09857,0.23493,0.12020,0.24212,100.00000,2660.89808,0.03758,0.03044,0.07389,0.13057,0.07208,0.12702,0.27056,0.10111
2012,002020,코오롱,KOSPI,447,3.00000,0.09922,0.11223,-0.03280,500.00000,-0.03280,-0.03724,0.06317,0.03013,-0.00702,0.13234,0.01636,-0.03635,0.11721,-0.01367,-0.06443,0.08420,-0.07920,-0.15513,0.01216,0.25675,0.14202,0.38145,500.00000,18320.40416,0.02729,0.08291,0.15208,0.13695,0.10394,0.03190,0.40119,1.20182
2012,003070,코오롱글로벌,KOSPI,358,3.06000,0.07338,0.08639,0.00000,0.00000,0.00000,-0.00444,0.07338,0.06263,0.02548,0.14061,0.18376,0.13104,0.27062,0.16808,0.11732,0.25380,0.06988,-0.00604,0.14839,0.22947,0.11473,0.31969,100.00000,3507.79053,0.00000,0.07003,0.13726,0.26727,0.25045,0.14504,0.31634,
2012,015890,태경산업,KOSPI,746,4.61000,0.05071,0.06372,-0.02780,150.00000,-0.02780,-0.03224,0.02150,0.01461,-0.02254,0.06606,-0.00155,-0.05426,0.04908,0.05104,0.00028,0.10434,0.08026,0.00434,0.13504,0.18688,0.07215,0.24707,150.00000,3418.78892,0.04388,0.05527,0.09983,0.08285,0.13810,0.16881,0.28083,0.63362
2012,006890,태경케미컬,KOSPI,1126,3.42000,0.01585,0.02886,-0.01800,150.00000,-0.01800,-0.02244,-0.00244,-0.03361,-0.07076,-0.01830,0.01915,-0.03357,0.03530,-0.04255,-0.09331,-0.02737,-0.01799,-0.09391,-0.00243,0.06849,-0.04624,0.08543,150.00000,4455.48076,0.03367,0.02270,0.00684,0.06043,-0.00224,0.02270,0.11056,0.53466
2012,064760,티씨케이,KOSDAQ,866,3.03000,0.06514,0.07815,0.01000,120.00000,0.01000,0.00556,0.07579,0.10094,0.06379,0.17266,0.13223,0.07951,0.20598,0.41534,0.36458,0.50754,0.34845,0.27253,0.43630,0.38724,0.27251,0.47761,200.00000,7030.64401,0.01707,0.08688,0.18375,0.21707,0.51863,0.44739,0.48870,-0.58589
2012,094940,푸른로보틱스,KOSDAQ,1678,3.60000,0.08052,0.09353,0.00000,150.00000,0.00000,-0.00444,0.08052,-0.00888,-0.04602,0.07093,0.01882,-0.03389,0.10086,0.01106,-0.03970,0.09248,0.17121,0.09529,0.26552,0.32226,0.20753,0.42874,150.00000,4502.18380,0.03332,0.10536,0.09577,0.12570,0.11732,0.29036,0.45357,
2012,000080,하이트진로,KOSPI,100,4.14000,0.01155,0.02456,-0.00160,1250.00000,-0.00160,-0.00604,0.00993,0.03105,-0.00609,0.04296,0.08003,0.02731,0.09250,0.03420,-0.01656,0.04614,0.12741,0.05149,0.14043,0.06227,-0.05246,0.07454,1250.00000,30541.95169,0.04093,0.04121,0.07424,0.12377,0.07742,0.17171,0.10581,0.03909
2012,010040,한국내화,KOSPI,933,3.27000,0.01148,0.02449,0.00650,50.00000,0.00650,0.00206,0.01805,0.01294,-0.02420,0.02457,0.06312,0.01041,0.07533,0.12277,0.07201,0.13566,0.09852,0.02260,0.11113,0.19367,0.07894,0.20737,100.00000,3093.20490,0.01616,0.02838,0.03490,0.08565,0.14598,0.12146,0.21769,-0.40212
2012,002960,한국쉘석유,KOSPI,299,6.68000,0.00590,0.01891,-0.04300,20000.00000,-0.04300,-0.04744,-0.03736,-0.02556,-0.06271,-0.01981,-0.04112,-0.09384,-0.03547,-0.01968,-0.07045,-0.01390,0.17166,0.09574,0.17857,0.27113,0.15640,0.27863,17000.00000,255991.94395,0.07813,0.02539,0.04293,0.02728,0.04884,0.24132,0.34138,0.55038
2012,063570,NICE인프라,KOSDAQ,1148,4.19000,0.04955,0.06256,-0.03740,40.00000,-0.03740,-0.04184,0.01030,-0.00738,-0.04453,0.04181,0.03749,-0.01523,0.08890,0.06014,0.00938,0.11267,0.06751,-0.00842,0.12041,0.07761,-0.03712,0.13100,80.00000,2003.91958,0.01996,0.02384,0.05534,0.10243,0.12621,0.13394,0.14454,1.87366
2012,104700,한국철강,KOSPI,388,3.47000,0.11425,0.12726,-0.01210,900.00000,-0.01210,-0.01654,0.10077,0.00182,-0.03533,0.11627,-0.07610,-0.12882,0.02945,-0.06219,-0.11295,0.04495,-0.03283,-0.10876,0.07766,-0.06057,-0.17530,0.04676,900.00000,28899.82929,0.03114,0.12376,0.13927,0.05245,0.06795,0.10066,0.06975,0.38854
2012,052600,한네트,KOSDAQ,1609,5.60000,0.04195,0.05496,-0.03490,100.00000,-0.03490,-0.03934,0.00559,-0.02142,-0.05856,0.01964,0.00010,-0.05261,0.04206,0.00285,-0.04791,0.04492,-0.00519,-0.08111,0.03655,0.18825,0.07352,0.23810,100.00000,1860.63118,0.05375,0.04771,0.06176,0.08418,0.08704,0.07867,0.28022,0.64936
2012,011500,한농화성,KOSPI,1165,3.25000,0.07160,0.08461,0.00760,90.00000,0.00760,0.00316,0.07975,0.03039,-0.00675,0.10417,0.01063,-0.04209,0.08299,-0.01516,-0.06592,0.05536,0.17251,0.09658,0.25646,0.13315,0.01842,0.21429,100.00000,3297.24561,0.02730,0.09949,0.12392,0.10274,0.07510,0.27620,0.23403,-0.27843
2012,092460,한라IMS,KOSDAQ,1351,5.01000,0.04024,0.05324,-0.02170,0.00000,-0.02170,-0.02614,0.01766,-0.00238,-0.03953,0.03776,0.01336,-0.03935,0.05413,-0.00485,-0.05561,0.03519,0.01933,-0.05659,0.06035,0.01212,-0.10261,0.05284,200.00000,4152.63476,0.00000,0.01431,0.03441,0.05078,0.03184,0.05700,0.04949,
2012,014790,HL D&I,KOSPI,420,7.51000,0.01732,0.03033,-0.01850,150.00000,-0.01850,-0.02294,-0.00150,-0.03316,-0.07031,-0.01642,-0.06382,-0.11654,-0.04761,0.05915,0.00839,0.07749,-0.08336,-0.15928,-0.06748,-0.16839,-0.28312,-0.15399,600.00000,8127.71110,0.01846,0.01076,-0.00415,-0.03535,0.08975,-0.05522,-0.14173,1.00242
2012,009240,한샘,KOSPI,262,3.66000,0.09165,0.10466,0.01680,600.00000,0.01680,0.01236,0.10999,0.02508,-0.01207,0.11903,0.09195,0.03924,0.19203,0.07236,0.02160,0.17065,0.07230,-0.00363,0.17058,0.21735,0.10261,0.32892,600.00000,17895.95001,0.03353,0.13501,0.14404,0.21705,0.19566,0.19559,0.35393,-0.50109
2012,003680,한성기업,KOSPI,1209,3.01000,0.02513,0.03814,-0.00590,0.00000,-0.00590,-0.01034,0.01908,0.01993,-0.01722,0.04556,0.03399,-0.01873,0.05997,-0.01766,-0.06842,0.00703,-0.05176,-0.12768,-0.02793,-0.09749,-0.21222,-0.07481,250.00000,8514.38445,0.00000,0.01573,0.04221,0.05662,0.00368,-0.03128,-0.07816,
2012,004150,한솔홀딩스,KOSPI,250,3.13000,-0.04600,-0.03299,-0.01420,300.00000,-0.01420,-0.01864,-0.05955,0.05025,0.01310,0.00194,0.22403,0.17132,0.16772,0.17480,0.12404,0.12076,0.11477,0.03884,0.06349,0.28964,0.17491,0.23032,300.00000,9143.75565,0.03281,-0.03514,0.02634,0.19213,0.14516,0.08789,0.25473,0.43280
2012,011700,한신기계,KOSPI,1223,3.27000,0.00374,0.01674,-0.02540,45.00000,-0.02540,-0.02984,-0.02176,-0.03625,-0.07340,-0.03265,-0.00355,-0.05627,0.00017,0.05815,0.00739,0.06210,0.01838,-0.05754,0.02219,0.08391,-0.03082,0.08796,45.00000,1381.28811,0.03258,0.00245,-0.00844,0.02438,0.08632,0.04640,0.11217,0.77966
2012,024740,한일단조,KOSDAQ,1340,3.60000,0.04686,0.05987,-0.00860,30.00000,-0.00860,-0.01304,0.03786,-0.01373,-0.05088,0.03249,-0.04122,-0.09394,0.00370,-0.01032,-0.06109,0.03605,0.04472,-0.03120,0.09368,-0.00855,-0.12328,0.03791,100.00000,2907.94086,0.01032,0.04323,0.03786,0.00908,0.04143,0.09905,0.04329,0.83361
2012,052690,한전기술,KOSPI,90,3.44000,0.11642,0.12943,0.00000,1932.00000,0.00000,-0.00444,0.11642,0.04064,0.00349,0.16179,0.17985,0.12713,0.31721,0.14509,0.09433,0.27841,0.23633,0.16040,0.38026,0.29546,0.18073,0.44628,2126.00000,68997.47944,0.02800,0.13676,0.18213,0.33755,0.29875,0.40060,0.46662,
2012,130660,한전산업,KOSPI,488,3.92000,-0.01113,0.00188,-0.01150,27.00000,-0.01150,-0.01594,-0.02250,-0.00953,-0.04668,-0.02056,0.04964,-0.00307,0.03796,-0.00192,-0.05269,-0.01303,-0.03045,-0.10637,-0.04124,-0.07930,-0.19403,-0.08955,208.00000,5247.06637,0.00515,-0.02150,-0.01955,0.03896,-0.01203,-0.04024,-0.08854,2.23486
2012,003480,한진중공업홀딩스,KOSPI,441,3.61000,0.05775,0.07076,-0.02730,250.00000,-0.02730,-0.03174,0.02887,0.01770,-0.01945,0.07647,-0.03156,-0.08428,0.02436,-0.12150,-0.17226,-0.07077,-0.09972,-0.17565,-0.04774,-0.09714,-0.21187,-0.04500,250.00000,7325.13054,0.03413,0.05440,0.10199,0.04989,-0.04524,-0.02221,-0.01947,0.79990
2012,088350,한화생명,KOSPI,42,3.06000,0.06251,0.07552,0.01000,230.00000,0.01000,0.00556,0.07314,0.00751,-0.02964,0.07049,-0.02624,-0.07896,0.03463,-0.05008,-0.10084,0.00930,-0.10029,-0.17621,-0.04405,-0.13782,-0.25255,-0.08393,230.00000,7986.21199,0.02880,0.09415,0.09151,0.05564,0.03032,-0.02303,-0.06291,-0.34723
2012,012630,HDC,KOSPI,120,3.38000,0.04831,0.06131,-0.01380,200.00000,-0.01380,-0.01824,0.03384,0.04143,0.00428,0.09174,0.00454,-0.04818,0.05306,0.05982,0.00906,0.11102,0.12666,0.05073,0.18108,0.13837,0.02364,0.19336,700.00000,21710.47725,0.00921,0.03828,0.09618,0.05750,0.11546,0.18552,0.19780,1.49802
2012,001450,현대해상,KOSPI,76,4.04000,-0.02229,-0.00928,-0.00610,1350.00000,-0.00610,-0.01054,-0.02825,0.01376,-0.02339,-0.00884,-0.01226,-0.06497,-0.03427,0.07033,0.01956,0.04647,-0.05193,-0.12785,-0.07306,-0.00899,-0.12372,-0.03108,1350.00000,32671.05589,0.04132,0.00336,0.02277,-0.00266,0.07808,-0.04145,0.00053,0.14762
2012,003010,혜인,KOSPI,1244,3.50000,0.03045,0.04346,-0.01560,50.00000,-0.01560,-0.02004,0.01438,0.01840,-0.01875,0.04941,0.02394,-0.02877,0.05512,0.00828,-0.04248,0.03899,0.02376,-0.05216,0.05494,-0.03002,-0.14475,-0.00048,120.00000,3532.98239,0.01415,0.02300,0.05803,0.06375,0.04761,0.06356,0.00814,1.10229
2012,064240,홈캐스트,KOSDAQ,1215,4.26000,0.46796,0.48097,-0.02010,50.00000,-0.02010,-0.02454,0.43846,0.01888,-0.01827,0.49568,0.07582,0.02311,0.57926,0.21286,0.16210,0.78044,-0.00901,-0.08493,0.45474,-0.06036,-0.17509,0.37935,130.00000,4479.69646,0.01116,0.44455,0.50177,0.58536,0.78653,0.46084,0.38544,1.80084
2012,006060,화승인더,KOSPI,1208,3.04000,0.03761,0.05062,-0.01760,25.00000,-0.01760,-0.02204,0.01935,-0.03171,-0.06886,0.00470,0.00819,-0.04453,0.04611,0.05714,0.00638,0.09690,0.01275,-0.06317,0.05084,-0.01296,-0.12769,0.02416,25.00000,853.29667,0.02930,0.04078,0.02614,0.06754,0.11833,0.07228,0.04560,0.60072
2012,005010,휴스틸,KOSPI,480,3.90000,0.00191,0.01492,-0.02720,1000.00000,-0.02720,-0.03164,-0.02534,-0.01352,-0.05067,-0.01163,-0.03301,-0.08572,-0.03116,-0.04656,-0.09732,-0.04473,-0.07764,-0.15356,-0.07587,-0.01347,-0.12820,-0.01158,1000.00000,25690.11484,0.03893,0.00424,0.01795,-0.00158,-0.01515,-0.04629,0.01800,0.69877
2012,010240,흥국,KOSDAQ,1561,4.02000,0.03480,0.04781,-0.01680,150.00000,-0.01680,-0.02124,0.01741,-0.00902,-0.04617,0.02547,0.00776,-0.04496,0.04282,-0.01424,-0.06500,0.02007,0.03235,-0.04358,0.06827,0.05308,-0.06165,0.08973,150.00000,3861.19146,0.03885,0.04693,0.05498,0.07234,0.04958,0.09779,0.11925,0.43245
2013,032040,C&S자산관리,KOSDAQ,1082,5.88000,-0.02064,0.01870,-0.03600,150.00000,-0.03600,-0.04084,-0.05590,-0.10511,-0.12218,-0.12358,-0.07055,-0.10305,-0.08973,-0.04826,-0.07278,-0.06791,0.11053,0.03680,0.08761,0.10005,-0.00421,0.07735,200.00000,3331.15365,0.04503,-0.02115,-0.08884,-0.05499,-0.03316,0.12235,0.11209,0.79948
2013,114090,GKL,KOSPI,92,3.02000,-0.02848,0.01086,0.00510,1179.00000,0.00510,0.00026,-0.02352,-0.01526,-0.03233,-0.04330,-0.00628,-0.03878,-0.03458,0.03362,0.00910,0.00418,0.08834,0.01461,0.05735,0.12144,0.01717,0.08951,1217.00000,39150.42940,0.03011,-0.00140,-0.02118,-0.01245,0.02631,0.07947,0.11163,-0.16935
2013,005560,JS전선,KOSPI,1185,6.80000,0.05904,0.09838,0.03530,,0.03530,0.03046,0.09642,0.13482,0.11775,0.20182,0.13482,0.10232,0.20182,0.13482,0.11031,0.20182,0.13482,0.06109,0.20182,0.13482,0.03056,0.20182,300.00000,4672.22540,,,,,,,,
2013,119650,KC코트렐,KOSPI,834,5.12000,0.01520,0.05454,0.00750,100.00000,0.00750,0.00266,0.02282,-0.00859,-0.02566,0.00648,-0.03869,-0.07119,-0.02408,-0.03665,-0.06117,-0.02200,0.05448,-0.01925,0.07051,0.08894,-0.01532,0.10550,470.00000,9319.23987,0.01073,0.02854,0.01221,-0.01835,-0.01628,0.07624,0.11123,-0.69894
2013,114450,그린생명과학,KOSDAQ,1174,17.75000,-0.00446,0.03488,-0.02970,0.00000,-0.02970,-0.03454,-0.03403,-0.04906,-0.06613,-0.05330,-0.06088,-0.09338,-0.06506,-0.08167,-0.10619,-0.08576,-0.04442,-0.11815,-0.04868,-0.06967,-0.17393,-0.07381,600.00000,3365.20993,0.00000,-0.03738,-0.05665,-0.06841,-0.08911,-0.05203,-0.07716,
2013,030200,KT,KOSPI,27,5.93000,-0.05776,-0.01842,-0.00790,800.00000,-0.00790,-0.01274,-0.06520,-0.02671,-0.04378,-0.08293,-0.02033,-0.05283,-0.07691,-0.01881,-0.04333,-0.07548,-0.05801,-0.13174,-0.11241,-0.05943,-0.16369,-0.11375,2000.00000,31778.79445,0.02517,-0.04726,-0.06498,-0.05896,-0.05754,-0.09447,-0.09581,0.31382
2013,033780,KT&G,KOSPI,22,4.08000,-0.00617,0.03317,-0.04230,3200.00000,-0.04230,-0.04714,-0.04820,-0.03349,-0.05056,-0.03945,-0.04772,-0.08022,-0.05359,-0.04120,-0.06571,-0.04711,-0.00155,-0.07528,-0.00771,0.04361,-0.06066,0.03717,3200.00000,77947.82866,0.04105,-0.01682,-0.00807,-0.02221,-0.01573,0.02367,0.06856,1.03037
2013,058850,KTcs,KOSPI,602,3.03000,0.05177,0.09111,0.00430,120.00000,0.00430,-0.00054,0.05629,-0.03894,-0.05601,0.01081,-0.04331,-0.07581,0.00622,-0.02893,-0.05345,0.02134,0.01551,-0.05822,0.06808,-0.06947,-0.17374,-0.02130,100.00000,3471.18936,0.03457,0.08219,0.03671,0.03212,0.04724,0.09398,0.00460,-0.12438
2013,036490,SK머티리얼즈,KOSDAQ,319,8.76000,-0.09204,-0.05270,0.00170,500.00000,0.00170,-0.00314,-0.09049,0.02715,0.01008,-0.06738,0.02381,-0.00870,-0.07042,0.02721,0.00270,-0.06733,0.14381,0.07008,0.03854,0.25715,0.15289,0.14145,2850.00000,29539.89830,0.01693,-0.07952,-0.05641,-0.05945,-0.05636,0.04951,0.15242,-0.10044
2013,010950,S-Oil,KOSPI,30,3.50000,-0.01703,0.02231,-0.01340,1330.00000,-0.01340,-0.01824,-0.03020,-0.06447,-0.08154,-0.08040,-0.06307,-0.09557,-0.07902,-0.08045,-0.10496,-0.09611,-0.12216,-0.19590,-0.13711,-0.18117,-0.28543,-0.19511,2650.00000,74425.05565,0.01787,-0.01843,-0.06863,-0.06726,-0.08434,-0.12534,-0.18334,0.74985
2013,017670,SK텔레콤,KOSPI,14,4.16000,0.03984,0.07917,-0.03190,9400.00000,-0.03190,-0.03674,0.00667,-0.02554,-0.04261,0.01328,-0.03194,-0.06444,0.00662,-0.09361,-0.11813,-0.05751,-0.09368,-0.16741,-0.05758,-0.06818,-0.17244,-0.03105,9400.00000,234963.00330,0.04001,0.03716,0.04377,0.03712,-0.02701,-0.02708,-0.00056,0.79737
2013,011810,STX,KOSPI,494,3.99000,-0.12282,-0.08348,-0.02370,0.00000,-0.02370,-0.02854,-0.14361,-0.01642,-0.03349,-0.13722,0.03832,0.00582,-0.08921,-0.30958,-0.33410,-0.39438,-0.51722,-0.59095,-0.57652,-0.54094,-0.64520,-0.59732,125.00000,2748.05527,0.00000,-0.14696,-0.14057,-0.09256,-0.39773,-0.57987,-0.60067,
2013,071970,HD현대마린엔진,KOSPI,570,3.34000,-0.13376,-0.09442,-0.00310,0.00000,-0.00310,-0.00794,-0.13644,0.16980,0.15273,0.01333,0.14205,0.10954,-0.01071,-0.10943,-0.13394,-0.22855,-0.18958,-0.26331,-0.29798,-0.47980,-0.58407,-0.54938,125.00000,3241.92369,0.00000,-0.13979,0.00998,-0.01406,-0.23190,-0.30133,-0.55273,
2013,032540,TJ미디어,KOSDAQ,1349,4.69000,0.01243,0.05177,-0.00710,80.00000,-0.00710,-0.01194,0.00524,-0.02144,-0.03851,-0.00927,-0.03571,-0.06821,-0.02372,-0.04644,-0.07095,-0.03458,-0.07687,-0.15060,-0.06539,-0.05903,-0.16330,-0.04733,130.00000,2806.31536,0.02851,0.02601,0.01150,-0.00295,-0.01382,-0.04463,-0.02657,0.24906
2013,011040,경동제약,KOSDAQ,551,3.92000,0.05885,0.09819,-0.00370,600.00000,-0.00370,-0.00854,0.05493,-0.00005,-0.01712,0.05880,0.08877,0.05627,0.15285,0.08880,0.06428,0.15287,0.26653,0.19280,0.34106,0.43318,0.32891,0.51752,500.00000,13505.73968,0.04443,0.08917,0.09303,0.18708,0.18711,0.37530,0.55176,0.08329
2013,121440,골프존홀딩스,KOSDAQ,192,5.93000,-0.00994,0.02940,-0.00250,400.00000,-0.00250,-0.00734,-0.01241,-0.01496,-0.03203,-0.02475,-0.01503,-0.04753,-0.02482,-0.13721,-0.16172,-0.14578,-0.09721,-0.17094,-0.10618,0.04010,-0.06417,0.02976,1200.00000,20034.96954,0.01997,0.00113,-0.01121,-0.01128,-0.13224,-0.09264,0.04330,0.12522
2013,001570,금양,KOSPI,1299,3.32000,0.11388,0.15322,-0.00850,45.00000,-0.00850,-0.01334,0.10442,-0.11924,-0.13631,-0.01893,-0.11074,-0.14324,-0.00947,-0.11076,-0.13527,-0.00949,-0.05520,-0.12893,0.05240,-0.06369,-0.16795,0.04295,35.00000,1174.27526,0.03832,0.13349,0.01014,0.01960,0.01958,0.08147,0.07202,0.22181
2013,024110,기업은행,KOSPI,41,3.49000,0.06990,0.10924,-0.02040,330.00000,-0.02040,-0.02524,0.04807,-0.02036,-0.03743,0.04812,-0.02040,-0.05291,0.04807,0.00414,-0.02038,0.07433,0.09816,0.02443,0.17492,0.09000,-0.01427,0.16619,400.00000,12262.46455,0.02691,0.06749,0.06753,0.06749,0.09375,0.19434,0.18561,0.75804
2013,091590,남화토건,KOSDAQ,1115,3.13000,-0.02091,0.01843,0.01810,100.00000,0.01810,0.01326,-0.00319,0.05855,0.04147,0.03641,0.04145,0.00894,0.01967,0.04668,0.02216,0.02479,0.17228,0.09855,0.14777,0.35352,0.24926,0.32522,150.00000,4692.11751,0.02131,0.01149,0.05109,0.03435,0.03947,0.16245,0.33990,-0.84927
2013,085910,네오티스,KOSDAQ,1263,7.41000,0.00533,0.04467,-0.05050,350.00000,-0.05050,-0.05534,-0.04544,-0.07151,-0.08858,-0.06656,-0.10412,-0.13662,-0.09934,-0.12407,-0.14858,-0.11940,-0.10202,-0.17575,-0.09723,-0.11052,-0.21479,-0.10577,350.00000,4748.53914,0.07371,0.01357,-0.00755,-0.04033,-0.06039,-0.03822,-0.04677,0.68515
2013,090350,노루페인트,KOSPI,745,3.62000,-0.03988,-0.00054,-0.03580,200.00000,-0.03580,-0.04064,-0.07425,-0.05474,-0.07181,-0.09244,-0.03979,-0.07229,-0.07808,-0.07742,-0.10193,-0.11420,0.07902,0.00529,0.03600,0.42914,0.32487,0.37215,200.00000,5304.55073,0.03770,-0.04570,-0.06389,-0.04953,-0.08566,0.06454,0.40070,0.94951
2013,005250,녹십자홀딩스,KOSPI,217,3.38000,-0.04142,-0.00208,-0.01960,250.00000,-0.01960,-0.02444,-0.06021,-0.03138,-0.04845,-0.07150,-0.01966,-0.05216,-0.06027,0.01969,-0.00482,-0.02254,0.27479,0.20106,0.22198,0.25546,0.15119,0.20345,450.00000,12762.13677,0.01959,-0.04699,-0.05828,-0.04705,-0.00932,0.23521,0.21668,1.00055
2013,019680,대교,KOSPI,219,3.05000,0.04080,0.08013,0.00000,210.00000,0.00000,-0.00484,0.04080,-0.02228,-0.03935,0.01761,0.00144,-0.03106,0.04230,0.01674,-0.00777,0.05822,-0.03905,-0.11278,0.00016,-0.07252,-0.17678,-0.03468,210.00000,7166.13389,0.02930,0.06224,0.03905,0.06374,0.07966,0.02160,-0.01324,
2013,008060,대덕,KOSPI,266,3.37000,-0.03376,0.00558,-0.03140,300.00000,-0.03140,-0.03624,-0.06410,-0.05007,-0.06714,-0.08213,-0.06867,-0.10117,-0.10011,-0.10474,-0.12926,-0.13496,-0.13474,-0.20848,-0.16395,-0.12529,-0.22956,-0.15482,300.00000,8601.56719,0.03488,-0.03794,-0.05598,-0.07395,-0.10881,-0.13780,-0.12867,0.90030
2013,117580,대성에너지,KOSPI,590,4.40000,-0.01926,0.02008,-0.02690,250.00000,-0.02690,-0.03174,-0.04564,-0.03588,-0.05295,-0.05445,-0.05029,-0.08279,-0.06858,-0.07161,-0.09613,-0.08949,-0.03211,-0.10584,-0.05076,-0.04477,-0.14904,-0.06317,250.00000,5572.37124,0.04486,-0.01104,-0.01984,-0.03398,-0.05489,-0.01615,-0.02857,0.59959
2013,003540,대신증권,KOSPI,262,5.74000,-0.11594,-0.07660,0.00650,200.00000,0.00650,0.00166,-0.11020,-0.00782,-0.02489,-0.12285,-0.01696,-0.04946,-0.13093,-0.04019,-0.06470,-0.15147,0.11049,0.03676,-0.01826,0.15336,0.04909,0.01964,500.00000,7700.85742,0.02597,-0.09157,-0.10423,-0.11231,-0.13285,0.00036,0.03826,-0.25028
2013,012800,대창,KOSPI,866,3.11000,-0.01964,0.01970,0.04870,0.00000,0.04870,0.04386,0.02810,0.07930,0.06223,0.05810,0.06339,0.03089,0.04251,0.01573,-0.00879,-0.00422,0.04645,-0.02728,0.02589,0.03701,-0.06725,0.01664,30.00000,945.68204,0.00000,0.02475,0.05475,0.03916,-0.00757,0.02254,0.01329,
2013,084010,대한제강,KOSPI,601,3.27000,-0.05389,-0.01456,-0.01210,100.00000,-0.01210,-0.01694,-0.06534,0.08630,0.06923,0.02775,0.17776,0.14526,0.11429,0.05712,0.03261,0.00015,0.21749,0.14376,0.15187,0.21239,0.10812,0.14705,200.00000,5786.58272,0.01728,-0.05407,0.03902,0.12556,0.01142,0.16314,0.15832,0.70018
2013,024900,디와이덕양,KOSPI,1021,3.10000,-0.05950,-0.02016,-0.01840,3876.00000,-0.01840,-0.02324,-0.07680,-0.07883,-0.09590,-0.13364,-0.10257,-0.13507,-0.15597,-0.16038,-0.18490,-0.21034,-0.05552,-0.12925,-0.11171,-0.04229,-0.14656,-0.09928,628.00000,19052.73877,0.20344,0.09195,0.03512,0.01279,-0.04158,0.05704,0.06948,0.09045
2013,001230,동국홀딩스,KOSPI,177,3.69000,-0.03303,0.00630,-0.00380,150.00000,-0.00380,-0.00864,-0.03671,-0.04576,-0.06284,-0.07729,-0.11059,-0.14310,-0.13998,-0.08776,-0.11228,-0.11790,-0.05348,-0.12721,-0.08474,-0.06102,-0.16528,-0.09204,500.00000,13102.51965,0.01145,-0.03037,-0.07095,-0.13364,-0.11156,-0.07841,-0.08570,0.33193
2013,016610,DB증권,KOSPI,621,7.40000,-0.01179,0.02755,0.00000,0.00000,0.00000,-0.00484,-0.01179,-0.02391,-0.04098,-0.03541,-0.01648,-0.04898,-0.02808,-0.03747,-0.06199,-0.04882,0.07490,0.00117,0.06222,0.05245,-0.05182,0.04004,250.00000,3338.54635,0.00000,-0.01514,-0.03876,-0.03143,-0.05217,0.05887,0.03669,
2013,026960,동서,KOSPI,151,4.35000,-0.07323,-0.03389,-0.02050,550.00000,-0.02050,-0.02534,-0.09223,-0.04394,-0.06102,-0.11395,-0.02642,-0.05893,-0.09772,-0.04703,-0.07155,-0.11681,-0.08235,-0.15608,-0.14955,-0.07058,-0.17484,-0.13864,800.00000,17044.11096,0.03227,-0.06828,-0.09000,-0.07377,-0.09286,-0.12560,-0.11469,0.63528
2013,082640,동양생명,KOSPI,142,3.11000,0.00872,0.04806,-0.00440,200.00000,-0.00440,-0.00924,0.00428,-0.02642,-0.04349,-0.01793,-0.01316,-0.04566,-0.00455,-0.03970,-0.06422,-0.03133,-0.11464,-0.18837,-0.10692,-0.12960,-0.23387,-0.12201,350.00000,11352.14493,0.01762,0.01584,-0.00638,0.00700,-0.01977,-0.09536,-0.11046,0.24975
2013,024090,디씨엠,KOSPI,659,5.31000,-0.03106,0.00828,-0.02280,200.00000,-0.02280,-0.02764,-0.05315,-0.03638,-0.05346,-0.06631,-0.03635,-0.06886,-0.06628,-0.02708,-0.05160,-0.05730,0.01882,-0.05491,-0.01282,0.03242,-0.07185,0.00035,600.00000,10948.49474,0.01827,-0.04105,-0.05421,-0.05418,-0.04519,-0.00072,0.01245,1.24813
2013,113810,디젠스,KOSDAQ,1531,5.30000,-0.18012,-0.14078,-0.03020,0.00000,-0.03020,-0.03504,-0.20488,0.03868,0.02161,-0.14841,0.04299,0.01048,-0.14488,-0.00441,-0.02892,-0.18373,-0.00004,-0.07377,-0.18015,0.09492,-0.00934,-0.10229,75.00000,1160.20611,0.00000,-0.20823,-0.15176,-0.14823,-0.18708,-0.18350,-0.10564,
2013,068930,디지털대성,KOSDAQ,1042,3.39000,-0.00013,0.03921,-0.02710,120.00000,-0.02710,-0.03194,-0.02723,-0.02358,-0.04065,-0.02371,-0.02013,-0.05263,-0.02026,-0.02678,-0.05130,-0.02691,0.01743,-0.05630,0.01730,0.01582,-0.08845,0.01568,100.00000,2949.45897,0.04069,0.00384,0.00736,0.01081,0.00416,0.04837,0.04675,0.66609
2013,058470,리노공업,KOSDAQ,341,4.81000,0.08909,0.12842,0.01320,550.00000,0.01320,0.00836,0.10346,0.05085,0.03378,0.14447,0.01554,-0.01696,0.10601,0.21653,0.19201,0.32490,0.23648,0.16275,0.34664,0.31813,0.21386,0.43555,1000.00000,22642.10460,0.02429,0.12066,0.16167,0.12321,0.34210,0.36384,0.45275,-0.54341
2013,039980,폴라리스AI,KOSDAQ,1002,5.33000,-0.01871,0.02062,-0.00270,0.00000,-0.00270,-0.00754,-0.02136,0.04354,0.02647,0.02402,0.09796,0.06546,0.07741,0.04108,0.01656,0.02160,0.03557,-0.03817,0.01619,0.11981,0.01555,0.09886,100.00000,1841.06205,0.00000,-0.02471,0.02067,0.07406,0.01825,0.01284,0.09551,
2013,072870,메가스터디,KOSDAQ,243,3.92000,0.01965,0.05899,-0.00640,2000.00000,-0.00640,-0.01124,0.01312,0.04240,0.02533,0.06288,0.07331,0.04080,0.09440,0.06424,0.03973,0.08516,0.00294,-0.07079,0.02265,-0.08162,-0.18589,-0.06357,3000.00000,78034.44706,0.02563,0.03146,0.08121,0.11273,0.10349,0.04099,-0.04524,0.24971
2013,008560,메리츠증권,KOSPI,226,4.76000,-0.00554,0.03380,-0.01130,70.00000,-0.01130,-0.01614,-0.01677,-0.05061,-0.06768,-0.05586,0.00007,-0.03244,-0.00547,-0.00557,-0.03008,-0.01107,0.03660,-0.03713,0.03086,0.24801,0.14374,0.24110,85.00000,1775.82717,0.03942,0.01322,-0.02587,0.02453,0.01892,0.06086,0.27110,0.28667
2013,009580,무림P&P,KOSPI,295,3.99000,-0.05442,-0.01508,-0.02200,250.00000,-0.02200,-0.02684,-0.07522,-0.12494,-0.14201,-0.17256,-0.19751,-0.23002,-0.24118,-0.17467,-0.19919,-0.21959,-0.08424,-0.15797,-0.13407,-0.14675,-0.25101,-0.19318,250.00000,5924.69956,0.04220,-0.04287,-0.14021,-0.20884,-0.18724,-0.10173,-0.16083,0.52137
2013,001810,무림SP,KOSDAQ,1107,3.11000,0.05449,0.09383,-0.01290,50.00000,-0.01290,-0.01774,0.04089,-0.05336,-0.07043,-0.00177,-0.06070,-0.09320,-0.00951,-0.12516,-0.14968,-0.07749,-0.01270,-0.08643,0.04110,0.02026,-0.08401,0.07586,80.00000,2712.52203,0.01843,0.05313,0.01047,0.00273,-0.06524,0.05335,0.08810,0.69983
2013,003650,미창석유,KOSPI,672,3.13000,-0.01231,0.02703,-0.00690,1900.00000,-0.00690,-0.01174,-0.01912,-0.02336,-0.04043,-0.03538,-0.00960,-0.04211,-0.02179,-0.00967,-0.03419,-0.02186,-0.00298,-0.07671,-0.01525,-0.01412,-0.11839,-0.02625,2300.00000,72578.05582,0.02618,-0.00033,-0.01658,-0.00300,-0.00306,0.00355,-0.00745,0.26357
2013,007210,벽산,KOSPI,516,4.91000,0.04167,0.08101,-0.01270,56.00000,-0.01270,-0.01754,0.02844,0.02524,0.00817,0.06796,0.03441,0.00191,0.07751,-0.04705,-0.07157,-0.00734,-0.05765,-0.13138,-0.01839,0.10545,0.00118,0.15151,130.00000,2757.97681,0.02030,0.04227,0.08179,0.09134,0.00648,-0.00456,0.16533,0.62547
2013,003000,부광약품,KOSPI,273,3.48000,0.06631,0.10565,-0.01710,500.00000,-0.01710,-0.02194,0.04808,-0.04106,-0.05813,0.02253,-0.02742,-0.05992,0.03708,-0.06828,-0.09279,-0.00649,-0.04766,-0.12140,0.01549,-0.01708,-0.12135,0.04810,500.00000,15320.57365,0.03264,0.07234,0.04679,0.06134,0.01777,0.03975,0.07236,0.52396
2013,064480,브리지텍,KOSDAQ,1425,6.37000,-0.02112,0.01822,-0.03070,150.00000,-0.03070,-0.03554,-0.05117,-0.04165,-0.05872,-0.06189,-0.04522,-0.07772,-0.06539,0.07228,0.04776,0.04963,0.14977,0.07604,0.12549,0.20602,0.10176,0.18055,180.00000,2766.06516,0.05423,-0.00864,-0.01936,-0.02286,0.09216,0.16802,0.22308,0.56612
2013,111870,KH 미래물산,KOSDAQ,941,3.11000,0.08957,0.12891,0.00340,250.00000,0.00340,-0.00144,0.09328,-0.04583,-0.06290,0.03964,-0.00359,-0.03610,0.08566,-0.05384,-0.07835,0.03091,-0.03790,-0.11163,0.04828,-0.12018,-0.22444,-0.04137,250.00000,8758.62363,0.02854,0.11407,0.06044,0.10646,0.05171,0.06907,-0.02057,-0.11912
2013,028050,삼성E&A,KOSPI,90,4.77000,-0.02230,0.01704,0.04880,0.00000,0.04880,0.04396,0.02541,0.01468,-0.00239,-0.00794,0.12361,0.09111,0.09856,0.09269,0.06818,0.06833,0.25052,0.17679,0.22264,0.12565,0.02138,0.10055,3000.00000,61490.71909,0.00000,0.02206,-0.01129,0.09521,0.06498,0.21929,0.09720,
2013,004380,삼익THK,KOSPI,558,3.16000,-0.01784,0.02149,0.00770,300.00000,0.00770,0.00286,-0.01028,-0.00518,-0.02225,-0.02293,0.02977,-0.00273,0.01139,0.07621,0.05170,0.05701,0.12125,0.04751,0.10124,0.11601,0.01174,0.09609,250.00000,7770.22035,0.03861,0.01903,0.00638,0.04071,0.08632,0.13055,0.12541,-0.19944
2013,010960,삼호개발,KOSPI,1028,3.44000,-0.02477,0.01456,-0.00780,90.00000,-0.00780,-0.01264,-0.03238,0.03925,0.02218,0.01351,0.03737,0.00487,0.01167,0.12936,0.10485,0.10138,0.21936,0.14563,0.18915,0.21544,0.11117,0.18533,90.00000,2551.46079,0.03527,-0.00589,0.04000,0.03817,0.12788,0.21564,0.21182,0.22113
2013,021050,서원,KOSPI,1276,3.24000,0.10028,0.13962,0.09710,0.00000,0.09710,0.09226,0.20712,0.10892,0.09185,0.22012,0.07660,0.04410,0.18457,-0.02920,-0.05372,0.06815,-0.06447,-0.13820,0.02935,-0.11740,-0.22166,-0.02889,50.00000,1697.96439,0.00000,0.20377,0.21677,0.18122,0.06480,0.02600,-0.03224,
2013,001430,세아베스틸지주,KOSPI,169,3.32000,-0.01837,0.02096,0.00560,900.00000,0.00560,0.00076,-0.01288,-0.08832,-0.10539,-0.10507,-0.08641,-0.11891,-0.10320,-0.11647,-0.14099,-0.13271,-0.09753,-0.17126,-0.11412,0.01905,-0.08522,0.00032,900.00000,26610.34483,0.03382,0.01239,-0.07981,-0.07793,-0.10745,-0.08885,0.02558,-0.16558
2013,002200,한국수출포장,KOSPI,806,3.13000,-0.05863,-0.01930,-0.00220,500.00000,-0.00220,-0.00704,-0.06071,-0.01326,-0.03033,-0.07111,0.00893,-0.02357,-0.05022,-0.01100,-0.03552,-0.06899,-0.06431,-0.13804,-0.11917,-0.07768,-0.18194,-0.13176,750.00000,22556.68985,0.02217,-0.04530,-0.05571,-0.03482,-0.05359,-0.10377,-0.11635,0.09925
2013,029530,신도리코,KOSPI,207,3.85000,0.06006,0.09940,-0.00150,2250.00000,-0.00150,-0.00634,0.05847,-0.07858,-0.09565,-0.02324,-0.10464,-0.13714,-0.05086,-0.11035,-0.13486,-0.05691,-0.12205,-0.19578,-0.06932,-0.07272,-0.17699,-0.01703,2500.00000,68834.97720,0.03269,0.08277,0.00107,-0.02656,-0.03261,-0.04501,0.00727,0.04589
2013,058220,아리온,KOSDAQ,1680,8.04000,-0.12336,-0.08403,0.02140,0.00000,0.02140,0.01656,-0.10460,0.01225,-0.00482,-0.11262,0.01845,-0.01405,-0.10719,0.13149,0.10697,-0.00810,0.08220,0.00847,-0.05130,0.18623,0.08196,0.03989,150.00000,1635.51552,0.00000,-0.10795,-0.11597,-0.11054,-0.01145,-0.05465,0.03654,
2013,093240,형지엘리트,KOSPI,1441,4.70000,-0.00948,0.02986,-0.02280,125.00000,-0.02280,-0.02764,-0.03206,-0.01140,-0.02847,-0.02077,-0.01696,-0.04946,-0.02627,-0.03201,-0.05653,-0.04118,-0.02627,-0.10000,-0.03550,0.04791,-0.05636,0.03798,125.00000,2634.37418,0.04745,0.00473,0.01603,0.01052,-0.00439,0.00129,0.07477,0.48051
2013,058610,에스피지,KOSDAQ,1025,4.08000,-0.03979,-0.00045,-0.02020,200.00000,-0.02020,-0.02504,-0.05919,-0.05843,-0.07550,-0.09590,-0.02655,-0.05905,-0.06529,-0.04044,-0.06496,-0.07862,0.08822,0.01449,0.04492,0.31549,0.21123,0.26315,200.00000,4706.90702,0.04249,-0.02659,-0.06330,-0.03269,-0.04602,0.07752,0.29574,0.47540
2013,033160,엠케이전자,KOSDAQ,799,3.32000,-0.07639,-0.03705,-0.00480,160.00000,-0.00480,-0.00964,-0.08082,-0.00943,-0.02650,-0.08509,0.00968,-0.02282,-0.06745,-0.01202,-0.03653,-0.08748,0.07551,0.00178,-0.00665,0.22553,0.12126,0.13192,150.00000,4172.95230,0.03834,-0.05173,-0.05601,-0.03836,-0.05840,0.02244,0.16100,0.12519
2013,015360,INVENI,KOSPI,430,3.50000,-0.01165,0.02769,-0.01180,1250.00000,-0.01180,-0.01664,-0.02332,-0.04581,-0.06288,-0.05693,-0.06948,-0.10198,-0.08032,-0.05909,-0.08361,-0.07005,-0.02894,-0.10267,-0.04026,-0.02526,-0.12953,-0.03662,1350.00000,38121.94683,0.03279,0.00107,-0.03254,-0.05593,-0.04566,-0.01587,-0.01223,0.35987
2013,115440,우리넷,KOSDAQ,1656,5.09000,0.08742,0.12676,-0.01320,150.00000,-0.01320,-0.01804,0.07307,-0.01470,-0.03177,0.07144,0.02188,-0.01062,0.11121,-0.07314,-0.09766,0.00788,0.01300,-0.06073,0.10156,0.08743,-0.01684,0.18249,160.00000,3418.22346,0.04388,0.10684,0.10521,0.14499,0.04166,0.13533,0.21627,0.30080
2013,023410,유진기업,KOSDAQ,435,3.38000,-0.02193,0.01741,-0.01730,50.00000,-0.01730,-0.02214,-0.03885,-0.03112,-0.04819,-0.05236,-0.01559,-0.04809,-0.03717,-0.05525,-0.07977,-0.07596,0.21425,0.14051,0.18762,0.21970,0.11543,0.19296,100.00000,2893.70759,0.01728,-0.02758,-0.04109,-0.02591,-0.06470,0.19889,0.20422,1.00122
2013,003460,유화증권,KOSPI,646,5.02000,-0.00433,0.03501,-0.00420,600.00000,-0.00420,-0.00904,-0.00852,-0.00416,-0.02123,-0.00848,-0.00418,-0.03668,-0.00850,-0.01250,-0.03702,-0.01678,0.00845,-0.06528,0.00408,0.02933,-0.07493,0.02487,600.00000,11900.39957,0.05042,0.03079,0.03083,0.03081,0.02253,0.04339,0.06418,0.08330
2013,008730,율촌화학,KOSPI,349,4.03000,-0.02823,0.01111,-0.03320,500.00000,-0.03320,-0.03804,-0.06049,-0.02910,-0.04617,-0.05650,-0.01243,-0.04493,-0.04030,-0.02911,-0.05362,-0.05651,0.08706,0.01332,0.05637,0.21570,0.11144,0.18139,500.00000,12056.74223,0.04147,-0.02876,-0.02477,-0.00857,-0.02478,0.08811,0.21312,0.80057
2013,033600,럭슬,KOSDAQ,1713,7.14000,0.02853,0.06787,-0.04170,0.00000,-0.04170,-0.04654,-0.01436,-0.03122,-0.04829,-0.00358,-0.05195,-0.08445,-0.02490,-0.08668,-0.11119,-0.06062,-0.09356,-0.16729,-0.06770,-0.13517,-0.23944,-0.11050,100.00000,1440.51919,0.00000,-0.01771,-0.00693,-0.02825,-0.06397,-0.07105,-0.11385,
2013,037330,인지디스플레,KOSDAQ,1146,3.33000,-0.06329,-0.02396,0.00000,50.00000,0.00000,-0.00484,-0.06329,0.17799,0.16092,0.10343,0.20994,0.17744,0.13336,0.14233,0.11782,0.07003,0.20287,0.12914,0.12673,0.29205,0.18778,0.21027,50.00000,1406.46588,0.03555,-0.03657,0.13015,0.16009,0.09676,0.15346,0.23699,
2013,017250,인터엠,KOSDAQ,1247,4.12000,-0.05771,-0.01838,0.00880,100.00000,0.00880,0.00396,-0.04942,0.00003,-0.01704,-0.05768,0.00655,-0.02595,-0.05154,-0.02414,-0.04866,-0.08046,-0.05048,-0.12421,-0.10528,0.05453,-0.04974,-0.00633,100.00000,2287.10283,0.04372,-0.01578,-0.02404,-0.01790,-0.04682,-0.07164,0.02731,-0.20127
2013,040420,정상제이엘에스,KOSDAQ,826,7.08000,-0.02364,0.01570,-0.05700,420.00000,-0.05700,-0.06184,-0.07929,-0.06908,-0.08615,-0.09108,-0.09497,-0.12747,-0.11637,-0.07276,-0.09727,-0.09467,-0.04518,-0.11891,-0.06775,-0.04508,-0.14935,-0.06766,420.00000,5791.97424,0.07251,-0.02129,-0.03308,-0.05837,-0.03668,-0.00976,-0.00966,0.78605
2013,053050,지에스이,KOSDAQ,1237,4.72000,0.00290,0.04224,-0.01760,80.00000,-0.01760,-0.02244,-0.01475,-0.02933,-0.04640,-0.02651,-0.02928,-0.06178,-0.02646,-0.07934,-0.10386,-0.07667,-0.03812,-0.11185,-0.03533,-0.04393,-0.14820,-0.04116,80.00000,1699.82959,0.04706,0.02171,0.00995,0.01000,-0.04021,0.00114,-0.00469,0.37396
2013,071320,지역난방공사,KOSPI,166,4.41000,0.03648,0.07582,-0.01700,2990.00000,-0.01700,-0.02184,0.01886,-0.05104,-0.06811,-0.01641,-0.05677,-0.08927,-0.02236,-0.17920,-0.20372,-0.14926,-0.19744,-0.27117,-0.16816,-0.21323,-0.31750,-0.18453,3750.00000,88136.40734,0.03392,0.04421,0.00894,0.00299,-0.12391,-0.14281,-0.15918,0.50111
2013,018120,진로발효,KOSDAQ,548,4.43000,0.00012,0.03946,-0.04880,1000.00000,-0.04880,-0.05364,-0.04868,-0.08655,-0.10363,-0.08644,-0.08219,-0.11469,-0.08208,-0.09112,-0.11564,-0.09101,-0.09338,-0.16711,-0.09327,-0.00912,-0.11339,-0.00900,1000.00000,22576.09605,0.04429,-0.01456,-0.05232,-0.04796,-0.05689,-0.05915,0.02512,1.10171
2013,100250,진양홀딩스,KOSPI,701,5.14000,-0.03973,-0.00040,-0.03160,135.00000,-0.03160,-0.03644,-0.07008,-0.07056,-0.08764,-0.10749,-0.05826,-0.09076,-0.09568,-0.02429,-0.04880,-0.06306,0.26289,0.18916,0.21271,0.59408,0.48981,0.53074,110.00000,2055.04440,0.06569,-0.01785,-0.05527,-0.04345,-0.01083,0.26494,0.58296,0.48103
2013,096240,크레버스,KOSDAQ,851,3.47000,0.00351,0.04285,-0.02080,500.00000,-0.02080,-0.02564,-0.01736,-0.02080,-0.03787,-0.01736,-0.10044,-0.13294,-0.09728,-0.09351,-0.11803,-0.09033,-0.15581,-0.22954,-0.15284,-0.17656,-0.28082,-0.17366,500.00000,14459.81583,0.03458,0.00854,0.00854,-0.07138,-0.06442,-0.12694,-0.14776,0.60153
2013,006380,카프로,KOSPI,382,3.67000,-0.11740,-0.07806,0.05160,0.00000,0.05160,0.04676,-0.07186,0.01988,0.00281,-0.09986,-0.03668,-0.06919,-0.14978,-0.09175,-0.11626,-0.19838,-0.04356,-0.11729,-0.15585,-0.22482,-0.32908,-0.31582,250.00000,6012.24948,0.00000,-0.07521,-0.10321,-0.15313,-0.20173,-0.15920,-0.31917,
2013,089150,케이씨티,KOSDAQ,1279,5.99000,0.09406,0.13340,-0.06570,120.00000,-0.06570,-0.07054,0.02218,-0.09133,-0.10840,-0.00586,-0.08036,-0.11286,0.00615,-0.10032,-0.12484,-0.01570,-0.12574,-0.19947,-0.04350,-0.03085,-0.13511,0.06032,150.00000,2739.72288,0.04380,0.05589,0.02784,0.03985,0.01801,-0.00980,0.09402,1.50000
2013,015890,태경산업,KOSPI,622,3.06000,0.00417,0.04351,-0.01420,150.00000,-0.01420,-0.01904,-0.01009,-0.02127,-0.03834,-0.01719,-0.02437,-0.05687,-0.02030,-0.03464,-0.05916,-0.03062,-0.05096,-0.12469,-0.04700,0.01208,-0.09219,0.01630,150.00000,4922.41169,0.03047,0.01234,0.00524,0.00213,-0.00819,-0.02457,0.03873,0.46599
2013,078000,텔코웨어,KOSPI,748,3.52000,0.09703,0.13637,-0.07630,650.00000,-0.07630,-0.08114,0.01332,-0.02007,-0.03715,0.07500,-0.00405,-0.03656,0.09258,0.04418,0.01966,0.14549,0.13240,0.05867,0.24227,0.18451,0.08025,0.29944,400.00000,12466.21652,0.05214,0.05409,0.11577,0.13334,0.18625,0.28303,0.34020,1.46334
2013,005810,풍산홀딩스,KOSPI,439,3.51000,0.04212,0.08146,-0.00340,1000.00000,-0.00340,-0.00824,0.03858,-0.01017,-0.02724,0.03153,-0.02704,-0.05954,0.01395,-0.01704,-0.04156,0.02436,0.02998,-0.04375,0.07337,0.04339,-0.06088,0.08734,1000.00000,29690.08030,0.03368,0.06372,0.05667,0.03909,0.04951,0.09851,0.11248,0.10095
2013,075130,플랜티넷,KOSDAQ,869,3.38000,-0.07068,-0.03134,-0.00330,330.00000,-0.00330,-0.00814,-0.07375,-0.03952,-0.05660,-0.10741,-0.05498,-0.08748,-0.12178,-0.15740,-0.18192,-0.21695,-0.11352,-0.18725,-0.17618,-0.05282,-0.15709,-0.11977,330.00000,9073.23734,0.03637,-0.04633,-0.07999,-0.09436,-0.18953,-0.14876,-0.09235,0.09073
2013,000080,하이트진로,KOSPI,118,4.93000,-0.10038,-0.06104,-0.03290,1100.00000,-0.03290,-0.03774,-0.12998,-0.04821,-0.06528,-0.14375,-0.04822,-0.08072,-0.14376,-0.08332,-0.10784,-0.17534,0.00439,-0.06934,-0.09643,0.03973,-0.06454,-0.06464,1250.00000,22809.76961,0.04822,-0.09253,-0.10630,-0.10631,-0.13789,-0.05898,-0.02719,0.68222
2013,002960,한국쉘석유,KOSPI,214,4.10000,0.00719,0.04653,-0.03970,20000.00000,-0.03970,-0.04454,-0.03280,-0.09766,-0.11473,-0.09117,-0.10572,-0.13822,-0.09929,-0.19539,-0.21990,-0.18961,-0.18824,-0.26197,-0.18240,-0.01635,-0.12062,-0.00928,20000.00000,491310.89895,0.04071,-0.00171,-0.06009,-0.06821,-0.15852,-0.15132,0.02180,0.97525
2013,104700,한국철강,KOSPI,417,3.36000,-0.04103,-0.00169,-0.02140,900.00000,-0.02140,-0.02624,-0.06155,-0.03884,-0.05591,-0.07828,0.00210,-0.03040,-0.03902,0.01368,-0.01084,-0.02791,0.07383,0.00009,0.02977,0.06998,-0.03428,0.02608,900.00000,25686.72510,0.03504,-0.03526,-0.05199,-0.01272,-0.00162,0.05606,0.05238,0.61077
2013,021650,한국큐빅,KOSDAQ,1603,3.28000,-0.06113,-0.02179,0.00000,50.00000,0.00000,-0.00484,-0.06113,0.02327,0.00620,-0.03928,-0.00685,-0.03935,-0.06755,-0.00463,-0.02915,-0.06547,-0.00684,-0.08057,-0.06755,0.09318,-0.01109,0.02636,75.00000,2146.81716,0.02329,-0.04477,-0.02292,-0.05120,-0.04912,-0.05119,0.04271,
2013,052600,한네트,KOSDAQ,1571,4.66000,0.07229,0.11163,-0.05430,110.00000,-0.05430,-0.05914,0.01406,-0.04995,-0.06702,0.01873,-0.02380,-0.05630,0.04677,0.01528,-0.00923,0.08867,0.02828,-0.04545,0.10261,0.08710,-0.01717,0.16568,100.00000,2301.04661,0.04780,0.05115,0.05582,0.08386,0.12577,0.13971,0.20278,1.13588
2013,014790,HL D&I,KOSPI,582,3.01000,-0.05028,-0.01094,0.04220,0.00000,0.04220,0.03736,-0.01020,0.02956,0.01249,-0.02221,0.02529,-0.00721,-0.02626,0.00517,-0.01935,-0.04537,0.32468,0.25095,0.25807,0.41514,0.31088,0.34399,150.00000,4732.81561,0.00000,-0.01355,-0.02556,-0.02961,-0.04872,0.25472,0.34064,
2013,042700,한미반도체,KOSPI,351,4.15000,-0.01660,0.02274,-0.02950,500.00000,-0.02950,-0.03434,-0.04561,-0.11384,-0.13091,-0.12855,-0.16445,-0.19695,-0.17832,-0.08428,-0.10880,-0.09948,-0.05892,-0.13265,-0.07454,0.13954,0.03527,0.12062,500.00000,11848.18822,0.04220,-0.01326,-0.09620,-0.14596,-0.06713,-0.04219,0.15298,0.69904
2013,011700,한신기계,KOSPI,1314,3.59000,0.01981,0.05915,-0.02340,35.00000,-0.02340,-0.02824,-0.00405,-0.04290,-0.05997,-0.02394,-0.05464,-0.08714,-0.03592,-0.05853,-0.08304,-0.03988,0.01163,-0.06210,0.03167,0.08203,-0.02223,0.10347,45.00000,1278.31183,0.02738,0.01576,-0.00413,-0.01610,-0.02007,0.05149,0.12328,0.85464
2013,052690,한전기술,KOSPI,96,3.17000,-0.05592,-0.01658,0.04700,406.00000,0.04700,0.04216,-0.01155,0.06273,0.04565,0.00330,0.16887,0.13637,0.10350,0.13582,0.11130,0.07230,0.10785,0.03412,0.04589,0.12863,0.02437,0.06552,1932.00000,57538.09620,0.00706,-0.00893,0.00591,0.10612,0.07492,0.04851,0.06814,-6.66081
2013,001450,현대해상,KOSPI,80,3.29000,-0.00452,0.03482,0.00790,550.00000,0.00790,0.00306,0.00335,0.02524,0.00817,0.02060,-0.00460,-0.03710,-0.00909,-0.03604,-0.06056,-0.04040,-0.08331,-0.15704,-0.08745,-0.04094,-0.14521,-0.04527,1050.00000,31770.66079,0.01731,0.01464,0.03190,0.00220,-0.02910,-0.07615,-0.03398,-0.45634
2013,010660,화천기계,KOSPI,1055,3.53000,-0.04251,-0.00317,-0.01660,1000.00000,-0.01660,-0.02144,-0.05840,-0.03308,-0.05015,-0.07418,-0.03680,-0.06930,-0.07774,-0.04236,-0.06687,-0.08307,0.02425,-0.04948,-0.01929,0.06850,-0.03576,0.02308,1000.00000,27124.39423,0.03687,-0.03056,-0.04634,-0.04990,-0.05523,0.00855,0.05092,0.45026
2013,005010,휴스틸,KOSPI,660,5.24000,0.00511,0.04444,-0.02860,700.00000,-0.02860,-0.03344,-0.02364,-0.04948,-0.06655,-0.04462,-0.04422,-0.07673,-0.03934,-0.06760,-0.09212,-0.06284,0.03129,-0.04244,0.03656,0.06251,-0.04175,0.06794,1000.00000,19181.41735,0.03649,0.00388,-0.01710,-0.01182,-0.03532,0.06408,0.09546,0.78370
2014,032040,C&S자산관리,KOSDAQ,1277,6.00000,0.00785,0.01497,-0.03170,0.00000,-0.03170,-0.03009,-0.02410,-0.22215,-0.23228,-0.21604,-0.24402,-0.27550,-0.23808,-0.13295,-0.19672,-0.12614,0.83385,0.68005,0.84825,2.15609,1.93258,2.18087,150.00000,2519.62884,0.00000,-0.02745,-0.21939,-0.24143,-0.12949,0.84490,2.17752,
2014,114090,GKL,KOSPI,93,3.12000,-0.09112,-0.08400,-0.05090,1002.00000,-0.05090,-0.04929,-0.13738,-0.06388,-0.07400,-0.14917,0.08756,0.05608,-0.01154,0.18231,0.11854,0.07458,0.02960,-0.12420,-0.06422,0.04993,-0.17358,-0.04574,1179.00000,34345.19730,0.02917,-0.11605,-0.12784,0.00979,0.09591,-0.04289,-0.02441,1.74468
2014,078930,GS,KOSPI,65,3.25000,-0.00346,0.00366,-0.03020,1200.00000,-0.03020,-0.02859,-0.03355,-0.08813,-0.09825,-0.09128,-0.07374,-0.10522,-0.07694,0.00225,-0.06153,-0.00122,0.06501,-0.08879,0.06133,0.01430,-0.20921,0.01079,1350.00000,41394.87307,0.02899,-0.01238,-0.07010,-0.05577,0.01996,0.08250,0.03196,1.04177
2014,001390,KG케미칼,KOSPI,565,5.73000,-0.04286,-0.03575,-0.00600,350.00000,-0.00600,-0.00439,-0.04860,0.05088,0.04076,0.00584,0.04195,0.01047,-0.00271,0.03000,-0.03377,-0.01414,0.05070,-0.10310,0.00567,0.04461,-0.17890,-0.00017,1000.00000,16703.98194,0.02095,-0.03423,0.02022,0.01167,0.00023,0.02004,0.01421,0.28635
2014,033780,KT&G,KOSPI,18,3.30000,-0.17338,-0.16626,-0.04490,3400.00000,-0.04490,-0.04329,-0.21049,-0.00490,-0.01503,-0.17743,-0.02623,-0.05771,-0.19506,-0.00890,-0.07267,-0.18073,-0.00157,-0.15537,-0.17467,0.12191,-0.10159,-0.07260,3200.00000,80157.40840,0.04242,-0.17796,-0.14489,-0.16253,-0.14820,-0.14214,-0.04007,1.05855
2014,058850,KTcs,KOSPI,701,3.89000,0.00811,0.01523,-0.03860,120.00000,-0.03860,-0.03699,-0.03080,-0.10134,-0.11147,-0.09405,-0.09321,-0.12469,-0.08586,-0.06427,-0.12805,-0.05668,0.05308,-0.10071,0.06163,0.15119,-0.07232,0.16052,120.00000,3109.85475,0.03859,-0.00151,-0.06476,-0.05656,-0.02739,0.09092,0.18982,1.00034
2014,010950,S-Oil,KOSPI,53,3.16000,0.20436,0.21148,-0.04040,150.00000,-0.04040,-0.03879,0.15570,-0.10651,-0.11664,0.07608,-0.01179,-0.04327,0.19016,0.14786,0.08409,0.38244,0.33305,0.17925,0.60547,0.24429,0.02078,0.49857,1330.00000,50689.80678,0.00296,0.15486,0.07523,0.18932,0.38159,0.60462,0.49772,13.65245
2014,096770,SK이노베이션,KOSPI,36,3.73000,0.04086,0.04798,-0.03700,0.00000,-0.03700,-0.03539,0.00235,-0.10203,-0.11216,-0.06534,-0.06289,-0.09437,-0.02460,0.06932,0.00555,0.11302,0.14897,-0.00483,0.19592,0.03349,-0.19002,0.07572,3200.00000,89296.49871,0.00000,-0.00100,-0.06869,-0.02795,0.10967,0.19257,0.07237,
2014,017670,SK텔레콤,KOSPI,12,3.35000,-0.00181,0.00531,-0.02860,9400.00000,-0.02860,-0.02699,-0.03035,-0.03745,-0.04757,-0.03918,-0.05705,-0.08853,-0.05875,0.01976,-0.04401,0.01792,0.01443,-0.13936,0.01260,-0.00525,-0.22875,-0.00704,9400.00000,280090.46049,0.03356,-0.00531,-0.01414,-0.03371,0.04296,0.03764,0.01800,0.85219
2014,000500,가온전선,KOSPI,782,3.57000,-0.12462,-0.11750,0.00200,600.00000,0.00200,0.00361,-0.12287,-0.07944,-0.08957,-0.19417,-0.08157,-0.11304,-0.19602,-0.01652,-0.08029,-0.13908,0.02423,-0.12957,-0.10341,0.10966,-0.11385,-0.02863,1000.00000,24520.41821,0.02447,-0.10552,-0.17681,-0.17867,-0.12173,-0.08606,-0.01128,-0.08173
2014,039240,경남스틸,KOSDAQ,1432,3.31000,0.00922,0.01634,-0.01310,300.00000,-0.01310,-0.01149,-0.00400,-0.03922,-0.04935,-0.03036,-0.06153,-0.09301,-0.05288,-0.08636,-0.15013,-0.07793,0.05639,-0.09740,0.06613,0.05634,-0.16717,0.06608,250.00000,7622.50116,0.03936,0.02594,-0.00042,-0.02293,-0.04799,0.09608,0.09602,0.33285
2014,049720,고려신용정보,KOSDAQ,1778,5.03000,0.37679,0.38391,0.00000,75.00000,0.00000,0.00161,0.37679,0.00000,-0.01013,0.37679,0.05843,0.02695,0.45724,0.17159,0.10781,0.61303,0.85053,0.69673,1.54779,1.08417,0.86066,1.86948,50.00000,1368.58342,0.05480,0.41981,0.41981,0.50025,0.65605,1.59081,1.91249,
2014,053740,국제엘렉트릭,KOSDAQ,479,4.11000,0.02864,0.03576,-0.00200,,-0.00200,-0.00039,0.02659,-0.00001,-0.01013,0.02863,-0.00806,-0.03954,0.02035,-0.00806,-0.07183,0.02035,-0.00206,-0.15586,0.02652,-0.00206,-0.22557,0.02652,1000.00000,25027.80510,,,,,,,,
2014,085910,네오티스,KOSDAQ,1211,6.54000,-0.02065,-0.01353,-0.06200,350.00000,-0.06200,-0.06039,-0.08137,-0.14315,-0.15328,-0.16084,-0.11644,-0.14792,-0.13468,-0.14311,-0.20688,-0.16081,-0.03621,-0.19001,-0.05611,0.06676,-0.15675,0.04473,350.00000,5241.17326,0.06678,-0.02822,-0.10770,-0.08154,-0.10766,-0.00296,0.09788,0.92844
2014,006370,대구백화점,KOSPI,616,3.97000,0.03641,0.04353,-0.00640,600.00000,-0.00640,-0.00479,0.02978,-0.04164,-0.05177,-0.00675,-0.00969,-0.04117,0.02637,0.00297,-0.06081,0.03948,0.03814,-0.11565,0.07594,0.08601,-0.13750,0.12555,600.00000,15663.61728,0.03831,0.05883,0.02231,0.05543,0.06854,0.10500,0.15461,0.16708
2014,008060,대덕,KOSPI,304,3.21000,0.00637,0.01348,-0.03190,300.00000,-0.03190,-0.03029,-0.02574,-0.06597,-0.07610,-0.06003,-0.05213,-0.08361,-0.04610,-0.02130,-0.08507,-0.01507,-0.00522,-0.15902,0.00111,0.02794,-0.19556,0.03449,300.00000,9405.29115,0.03190,-0.00210,-0.03639,-0.02246,0.00856,0.02475,0.05812,1.00010
2014,117580,대성에너지,KOSPI,576,3.72000,-0.05333,-0.04622,-0.03620,250.00000,-0.03620,-0.03459,-0.08760,-0.13054,-0.14067,-0.17691,-0.11634,-0.14782,-0.16347,-0.11477,-0.17854,-0.16198,-0.09109,-0.24489,-0.13956,-0.04240,-0.26591,-0.09347,250.00000,6362.00283,0.03930,-0.05771,-0.14702,-0.13358,-0.13208,-0.10967,-0.06358,0.92122
2014,024900,디와이덕양,KOSPI,934,14.42000,0.07783,0.08495,-0.05690,40.00000,-0.05690,-0.05529,0.01650,-0.10002,-0.11015,-0.02998,-0.06559,-0.09707,0.00714,-0.11896,-0.18273,-0.05039,0.19315,0.03935,0.28602,0.22602,0.00251,0.32145,388.00000,2900.13380,0.01379,0.02482,-0.02166,0.01546,-0.04207,0.29434,0.32977,4.12544
2014,005160,동국산업,KOSDAQ,548,3.00000,0.04486,0.05198,0.01560,120.00000,0.01560,0.01721,0.06116,-0.03832,-0.04845,0.00482,-0.07064,-0.10212,-0.02895,-0.14837,-0.21215,-0.11017,-0.07539,-0.22919,-0.03391,-0.12455,-0.34806,-0.08528,120.00000,4179.44777,0.02871,0.08210,0.02576,-0.00801,-0.08923,-0.01297,-0.06434,-0.54333
2014,013450,동성하이켐,KOSDAQ,839,3.24000,0.02616,0.03327,-0.00750,210.00000,-0.00750,-0.00589,0.01846,-0.01205,-0.02218,0.01379,-0.01808,-0.04956,0.00760,0.01641,-0.04736,0.04299,-0.01201,-0.16581,0.01383,0.04359,-0.17991,0.07089,210.00000,6651.01595,0.03157,0.04182,0.03715,0.03096,0.06636,0.03719,0.09425,0.23754
2014,084670,동양고속,KOSPI,945,3.10000,0.09915,0.10627,-0.03100,1250.00000,-0.03100,-0.02939,0.06508,-0.00143,-0.01156,0.09758,0.02820,-0.00328,0.13015,-0.05631,-0.12008,0.03725,0.11271,-0.04109,0.22303,0.10707,-0.11644,0.21684,1000.00000,35456.44108,0.03525,0.09155,0.12405,0.15662,0.06373,0.24951,0.24331,0.87932
2014,079960,동양이엔피,KOSDAQ,997,3.01000,0.18950,0.19661,-0.03800,300.00000,-0.03800,-0.03639,0.14430,-0.03808,-0.04820,0.14421,0.01681,-0.01467,0.20949,0.10954,0.04577,0.31980,0.07997,-0.07383,0.28462,0.11815,-0.10536,0.33004,300.00000,11855.45016,0.02530,0.16235,0.16226,0.22755,0.33786,0.30268,0.34810,1.50169
2014,000150,두산,KOSPI,83,3.03000,-0.01303,-0.00592,-0.07890,4000.00000,-0.07890,-0.07729,-0.09090,-0.10961,-0.11974,-0.12121,-0.10084,-0.13232,-0.11256,-0.05698,-0.12075,-0.06927,0.08326,-0.07054,0.06914,0.01345,-0.21005,0.00025,3500.00000,114006.16996,0.03509,-0.06457,-0.09488,-0.08622,-0.04293,0.09547,0.02658,2.24877
2014,072870,메가스터디,KOSDAQ,350,3.47000,-0.03812,-0.03100,-0.01800,2200.00000,-0.01800,-0.01639,-0.05543,-0.05397,-0.06409,-0.09002,-0.00531,-0.03678,-0.04322,0.03983,-0.02394,0.00020,0.15336,-0.00043,0.10940,0.21820,-0.00530,0.17177,2000.00000,55439.99776,0.03968,-0.02521,-0.05980,-0.01300,0.03042,0.13962,0.20199,0.45360
2014,009580,무림P&P,KOSPI,420,5.39000,-0.04834,-0.04122,-0.04420,175.00000,-0.04420,-0.04259,-0.09040,-0.12571,-0.13583,-0.16797,-0.11551,-0.14699,-0.15826,-0.11088,-0.17466,-0.15386,-0.05752,-0.21132,-0.10308,0.05009,-0.17342,-0.00067,250.00000,4414.02682,0.03965,-0.06021,-0.13778,-0.12807,-0.12367,-0.07289,0.02952,1.11486
2014,064480,브리지텍,KOSDAQ,1228,3.48000,0.00350,0.01061,-0.03810,120.00000,-0.03810,-0.03649,-0.03474,-0.05780,-0.06793,-0.05451,-0.05548,-0.08696,-0.05217,0.01611,-0.04767,0.01966,-0.09357,-0.24737,-0.09040,-0.02323,-0.24673,-0.01981,150.00000,4325.42138,0.02774,-0.01461,-0.03438,-0.03205,0.03978,-0.07028,0.00031,1.37332
2014,111870,KH 미래물산,KOSDAQ,1012,3.09000,-0.00977,-0.00266,-0.00870,300.00000,-0.00870,-0.00709,-0.01839,-0.03120,-0.04133,-0.04067,-0.03118,-0.06266,-0.04065,0.00002,-0.06375,-0.00975,-0.02513,-0.17893,-0.03465,0.07815,-0.14536,0.06762,250.00000,8011.55189,0.03745,0.00994,-0.01234,-0.01232,0.01857,-0.00632,0.09595,0.23234
2014,004380,삼익THK,KOSPI,569,3.34000,-0.05468,-0.04757,-0.00240,300.00000,-0.00240,-0.00079,-0.05695,-0.06498,-0.07510,-0.11611,0.01641,-0.01507,-0.03917,-0.01517,-0.07894,-0.06902,-0.01524,-0.16904,-0.06909,-0.04842,-0.27193,-0.10046,300.00000,8490.86837,0.03533,-0.03041,-0.08957,-0.01263,-0.04248,-0.04255,-0.07392,0.06793
2014,017480,삼현철강,KOSDAQ,1119,3.81000,-0.00372,0.00340,-0.03060,150.00000,-0.03060,-0.02899,-0.03420,-0.03692,-0.04704,-0.04050,-0.02797,-0.05945,-0.03159,-0.02927,-0.09305,-0.03288,0.03941,-0.11439,0.03554,0.16948,-0.05403,0.16513,150.00000,3922.36882,0.03824,-0.00520,-0.01149,-0.00259,-0.00388,0.06455,0.19413,0.80016
2014,010960,삼호개발,KOSPI,1026,3.02000,0.05385,0.06097,-0.00950,100.00000,-0.00950,-0.00789,0.04384,-0.05231,-0.06244,-0.00128,-0.07947,-0.11095,-0.02989,-0.07951,-0.14328,-0.02994,0.03808,-0.11572,0.09399,0.03960,-0.18390,0.09559,90.00000,3140.62722,0.03184,0.06743,0.02231,-0.00631,-0.00635,0.11758,0.11918,0.29836
2014,093920,서원인텍,KOSDAQ,564,3.92000,0.16685,0.17397,-0.05880,500.00000,-0.05880,-0.05719,0.09824,-0.04191,-0.05203,0.11795,-0.03351,-0.06499,0.12774,0.19773,0.13396,0.39757,0.33221,0.17841,0.55449,0.31948,0.09597,0.53964,400.00000,11906.63723,0.04199,0.13042,0.15013,0.15992,0.42975,0.58667,0.57181,1.40022
2014,019440,세아특수강,KOSPI,530,3.08000,-0.01655,-0.00943,0.00420,800.00000,0.00420,0.00581,-0.01242,-0.03328,-0.04341,-0.04928,-0.01863,-0.05011,-0.03487,-0.02697,-0.09074,-0.04307,0.04855,-0.10525,0.03120,-0.00376,-0.22727,-0.02025,750.00000,23947.75404,0.03341,0.01250,-0.02436,-0.00996,-0.01816,0.05611,0.00467,-0.12573
2014,029530,신도리코,KOSPI,211,3.04000,-0.04577,-0.03865,-0.01560,1500.00000,-0.01560,-0.01399,-0.06065,-0.05945,-0.06958,-0.10250,-0.00858,-0.04006,-0.05395,-0.00432,-0.06809,-0.04989,-0.00308,-0.15688,-0.04870,-0.01008,-0.23359,-0.05538,2250.00000,70625.93772,0.02124,-0.04603,-0.08788,-0.03933,-0.03527,-0.03408,-0.04077,0.73451
2014,001720,신영증권,KOSPI,259,3.34000,-0.04504,-0.03792,-0.00880,2000.00000,-0.00880,-0.00719,-0.05344,-0.04204,-0.05217,-0.08519,-0.05429,-0.08577,-0.09688,-0.03676,-0.10054,-0.08015,0.06845,-0.08534,0.02033,0.07375,-0.14976,0.02539,2000.00000,57183.32600,0.03498,-0.02720,-0.05895,-0.07064,-0.05391,0.04657,0.05163,0.25161
2014,033660,우리금융캐피탈,KOSPI,348,3.92000,0.02518,0.03230,-0.00310,300.00000,-0.00310,-0.00149,0.02200,-0.07358,-0.08371,-0.05025,0.01671,-0.01477,0.04232,-0.08271,-0.14648,-0.05961,-0.15611,-0.30991,-0.13486,-0.05987,-0.28338,-0.03620,250.00000,6538.15590,0.04588,0.05747,-0.01478,0.07779,-0.02414,-0.09939,-0.00073,0.06756
2014,131400,이브이첨단소재,KOSDAQ,1632,3.09000,0.02466,0.03177,0.00000,0.00000,0.00000,0.00161,0.02466,-0.00306,-0.01319,0.02152,0.02413,-0.00735,0.04939,-0.01494,-0.07871,0.00935,0.12652,-0.02728,0.15430,0.06621,-0.15730,0.09250,50.00000,1658.02328,0.00000,0.02131,0.01817,0.04604,0.00600,0.15095,0.08915,
2014,073540,에프알텍,KOSDAQ,1594,4.17000,0.06655,0.07367,0.04490,0.00000,0.04490,0.04651,0.11444,0.06454,0.05441,0.13539,0.03712,0.00564,0.10614,-0.01578,-0.07955,0.04972,0.06235,-0.09145,0.13305,0.07600,-0.14751,0.14761,100.00000,2557.68223,0.00000,0.11109,0.13204,0.10279,0.04637,0.12970,0.14426,
2014,033160,엠케이전자,KOSDAQ,783,3.00000,0.01882,0.02594,-0.02940,150.00000,-0.02940,-0.02779,-0.01113,-0.06248,-0.07261,-0.04484,0.03306,0.00158,0.05250,0.10108,0.03731,0.12180,0.03484,-0.11895,0.05432,0.17623,-0.04728,0.19837,160.00000,5433.70787,0.02761,0.00887,-0.02483,0.07250,0.14181,0.07432,0.21837,1.06501
2014,006740,블루산업개발,KOSPI,1244,8.87000,0.03781,0.04492,-0.06410,200.00000,-0.06410,-0.06249,-0.02872,-0.10691,-0.11703,-0.07314,-0.06199,-0.09347,-0.02653,-0.07260,-0.13637,-0.03754,-0.10674,-0.26054,-0.07296,-0.04901,-0.27252,-0.01306,2000.00000,23400.41560,0.00855,-0.02483,-0.06926,-0.02265,-0.03366,-0.06908,-0.00918,7.49983
2014,010470,오리콤,KOSDAQ,1321,4.88000,-0.09395,-0.08683,-0.02960,200.00000,-0.02960,-0.02799,-0.12077,0.17395,0.16382,0.06366,0.31000,0.27852,0.18692,0.21961,0.15584,0.10503,0.76519,0.61139,0.59935,1.52490,1.30139,1.28768,200.00000,3713.31532,0.05386,-0.07855,0.10587,0.22914,0.14724,0.64156,1.32990,0.54957
2014,052270,우전,KOSDAQ,992,3.65000,0.09836,0.10548,-0.04150,0.00000,-0.04150,-0.03989,0.05278,-0.00995,-0.02008,0.08743,-0.12630,-0.15778,-0.04036,-0.22439,-0.28817,-0.14811,0.03124,-0.12256,0.13267,-0.43543,-0.65894,-0.37990,100.00000,3009.20419,0.00000,0.04943,0.08408,-0.04371,-0.15146,0.12932,-0.38325,
2014,101160,월덱스,KOSDAQ,1715,3.57000,0.47509,0.48221,0.01940,0.00000,0.01940,0.02101,0.50371,0.04366,0.03353,0.53949,0.04601,0.01453,0.54296,-0.05576,-0.11953,0.39284,0.01204,-0.14176,0.49286,0.11853,-0.10498,0.64993,50.00000,2065.95896,0.00000,0.50036,0.53614,0.53961,0.38949,0.48951,0.64658,
2014,049520,유아이엘,KOSDAQ,671,4.00000,0.06815,0.07527,-0.03000,600.00000,-0.03000,-0.02839,0.03611,-0.03372,-0.04385,0.03213,0.02242,-0.00906,0.09210,0.04858,-0.01520,0.12004,0.14980,-0.00400,0.22816,0.29971,0.07620,0.38828,500.00000,13351.87919,0.04494,0.07077,0.06680,0.12677,0.15470,0.26282,0.42295,0.66759
2014,008730,율촌화학,KOSPI,396,4.00000,-0.03208,-0.02496,-0.02070,500.00000,-0.02070,-0.01909,-0.05211,-0.09501,-0.10514,-0.12404,-0.06193,-0.09340,-0.09202,-0.10738,-0.17115,-0.13601,-0.02895,-0.18275,-0.06010,-0.05808,-0.28159,-0.08829,500.00000,12099.03998,0.04133,-0.02050,-0.09243,-0.06040,-0.10440,-0.02849,-0.05668,0.50090
2014,005950,이수화학,KOSPI,635,4.41000,-0.05386,-0.04675,-0.05180,100.00000,-0.05180,-0.05019,-0.10287,-0.09845,-0.10858,-0.14701,-0.11921,-0.15069,-0.16665,-0.12748,-0.19125,-0.17448,-0.02183,-0.17562,-0.07451,0.07782,-0.14569,0.01977,450.00000,9654.46200,0.01036,-0.09746,-0.14160,-0.16124,-0.16906,-0.06910,0.02518,5.00101
2014,067010,이씨에스,KOSDAQ,1399,3.80000,-0.07122,-0.06410,0.02350,200.00000,0.02350,0.02511,-0.04939,0.03171,0.02159,-0.04176,0.07261,0.04113,-0.00378,0.10327,0.03950,0.02470,0.06625,-0.08755,-0.00968,0.04994,-0.17357,-0.02483,200.00000,4888.33689,0.04091,-0.01813,-0.01050,0.02748,0.05596,0.02158,0.00643,-0.57438
2014,049070,인탑스,KOSDAQ,738,3.48000,0.12884,0.13596,0.01850,250.00000,0.01850,0.02011,0.14972,0.32089,0.31076,0.49107,0.29004,0.25856,0.45625,0.20981,0.14603,0.36568,0.27447,0.12067,0.43867,0.23747,0.01396,0.39691,500.00000,16218.94776,0.01541,0.15941,0.50076,0.46594,0.37537,0.44836,0.40660,-1.20020
2014,017250,인터엠,KOSDAQ,1332,4.33000,-0.01306,-0.00595,0.01540,120.00000,0.01540,0.01701,0.00213,0.05479,0.04466,0.04101,0.11189,0.08041,0.09736,0.20611,0.14234,0.19035,0.17954,0.02574,0.16413,0.15520,-0.06831,0.14011,100.00000,2279.29668,0.05265,0.04332,0.08220,0.13855,0.23154,0.20532,0.18130,-0.29251
2014,115310,인포바인,KOSDAQ,974,3.05000,-0.00184,0.00527,-0.02080,0.00000,-0.02080,-0.01919,-0.02260,-0.15861,-0.16874,-0.16016,-0.11141,-0.14289,-0.11305,-0.08689,-0.15066,-0.08857,0.01697,-0.13682,0.01510,-0.01324,-0.23675,-0.01506,810.00000,26508.43270,0.00000,-0.02595,-0.16351,-0.11640,-0.09192,0.01175,-0.01841,
2014,020760,일진디스플,KOSPI,583,3.13000,0.10652,0.11364,-0.02550,100.00000,-0.02550,-0.02389,0.07830,-0.09214,-0.10226,0.00457,-0.06098,-0.09246,0.03904,-0.02714,-0.09091,0.07649,0.08466,-0.06914,0.20020,0.06201,-0.16150,0.17514,200.00000,7070.41951,0.01414,0.08692,0.01318,0.04766,0.08511,0.20881,0.18375,1.80296
2014,065530,와이어블,KOSDAQ,969,3.21000,0.10896,0.11607,-0.04340,500.00000,-0.04340,-0.04179,0.06083,-0.07809,-0.08821,0.02236,-0.05495,-0.08643,0.04802,-0.08369,-0.14746,0.01615,-0.04585,-0.19965,0.05811,0.20608,-0.01742,0.33749,500.00000,17273.45640,0.02895,0.08197,0.04350,0.06916,0.03729,0.07925,0.35863,1.49934
2014,040420,정상제이엘에스,KOSDAQ,831,6.16000,-0.00154,0.00558,-0.09250,420.00000,-0.09250,-0.09089,-0.09390,-0.13225,-0.14237,-0.13358,-0.12485,-0.15633,-0.12619,-0.10440,-0.16817,-0.10578,-0.07512,-0.22892,-0.07655,-0.01022,-0.23373,-0.01175,420.00000,6807.69491,0.06169,-0.04505,-0.08474,-0.07735,-0.05693,-0.02770,0.03710,1.49931
2014,000480,CR홀딩스,KOSPI,278,3.14000,-0.03904,-0.03192,0.00000,4000.00000,0.00000,0.00161,-0.03904,-0.13464,-0.14476,-0.16842,-0.11423,-0.14571,-0.14881,-0.11019,-0.17397,-0.14493,-0.15495,-0.30875,-0.18794,-0.07329,-0.29680,-0.10947,4000.00000,122415.65606,0.03268,-0.01474,-0.14412,-0.12451,-0.12064,-0.16365,-0.08517,
2014,155960,지디,KOSDAQ,800,3.24000,0.02561,0.03273,-0.03310,100.00000,-0.03310,-0.03149,-0.00833,0.04095,0.03082,0.06761,0.03311,0.00163,0.05958,0.03164,-0.03213,0.05807,0.08052,-0.07328,0.10820,0.06638,-0.15713,0.09370,200.00000,6330.95631,0.01580,0.00168,0.07762,0.06959,0.06808,0.11821,0.10371,2.09555
2014,053050,지에스이,KOSDAQ,1220,4.19000,-0.01838,-0.01126,-0.01600,85.00000,-0.01600,-0.01439,-0.03409,-0.06658,-0.07671,-0.08374,-0.05062,-0.08210,-0.06807,-0.10653,-0.17030,-0.12295,-0.07444,-0.22824,-0.09146,-0.02897,-0.25248,-0.04682,80.00000,1874.21464,0.04535,0.00093,-0.04872,-0.03305,-0.08793,-0.05644,-0.01180,0.35279
2014,071320,지역난방공사,KOSPI,228,5.30000,0.07266,0.07978,-0.04130,2110.00000,-0.04130,-0.03969,0.02836,-0.11402,-0.12414,-0.04964,-0.14712,-0.17860,-0.08515,-0.11222,-0.17599,-0.04771,-0.06915,-0.22295,-0.00151,-0.08744,-0.31094,-0.02113,2990.00000,60514.18944,0.03487,0.05451,-0.02349,-0.05900,-0.02156,0.02463,0.00502,1.18447
2014,018120,진로발효,KOSDAQ,499,3.33000,0.00006,0.00718,-0.02000,1000.00000,-0.02000,-0.01839,-0.01994,-0.08833,-0.09846,-0.08827,0.00014,-0.03134,0.00020,0.02670,-0.03707,0.02677,0.05498,-0.09881,0.05505,-0.00014,-0.22364,-0.00007,1000.00000,30031.96512,0.03330,0.00488,-0.06345,0.02502,0.05159,0.07987,0.02475,0.60064
2014,003780,진양산업,KOSPI,1450,5.36000,-0.02125,-0.01414,-0.03830,150.00000,-0.03830,-0.03669,-0.05874,-0.07851,-0.08864,-0.09810,-0.07306,-0.10454,-0.09276,-0.05654,-0.12031,-0.07660,0.01098,-0.14282,-0.01051,0.01450,-0.20900,-0.00706,150.00000,2739.02631,0.05476,-0.01576,-0.05512,-0.04978,-0.03362,0.03247,0.03592,0.69936
2014,010640,진양폴리,KOSPI,1576,4.40000,-0.14431,-0.13720,-0.02260,125.00000,-0.02260,-0.02099,-0.16365,-0.12546,-0.13558,-0.25167,-0.10700,-0.13848,-0.23587,-0.09055,-0.15432,-0.22180,0.03912,-0.11468,-0.11084,0.01862,-0.20489,-0.12838,125.00000,2430.92386,0.05142,-0.12350,-0.21151,-0.19572,-0.18165,-0.07069,-0.08823,0.43951
2014,051630,진양화학,KOSPI,1258,4.55000,0.01963,0.02674,-0.02890,215.00000,-0.02890,-0.02729,-0.00984,-0.05538,-0.06551,-0.03684,-0.04205,-0.07353,-0.02325,0.02407,-0.03970,0.04417,-0.00749,-0.16129,0.01199,0.04443,-0.17908,0.06493,185.00000,4145.73262,0.05186,0.03068,0.00368,0.01727,0.08470,0.05252,0.10545,0.55726
2014,111820,지유온,KOSDAQ,1218,3.39000,-0.04172,-0.03460,0.03410,100.00000,0.03410,0.03571,-0.00904,0.03254,0.02242,-0.01053,0.08292,0.05144,0.03775,0.06658,0.00281,0.02209,0.07777,-0.07603,0.03281,0.12812,-0.09539,0.08106,260.00000,7349.67562,0.01361,-0.00088,-0.00237,0.04591,0.03025,0.04097,0.08922,-2.50624
2014,096240,크레버스,KOSDAQ,1041,4.26000,0.00421,0.01132,-0.04660,800.00000,-0.04660,-0.04499,-0.04259,-0.03806,-0.04818,-0.03401,-0.03380,-0.06528,-0.02974,-0.04226,-0.10603,-0.03823,-0.03805,-0.19185,-0.03400,0.02124,-0.20227,0.02554,500.00000,11786.46719,0.06787,0.01148,0.02006,0.02433,0.01584,0.02007,0.07961,0.68656
2014,021960,KB캐피탈,KOSPI,320,3.32000,0.05713,0.06424,0.01470,450.00000,0.01470,0.01631,0.07267,-0.00005,-0.01018,0.05707,-0.00989,-0.04136,0.04668,0.01468,-0.04909,0.07265,0.09305,-0.06074,0.15550,-0.00513,-0.22864,0.05171,640.00000,20378.36043,0.02208,0.08800,0.07240,0.06201,0.08798,0.17083,0.06704,-0.66569
2014,115500,케이씨에스,KOSDAQ,1458,3.34000,-0.03820,-0.03109,-0.04860,140.00000,-0.04860,-0.04699,-0.08495,0.01217,0.00204,-0.02650,-0.04862,-0.08009,-0.08496,0.21360,0.14982,0.16723,0.09212,-0.06168,0.05040,0.24336,0.01985,0.19586,100.00000,2879.63358,0.04862,-0.04717,0.01128,-0.04718,0.20501,0.08818,0.23364,0.99964
2014,089150,케이씨티,KOSDAQ,1388,5.14000,0.02773,0.03484,-0.05210,120.00000,-0.05210,-0.05049,-0.02582,-0.10000,-0.11013,-0.07504,-0.09791,-0.12939,-0.07290,-0.09996,-0.16373,-0.07500,-0.08734,-0.24114,-0.06203,-0.06642,-0.28993,-0.04054,120.00000,2399.36346,0.05001,0.01314,-0.03608,-0.03394,-0.03604,-0.02307,-0.00158,1.04172
2014,058860,KTis,KOSPI,729,3.34000,0.01672,0.02383,-0.03280,120.00000,-0.03280,-0.03119,-0.01663,-0.04092,-0.05104,-0.02488,-0.01348,-0.04496,0.00301,0.00305,-0.06072,0.01982,-0.08064,-0.23444,-0.06527,0.14095,-0.08256,0.16002,120.00000,3652.87065,0.03285,0.00781,-0.00044,0.02745,0.04426,-0.04083,0.18446,0.99845
2014,024880,케이피에프,KOSDAQ,1187,3.24000,-0.02708,-0.01996,-0.01810,100.00000,-0.01810,-0.01649,-0.04469,0.03327,0.02314,0.00529,0.02071,-0.01077,-0.00693,0.10414,0.04037,0.07424,0.11116,-0.04263,0.08108,0.31517,0.09166,0.27956,120.00000,3603.41629,0.02775,-0.02456,0.02542,0.01320,0.09437,0.10120,0.29969,0.65222
2014,089010,켐트로닉스,KOSDAQ,918,3.96000,-0.06837,-0.06125,0.02560,0.00000,0.02560,0.02721,-0.04452,0.04001,0.02988,-0.03110,0.00660,-0.02488,-0.06222,0.27909,0.21532,0.19164,0.47926,0.32546,0.37813,0.23461,0.01110,0.15020,400.00000,9410.41286,0.00000,-0.04787,-0.03445,-0.06557,0.18829,0.37478,0.14685,
2014,078000,텔코웨어,KOSPI,740,5.12000,0.03934,0.04645,-0.06060,600.00000,-0.06060,-0.05899,-0.02365,-0.11744,-0.12756,-0.08272,-0.07578,-0.10726,-0.03942,-0.02284,-0.08662,0.01559,-0.00397,-0.15777,0.03521,0.03397,-0.18954,0.07464,650.00000,13194.71944,0.04547,0.01147,-0.04760,-0.00430,0.05071,0.07033,0.10976,1.33267
2014,075130,플랜티넷,KOSDAQ,1209,5.60000,0.03396,0.04108,-0.04110,150.00000,-0.04110,-0.03949,-0.00853,0.00163,-0.00850,0.03565,0.00986,-0.02162,0.04416,-0.00997,-0.07374,0.02366,-0.00987,-0.16367,0.02376,0.04432,-0.17919,0.07979,330.00000,6093.00694,0.02462,0.00895,0.05313,0.06163,0.04113,0.04124,0.09727,1.66948
2014,128660,피제이메탈,KOSDAQ,1376,4.01000,0.06974,0.07686,-0.04000,90.00000,-0.04000,-0.03839,0.02695,-0.06246,-0.07259,0.00292,-0.05993,-0.09141,0.00563,-0.11498,-0.17875,-0.05326,-0.09509,-0.24889,-0.03198,-0.07515,-0.29866,-0.01065,75.00000,2000.76393,0.04498,0.06166,0.03763,0.04033,-0.01855,0.00272,0.02405,0.88923
2014,000080,하이트진로,KOSPI,117,4.36000,-0.01367,-0.00656,-0.06220,1000.00000,-0.06220,-0.06059,-0.07502,-0.08842,-0.09855,-0.10088,-0.09051,-0.12199,-0.10295,-0.07047,-0.13424,-0.08317,-0.08059,-0.23439,-0.09316,-0.11467,-0.33817,-0.12677,1100.00000,24884.43865,0.04019,-0.04437,-0.07024,-0.07230,-0.05253,-0.06251,-0.09612,1.54781
2014,002960,한국쉘석유,KOSPI,247,4.39000,-0.03942,-0.03231,-0.04910,19000.00000,-0.04910,-0.04749,-0.08659,-0.06618,-0.07630,-0.10299,0.02762,-0.00386,-0.01289,0.09143,0.02766,0.04840,0.02391,-0.12989,-0.01646,0.00913,-0.21438,-0.03065,20000.00000,437621.16289,0.04342,-0.05321,-0.06961,0.02049,0.08178,0.01692,0.00273,1.13091
2014,054040,한국컴퓨터,KOSDAQ,1192,3.81000,0.03528,0.04239,-0.06370,120.00000,-0.06370,-0.06209,-0.03067,-0.10485,-0.11498,-0.07327,-0.06527,-0.09675,-0.03229,-0.00152,-0.06529,0.03370,0.05534,-0.09846,0.09257,0.02706,-0.19644,0.06330,130.00000,3532.44686,0.03397,-0.00528,-0.04789,-0.00690,0.05909,0.11796,0.08869,1.87514
2014,052600,한네트,KOSDAQ,1590,4.60000,0.01249,0.01961,-0.04550,120.00000,-0.04550,-0.04389,-0.03358,-0.07037,-0.08050,-0.05876,0.00612,-0.02536,0.01869,-0.03529,-0.09906,-0.02324,-0.00630,-0.16010,0.00611,0.18175,-0.04176,0.19651,110.00000,2421.17509,0.04956,0.00500,-0.02018,0.05727,0.01534,0.04469,0.23509,0.91803
2014,042700,한미반도체,KOSPI,324,3.13000,0.04406,0.05117,-0.01500,500.00000,-0.01500,-0.01339,0.02840,-0.03000,-0.04013,0.01273,-0.01494,-0.04642,0.02846,0.06613,0.00235,0.11310,0.09598,-0.05782,0.14427,-0.03016,-0.25367,0.01256,500.00000,16678.22541,0.02998,0.05041,0.03475,0.05048,0.13511,0.16628,0.03458,0.50035
2014,004150,한솔홀딩스,KOSPI,315,3.11000,0.10267,0.10979,0.00000,0.00000,0.00000,0.00161,0.10267,0.00000,-0.01013,0.10267,0.00000,-0.03148,0.10267,0.22548,0.16170,0.35129,0.15800,0.00420,0.27689,0.34210,0.11859,0.47989,300.00000,10636.68834,0.00000,0.09932,0.09932,0.09932,0.34794,0.27354,0.47654,
2014,001750,한양증권,KOSPI,927,3.60000,0.02581,0.03292,-0.01820,350.00000,-0.01820,-0.01659,0.00714,-0.03232,-0.04245,-0.00735,-0.03232,-0.06380,-0.00734,-0.01412,-0.07789,0.01132,0.08804,-0.06576,0.11611,0.14543,-0.07808,0.17499,250.00000,7123.65603,0.04913,0.04535,0.03087,0.03087,0.04954,0.15433,0.21321,0.37043
2014,130660,한전산업,KOSPI,515,3.00000,-0.00772,-0.00060,-0.03360,134.00000,-0.03360,-0.03199,-0.04106,-0.05187,-0.06200,-0.05919,-0.08096,-0.11244,-0.08806,-0.01974,-0.08351,-0.02731,-0.13890,-0.29270,-0.14554,-0.01061,-0.23411,-0.01824,198.00000,6549.04622,0.02046,-0.02710,-0.04523,-0.07410,-0.01335,-0.13158,-0.00428,1.64215
2014,005010,휴스틸,KOSPI,727,3.87000,0.01660,0.02372,-0.02720,700.00000,-0.02720,-0.02559,-0.01105,-0.05714,-0.06726,-0.04148,-0.05167,-0.08315,-0.03593,-0.06259,-0.12636,-0.04703,0.02984,-0.12396,0.04694,0.06509,-0.15842,0.08277,700.00000,18388.19138,0.03807,0.01781,-0.01263,-0.00707,-0.01817,0.07580,0.11163,0.71451
2015,023460,CNH,KOSDAQ,1407,3.16000,-0.02226,-0.01124,-0.02270,15.00000,-0.02270,-0.03445,-0.04445,-0.06149,-0.06795,-0.08238,-0.12304,-0.12415,-0.14256,-0.14580,-0.13326,-0.16481,-0.08752,-0.08852,-0.10783,-0.05513,-0.10968,-0.07616,50.00000,1547.06280,0.00970,-0.03960,-0.07752,-0.13771,-0.15995,-0.10297,-0.07130,2.34122
2015,139130,iM금융지주,KOSPI,127,3.08000,-0.01925,-0.00824,-0.01960,280.00000,-0.01960,-0.03135,-0.03847,-0.03625,-0.04272,-0.05480,-0.06954,-0.07064,-0.08745,-0.13034,-0.11780,-0.14708,-0.18037,-0.18137,-0.19615,-0.10776,-0.16231,-0.12494,320.00000,10189.59075,0.02748,-0.01858,-0.03491,-0.06755,-0.12718,-0.17626,-0.10504,0.71327
2015,017940,E1,KOSPI,344,3.03000,-0.06223,-0.05122,-0.01780,2600.00000,-0.01780,-0.02955,-0.07892,-0.03712,-0.04358,-0.09704,-0.05662,-0.05772,-0.11533,-0.10991,-0.09737,-0.16530,-0.09698,-0.09798,-0.15318,0.02749,-0.02707,-0.03646,2000.00000,61898.97964,0.04200,-0.04674,-0.06486,-0.08314,-0.13311,-0.12099,-0.00427,0.42377
2015,114090,GKL,KOSPI,143,4.20000,0.05266,0.06368,-0.03190,831.00000,-0.03190,-0.04365,0.01908,-0.10559,-0.11205,-0.05849,-0.14941,-0.15051,-0.10461,-0.12952,-0.11698,-0.08368,0.00211,0.00111,0.05489,-0.07751,-0.13206,-0.02893,1002.00000,25113.57718,0.03309,0.04373,-0.03384,-0.07997,-0.05903,0.07953,-0.00428,0.96405
2015,028150,GS홈쇼핑,KOSDAQ,179,4.56000,-0.00926,0.00176,-0.03230,5200.00000,-0.03230,-0.04405,-0.04126,-0.06642,-0.07288,-0.07506,-0.05024,-0.05134,-0.05903,-0.03404,-0.02150,-0.04298,0.09053,0.08953,0.08044,0.07847,0.02392,0.06849,7700.00000,167296.69524,0.03108,-0.01831,-0.05211,-0.03608,-0.02004,0.10338,0.09144,1.03917
2015,021320,KCC건설,KOSDAQ,781,3.44000,0.00407,0.01508,0.00140,0.00000,0.00140,-0.01035,0.00547,-0.03013,-0.03660,-0.02619,-0.01217,-0.01328,-0.00816,0.15261,0.16515,0.15729,0.18539,0.18439,0.19021,0.07018,0.01563,0.07453,250.00000,7296.98649,0.00000,0.00212,-0.02954,-0.01151,0.15394,0.18686,0.07118,
2015,151860,KG에코솔루션,KOSDAQ,940,3.03000,-0.01533,-0.00432,-0.01230,100.00000,-0.01230,-0.02405,-0.02744,-0.07531,-0.08178,-0.08949,-0.09690,-0.09800,-0.11074,-0.17089,-0.15835,-0.18360,0.00304,0.00204,-0.01233,-0.00011,-0.05467,-0.01544,100.00000,3249.73535,0.03077,-0.00476,-0.06681,-0.08806,-0.16091,0.01035,0.00724,0.39972
2015,083420,그린케미칼,KOSPI,1203,4.00000,-0.02512,-0.01411,0.00130,160.00000,0.00130,-0.01045,-0.02386,0.02572,0.01925,-0.00005,0.02064,0.01954,-0.00500,0.00783,0.02036,-0.01749,-0.02411,-0.02511,-0.04863,0.20303,0.14848,0.17280,160.00000,3899.50283,0.04103,0.00751,0.03131,0.02636,0.01387,-0.01726,0.20417,-0.03168
2015,025000,KPX케미칼,KOSPI,541,3.29000,-0.07238,-0.06137,-0.01010,1750.00000,-0.01010,-0.02185,-0.08175,-0.05878,-0.06524,-0.12690,-0.09020,-0.09130,-0.15605,-0.08816,-0.07562,-0.15416,-0.02340,-0.02440,-0.09409,0.09814,0.04358,0.01865,1750.00000,49341.49160,0.03547,-0.05509,-0.10025,-0.12940,-0.12750,-0.06743,0.04531,0.28477
2015,092230,KPX홀딩스,KOSPI,507,3.18000,-0.09362,-0.08261,-0.01840,2100.00000,-0.01840,-0.03015,-0.11030,-0.05017,-0.05663,-0.13909,-0.05183,-0.05294,-0.14060,-0.03845,-0.02591,-0.12847,-0.00348,-0.00448,-0.09678,0.03969,-0.01486,-0.05765,2100.00000,59855.15976,0.03508,-0.08397,-0.11276,-0.11427,-0.10214,-0.07045,-0.03131,0.52445
2015,033780,KT&G,KOSPI,19,3.18000,0.02816,0.03917,-0.03640,3400.00000,-0.03640,-0.04815,-0.00926,-0.05458,-0.06105,-0.02796,-0.03646,-0.03757,-0.00933,-0.07269,-0.06016,-0.04658,-0.01798,-0.01898,0.00968,0.01374,-0.04081,0.04229,3400.00000,109929.39008,0.03093,0.01355,-0.00514,0.01349,-0.02376,0.03250,0.06511,1.17689
2015,058850,KTcs,KOSPI,811,3.55000,-0.04132,-0.03031,-0.03090,100.00000,-0.03090,-0.04265,-0.07094,-0.08187,-0.08834,-0.11981,-0.11581,-0.11691,-0.15234,-0.11122,-0.09868,-0.14794,-0.06466,-0.06566,-0.10330,0.00474,-0.04981,-0.03677,120.00000,3240.61823,0.03086,-0.04818,-0.09705,-0.12958,-0.12518,-0.08055,-0.01402,1.00135
2015,006260,LS,KOSPI,170,3.41000,0.14964,0.16065,-0.01180,1250.00000,-0.01180,-0.02355,0.13607,-0.06636,-0.07283,0.07335,-0.12562,-0.12672,0.00523,-0.11841,-0.10587,0.01351,0.00726,0.00626,0.15798,0.04272,-0.01183,0.19876,1250.00000,42142.19204,0.02966,0.15782,0.09509,0.02697,0.03525,0.17973,0.22050,0.39782
2015,005490,POSCO홀딩스,KOSPI,18,4.73000,0.04153,0.05254,-0.03690,8000.00000,-0.03690,-0.04865,0.00310,-0.06816,-0.07462,-0.02946,-0.08519,-0.08629,-0.04720,-0.00854,0.00400,0.03264,0.20199,0.20099,0.25190,0.24750,0.19295,0.29931,8000.00000,176157.35405,0.04541,0.03817,0.00561,-0.01213,0.06771,0.28697,0.33438,0.81253
2015,002360,SH에너지화학,KOSPI,748,3.01000,-0.03355,-0.02253,0.00000,44.00000,0.00000,-0.01175,-0.03355,-0.05885,-0.06531,-0.09042,-0.07963,-0.08074,-0.11051,-0.10376,-0.09122,-0.13382,-0.02087,-0.02187,-0.05372,-0.00684,-0.06139,-0.04015,45.00000,1444.86448,0.03045,-0.01113,-0.06801,-0.08809,-0.11141,-0.03130,-0.01774,
2015,123700,SJM,KOSPI,1059,3.10000,0.03703,0.04804,-0.02990,200.00000,-0.02990,-0.04165,0.00603,-0.03586,-0.04232,-0.00015,-0.05079,-0.05189,-0.01563,-0.11042,-0.09789,-0.07748,0.04188,0.04088,0.08046,0.08520,0.03065,0.12539,200.00000,6690.53740,0.02989,0.02797,0.02178,0.00631,-0.05554,0.10240,0.14733,1.00024
2015,017670,SK텔레콤,KOSPI,16,4.02000,-0.01718,-0.00617,-0.06520,10000.00000,-0.06520,-0.07695,-0.08126,-0.11302,-0.11949,-0.12826,-0.09345,-0.09455,-0.10902,-0.10874,-0.09620,-0.12405,-0.03048,-0.03148,-0.04713,-0.08925,-0.14380,-0.10489,9400.00000,229813.84362,0.04351,-0.04780,-0.09480,-0.07556,-0.09059,-0.01367,-0.07143,1.49839
2015,039240,경남스틸,KOSDAQ,1608,3.47000,0.04610,0.05711,-0.00550,300.00000,-0.00550,-0.01725,0.04035,0.03976,0.03329,0.08769,0.05967,0.05857,0.10853,0.01775,0.03029,0.06467,-0.00204,-0.00304,0.04396,0.17149,0.11694,0.22550,300.00000,9044.11816,0.03317,0.06506,0.11241,0.13324,0.08938,0.06868,0.25021,0.16581
2015,011040,경동제약,KOSDAQ,540,3.08000,0.01279,0.02380,0.00250,600.00000,0.00250,-0.00925,0.01532,-0.01276,-0.01923,-0.00013,-0.00510,-0.00620,0.00762,-0.04821,-0.03567,-0.03604,-0.12668,-0.12768,-0.11551,-0.11153,-0.16608,-0.10017,600.00000,19729.67571,0.03041,0.03770,0.02224,0.03000,-0.01366,-0.09313,-0.07779,-0.08221
2015,121440,골프존홀딩스,KOSDAQ,471,7.15000,0.08311,0.09412,-0.04620,580.00000,-0.04620,-0.05795,0.03307,0.09615,0.08969,0.18725,0.07564,0.07453,0.16503,0.06402,0.07655,0.15244,0.04062,0.03962,0.12711,0.11634,0.06179,0.20912,515.00000,7801.41466,0.07435,0.09262,0.24680,0.22458,0.21199,0.18665,0.26866,0.62142
2015,001570,금양,KOSPI,1233,3.09000,-0.04123,-0.03022,-0.01610,60.00000,-0.01610,-0.02785,-0.05667,0.01087,0.00441,-0.03081,-0.03215,-0.03325,-0.07205,-0.05103,-0.03849,-0.09016,0.26910,0.26810,0.21677,0.69399,0.63943,0.62414,60.00000,1861.68653,0.03223,-0.03275,-0.00689,-0.04814,-0.06624,0.24069,0.64806,0.49955
2015,024110,기업은행,KOSPI,39,3.23000,-0.00008,0.01093,-0.05260,450.00000,-0.05260,-0.06435,-0.05268,-0.10150,-0.10796,-0.10157,-0.13534,-0.13644,-0.13541,-0.13911,-0.12657,-0.13918,-0.10876,-0.10975,-0.10883,-0.08605,-0.14060,-0.08612,430.00000,13311.60337,0.03381,-0.02743,-0.07632,-0.11016,-0.11393,-0.08358,-0.06087,1.55598
2015,085910,네오티스,KOSDAQ,1458,6.64000,0.02464,0.03565,-0.02040,350.00000,-0.02040,-0.03215,0.00373,-0.10554,-0.11200,-0.08350,-0.09270,-0.09380,-0.07034,-0.09261,-0.08008,-0.07026,-0.13705,-0.13805,-0.11579,-0.08152,-0.13607,-0.05889,350.00000,5400.94327,0.06480,0.05521,-0.03203,-0.01887,-0.01878,-0.06432,-0.00741,0.31480
2015,006370,대구백화점,KOSPI,797,4.40000,0.04761,0.05862,0.02100,600.00000,0.02100,0.00925,0.06961,-0.00699,-0.01345,0.04029,-0.00353,-0.00463,0.04391,0.02427,0.03681,0.07303,0.01017,0.00917,0.05826,-0.00377,-0.05832,0.04366,600.00000,14285.54822,0.04200,0.10179,0.07247,0.07610,0.10521,0.09044,0.07584,-0.49999
2015,004130,대덕GDS,KOSPI,636,3.04000,0.02439,0.03541,-0.00500,300.00000,-0.00500,-0.01675,0.01927,-0.02596,-0.03242,-0.00220,-0.05557,-0.05667,-0.03253,-0.05848,-0.04595,-0.03552,0.03468,0.03368,0.05992,0.20808,0.15353,0.23755,300.00000,10109.15941,0.02968,0.04103,0.01956,-0.01077,-0.01376,0.08168,0.25931,0.16849
2015,008060,대덕,KOSPI,417,4.10000,0.06699,0.07800,-0.02310,300.00000,-0.02310,-0.03485,0.04235,-0.00123,-0.00769,0.06568,-0.02053,-0.02163,0.04509,0.00644,0.01898,0.07387,0.03573,0.03473,0.10511,0.06780,0.01325,0.13933,300.00000,7807.26992,0.03843,0.07150,0.09484,0.07425,0.10303,0.13427,0.16849,0.60116
2015,117580,대성에너지,KOSPI,718,3.91000,-0.01236,-0.00135,-0.04750,250.00000,-0.04750,-0.05925,-0.05927,-0.06966,-0.07612,-0.08116,-0.07290,-0.07400,-0.08436,-0.04747,-0.03493,-0.05924,-0.03495,-0.03595,-0.04688,-0.01433,-0.06888,-0.02652,250.00000,6314.82251,0.03959,-0.02913,-0.05102,-0.05421,-0.02910,-0.01674,0.00363,1.19982
2015,015230,대창단조,KOSPI,1151,4.51000,-0.00457,0.00644,-0.03630,1300.00000,-0.03630,-0.04805,-0.04071,-0.06124,-0.06770,-0.06553,-0.06575,-0.06685,-0.07002,-0.04411,-0.03158,-0.04848,-0.08394,-0.08493,-0.08812,-0.06015,-0.11470,-0.06445,2000.00000,44143.16849,0.02945,-0.01914,-0.04396,-0.04845,-0.02692,-0.06656,-0.04288,1.23261
2015,140520,대창스틸,KOSDAQ,1346,3.33000,-0.00217,0.00884,-0.00890,150.00000,-0.00890,-0.02065,-0.01105,-0.07111,-0.07758,-0.07313,-0.13330,-0.13440,-0.13518,-0.18665,-0.17411,-0.18841,-0.20660,-0.20760,-0.20832,-0.08886,-0.14341,-0.09083,150.00000,4494.74236,0.03337,0.01384,-0.04824,-0.11029,-0.16353,-0.18343,-0.06595,0.26669
2015,005160,동국산업,KOSDAQ,650,3.02000,0.00727,0.01828,-0.03870,140.00000,-0.03870,-0.05045,-0.03171,-0.09241,-0.09887,-0.08581,-0.11984,-0.12095,-0.11344,-0.12615,-0.11361,-0.11980,-0.03253,-0.03353,-0.02549,-0.01135,-0.06590,-0.00416,120.00000,4002.39570,0.03498,-0.00547,-0.05957,-0.08720,-0.09356,0.00075,0.02208,1.10638
2015,075970,동국알앤에스,KOSDAQ,1724,4.43000,0.05257,0.06358,-0.01840,0.00000,-0.01840,-0.03015,0.03320,-0.07625,-0.08271,-0.02768,-0.06844,-0.06954,-0.01947,-0.10253,-0.08999,-0.05535,-0.09460,-0.09560,-0.04700,-0.04987,-0.10442,0.00008,80.00000,1900.80463,0.00000,0.02985,-0.03103,-0.02282,-0.05870,-0.05035,-0.00327,
2015,084670,동양고속,KOSPI,1135,3.68000,0.08834,0.09936,-0.02970,1750.00000,-0.02970,-0.04145,0.05602,-0.04993,-0.05640,0.03400,-0.06476,-0.06586,0.01787,-0.06348,-0.05094,0.01925,-0.14460,-0.14560,-0.06903,-0.08387,-0.13842,-0.00294,1250.00000,36968.21708,0.04734,0.09272,0.07070,0.05456,0.05595,-0.03233,0.03376,0.62740
2015,082640,동양생명,KOSPI,152,4.26000,-0.07734,-0.06633,-0.03360,620.00000,-0.03360,-0.04535,-0.10834,-0.06307,-0.06953,-0.13553,-0.07565,-0.07675,-0.14714,-0.16470,-0.15216,-0.22930,-0.10070,-0.10170,-0.17025,0.00852,-0.04603,-0.06948,550.00000,11912.26533,0.05205,-0.06766,-0.09485,-0.10645,-0.18862,-0.12957,-0.02880,0.64557
2015,018500,동원모빌리티,KOSPI,1145,3.83000,-0.01158,-0.00057,0.00190,100.00000,0.00190,-0.00985,-0.00970,-0.01156,-0.01803,-0.02301,-0.00766,-0.00876,-0.01915,-0.02513,-0.01260,-0.03642,-0.00979,-0.01079,-0.02125,0.05597,0.00142,0.04374,100.00000,2580.72883,0.03875,0.01973,0.00642,0.01028,-0.00699,0.00818,0.07317,-0.04903
2015,000150,두산,KOSPI,112,3.85000,-0.09985,-0.08884,-0.02880,4550.00000,-0.02880,-0.04055,-0.12578,-0.12505,-0.13152,-0.21242,-0.18270,-0.18381,-0.26431,-0.17187,-0.15933,-0.25456,-0.13129,-0.13229,-0.21803,-0.08088,-0.13544,-0.17266,4000.00000,93521.66076,0.04865,-0.08797,-0.17461,-0.22650,-0.21675,-0.18022,-0.13485,0.59196
2015,034020,두산에너빌리티,KOSPI,98,3.18000,-0.05091,-0.03989,-0.06920,850.00000,-0.06920,-0.08095,-0.11658,-0.17186,-0.17832,-0.21402,-0.25889,-0.26000,-0.29662,-0.24333,-0.23079,-0.28185,-0.21646,-0.21746,-0.25635,-0.04440,-0.09896,-0.09305,750.00000,22384.29888,0.03797,-0.08781,-0.18524,-0.26784,-0.25307,-0.22757,-0.06427,1.82235
2015,066670,디티씨,KOSDAQ,1239,3.69000,0.04674,0.05775,-0.03650,100.00000,-0.03650,-0.04825,0.00853,-0.06834,-0.07480,-0.02480,-0.04244,-0.04354,0.00232,-0.03174,-0.01920,0.01352,-0.09517,-0.09617,-0.05288,-0.07638,-0.13093,-0.03321,150.00000,4255.02893,0.02350,0.02506,-0.00826,0.01885,0.03005,-0.03635,-0.01668,1.55309
2015,013570,디와이,KOSPI,680,3.30000,-0.06306,-0.05205,0.01640,110.00000,0.01640,0.00465,-0.04769,-0.04776,-0.05422,-0.10781,-0.08802,-0.08912,-0.14553,-0.15527,-0.14273,-0.20854,-0.13415,-0.13515,-0.18875,0.01516,-0.03939,-0.04885,236.00000,6700.54196,0.01642,-0.03716,-0.09727,-0.13499,-0.19800,-0.17821,-0.03832,-0.99899
2015,068930,디지털대성,KOSDAQ,1283,4.98000,0.06723,0.07825,-0.03500,160.00000,-0.03500,-0.04675,0.02988,-0.11077,-0.11724,-0.05099,-0.10053,-0.10164,-0.04006,-0.13558,-0.12304,-0.07746,-0.15447,-0.15547,-0.09762,-0.10913,-0.16368,-0.04923,160.00000,3428.86298,0.04666,0.06601,-0.01486,-0.00393,-0.04134,-0.06149,-0.01311,0.75006
2015,067730,로지시스,KOSDAQ,1454,3.13000,-0.05717,-0.04616,-0.00360,60.00000,-0.00360,-0.01535,-0.06056,-0.05564,-0.06211,-0.10963,-0.08785,-0.08895,-0.13999,-0.18303,-0.17049,-0.22973,-0.26370,-0.26470,-0.30579,-0.08126,-0.13581,-0.13379,185.00000,5572.63715,0.01077,-0.05481,-0.10387,-0.13424,-0.22397,-0.30003,-0.12803,0.33436
2015,001080,만호제강,KOSPI,1286,5.85000,0.04104,0.05205,0.00840,1000.00000,0.00840,-0.00335,0.04978,-0.04492,-0.05138,-0.00573,-0.01678,-0.01788,0.02357,-0.03938,-0.02684,0.00004,0.04465,0.04365,0.08752,0.05017,-0.00438,0.09326,1000.00000,17795.51020,0.05619,0.09397,0.03846,0.06776,0.04423,0.13171,0.13745,-0.14948
2015,072870,메가스터디,KOSDAQ,796,5.96000,0.14890,0.15991,-0.01770,600.00000,-0.01770,-0.02945,0.12857,-0.04124,-0.04770,0.10153,-0.04956,-0.05067,0.09196,-0.08363,-0.07109,0.05282,-0.09316,-0.09416,0.04187,-0.07548,-0.13004,0.06218,2200.00000,42409.11472,0.01415,0.13719,0.11014,0.10058,0.06144,0.05048,0.07080,1.25107
2015,008560,메리츠증권,KOSPI,111,3.23000,-0.05906,-0.04805,-0.03780,230.00000,-0.03780,-0.04955,-0.09463,-0.13703,-0.14349,-0.18800,-0.20552,-0.20662,-0.25244,-0.14522,-0.13268,-0.19570,-0.15122,-0.15222,-0.20135,-0.13460,-0.18915,-0.18571,145.00000,4224.02579,0.05445,-0.05191,-0.14528,-0.20972,-0.15299,-0.15863,-0.14299,0.69421
2015,009580,무림P&P,KOSPI,430,3.16000,-0.04689,-0.03588,-0.04170,200.00000,-0.04170,-0.05345,-0.08663,-0.09756,-0.10403,-0.13988,-0.10991,-0.11101,-0.15164,-0.19421,-0.18167,-0.23199,-0.19612,-0.19712,-0.23382,-0.06648,-0.12104,-0.11025,175.00000,5278.31108,0.03789,-0.05793,-0.11117,-0.12294,-0.20328,-0.20511,-0.08155,1.10053
2015,033560,블루콤,KOSDAQ,602,3.48000,0.09546,0.10647,-0.03970,400.00000,-0.03970,-0.05145,0.05197,-0.01992,-0.02639,0.07363,-0.05967,-0.06077,0.03009,-0.14688,-0.13434,-0.06544,0.01175,0.01075,0.10833,-0.03201,-0.08656,0.06039,400.00000,12591.45258,0.03177,0.07549,0.09716,0.05362,-0.04192,0.13186,0.08392,1.24970
2015,029780,삼성카드,KOSPI,69,3.18000,0.02878,0.03979,-0.04020,1500.00000,-0.04020,-0.05195,-0.01258,-0.10660,-0.11306,-0.08089,-0.08805,-0.08915,-0.06180,0.08218,0.09472,0.11332,0.12090,0.11990,0.15315,0.15017,0.09562,0.18327,1000.00000,32351.48225,0.04637,0.02330,-0.04501,-0.02593,0.14920,0.18903,0.21915,0.86702
2015,004380,삼익THK,KOSPI,720,3.59000,0.04779,0.05880,-0.01370,300.00000,-0.01370,-0.02545,0.03344,-0.03654,-0.04301,0.00950,-0.04110,-0.04220,0.00473,0.02849,0.04103,0.07764,-0.05029,-0.05129,-0.00490,0.04354,-0.01101,0.09342,300.00000,8755.93020,0.03426,0.05907,0.03514,0.03037,0.10328,0.02074,0.11905,0.39985
2015,000390,SP삼화,KOSPI,489,3.05000,0.00773,0.01874,-0.04550,500.00000,-0.04550,-0.05725,-0.03813,-0.11747,-0.12394,-0.11065,-0.07583,-0.07694,-0.06869,-0.12127,-0.10874,-0.11449,-0.11383,-0.11483,-0.10698,-0.05692,-0.11148,-0.04964,400.00000,13216.08285,0.03783,-0.00947,-0.08200,-0.04004,-0.08583,-0.07833,-0.02098,1.20266
2015,093920,서원인텍,KOSDAQ,583,4.03000,-0.01236,-0.00135,-0.03670,600.00000,-0.03670,-0.04845,-0.04861,-0.10597,-0.11243,-0.11702,-0.12223,-0.12334,-0.13308,-0.17537,-0.16283,-0.18557,-0.09788,-0.09888,-0.10904,0.00009,-0.05446,-0.01228,500.00000,12253.54581,0.04897,-0.01054,-0.07895,-0.09501,-0.14749,-0.07096,0.02580,0.74951
2015,189860,서전기전,KOSDAQ,1663,5.72000,-0.07907,-0.06806,-0.00410,75.00000,-0.00410,-0.01585,-0.08285,-0.04237,-0.04883,-0.11809,-0.06835,-0.06945,-0.14202,-0.12980,-0.11727,-0.19861,-0.05732,-0.05832,-0.13186,-0.02741,-0.08196,-0.10431,455.00000,7325.55533,0.01024,-0.07754,-0.11278,-0.13670,-0.19330,-0.12655,-0.09900,0.40046
2015,001430,세아베스틸지주,KOSPI,188,3.48000,0.05361,0.06462,-0.04950,1000.00000,-0.04950,-0.06125,0.00146,-0.10073,-0.10720,-0.05252,-0.15525,-0.15635,-0.10996,-0.21458,-0.20204,-0.17247,-0.08439,-0.08539,-0.03530,-0.09413,-0.14869,-0.04557,1000.00000,30276.23915,0.03303,0.02605,-0.02793,-0.08536,-0.14788,-0.01071,-0.02098,1.49867
2015,019440,세아특수강,KOSPI,783,4.46000,0.02792,0.03893,0.00810,700.00000,0.00810,-0.00365,0.03624,-0.03803,-0.04449,-0.01117,-0.02712,-0.02823,0.00004,0.00007,0.01260,0.02799,0.00546,0.00446,0.03353,0.03810,-0.01646,0.06708,800.00000,18437.99902,0.03797,0.06501,0.01760,0.02881,0.05675,0.06230,0.09585,-0.21335
2015,001720,신영증권,KOSPI,333,3.87000,-0.01344,-0.00243,-0.00590,2000.00000,-0.00590,-0.01765,-0.01927,-0.02256,-0.02903,-0.03571,-0.04315,-0.04425,-0.05601,-0.02746,-0.01492,-0.04053,0.02345,0.02245,0.00969,0.17241,0.11786,0.15665,2000.00000,50984.76612,0.03923,0.01057,-0.00587,-0.02618,-0.01070,0.03952,0.18649,0.15041
2015,033660,우리금융캐피탈,KOSPI,394,4.52000,0.03017,0.04118,-0.04530,400.00000,-0.04530,-0.05705,-0.01649,-0.07887,-0.08533,-0.05107,-0.07891,-0.08002,-0.05112,-0.10377,-0.09124,-0.07673,-0.07595,-0.07695,-0.04807,-0.07754,-0.13209,-0.04970,300.00000,6837.42753,0.05850,0.02965,-0.00493,-0.00498,-0.03059,-0.00193,-0.00356,0.77434
2015,161000,애경케미칼,KOSPI,664,3.14000,-0.06932,-0.05830,-0.02480,1900.00000,-0.02480,-0.03655,-0.09240,-0.07811,-0.08457,-0.14201,-0.07452,-0.07563,-0.13867,-0.09037,-0.07784,-0.15342,-0.01592,-0.01692,-0.08413,-0.03381,-0.08836,-0.10078,1900.00000,56315.30949,0.03374,-0.06720,-0.11682,-0.11348,-0.12823,-0.05894,-0.07559,0.73506
2015,058610,에스피지,KOSDAQ,1111,3.48000,-0.05055,-0.03953,0.05320,50.00000,0.05320,0.04145,-0.00003,-0.02392,-0.03038,-0.07325,-0.03677,-0.03788,-0.08546,-0.05147,-0.03893,-0.09941,-0.00917,-0.01017,-0.05925,0.03669,-0.01787,-0.01571,200.00000,5456.63727,0.00916,0.00437,-0.06885,-0.08106,-0.09501,-0.05485,-0.01131,-5.80586
2015,067570,엔브이에이치코리아,KOSDAQ,1090,3.00000,-0.04795,-0.03693,0.00470,120.00000,0.00470,-0.00705,-0.04347,-0.00633,-0.01280,-0.05398,-0.02667,-0.02778,-0.07334,-0.05678,-0.04424,-0.10200,-0.07259,-0.07359,-0.11705,0.02199,-0.03256,-0.02701,100.00000,3173.51335,0.03781,-0.01483,-0.02534,-0.04470,-0.07336,-0.08841,0.00163,-0.12430
2015,006740,블루산업개발,KOSPI,1348,6.79000,0.14774,0.15875,0.00150,40.00000,0.00150,-0.01025,0.14946,-0.17753,-0.18400,-0.05603,-0.14640,-0.14751,-0.02030,-0.22186,-0.20932,-0.10690,-0.27502,-0.27602,-0.16792,-0.23506,-0.28961,-0.12205,200.00000,3380.66381,0.01183,0.15612,-0.04937,-0.01364,-0.10024,-0.16126,-0.11539,-0.12677
2015,036000,예림당,KOSDAQ,992,3.12000,0.03008,0.04109,0.01720,0.00000,0.01720,0.00545,0.04780,-0.05643,-0.06290,-0.02805,-0.08770,-0.08880,-0.06025,-0.16240,-0.14987,-0.13721,-0.16639,-0.16739,-0.14132,-0.05613,-0.11068,-0.02774,150.00000,4952.32013,0.00000,0.04445,-0.03140,-0.06360,-0.14056,-0.14467,-0.03109,
2015,015360,INVENI,KOSPI,598,3.36000,-0.00667,0.00435,-0.00410,1250.00000,-0.00410,-0.01585,-0.01074,-0.05293,-0.05939,-0.05924,-0.03936,-0.04047,-0.04577,-0.04073,-0.02820,-0.04713,-0.00679,-0.00779,-0.01341,0.00264,-0.05191,-0.00404,1250.00000,36954.40083,0.03383,0.01453,-0.03398,-0.02050,-0.02186,0.01186,0.02123,0.12121
2015,115440,우리넷,KOSDAQ,1812,3.50000,0.02809,0.03910,0.01020,150.00000,0.01020,-0.00155,0.03858,0.00114,-0.00532,0.02927,0.77729,0.77619,0.82722,0.30696,0.31950,0.34368,0.20242,0.20142,0.23620,0.53411,0.47955,0.57720,150.00000,4406.11304,0.03404,0.06403,0.05472,0.85268,0.36913,0.26165,0.60265,-0.29962
2015,000030,우리은행,KOSPI,48,5.27000,-0.03480,-0.02378,-0.02840,500.00000,-0.02840,-0.04015,-0.06221,-0.06764,-0.07411,-0.10009,-0.07413,-0.07523,-0.10635,-0.05448,-0.04194,-0.08738,-0.03590,-0.03690,-0.06945,0.02406,-0.03049,-0.01157,500.00000,9157.54040,0.05460,-0.01937,-0.05724,-0.06350,-0.04454,-0.02661,0.03127,0.52015
2015,077500,유니퀘스트,KOSPI,1051,9.93000,0.04734,0.05836,-0.04160,200.00000,-0.04160,-0.05335,0.00378,-0.11600,-0.12247,-0.07415,-0.14246,-0.14356,-0.10186,-0.16127,-0.14873,-0.12156,-0.14620,-0.14720,-0.10578,-0.08941,-0.14396,-0.04629,376.00000,3965.77618,0.05043,0.04309,-0.03484,-0.06255,-0.08224,-0.06647,-0.00698,0.82488
2015,002920,유성기업,KOSPI,1002,3.10000,-0.00600,0.00501,-0.00600,120.00000,-0.00600,-0.01775,-0.01197,-0.04924,-0.05571,-0.05495,-0.07682,-0.07792,-0.08236,-0.13194,-0.11940,-0.13715,-0.06603,-0.06703,-0.07163,-0.04683,-0.10138,-0.05255,130.00000,4168.37338,0.02879,0.00904,-0.03395,-0.06136,-0.11615,-0.05063,-0.03154,0.20842
2015,049520,유아이엘,KOSDAQ,885,5.29000,0.11004,0.12105,-0.03170,620.00000,-0.03170,-0.04345,0.07485,-0.08726,-0.09372,0.01318,-0.09121,-0.09231,0.00879,-0.15874,-0.14620,-0.06617,-0.09920,-0.10020,-0.00007,-0.02789,-0.08244,0.07908,600.00000,12590.21458,0.04924,0.11316,0.05149,0.04710,-0.02786,0.03824,0.11739,0.64373
2015,008730,율촌화학,KOSPI,475,4.10000,-0.01240,-0.00139,-0.02490,500.00000,-0.02490,-0.03665,-0.03700,-0.06220,-0.06867,-0.07384,-0.04963,-0.05073,-0.06142,-0.06198,-0.04944,-0.07362,-0.02038,-0.02138,-0.03253,0.05444,-0.00011,0.04136,500.00000,12043.84598,0.04151,-0.00522,-0.04206,-0.02964,-0.04184,-0.00076,0.07313,0.59978
2015,041520,이엘씨,KOSDAQ,684,3.26000,0.08475,0.09577,-0.02100,700.00000,-0.02100,-0.03275,0.06197,-0.04204,-0.04850,0.03915,-0.04205,-0.04315,0.03914,-0.15616,-0.14362,-0.08464,-0.08109,-0.08209,-0.00321,-0.10497,-0.15952,-0.02911,500.00000,16637.32767,0.04207,0.09422,0.07140,0.07139,-0.05240,0.02903,0.00313,0.49912
2015,092130,이크레더블,KOSDAQ,928,3.51000,0.00700,0.01802,-0.03380,420.00000,-0.03380,-0.04555,-0.02703,-0.09553,-0.10199,-0.08919,-0.12537,-0.12648,-0.11925,-0.08344,-0.07090,-0.07702,-0.06556,-0.06656,-0.05902,-0.03469,-0.08924,-0.02793,350.00000,10041.35655,0.04183,0.00500,-0.05716,-0.08721,-0.04498,-0.02698,0.00411,0.80809
2015,037330,인지디스플레,KOSDAQ,1440,3.16000,0.09797,0.10898,-0.00290,50.00000,-0.00290,-0.01465,0.09478,-0.06615,-0.07261,0.02534,-0.10355,-0.10465,-0.01573,-0.12649,-0.11396,-0.04092,0.03199,0.03100,0.13309,0.02345,-0.03111,0.12371,50.00000,1737.28641,0.02878,0.11578,0.04634,0.00527,-0.01992,0.15409,0.14471,0.10076
2015,017250,인터엠,KOSDAQ,1504,4.67000,0.00382,0.01483,0.00390,120.00000,0.00390,-0.00785,0.00774,-0.01553,-0.02200,-0.01177,-0.09494,-0.09605,-0.09149,-0.06397,-0.05144,-0.06040,-0.05426,-0.05526,-0.05065,-0.00213,-0.05668,0.00169,120.00000,2579.40991,0.04652,0.04374,0.02424,-0.05548,-0.02439,-0.01464,0.03769,-0.08383
2015,033240,자화전자,KOSPI,640,3.56000,0.38684,0.39785,-0.00640,400.00000,-0.00640,-0.01815,0.37796,0.01284,0.00637,0.40464,0.04486,0.04375,0.44905,0.00955,0.02209,0.40008,-0.00645,-0.00745,0.37790,-0.06094,-0.11549,0.30233,400.00000,15582.47876,0.02567,0.39633,0.42301,0.46742,0.41845,0.39626,0.32070,0.24932
2015,065530,와이어블,KOSDAQ,1193,3.23000,-0.06109,-0.05008,-0.01030,500.00000,-0.01030,-0.02205,-0.07076,-0.08586,-0.09232,-0.14171,-0.12371,-0.12482,-0.17725,-0.09279,-0.08025,-0.14821,-0.03766,-0.03865,-0.09645,0.11352,0.05896,0.04549,500.00000,14534.17198,0.03440,-0.04501,-0.11595,-0.15150,-0.12246,-0.07069,0.07124,0.29940
2015,040420,정상제이엘에스,KOSDAQ,1032,6.33000,0.03303,0.04404,-0.03640,420.00000,-0.03640,-0.04815,-0.00457,-0.06416,-0.07062,-0.03324,-0.06859,-0.06969,-0.03782,-0.07443,-0.06189,-0.04385,-0.06881,-0.06980,-0.03804,-0.05836,-0.11292,-0.02726,420.00000,6854.25045,0.06128,0.04392,0.01525,0.01067,0.00464,0.01044,0.02123,0.59404
2015,089790,제이티,KOSDAQ,1830,3.87000,-0.05495,-0.04394,0.00160,0.00000,0.00160,-0.01015,-0.05344,0.00163,-0.00483,-0.05341,-0.02984,-0.03094,-0.08315,0.18416,0.19670,0.11909,0.04874,0.04774,-0.00889,0.22168,0.16712,0.15454,130.00000,3174.56978,0.00000,-0.05679,-0.05676,-0.08650,0.11574,-0.01224,0.15119,
2015,000480,CR홀딩스,KOSPI,404,4.28000,-0.04277,-0.03176,-0.02010,4000.00000,-0.02010,-0.03185,-0.06201,-0.05479,-0.06125,-0.09522,-0.06028,-0.06139,-0.10048,-0.10166,-0.08912,-0.14009,-0.05609,-0.05709,-0.09647,0.02904,-0.02551,-0.01497,4000.00000,89460.41098,0.04471,-0.02754,-0.06074,-0.06600,-0.10561,-0.06199,0.01950,0.44954
2015,053050,지에스이,KOSDAQ,1469,4.29000,0.03301,0.04402,-0.01960,100.00000,-0.01960,-0.03135,0.01276,-0.06112,-0.06758,-0.03013,-0.04156,-0.04266,-0.00992,-0.08803,-0.07549,-0.05793,-0.02938,-0.03038,0.00266,-0.02699,-0.08154,0.00513,85.00000,2046.75327,0.04886,0.05075,0.00786,0.02806,-0.01994,0.04064,0.04311,0.40116
2015,071320,지역난방공사,KOSPI,252,3.48000,0.00516,0.01617,-0.03940,3620.00000,-0.03940,-0.05115,-0.03444,-0.04926,-0.05572,-0.04435,-0.05428,-0.05538,-0.04940,-0.02638,-0.01384,-0.02135,0.12962,0.12862,0.13545,0.15740,0.10284,0.16337,2110.00000,60944.98573,0.05940,0.01246,0.00255,-0.00250,0.02555,0.18235,0.21027,0.66332
2015,100250,진양홀딩스,KOSPI,621,4.45000,0.03100,0.04201,-0.01310,140.00000,-0.01310,-0.02485,0.01749,-0.15428,-0.16075,-0.12807,-0.15044,-0.15155,-0.12411,-0.17782,-0.16528,-0.15233,-0.14639,-0.14739,-0.11993,-0.00013,-0.05468,0.03086,165.00000,3822.79571,0.03662,0.04512,-0.10044,-0.09648,-0.12470,-0.09230,0.05850,0.35770
2015,096240,크레버스,KOSDAQ,1362,7.77000,0.21881,0.22982,-0.04380,800.00000,-0.04380,-0.05555,0.16543,-0.07958,-0.08605,0.12182,-0.03980,-0.04091,0.17030,0.00392,0.01646,0.22359,0.18694,0.18594,0.44666,0.17478,0.12023,0.43184,800.00000,12548.90178,0.06375,0.21601,0.17240,0.22088,0.27417,0.49724,0.48242,0.68705
2015,115500,케이씨에스,KOSDAQ,1508,3.28000,-0.09960,-0.08859,-0.01560,70.00000,-0.01560,-0.02735,-0.11365,0.02338,0.01692,-0.07855,0.11311,0.11200,0.00224,0.19117,0.20371,0.07253,0.22487,0.22387,0.10286,0.47946,0.42490,0.33210,140.00000,3843.15556,0.01821,-0.10159,-0.06649,0.01430,0.08459,0.11492,0.34416,0.85647
2015,089150,케이씨티,KOSDAQ,1597,4.64000,0.05232,0.06333,-0.01840,60.00000,-0.01840,-0.03015,0.03296,-0.00910,-0.01557,0.04274,-0.09367,-0.09477,-0.04624,-0.10279,-0.09025,-0.05584,-0.04947,-0.05047,0.00026,0.00012,-0.05444,0.05245,120.00000,2721.52527,0.02205,0.04826,0.05804,-0.03094,-0.04054,0.01557,0.06775,0.83460
2015,123410,코리아에프티,KOSDAQ,973,3.17000,0.01723,0.02824,0.00000,110.00000,0.00000,-0.01175,0.01723,-0.05169,-0.05815,-0.03535,-0.03855,-0.03965,-0.02198,-0.06494,-0.05241,-0.04883,-0.09605,-0.09705,-0.08048,-0.06267,-0.11722,-0.04652,130.00000,4171.60053,0.02637,0.03619,-0.01639,-0.00303,-0.02988,-0.06152,-0.02756,
2015,078000,텔코웨어,KOSPI,812,4.05000,-0.00691,0.00410,-0.04420,660.00000,-0.04420,-0.05595,-0.05081,-0.06134,-0.06780,-0.06783,-0.11576,-0.11686,-0.12187,-0.08856,-0.07602,-0.09486,-0.10865,-0.10965,-0.11481,-0.09845,-0.15300,-0.10468,600.00000,14712.41696,0.04486,-0.01620,-0.03323,-0.08727,-0.06026,-0.08021,-0.07008,0.98529
2015,128660,피제이메탈,KOSDAQ,1565,4.24000,-0.00465,0.00636,-0.02130,100.00000,-0.02130,-0.03305,-0.02585,-0.11113,-0.11760,-0.11526,-0.13960,-0.14070,-0.14360,-0.19394,-0.18141,-0.19769,-0.13483,-0.13583,-0.13885,-0.14905,-0.20360,-0.15300,90.00000,2112.77811,0.04733,0.01084,-0.07857,-0.10690,-0.16100,-0.10216,-0.11631,0.45002
2015,000080,하이트진로,KOSPI,130,4.14000,-0.00817,0.00284,-0.03130,1000.00000,-0.03130,-0.04305,-0.03922,0.10862,0.10215,0.09956,0.16705,0.16594,0.15751,0.22965,0.24218,0.21960,0.21100,0.21000,0.20111,0.23211,0.17756,0.22204,1000.00000,23957.20611,0.04174,-0.00725,0.13152,0.18947,0.25156,0.23307,0.25401,0.74986
2015,000140,하이트진로홀딩스,KOSPI,441,3.10000,-0.04821,-0.03720,-0.02540,200.00000,-0.02540,-0.03715,-0.07239,0.04347,0.03700,-0.00684,0.07241,0.07131,0.02071,0.13046,0.14300,0.07596,0.22456,0.22356,0.16553,0.14456,0.09000,0.08938,450.00000,13816.30072,0.01448,-0.06349,0.00206,0.02961,0.08486,0.17442,0.09827,1.75467
2015,034950,한국기업평가,KOSDAQ,588,3.36000,0.02201,0.03302,-0.04010,1537.00000,-0.04010,-0.05185,-0.01897,-0.03816,-0.04462,-0.01699,-0.09196,-0.09306,-0.07197,-0.11259,-0.10005,-0.09306,-0.13887,-0.13987,-0.11992,-0.16352,-0.21807,-0.14511,1682.00000,51161.21146,0.03004,0.00309,0.00508,-0.04991,-0.07100,-0.09786,-0.12305,1.33479
2015,002960,한국쉘석유,KOSPI,270,3.83000,-0.01315,-0.00214,-0.03370,20000.00000,-0.03370,-0.04545,-0.04640,-0.07054,-0.07701,-0.08276,-0.07261,-0.07371,-0.08480,-0.01030,0.00223,-0.02331,-0.04193,-0.04293,-0.05452,0.00389,-0.05066,-0.00931,19000.00000,489561.32576,0.04085,-0.01519,-0.05155,-0.05359,0.00790,-0.02331,0.02190,0.82491
2015,054040,한국컴퓨터,KOSDAQ,1410,3.30000,-0.04129,-0.03028,-0.00570,130.00000,-0.00570,-0.01745,-0.04676,-0.06297,-0.06944,-0.10167,-0.08451,-0.08561,-0.12231,-0.09178,-0.07924,-0.12928,-0.02596,-0.02696,-0.06618,0.01139,-0.04316,-0.03037,120.00000,3486.20384,0.03729,-0.01856,-0.07347,-0.09411,-0.10108,-0.03798,-0.00218,0.15286
2015,052600,한네트,KOSDAQ,1586,3.07000,-0.13286,-0.12184,-0.02650,120.00000,-0.02650,-0.03825,-0.15583,-0.04712,-0.05359,-0.17372,-0.07665,-0.07775,-0.19932,-0.11374,-0.10120,-0.23148,-0.01958,-0.02057,-0.14983,-0.04598,-0.10053,-0.17272,120.00000,3389.49038,0.03540,-0.12923,-0.14712,-0.17272,-0.20488,-0.12323,-0.14612,0.74851
2015,042700,한미반도체,KOSPI,528,4.81000,0.17312,0.18413,-0.01640,500.00000,-0.01640,-0.02815,0.15388,-0.00004,-0.00651,0.17307,0.01637,0.01527,0.19232,0.05314,0.06568,0.23546,0.07361,0.07261,0.25947,0.18026,0.12571,0.38459,500.00000,12194.54604,0.04100,0.18521,0.20440,0.22366,0.26679,0.29081,0.41592,0.39998
2015,001750,한양증권,KOSPI,1014,4.17000,-0.07617,-0.06516,-0.05420,400.00000,-0.05420,-0.06595,-0.12624,-0.09019,-0.09665,-0.15949,-0.11338,-0.11449,-0.18091,-0.11980,-0.10726,-0.18684,-0.07321,-0.07421,-0.14381,-0.02415,-0.07870,-0.09848,350.00000,7753.97695,0.05159,-0.08595,-0.11920,-0.14062,-0.14655,-0.10351,-0.05819,1.05066
2015,003480,한진중공업홀딩스,KOSPI,714,3.34000,0.00167,0.01268,0.00830,0.00000,0.00830,-0.00345,0.00998,-0.22086,-0.22733,-0.21956,-0.21006,-0.21116,-0.20874,-0.26678,-0.25425,-0.26556,-0.11013,-0.11113,-0.10865,-0.04510,-0.09965,-0.04351,200.00000,5998.01405,0.00000,0.00663,-0.22291,-0.21209,-0.26891,-0.11200,-0.04686,
2015,079980,휴비스,KOSPI,514,3.76000,0.01878,0.02979,-0.02950,300.00000,-0.02950,-0.04125,-0.01128,-0.07008,-0.07654,-0.05262,-0.04669,-0.04779,-0.02879,-0.13026,-0.11773,-0.11393,-0.02817,-0.02917,-0.00992,0.11201,0.05745,0.13289,300.00000,8128.53431,0.03691,0.01660,-0.02474,-0.00092,-0.08606,0.01795,0.16076,0.79931
2015,005010,휴스틸,KOSPI,993,4.38000,-0.00309,0.00792,-0.02190,400.00000,-0.02190,-0.03365,-0.02492,-0.06586,-0.07232,-0.06874,-0.07850,-0.07960,-0.08134,-0.09424,-0.08170,-0.09704,-0.05959,-0.06059,-0.06249,-0.03450,-0.08905,-0.03748,700.00000,15932.36810,0.02511,-0.00703,-0.05085,-0.06345,-0.07915,-0.04460,-0.01959,0.87230
2015,069260,TKG휴켐스,KOSPI,245,3.16000,-0.10043,-0.08942,-0.02560,500.00000,-0.02560,-0.03735,-0.12346,-0.02240,-0.02886,-0.12058,-0.05115,-0.05226,-0.14645,0.10542,0.11796,-0.00560,0.12453,0.12353,0.01159,0.21411,0.15955,0.09217,550.00000,15657.00784,0.03193,-0.09980,-0.09691,-0.12278,0.01807,0.03526,0.11584,0.80164
2016,032040,C&S자산관리,KOSDAQ,1181,3.88000,-0.14599,-0.18316,-0.03090,0.00000,-0.03090,-0.03534,-0.17238,0.03635,0.00434,-0.11495,0.02831,-0.00092,-0.12182,0.01158,0.00678,-0.13610,-0.07178,-0.07199,-0.20729,-0.24781,-0.25696,-0.35762,125.00000,2751.30616,0.00000,-0.17573,-0.11830,-0.12517,-0.13945,-0.21064,-0.36097,
2016,017940,E1,KOSPI,328,4.20000,0.02445,-0.01272,-0.01260,2000.00000,-0.01260,-0.01704,0.01154,-0.05999,-0.09200,-0.03701,-0.07095,-0.10017,-0.04823,-0.08517,-0.08998,-0.06281,-0.10739,-0.10761,-0.08557,-0.13426,-0.14341,-0.11310,2600.00000,63418.11033,0.03154,0.03487,-0.01368,-0.02490,-0.03948,-0.06224,-0.08977,0.39953
2016,114090,GKL,KOSPI,145,3.78000,-0.03180,-0.06896,-0.02820,1000.00000,-0.02820,-0.03264,-0.05910,-0.04929,-0.08131,-0.07952,-0.08446,-0.11368,-0.11357,-0.09849,-0.10330,-0.12716,0.00500,0.00479,-0.02695,0.02140,0.01225,-0.01108,831.00000,21285.09970,0.04698,-0.02270,-0.04313,-0.07718,-0.09076,0.00944,0.02532,0.60024
2016,028150,GS홈쇼핑,KOSDAQ,163,3.02000,0.01533,-0.02183,-0.01490,7000.00000,-0.01490,-0.01934,0.00020,-0.06071,-0.09272,-0.04631,-0.05726,-0.08649,-0.04281,0.03662,0.03181,0.05251,0.24212,0.24191,0.26116,0.32664,0.31749,0.34697,5200.00000,174824.75434,0.04004,0.03072,-0.01579,-0.01229,0.08303,0.29168,0.37750,0.37213
2016,001500,현대차증권,KOSPI,470,4.65000,0.01437,-0.02279,-0.02340,400.00000,-0.02340,-0.02784,-0.00937,-0.01946,-0.05147,-0.00537,-0.00614,-0.03537,0.00814,0.02942,0.02461,0.04421,0.01919,0.01898,0.03383,0.12109,0.11194,0.13720,450.00000,9816.46566,0.04075,0.02175,0.02576,0.03926,0.07533,0.06496,0.16832,0.57426
2016,234080,JW생명과학,KOSPI,634,3.21000,0.06173,0.02456,0.02430,600.00000,0.02430,0.01986,0.08753,0.01502,-0.01699,0.07767,0.01680,-0.01243,0.07956,0.06731,0.06250,0.13319,0.10469,0.10448,0.17288,0.08797,0.07881,0.15512,808.00000,26725.07041,0.02245,0.10317,0.09331,0.09520,0.14883,0.18852,0.17077,-1.08237
2016,044450,KSS해운,KOSPI,685,3.39000,0.04301,0.00585,0.00880,170.00000,0.00880,0.00436,0.05219,0.01250,-0.01951,0.05605,0.00501,-0.02421,0.04823,0.07625,0.07145,0.12254,0.09871,0.09849,0.14596,0.08238,0.07323,0.12894,260.00000,7999.47490,0.02125,0.06682,0.07068,0.06286,0.13717,0.16059,0.14356,-0.41409
2016,033780,KT&G,KOSPI,18,3.24000,0.00933,-0.02784,-0.02830,3600.00000,-0.02830,-0.03274,-0.01924,-0.04714,-0.07916,-0.03826,-0.08480,-0.11402,-0.07626,-0.05164,-0.05644,-0.04279,-0.03280,-0.03302,-0.02378,-0.09027,-0.09943,-0.08179,3400.00000,105916.98749,0.03399,0.00617,-0.01285,-0.05085,-0.01739,0.00162,-0.05639,0.83263
2016,058850,KTcs,KOSPI,1078,4.14000,0.05184,0.01468,-0.02560,80.00000,-0.02560,-0.03004,0.02491,-0.02766,-0.05967,0.02275,-0.03365,-0.06287,0.01645,-0.05138,-0.05618,-0.00220,0.02309,0.02288,0.07613,-0.00258,-0.01173,0.04913,100.00000,2540.67990,0.03149,0.04820,0.04603,0.03973,0.02109,0.09942,0.07242,0.81302
2016,023150,MH에탄올,KOSPI,1569,3.21000,0.03230,-0.00486,-0.02490,300.00000,-0.02490,-0.02934,0.00659,-0.03857,-0.07058,-0.00752,-0.03612,-0.06534,-0.00499,-0.06611,-0.07091,-0.03595,-0.04503,-0.04525,-0.01419,-0.02242,-0.03157,0.00916,250.00000,8039.70175,0.03731,0.03481,0.02070,0.02323,-0.00773,0.01403,0.03737,0.66730
2016,005940,NH투자증권,KOSPI,77,4.07000,0.02749,-0.00967,-0.03370,400.00000,-0.03370,-0.03814,-0.00714,-0.00998,-0.04199,0.01723,0.04949,0.02026,0.07833,0.13860,0.13380,0.16990,0.12875,0.12853,0.15977,0.24243,0.23327,0.27658,400.00000,10098.16919,0.03961,0.02302,0.04739,0.10850,0.20006,0.18994,0.30674,0.85077
2016,005490,POSCO홀딩스,KOSPI,10,3.21000,0.03609,-0.00107,-0.01160,8000.00000,-0.01160,-0.01604,0.02408,-0.04259,-0.07460,-0.00803,0.03090,0.00168,0.06811,0.06765,0.06284,0.10618,0.08313,0.08292,0.12223,0.06580,0.05665,0.10427,8000.00000,258216.51881,0.03098,0.04694,0.01483,0.09097,0.12904,0.14509,0.12713,0.37441
2016,034120,SBS,KOSPI,322,3.18000,0.11428,0.07712,0.00190,0.00000,0.00190,-0.00254,0.11639,-0.01709,-0.04910,0.09523,-0.01514,-0.04437,0.09740,-0.02453,-0.02933,0.08695,-0.03801,-0.03823,0.07192,-0.05144,-0.06059,0.05696,750.00000,26280.12621,0.00000,0.11304,0.09188,0.09405,0.08360,0.06857,0.05361,
2016,096770,SK이노베이션,KOSPI,19,3.15000,-0.00338,-0.04054,-0.02630,6400.00000,-0.02630,-0.03074,-0.02959,0.01325,-0.01877,0.00982,0.05601,0.02679,0.05245,0.06582,0.06102,0.06222,0.00990,0.00969,0.00649,0.07242,0.06327,0.06880,4800.00000,151866.05570,0.04214,0.00271,0.04212,0.08475,0.09452,0.03879,0.10110,0.62407
2016,017670,SK텔레콤,KOSPI,13,4.42000,0.02223,-0.01493,-0.02810,10000.00000,-0.02810,-0.03254,-0.00649,-0.01295,-0.04496,0.00899,-0.00862,-0.03784,0.01342,-0.03674,-0.04154,-0.01533,0.00435,0.00413,0.02668,0.12801,0.11886,0.15309,10000.00000,231273.85906,0.04324,0.02674,0.04222,0.04665,0.01790,0.05991,0.18632,0.64988
2016,002100,경농,KOSPI,929,4.12000,0.03445,-0.00272,-0.02820,265.00000,-0.02820,-0.03264,0.00527,0.00333,-0.02869,0.03789,0.01166,-0.01756,0.04651,-0.02335,-0.02815,0.01029,-0.06158,-0.06179,-0.02926,-0.07149,-0.08064,-0.03951,240.00000,6025.89381,0.04398,0.03913,0.07174,0.08036,0.04415,0.00460,-0.00565,0.64125
2016,011040,경동제약,KOSDAQ,539,3.33000,0.04735,0.01019,-0.02120,700.00000,-0.02120,-0.02564,0.02515,-0.02920,-0.06121,0.01677,-0.04778,-0.07700,-0.00269,-0.07423,-0.07904,-0.03040,-0.01868,-0.01890,0.02778,-0.00519,-0.01434,0.04192,600.00000,18871.16703,0.03709,0.05318,0.04480,0.02534,-0.00237,0.05581,0.06995,0.57153
2016,215000,골프존,KOSDAQ,337,6.13000,0.02915,-0.00801,-0.02830,1600.00000,-0.02830,-0.03274,0.00003,-0.04765,-0.07966,-0.01989,-0.04623,-0.07545,-0.01842,-0.06256,-0.06737,-0.03523,-0.00896,-0.00918,0.01993,-0.23374,-0.24289,-0.21140,4000.00000,67155.28289,0.02383,0.01684,-0.00308,-0.00161,-0.01843,0.03674,-0.19460,1.18781
2016,121440,골프존홀딩스,KOSDAQ,408,7.46000,0.06295,0.02579,-0.05440,117.00000,-0.05440,-0.05884,0.00512,-0.09797,-0.12998,-0.04118,-0.14160,-0.17083,-0.08757,-0.15855,-0.16336,-0.10559,-0.19854,-0.19875,-0.14809,-0.25424,-0.26339,-0.20730,580.00000,8264.21661,0.01416,0.01375,-0.03256,-0.07894,-0.09696,-0.13946,-0.19867,3.84251
2016,053270,구영테크,KOSDAQ,1769,4.72000,0.09430,0.05714,0.00000,0.00000,0.00000,-0.00444,0.09430,0.03876,0.00675,0.13672,0.04105,0.01182,0.13922,0.07120,0.06640,0.17222,0.01297,0.01275,0.10850,-0.03426,-0.04341,0.05681,100.00000,2318.44157,0.00000,0.09095,0.13337,0.13587,0.16887,0.10515,0.05346,
2016,014530,극동유화,KOSPI,1064,3.32000,0.10117,0.06401,-0.02710,115.00000,-0.02710,-0.03154,0.07133,-0.05411,-0.08612,0.04159,-0.04505,-0.07427,0.05157,-0.01048,-0.01528,0.08964,0.03621,0.03599,0.14104,0.15805,0.14890,0.27521,100.00000,3316.78870,0.03467,0.09731,0.06757,0.07755,0.11562,0.16703,0.30119,0.78161
2016,092440,기신정기,KOSPI,836,3.10000,0.01131,-0.02585,-0.00310,150.00000,-0.00310,-0.00754,0.00818,-0.00927,-0.04128,0.00194,-0.01333,-0.04255,-0.00217,-0.04089,-0.04570,-0.03004,-0.03370,-0.03391,-0.02277,-0.03796,-0.04711,-0.02708,150.00000,4893.45767,0.03065,0.03076,0.02453,0.02042,-0.00746,-0.00018,-0.00449,0.10113
2016,024110,기업은행,KOSPI,37,3.45000,0.03062,-0.00654,-0.02970,480.00000,-0.02970,-0.03414,0.00001,-0.07800,-0.11001,-0.04977,-0.07807,-0.10729,-0.04985,-0.05208,-0.05688,-0.02305,-0.07835,-0.07857,-0.05014,-0.08587,-0.09502,-0.05788,450.00000,13442.83510,0.03571,0.02687,-0.02291,-0.02299,0.00381,-0.02328,-0.03103,0.83178
2016,085910,네오티스,KOSDAQ,1566,6.70000,0.04784,0.01068,-0.04940,350.00000,-0.04940,-0.05384,-0.00392,-0.05844,-0.09045,-0.01340,-0.06216,-0.09138,-0.01729,-0.06031,-0.06511,-0.01535,-0.06030,-0.06052,-0.01535,-0.06588,-0.07503,-0.02119,350.00000,5473.79614,0.06394,0.04682,0.03735,0.03346,0.03539,0.03540,0.02956,0.77259
2016,008060,대덕,KOSPI,365,3.87000,0.06199,0.02483,-0.02310,300.00000,-0.02310,-0.02754,0.03746,-0.03289,-0.06490,0.02706,0.02547,-0.00375,0.08904,0.00225,-0.00255,0.06438,0.02998,0.02977,0.09383,0.14276,0.13361,0.21360,300.00000,8232.46718,0.03644,0.06494,0.05454,0.11652,0.09186,0.12131,0.24108,0.63390
2016,117580,대성에너지,KOSPI,690,3.91000,0.01727,-0.01989,-0.02310,250.00000,-0.02310,-0.02754,-0.00623,-0.00766,-0.03968,0.00947,-0.03389,-0.06311,-0.01720,-0.04016,-0.04496,-0.02358,-0.04484,-0.04505,-0.02834,-0.05557,-0.06472,-0.03926,250.00000,6504.29436,0.03844,0.02294,0.03864,0.01196,0.00559,0.00083,-0.01009,0.60100
2016,003540,대신증권,KOSPI,279,4.81000,0.05778,0.02062,-0.02730,550.00000,-0.02730,-0.03174,0.02890,-0.04543,-0.07744,0.00972,-0.02275,-0.05197,0.03372,0.01358,0.00878,0.07215,0.04102,0.04080,0.10117,0.06356,0.05441,0.12501,500.00000,10995.62905,0.05002,0.06787,0.04869,0.07268,0.11111,0.14013,0.16398,0.54578
2016,140520,대창스틸,KOSDAQ,1491,3.45000,0.11959,0.08243,-0.01440,150.00000,-0.01440,-0.01884,0.10347,0.01334,-0.01867,0.13453,0.01655,-0.01267,0.13812,-0.08410,-0.08890,0.02544,0.01129,0.01108,0.13224,-0.07290,-0.08205,0.03797,150.00000,4867.78809,0.03081,0.12619,0.15725,0.16084,0.04816,0.15495,0.06069,0.46731
2016,002150,도화엔지니어링,KOSPI,738,3.09000,0.00611,-0.03105,-0.00720,170.00000,-0.00720,-0.01164,-0.00114,-0.02255,-0.05456,-0.01658,-0.04306,-0.07228,-0.03722,-0.08592,-0.09073,-0.08034,-0.07981,-0.08003,-0.07419,-0.08192,-0.09107,-0.07631,150.00000,4884.01967,0.03481,0.02496,0.00952,-0.01112,-0.05424,-0.04810,-0.05021,0.20685
2016,102260,동성케미컬,KOSPI,468,3.20000,0.03043,-0.00674,-0.02170,200.00000,-0.02170,-0.02614,0.00807,-0.03722,-0.06924,-0.00793,-0.03884,-0.06806,-0.00960,-0.04502,-0.04982,-0.01596,-0.06046,-0.06068,-0.03188,-0.09158,-0.10073,-0.06394,200.00000,6440.16275,0.03106,0.03099,0.01499,0.01333,0.00696,-0.00895,-0.04102,0.69876
2016,001520,동양,KOSPI,231,3.37000,0.05733,0.02017,-0.03180,50.00000,-0.03180,-0.03624,0.02371,-0.02535,-0.05736,0.03053,-0.07149,-0.10072,-0.01826,-0.11450,-0.11930,-0.06373,-0.09854,-0.09876,-0.04687,-0.16240,-0.17156,-0.11439,100.00000,3137.47329,0.01594,0.03384,0.04066,-0.00813,-0.05360,-0.03673,-0.10425,1.99543
2016,084670,동양고속,KOSPI,1091,4.55000,-0.01553,-0.05270,0.01230,200.00000,0.01230,0.00786,-0.00343,0.00541,-0.02660,-0.01021,0.00530,-0.02393,-0.01032,-0.01095,-0.01575,-0.02631,-0.01939,-0.01961,-0.03462,-0.06335,-0.07250,-0.07790,1750.00000,37864.04960,0.00528,-0.00231,-0.00909,-0.00920,-0.02519,-0.03351,-0.07678,-2.32864
2016,082640,동양생명,KOSPI,143,4.81000,0.06192,0.02476,-0.03650,200.00000,-0.03650,-0.04094,0.02316,-0.18622,-0.21823,-0.13583,-0.18989,-0.21911,-0.13972,-0.21535,-0.22016,-0.16677,-0.23346,-0.23367,-0.18599,-0.24796,-0.25711,-0.20140,620.00000,13687.95563,0.01461,0.03217,-0.12682,-0.13071,-0.15776,-0.17698,-0.19238,2.49805
2016,018500,동원모빌리티,KOSPI,1005,3.09000,0.05531,0.01815,0.00290,100.00000,0.00290,-0.00154,0.05837,0.04826,0.01625,0.10624,0.02042,-0.00880,0.07687,0.01608,0.01128,0.07229,0.07001,0.06979,0.12919,0.14883,0.13967,0.21237,100.00000,3415.25120,0.02928,0.07979,0.12766,0.09829,0.09371,0.15061,0.23379,-0.09904
2016,000150,두산,KOSPI,90,4.12000,0.04051,0.00334,-0.05220,5100.00000,-0.05220,-0.05664,-0.01381,-0.08260,-0.11462,-0.04544,-0.06083,-0.09005,-0.02279,-0.10000,-0.10480,-0.06354,-0.12166,-0.12187,-0.08608,-0.18251,-0.19166,-0.14940,4550.00000,114910.27895,0.04438,0.02039,-0.01125,0.01141,-0.02935,-0.05188,-0.11520,1.17614
2016,034020,두산에너빌리티,KOSPI,78,3.29000,0.07949,0.04232,-0.00360,550.00000,-0.00360,-0.00804,0.07560,0.01254,-0.01947,0.09303,0.06284,0.03362,0.14732,0.00903,0.00423,0.08924,-0.04480,-0.04501,0.03113,-0.12203,-0.13118,-0.05224,850.00000,27889.44602,0.01972,0.08893,0.10636,0.16066,0.10257,0.04446,-0.03891,0.18255
2016,068930,디지털대성,KOSDAQ,1311,4.50000,0.12225,0.08509,-0.02260,160.00000,-0.02260,-0.02704,0.09689,-0.02277,-0.05479,0.09669,0.05230,0.02308,0.18094,0.00719,0.00239,0.13032,-0.01431,-0.01453,0.10619,-0.04183,-0.05098,0.07531,160.00000,3990.22521,0.04010,0.12746,0.12726,0.21152,0.16089,0.13676,0.10588,0.56362
2016,001080,만호제강,KOSPI,1367,5.56000,0.05278,0.01562,0.00260,0.00000,0.00260,-0.00184,0.05552,0.02373,-0.00828,0.07776,0.06860,0.03938,0.12501,0.03969,0.03488,0.09456,0.00803,0.00782,0.06124,0.01862,0.00947,0.07238,1000.00000,18934.93328,0.00000,0.05217,0.07441,0.12166,0.09121,0.05789,0.06903,
2016,008560,메리츠증권,KOSPI,116,6.49000,0.04633,0.00917,-0.06200,200.00000,-0.06200,-0.06644,-0.01855,-0.05396,-0.08597,-0.01013,-0.04048,-0.06970,0.00397,-0.03519,-0.04000,0.00951,-0.01618,-0.01640,0.02939,0.00003,-0.00912,0.04636,230.00000,3708.09310,0.05394,0.02373,0.03215,0.04625,0.05178,0.07167,0.08864,1.14951
2016,000060,메리츠화재,KOSPI,114,3.45000,-0.03663,-0.07380,-0.02200,830.00000,-0.02200,-0.02644,-0.05783,-0.03778,-0.06979,-0.07303,-0.02839,-0.05761,-0.06398,-0.05045,-0.05525,-0.08524,-0.01900,-0.01921,-0.05494,-0.00336,-0.01251,-0.03987,570.00000,15916.46975,0.05215,-0.01706,-0.03226,-0.02322,-0.04447,-0.01417,0.00089,0.42188
2016,009580,무림P&P,KOSPI,516,4.91000,0.03448,-0.00269,-0.03080,125.00000,-0.03080,-0.03524,0.00261,-0.04866,-0.08067,-0.01586,-0.06178,-0.09100,-0.02944,-0.06652,-0.07132,-0.03433,-0.05212,-0.05233,-0.01944,-0.02114,-0.03029,0.01261,200.00000,4213.75375,0.02966,0.02436,0.00589,-0.00769,-0.01259,0.00231,0.03435,1.03827
2016,006800,미래에셋증권,KOSPI,93,4.75000,0.06471,0.02755,-0.01490,50.00000,-0.01490,-0.01934,0.04885,0.08509,0.05307,0.15531,0.15415,0.12493,0.22884,0.18932,0.18452,0.26629,0.21649,0.21628,0.29522,0.23818,0.22903,0.31831,330.00000,7396.96505,0.00676,0.05122,0.15767,0.23121,0.26866,0.29759,0.32067,2.20430
2016,033560,블루콤,KOSDAQ,620,3.70000,0.01384,-0.02332,0.01370,50.00000,0.01370,0.00926,0.02773,0.03200,-0.00001,0.04628,0.03201,0.00279,0.04629,-0.01819,-0.02299,-0.00460,-0.05461,-0.05482,-0.04152,-0.07746,-0.08661,-0.06470,400.00000,10960.42173,0.00456,0.02824,0.04679,0.04680,-0.00409,-0.04101,-0.06419,-3.00316
2016,093190,빅솔론,KOSDAQ,895,3.14000,0.01555,-0.02161,0.00000,300.00000,0.00000,-0.00444,0.01555,-0.03100,-0.06301,-0.01593,-0.04642,-0.07564,-0.03159,-0.05032,-0.05513,-0.03555,-0.06208,-0.06229,-0.04749,-0.07371,-0.08287,-0.05931,400.00000,12936.97511,0.02319,0.03182,0.00034,-0.01532,-0.01929,-0.03123,-0.04304,
2016,072950,빛샘전자,KOSDAQ,1817,3.19000,0.05918,0.02201,0.01510,100.00000,0.01510,0.01066,0.07517,0.01062,-0.02139,0.07042,-0.06477,-0.09400,-0.00943,-0.05721,-0.06201,-0.00142,-0.09635,-0.09656,-0.04288,-0.09486,-0.10402,-0.04130,200.00000,6640.60083,0.01506,0.08456,0.07981,-0.00004,0.00797,-0.03349,-0.03191,-1.00273
2016,111870,KH 미래물산,KOSDAQ,1043,4.41000,0.14092,0.10376,-0.03470,400.00000,-0.03470,-0.03914,0.10133,0.03480,0.00279,0.18063,0.05800,0.02878,0.20709,0.15065,0.14585,0.31280,0.46727,0.46705,0.67403,0.31261,0.30346,0.49759,500.00000,12935.61013,0.03092,0.12414,0.20344,0.22990,0.33561,0.69684,0.52040,1.12216
2016,016360,삼성증권,KOSPI,86,3.12000,0.00765,-0.02951,-0.01390,650.00000,-0.01390,-0.01834,-0.00635,0.01083,-0.02118,0.01857,0.02178,-0.00744,0.02960,0.03111,0.02630,0.03900,0.06003,0.05981,0.06814,0.08546,0.07631,0.09377,1000.00000,32296.63275,0.02013,0.00733,0.03225,0.04328,0.05267,0.08182,0.10745,0.69065
2016,029780,삼성카드,KOSPI,57,3.59000,0.03221,-0.00495,-0.04520,1500.00000,-0.04520,-0.04964,-0.01444,-0.09624,-0.12825,-0.06712,-0.09154,-0.12077,-0.06228,-0.08231,-0.08711,-0.05275,-0.03953,-0.03974,-0.00859,-0.08584,-0.09499,-0.05639,1500.00000,43128.71387,0.03478,0.01163,-0.04105,-0.03620,-0.02667,0.01749,-0.03031,1.29961
2016,000390,SP삼화,KOSPI,572,5.22000,0.07637,0.03921,-0.03400,300.00000,-0.03400,-0.03844,0.03978,-0.08061,-0.11263,-0.01040,-0.12034,-0.14956,-0.05315,-0.16791,-0.17271,-0.10436,-0.12046,-0.12067,-0.05329,-0.16591,-0.17506,-0.10221,500.00000,10310.08438,0.02910,0.06104,0.01087,-0.03189,-0.08309,-0.03202,-0.08094,1.16848
2016,093920,서원인텍,KOSDAQ,632,5.53000,0.04608,0.00892,-0.03520,660.00000,-0.03520,-0.03964,0.00926,-0.07041,-0.10242,-0.02758,-0.09250,-0.12172,-0.05068,-0.00871,-0.01352,0.03697,-0.04390,-0.04412,0.00015,-0.03069,-0.03984,0.01398,600.00000,11349.89335,0.05815,0.05510,0.01827,-0.00483,0.08281,0.04600,0.05982,0.60533
2016,065710,서호전기,KOSDAQ,1546,4.35000,0.05232,0.01516,-0.04130,700.00000,-0.04130,-0.04574,0.00886,-0.07016,-0.10217,-0.02151,-0.11569,-0.14491,-0.06942,-0.11978,-0.12459,-0.07373,-0.11973,-0.11994,-0.07367,-0.10330,-0.11245,-0.05638,500.00000,12095.65722,0.05787,0.05447,0.02410,-0.02381,-0.02812,-0.02806,-0.01077,0.71364
2016,003080,SB성보,KOSPI,913,3.44000,0.11413,0.07697,-0.17130,440.00000,-0.17130,-0.17574,-0.07672,-0.21913,-0.25115,-0.13001,-0.21212,-0.24134,-0.12220,-0.20228,-0.20708,-0.11123,-0.15712,-0.15734,-0.06093,-0.16014,-0.16929,-0.06429,220.00000,7125.24447,0.06175,-0.02783,-0.08112,-0.07330,-0.06234,-0.01204,-0.01539,2.77399
2016,001430,세아베스틸지주,KOSPI,197,4.06000,0.05689,0.01973,-0.01730,800.00000,-0.01730,-0.02174,0.03861,-0.05569,-0.08770,-0.00197,-0.01149,-0.04071,0.04475,-0.03461,-0.03942,0.02031,0.00767,0.00745,0.06500,0.09008,0.08093,0.15210,1000.00000,26031.84310,0.03073,0.06126,0.02068,0.06740,0.04296,0.08764,0.17475,0.56294
2016,019440,세아특수강,KOSPI,678,3.34000,0.07627,0.03911,0.00670,750.00000,0.00670,0.00226,0.08348,-0.01996,-0.05197,0.05479,0.00002,-0.02920,0.07629,-0.07545,-0.08026,-0.00494,-0.09966,-0.09987,-0.03099,-0.08877,-0.09792,-0.01927,700.00000,22556.53368,0.03325,0.10826,0.07957,0.10107,0.01984,-0.00621,0.00551,-0.20151
2016,075580,세진중공업,KOSPI,1034,3.51000,0.16698,0.12982,-0.03310,100.00000,-0.03310,-0.03754,0.12836,-0.02853,-0.06054,0.13369,-0.06915,-0.09838,0.08628,-0.11296,-0.11776,0.03517,-0.10711,-0.10733,0.04199,0.03902,0.02987,0.21252,100.00000,3324.74229,0.03008,0.15045,0.15579,0.10838,0.05726,0.06408,0.23462,1.10049
2016,001720,신영증권,KOSPI,298,4.34000,-0.02357,-0.06073,0.00300,2200.00000,0.00300,-0.00144,-0.02064,0.00296,-0.02905,-0.02067,0.01806,-0.01116,-0.00593,0.04443,0.03962,0.01982,0.05052,0.05030,0.02576,0.06050,0.05135,0.03551,2200.00000,49496.70281,0.04445,0.01362,0.01358,0.02832,0.05407,0.06002,0.06976,-0.06750
2016,108320,LX세미콘,KOSPI,320,3.75000,0.03742,0.00026,0.00720,900.00000,0.00720,0.00276,0.04489,0.09021,0.05820,0.13101,0.08118,0.05196,0.12164,0.16241,0.15761,0.20591,0.10816,0.10795,0.14963,0.08119,0.07203,0.12164,1000.00000,27664.48182,0.03253,0.06906,0.15518,0.14581,0.23008,0.17380,0.14581,-0.22132
2016,225330,씨엠에스에듀,KOSDAQ,996,4.22000,-0.03644,-0.07360,0.00190,1200.00000,0.00190,-0.00254,-0.03461,-0.06439,-0.09641,-0.09849,-0.08140,-0.11062,-0.11488,-0.05302,-0.05782,-0.08753,0.04150,0.04128,0.00354,0.00543,-0.00372,-0.03121,1156.00000,26395.07246,0.04546,0.00050,-0.06338,-0.07977,-0.05242,0.03865,0.00390,-0.04179
2016,143160,아이디스,KOSDAQ,1103,3.19000,0.07987,0.04270,-0.01770,200.00000,-0.01770,-0.02214,0.06075,-0.00486,-0.03688,0.07461,0.00507,-0.02415,0.08535,-0.05806,-0.06286,0.01717,-0.05588,-0.05610,0.01952,-0.10045,-0.10960,-0.02860,300.00000,10155.48688,0.01969,0.07406,0.08792,0.09866,0.03049,0.03283,-0.01529,0.89876
2016,122900,아이마켓코리아,KOSPI,373,4.85000,0.04376,0.00660,-0.02330,450.00000,-0.02330,-0.02774,0.01944,0.05577,0.02375,0.10197,0.04644,0.01722,0.09223,-0.00931,-0.01411,0.03404,0.11619,0.11598,0.16504,0.21839,0.20924,0.27171,500.00000,10760.39646,0.04182,0.05147,0.13400,0.12426,0.06607,0.19707,0.30374,0.55715
2016,033660,우리금융캐피탈,KOSPI,341,5.68000,0.06544,0.02828,-0.06530,350.00000,-0.06530,-0.06974,-0.00413,-0.08932,-0.12133,-0.02973,-0.08543,-0.11465,-0.02558,-0.08530,-0.09010,-0.02544,-0.09064,-0.09085,-0.03113,-0.11988,-0.12903,-0.06229,400.00000,7503.09338,0.04665,0.03198,0.00639,0.01054,0.01067,0.00499,-0.02617,1.39986
2016,200710,에이디테크놀로지,KOSDAQ,1760,4.78000,0.08225,0.04509,-0.00350,0.00000,-0.00350,-0.00794,0.07846,0.09893,0.06692,0.18932,0.04763,0.01841,0.13380,-0.03893,-0.04373,0.04012,0.04241,0.04219,0.12815,-0.03707,-0.04622,0.04213,250.00000,5660.31335,0.00000,0.07511,0.18597,0.13045,0.03677,0.12480,0.03878,
2016,021080,에이티넘인베스트,KOSDAQ,1131,3.45000,0.11823,0.08106,-0.01100,35.00000,-0.01100,-0.01544,0.10593,-0.00879,-0.04080,0.10840,0.03751,0.00828,0.16017,-0.06824,-0.07304,0.04192,-0.09468,-0.09489,0.01235,0.00440,-0.00475,0.12315,70.00000,2268.86434,0.01543,0.11563,0.11810,0.16987,0.05162,0.02206,0.13285,0.71307
2016,173940,에프엔씨엔터,KOSDAQ,1052,5.38000,0.08321,0.04605,0.00740,0.00000,0.00740,0.00296,0.09123,0.04445,0.01243,0.13136,0.00352,-0.02570,0.08703,-0.06086,-0.06566,0.01729,-0.07087,-0.07109,0.00644,-0.11670,-0.12585,-0.04320,400.00000,8053.63366,0.00000,0.08788,0.12801,0.08368,0.01394,0.00309,-0.04655,
2016,067570,엔브이에이치코리아,KOSDAQ,1065,3.28000,0.04915,0.01199,-0.00650,140.00000,-0.00650,-0.01094,0.04233,0.02869,-0.00332,0.07926,0.01701,-0.01221,0.06700,0.06264,0.05783,0.11487,-0.02205,-0.02226,0.02602,-0.07007,-0.07922,-0.02436,120.00000,3838.36460,0.03647,0.06984,0.10677,0.09451,0.14238,0.05353,0.00315,0.17821
2016,012160,영흥,KOSPI,920,3.37000,0.08426,0.04710,-0.00930,30.00000,-0.00930,-0.01374,0.07418,0.00317,-0.02884,0.08770,0.00005,-0.02917,0.08432,-0.01249,-0.01730,0.07072,0.03719,0.03698,0.12459,0.02484,0.01568,0.11119,50.00000,1608.69988,0.01865,0.08661,0.10013,0.09674,0.08314,0.13701,0.12362,0.49870
2016,015360,INVENI,KOSPI,576,3.37000,0.00674,-0.03042,-0.01870,1500.00000,-0.01870,-0.02314,-0.01208,-0.02007,-0.05208,-0.01346,-0.00393,-0.03316,0.00278,-0.02001,-0.02482,-0.01340,-0.00525,-0.00547,0.00146,-0.01854,-0.02770,-0.01193,1250.00000,37342.13520,0.04017,0.01855,0.01717,0.03342,0.01723,0.03209,0.01871,0.46553
2016,057030,YBM넷,KOSDAQ,1105,3.41000,0.36925,0.33209,0.01540,150.00000,0.01540,0.01096,0.39033,-0.03454,-0.06655,0.32195,0.27064,0.24142,0.73983,-0.03908,-0.04388,0.31574,-0.43037,-0.43059,-0.22004,-0.36559,-0.37474,-0.13134,210.00000,8432.32217,0.01779,0.40203,0.33365,0.75153,0.32744,-0.20834,-0.11964,-0.86572
2016,000030,우리은행,KOSPI,33,4.17000,0.09597,0.05881,-0.02280,400.00000,-0.02280,-0.02724,0.07098,-0.06471,-0.09673,0.02505,-0.02681,-0.05603,0.06659,-0.00790,-0.01271,0.08731,-0.00017,-0.00038,0.09579,0.00358,-0.00557,0.09989,500.00000,13141.13659,0.03044,0.09338,0.04745,0.08899,0.10971,0.11819,0.12229,0.74904
2016,008370,원풍,KOSDAQ,1597,3.06000,0.03171,-0.00545,-0.00740,155.00000,-0.00740,-0.01184,0.02408,0.00109,-0.03092,0.03283,-0.04341,-0.07263,-0.01308,-0.08039,-0.08519,-0.05122,0.02331,0.02309,0.05576,-0.00396,-0.01311,0.02763,140.00000,4720.24218,0.03284,0.04851,0.05726,0.01135,-0.02679,0.08019,0.05206,0.22535
2016,077500,유니퀘스트,KOSPI,777,3.50000,0.28741,0.25025,-0.04490,80.00000,-0.04490,-0.04934,0.22961,-0.05848,-0.09049,0.21212,0.00550,-0.02372,0.29449,-0.09924,-0.10404,0.15965,-0.19314,-0.19336,0.03876,-0.04184,-0.05100,0.23354,200.00000,7356.62724,0.01087,0.23545,0.21797,0.30034,0.16550,0.04461,0.23939,4.12891
2016,142210,유니트론텍,KOSDAQ,1383,11.28000,0.19406,0.15690,-0.01820,150.00000,-0.01820,-0.02264,0.17233,0.00232,-0.02969,0.19683,0.07507,0.04585,0.28369,0.04556,0.04075,0.24845,0.06688,0.06667,0.27392,0.10312,0.09397,0.31719,831.00000,8796.64634,0.01705,0.18340,0.20791,0.29477,0.25953,0.28500,0.32827,1.06733
2016,049520,유아이엘,KOSDAQ,977,5.88000,0.04263,0.00547,-0.06360,700.00000,-0.06360,-0.06804,-0.02368,-0.09077,-0.12278,-0.05201,-0.11802,-0.14724,-0.08042,-0.03162,-0.03643,0.00966,-0.00909,-0.00930,0.03316,-0.00918,-0.01833,0.03306,620.00000,10993.76821,0.06367,0.02684,-0.00149,-0.02990,0.06018,0.08368,0.08358,0.99886
2016,008730,율촌화학,KOSPI,398,3.58000,0.01062,-0.02654,-0.00710,500.00000,-0.00710,-0.01154,0.00345,-0.02486,-0.05688,-0.01450,-0.03547,-0.06469,-0.02522,-0.03545,-0.04026,-0.02521,-0.02487,-0.02509,-0.01451,-0.05312,-0.06227,-0.04306,500.00000,14114.85234,0.03542,0.03007,0.01211,0.00140,0.00141,0.01210,-0.01644,0.20043
2016,041520,이엘씨,KOSDAQ,1027,7.78000,0.09894,0.06177,-0.01920,770.00000,-0.01920,-0.02364,0.07784,-0.03938,-0.07139,0.05566,-0.05950,-0.08872,0.03355,-0.07165,-0.07645,0.02020,-0.04667,-0.04689,0.04765,-0.04262,-0.05177,0.05210,700.00000,9887.60631,0.07788,0.14037,0.11819,0.09608,0.08274,0.11018,0.11464,0.24655
2016,092130,이크레더블,KOSDAQ,806,3.44000,0.09027,0.05311,-0.02260,530.00000,-0.02260,-0.02704,0.06563,-0.01135,-0.04336,0.07790,-0.07138,-0.10061,0.01245,-0.12403,-0.12883,-0.04495,-0.04885,-0.04906,0.03702,-0.06013,-0.06928,0.02472,420.00000,13311.48967,0.03982,0.09597,0.10824,0.04278,-0.01462,0.06735,0.05505,0.56762
2016,049070,인탑스,KOSDAQ,1157,3.18000,-0.09362,-0.13078,0.01810,230.00000,0.01810,0.01366,-0.07721,0.03816,0.00615,-0.05903,0.03319,0.00396,-0.06354,-0.00898,-0.01378,-0.10175,0.11825,0.11804,0.01356,0.13319,0.12404,0.02711,350.00000,9975.91189,0.02306,-0.06106,-0.04287,-0.04738,-0.08560,0.02972,0.04326,-0.78506
2016,017250,인터엠,KOSDAQ,1604,4.45000,0.14267,0.10551,0.00000,120.00000,0.00000,-0.00444,0.14267,0.25970,0.22769,0.43942,0.17213,0.14291,0.33937,0.72065,0.71585,0.96615,0.43341,0.43319,0.63792,-0.05828,-0.06743,0.07608,120.00000,3081.36652,0.03894,0.17227,0.46902,0.36896,0.99574,0.66751,0.10568,
2016,115310,인포바인,KOSDAQ,1301,6.81000,0.08176,0.04460,-0.04680,900.00000,-0.04680,-0.05124,0.03113,-0.04318,-0.07519,0.03505,-0.06307,-0.09229,0.01354,-0.06668,-0.07149,0.00962,-0.04509,-0.04530,0.03299,-0.04509,-0.05424,0.03298,1750.00000,27798.51558,0.03238,0.05517,0.05909,0.03758,0.03366,0.05703,0.05702,1.44552
2016,226320,잇츠한불,KOSPI,219,4.44000,-0.01031,-0.04748,-0.00820,701.00000,-0.00820,-0.01264,-0.01843,-0.03635,-0.06836,-0.04629,-0.07374,-0.10296,-0.08329,-0.13356,-0.13836,-0.14250,0.11958,0.11937,0.10804,-0.02819,-0.03734,-0.03821,1915.00000,42685.76952,0.01642,-0.00789,-0.03574,-0.07275,-0.13195,0.11858,-0.02767,0.49932
2016,040420,정상제이엘에스,KOSDAQ,889,5.04000,-0.01561,-0.05277,-0.05000,430.00000,-0.05000,-0.05444,-0.06483,-0.08294,-0.11495,-0.09725,-0.09392,-0.12314,-0.10806,-0.06949,-0.07430,-0.08402,-0.03909,-0.03931,-0.05409,-0.08188,-0.09103,-0.09621,420.00000,8203.28668,0.05242,-0.02383,-0.05625,-0.06706,-0.04302,-0.01309,-0.05521,0.95387
2016,053050,지에스이,KOSDAQ,1550,4.77000,0.03342,-0.00374,-0.01150,60.00000,-0.01150,-0.01594,0.02154,0.06471,0.03270,0.10030,0.02547,-0.00375,0.05975,0.00475,-0.00005,0.03834,-0.08052,-0.08074,-0.04979,0.00968,0.00053,0.04343,100.00000,2166.50855,0.02769,0.04162,0.12038,0.07983,0.05842,-0.02971,0.06351,0.41525
2016,071320,지역난방공사,KOSPI,209,5.20000,0.04710,0.00994,-0.05080,3800.00000,-0.05080,-0.05524,-0.00609,-0.11112,-0.14313,-0.06925,-0.10841,-0.13763,-0.06641,-0.08923,-0.09404,-0.04633,-0.08947,-0.08969,-0.04658,-0.09636,-0.10551,-0.05379,3620.00000,72894.58268,0.05213,0.03466,-0.02849,-0.02566,-0.00558,-0.00583,-0.01304,0.97449
2016,003780,진양산업,KOSPI,1506,4.18000,-0.01249,-0.04965,-0.05190,175.00000,-0.05190,-0.05634,-0.06374,-0.05296,-0.08497,-0.06478,-0.09427,-0.12349,-0.10558,-0.11109,-0.11590,-0.12219,-0.11631,-0.11652,-0.12734,-0.17670,-0.18585,-0.18698,200.00000,4724.94642,0.03704,-0.03575,-0.03680,-0.07759,-0.09421,-0.09936,-0.15900,1.40128
2016,100250,진양홀딩스,KOSPI,668,4.25000,0.02121,-0.01595,-0.01190,140.00000,-0.01190,-0.01634,0.00906,-0.02086,-0.05288,-0.00009,-0.04319,-0.07241,-0.02290,-0.04909,-0.05389,-0.02891,-0.02972,-0.02993,-0.00914,-0.05342,-0.06257,-0.03334,140.00000,3363.99679,0.04162,0.04092,0.03176,0.00896,0.00294,0.02272,-0.00148,0.28594
2016,051630,진양화학,KOSPI,1669,3.08000,-0.03210,-0.06926,-0.04070,75.00000,-0.04070,-0.04514,-0.07149,-0.03303,-0.06504,-0.06407,-0.08901,-0.11823,-0.11825,-0.16521,-0.17001,-0.19200,-0.16140,-0.16161,-0.18831,-0.19437,-0.20352,-0.22022,125.00000,3928.18309,0.01909,-0.05869,-0.05126,-0.10545,-0.17920,-0.17551,-0.20742,2.13169
2016,096240,크레버스,KOSDAQ,951,4.44000,-0.00577,-0.04294,-0.02230,800.00000,-0.02230,-0.02674,-0.02794,0.01967,-0.01234,0.01379,-0.00273,-0.03195,-0.00849,-0.02497,-0.02977,-0.03060,-0.02231,-0.02253,-0.02796,-0.08942,-0.09857,-0.09467,800.00000,17913.99416,0.04466,0.00649,0.04822,0.02594,0.00383,0.00647,-0.06024,0.49935
2016,024880,케이피에프,KOSDAQ,1392,3.09000,0.06778,0.03062,-0.02700,150.00000,-0.02700,-0.03144,0.03895,-0.02121,-0.05322,0.04514,-0.03951,-0.06873,0.02560,-0.05600,-0.06081,0.00798,-0.04629,-0.04651,0.01835,-0.10499,-0.11414,-0.04432,150.00000,5183.41406,0.02894,0.06009,0.06627,0.04673,0.02912,0.03948,-0.02319,0.93301
2016,003690,코리안리,KOSPI,144,3.06000,0.01750,-0.01966,-0.01290,325.00000,-0.01290,-0.01734,0.00437,-0.02151,-0.05352,-0.00439,-0.03869,-0.06791,-0.02187,-0.07298,-0.07778,-0.05676,-0.04722,-0.04743,-0.03055,-0.05572,-0.06487,-0.03920,350.00000,11638.04453,0.02793,0.02465,0.01589,-0.00159,-0.03648,-0.01027,-0.01892,0.46194
2016,021240,코웨이,KOSPI,42,3.31000,0.06137,0.02421,-0.01900,3200.00000,-0.01900,-0.02344,0.04121,0.02004,-0.01197,0.08264,0.00444,-0.02478,0.06608,-0.03456,-0.03936,0.02469,0.00577,0.00556,0.06750,0.03143,0.02228,0.09473,2800.00000,89783.66641,0.03564,0.06801,0.10944,0.09288,0.05149,0.09430,0.12154,0.53309
2016,078000,텔코웨어,KOSPI,1036,5.89000,0.07138,0.03422,-0.03330,500.00000,-0.03330,-0.03774,0.03571,-0.04997,-0.08198,0.01785,-0.04582,-0.07505,0.02229,-0.06653,-0.07133,0.00011,-0.06233,-0.06254,0.00461,-0.06647,-0.07562,0.00017,660.00000,12005.30865,0.04165,0.06759,0.04973,0.05417,0.03199,0.03649,0.03206,0.79955
2016,037070,파세코,KOSDAQ,1395,3.11000,0.09142,0.05426,0.03200,200.00000,0.03200,0.02756,0.12634,0.05340,0.02139,0.14970,-0.03013,-0.05935,0.05854,-0.04789,-0.05269,0.03915,-0.04061,-0.04082,0.04710,-0.00858,-0.01774,0.08205,170.00000,5965.95124,0.03352,0.15135,0.17471,0.08355,0.06416,0.07211,0.10706,-0.95455
2016,023900,풍국주정,KOSDAQ,1487,3.96000,-0.00521,-0.04237,-0.01200,260.00000,-0.01200,-0.01644,-0.01714,-0.04645,-0.07846,-0.05142,-0.05838,-0.08760,-0.06328,-0.08878,-0.09359,-0.09353,-0.08349,-0.08370,-0.08826,-0.10875,-0.11790,-0.11339,300.00000,7536.32190,0.03450,0.00869,-0.02558,-0.03744,-0.06769,-0.06242,-0.08755,0.34783
2016,000080,하이트진로,KOSPI,134,4.60000,0.03000,-0.00716,-0.04910,900.00000,-0.04910,-0.05354,-0.02057,-0.04916,-0.08117,-0.02063,-0.06709,-0.09631,-0.03909,-0.07373,-0.07854,-0.04594,-0.04475,-0.04497,-0.01609,-0.08039,-0.08954,-0.05280,1000.00000,22391.39317,0.04019,0.01009,0.01003,-0.00844,-0.01529,0.01456,-0.02215,1.22157
2016,025550,한국선재,KOSDAQ,1374,3.31000,0.13409,0.09693,-0.02190,100.00000,-0.02190,-0.02634,0.10926,-0.02476,-0.05678,0.10601,-0.05389,-0.08311,0.07298,-0.09617,-0.10097,0.02503,0.09675,0.09654,0.24382,0.02213,0.01298,0.15920,100.00000,3426.26556,0.02919,0.13060,0.12735,0.09432,0.04637,0.26516,0.18054,0.75035
2016,002960,한국쉘석유,KOSPI,264,4.47000,0.02327,-0.01389,-0.03930,19000.00000,-0.03930,-0.04374,-0.01694,-0.05564,-0.08766,-0.03366,-0.05992,-0.08915,-0.03804,-0.06757,-0.07237,-0.04586,-0.11142,-0.11163,-0.09073,-0.13544,-0.14459,-0.11531,20000.00000,457841.06401,0.04150,0.01482,-0.00191,-0.00629,-0.01411,-0.05898,-0.08356,0.94701
2016,015760,한국전력,KOSPI,3,6.67000,0.01042,-0.02675,-0.04150,1980.00000,-0.04150,-0.04594,-0.03152,-0.05842,-0.09043,-0.04861,-0.06708,-0.09631,-0.05737,-0.07981,-0.08461,-0.07022,-0.06187,-0.06209,-0.05210,-0.00650,-0.01565,0.00384,3100.00000,46960.84681,0.04216,0.00080,-0.01629,-0.02505,-0.03790,-0.01978,0.03616,0.98428
2016,042700,한미반도체,KOSPI,409,3.82000,0.14506,0.10790,0.03000,200.00000,0.03000,0.02556,0.17941,-0.00671,-0.03872,0.13737,-0.04338,-0.07260,0.09539,0.02668,0.02187,0.17560,0.05311,0.05290,0.20587,0.09302,0.08387,0.25157,500.00000,14987.68574,0.01334,0.18735,0.14531,0.10333,0.18354,0.21381,0.25951,-2.24815
2016,221610,자안바이오,KOSDAQ,1643,3.92000,0.16479,0.12763,-0.02360,500.00000,-0.02360,-0.02804,0.13730,-0.04050,-0.07251,0.11761,-0.07762,-0.10684,0.07438,-0.08778,-0.09258,0.06255,-0.09781,-0.09802,0.05086,-0.01015,-0.01930,0.15296,500.00000,14856.99053,0.03365,0.16242,0.14273,0.09950,0.08767,0.07598,0.17808,0.70125
2016,024740,한일단조,KOSDAQ,1776,3.55000,0.04083,0.00366,-0.00170,50.00000,-0.00170,-0.00614,0.03906,0.02551,-0.00650,0.06737,0.00511,-0.02411,0.04615,-0.00501,-0.00981,0.03561,-0.03067,-0.03089,0.00890,-0.04082,-0.04997,-0.00166,100.00000,2931.90279,0.01705,0.05013,0.07845,0.05722,0.04669,0.01998,0.00941,0.09968
2016,123840,뉴온,KOSDAQ,1216,3.64000,0.03079,-0.00637,0.02820,0.00000,0.02820,0.02376,0.05986,0.16217,0.13016,0.19795,0.13215,0.10292,0.16700,0.05097,0.04617,0.08333,0.05256,0.05235,0.08497,-0.01265,-0.02180,0.01775,100.00000,2831.83319,0.00000,0.05651,0.19460,0.16365,0.07998,0.08162,0.01440,
2016,130660,한전산업,KOSPI,757,3.47000,0.02576,-0.01140,-0.03700,218.00000,-0.03700,-0.04144,-0.01219,-0.04308,-0.07509,-0.01843,-0.07804,-0.10726,-0.05429,-0.08198,-0.08678,-0.05833,-0.07697,-0.07718,-0.05319,-0.10006,-0.10921,-0.07688,169.00000,4995.77089,0.04364,0.02137,0.01514,-0.02073,-0.02476,-0.01963,-0.04331,0.84791
2016,011760,현대코퍼레이션,KOSPI,504,3.77000,0.09306,0.05590,0.00000,500.00000,0.00000,-0.00444,0.09306,-0.01147,-0.04348,0.08053,-0.00462,-0.03384,0.08801,-0.00467,-0.00948,0.08795,-0.04617,-0.04638,0.04260,-0.04141,-0.05057,0.04779,750.00000,21745.24008,0.02299,0.10916,0.09663,0.10411,0.10405,0.05870,0.06390,
2016,005380,현대차,KOSPI,4,3.01000,0.08664,0.04947,-0.00690,4000.00000,-0.00690,-0.01134,0.07914,0.06230,0.03029,0.15433,0.02426,-0.00496,0.11300,-0.01369,-0.01850,0.07176,0.02790,0.02768,0.11695,0.10753,0.09838,0.20348,4000.00000,144403.39846,0.02770,0.09922,0.17441,0.13308,0.09184,0.13703,0.22357,0.24910
2016,002460,HS화성,KOSPI,699,3.74000,0.02150,-0.01567,-0.04930,680.00000,-0.04930,-0.05374,-0.02886,-0.06326,-0.09527,-0.04312,-0.06318,-0.09240,-0.04304,-0.07714,-0.08195,-0.05731,-0.05618,-0.05639,-0.03589,-0.04903,-0.05818,-0.02859,520.00000,14202.61453,0.04788,0.00829,-0.00597,-0.00589,-0.02015,0.00127,0.00856,1.02969
2016,000850,화천기공,KOSPI,1046,3.06000,0.02152,-0.01564,-0.00200,1250.00000,-0.00200,-0.00644,0.01948,0.01597,-0.01605,0.03783,0.01801,-0.01121,0.03992,0.03199,0.02719,0.05420,0.03003,0.02981,0.05220,-0.00000,-0.00915,0.02152,1500.00000,50074.57050,0.02496,0.03725,0.05560,0.05769,0.07197,0.06996,0.03929,0.08012
2016,079980,휴비스,KOSPI,507,3.96000,0.06853,0.03137,-0.00120,300.00000,-0.00120,-0.00564,0.06724,-0.00495,-0.03696,0.06324,0.02094,-0.00828,0.09091,0.00475,-0.00006,0.07360,-0.03962,-0.03984,0.02619,-0.08533,-0.09448,-0.02265,300.00000,8094.90078,0.03706,0.09525,0.09124,0.11891,0.10160,0.05419,0.00535,0.03238
2017,139130,iM금융지주,KOSPI,149,3.01000,0.07214,0.09789,-0.00470,340.00000,-0.00470,-0.01365,0.06710,0.01870,-0.02609,0.09219,0.05596,0.01032,0.13214,0.13062,0.00352,0.21219,0.18194,0.07934,0.26721,0.07435,-0.01647,0.15185,300.00000,10685.78186,0.03182,0.09067,0.11576,0.15571,0.23575,0.29078,0.17542,0.14772
2017,017940,E1,KOSPI,417,3.43000,-0.01210,0.01364,-0.01740,2000.00000,-0.01740,-0.02635,-0.02929,-0.02778,-0.07258,-0.03955,-0.01548,-0.06113,-0.02740,0.04523,-0.08187,0.03258,0.04522,-0.05738,0.03257,0.02277,-0.06805,0.01039,2000.00000,57603.33303,0.03472,-0.00327,-0.01353,-0.00138,0.05861,0.05859,0.03642,0.50115
2017,114090,GKL,KOSPI,127,3.06000,-0.09961,-0.07386,-0.00340,730.00000,-0.00340,-0.01235,-0.10267,-0.07312,-0.11792,-0.16545,-0.04072,-0.08636,-0.13627,0.05457,-0.07254,-0.05047,-0.20238,-0.30498,-0.28182,-0.18009,-0.27091,-0.26176,1000.00000,29424.61791,0.02481,-0.08503,-0.14781,-0.11863,-0.03284,-0.26419,-0.24412,0.13705
2017,028150,GS홈쇼핑,KOSDAQ,172,3.28000,0.09330,0.11904,-0.05150,6500.00000,-0.05150,-0.06045,0.03699,-0.11027,-0.15506,-0.02726,-0.09781,-0.14345,-0.01364,-0.04071,-0.16782,0.04879,-0.11804,-0.22064,-0.03576,-0.19306,-0.28388,-0.11777,7000.00000,233325.91359,0.02786,0.05721,-0.00704,0.00658,0.06901,-0.01554,-0.09756,1.84866
2017,058850,KTcs,KOSPI,1187,3.41000,0.01265,0.03840,-0.03790,80.00000,-0.03790,-0.04685,-0.02573,-0.06318,-0.10797,-0.05133,-0.05481,-0.10045,-0.04285,-0.01902,-0.14613,-0.00661,-0.04847,-0.15107,-0.03644,-0.08639,-0.17721,-0.07484,80.00000,2375.71750,0.03367,-0.00059,-0.02619,-0.01771,0.01853,-0.01130,-0.04970,1.12550
2017,023150,MH에탄올,KOSPI,1713,4.64000,0.01087,0.03661,-0.01990,350.00000,-0.01990,-0.02885,-0.00925,-0.06728,-0.11207,-0.05714,-0.07496,-0.12060,-0.06491,0.00458,-0.12252,0.01550,-0.02451,-0.12711,-0.01390,-0.00626,-0.09708,0.00454,300.00000,6535.78517,0.05355,0.03271,-0.01519,-0.02295,0.05746,0.02805,0.04650,0.37161
2017,010950,S-Oil,KOSPI,29,5.19000,0.04184,0.06759,-0.05220,5900.00000,-0.05220,-0.06115,-0.01254,-0.09237,-0.13716,-0.05439,-0.08847,-0.13411,-0.05033,-0.07248,-0.19959,-0.03367,-0.01239,-0.11499,0.02893,-0.06038,-0.15120,-0.02106,6200.00000,124459.32381,0.04741,0.02422,-0.01763,-0.01357,0.00309,0.06569,0.01569,1.10115
2017,002360,SH에너지화학,KOSPI,851,3.78000,-0.02734,-0.00160,-0.01770,43.00000,-0.01770,-0.02665,-0.04456,0.01771,-0.02708,-0.01011,-0.00698,-0.05263,-0.03413,0.03184,-0.09527,0.00363,-0.01428,-0.11688,-0.04123,0.00346,-0.08736,-0.02397,55.00000,1415.24333,0.03038,-0.02220,0.01224,-0.01178,0.02598,-0.01888,-0.00162,0.58255
2017,096770,SK이노베이션,KOSPI,18,3.10000,0.00490,0.03064,-0.02650,8000.00000,-0.02650,-0.03545,-0.02173,-0.02896,-0.07375,-0.02420,-0.03141,-0.07705,-0.02667,-0.04584,-0.17295,-0.04117,-0.00271,-0.10531,0.00218,-0.00255,-0.09337,0.00233,6400.00000,207462.25884,0.03856,0.00754,0.00507,0.00260,-0.01190,0.03145,0.03161,0.68722
2017,017670,SK텔레콤,KOSPI,16,3.79000,0.05318,0.07893,-0.03780,10000.00000,-0.03780,-0.04675,0.01337,-0.03782,-0.08261,0.01336,-0.03964,-0.08528,0.01144,-0.03768,-0.16479,0.01350,-0.13289,-0.23549,-0.08677,-0.18510,-0.27592,-0.14176,10000.00000,277885.16977,0.03599,0.04047,0.04045,0.03853,0.04059,-0.05968,-0.11466,1.05041
2017,002100,경농,KOSPI,980,4.37000,0.01482,0.04057,-0.02760,295.00000,-0.02760,-0.03655,-0.01318,-0.04875,-0.09354,-0.03464,-0.06333,-0.10897,-0.04945,-0.05347,-0.18057,-0.03944,-0.03547,-0.13807,-0.02117,0.00023,-0.09059,0.01506,265.00000,6153.96977,0.04794,0.02402,0.00256,-0.01224,-0.00223,0.01604,0.05226,0.57576
2017,011040,경동제약,KOSDAQ,526,3.06000,-0.01093,0.01481,-0.01990,400.00000,-0.01990,-0.02885,-0.03061,0.01770,-0.02710,0.00657,0.11476,0.06912,0.10257,0.26719,0.14009,0.25334,0.05974,-0.04286,0.04815,0.04204,-0.04878,0.03065,700.00000,22625.73857,0.01768,-0.01901,0.01818,0.11418,0.26495,0.05976,0.04226,1.12563
2017,049720,고려신용정보,KOSDAQ,1752,5.55000,0.03004,0.05579,-0.04460,200.00000,-0.04460,-0.05355,-0.01590,-0.09073,-0.13552,-0.06341,-0.12457,-0.17022,-0.09827,-0.09069,-0.21780,-0.06337,-0.06143,-0.16403,-0.03323,0.13861,0.04779,0.17281,175.00000,3247.88429,0.06158,0.03285,-0.01467,-0.04953,-0.01463,0.01551,0.22156,0.72428
2017,215000,골프존,KOSDAQ,536,3.46000,0.01086,0.03661,-0.03750,2400.00000,-0.03750,-0.04645,-0.02705,-0.03217,-0.07696,-0.02165,0.00746,-0.03818,0.01840,0.10497,-0.02213,0.11698,0.01594,-0.08666,0.02697,-0.03666,-0.12748,-0.02620,1600.00000,46745.06088,0.05134,0.01304,0.01843,0.05849,0.15706,0.06706,0.01389,0.73039
2017,002990,금호건설,KOSPI,464,3.03000,-0.03520,-0.00945,-0.03980,500.00000,-0.03980,-0.04875,-0.07360,-0.00931,-0.05411,-0.04419,0.00851,-0.03713,-0.02699,0.03031,-0.09680,-0.00596,0.06826,-0.03434,0.03065,0.14667,0.05585,0.10630,300.00000,9552.48007,0.05234,-0.03267,-0.00325,0.01394,0.03497,0.07159,0.14724,0.76038
2017,000270,기아,KOSPI,28,3.27000,-0.01353,0.01222,0.00450,800.00000,0.00450,-0.00445,-0.00909,-0.03764,-0.08244,-0.05066,-0.03307,-0.07871,-0.04615,0.00906,-0.11804,-0.00458,0.03752,-0.06508,0.02349,-0.00606,-0.09688,-0.01950,1100.00000,33184.17209,0.02411,0.00796,-0.03361,-0.02910,0.01246,0.04053,-0.00246,-0.18666
2017,024110,기업은행,KOSPI,39,3.02000,0.07556,0.10131,-0.02920,617.00000,-0.02920,-0.03815,0.04416,-0.02040,-0.06519,0.05362,0.00010,-0.04555,0.07567,-0.02924,-0.15635,0.04411,0.00292,-0.09968,0.07871,-0.08785,-0.17867,-0.01893,480.00000,17095.04462,0.03609,0.07134,0.08080,0.10285,0.07129,0.10589,0.00826,0.80904
2017,019680,대교,KOSPI,280,3.00000,0.05390,0.07964,-0.02610,240.00000,-0.02610,-0.03505,0.02639,-0.04860,-0.09339,0.00268,-0.02372,-0.06937,0.02889,-0.02126,-0.14836,0.03150,-0.04137,-0.14397,0.01030,-0.05673,-0.14755,-0.00589,240.00000,8431.18226,0.02847,0.04712,0.02341,0.04963,0.05223,0.03103,0.01484,0.91689
2017,004440,삼일씨엔에스,KOSPI,858,4.76000,0.03175,0.05749,-0.02310,70.00000,-0.02310,-0.03205,0.00791,-0.04995,-0.09474,-0.01978,-0.06540,-0.11104,-0.03573,-0.10772,-0.23483,-0.07939,-0.14228,-0.24488,-0.11505,-0.23089,-0.32171,-0.20648,600.00000,13005.20210,0.00538,0.00912,-0.01858,-0.03452,-0.07819,-0.11384,-0.20527,4.29172
2017,117580,대성에너지,KOSPI,812,4.03000,0.00490,0.03065,-0.02250,250.00000,-0.02250,-0.03145,-0.01771,-0.04983,-0.09463,-0.04517,-0.04499,-0.09063,-0.04031,-0.03056,-0.15767,-0.02581,-0.04806,-0.15066,-0.04339,-0.07385,-0.16467,-0.06931,250.00000,6233.89888,0.04010,0.01287,-0.01460,-0.00973,0.00477,-0.01281,-0.03873,0.56105
2017,003540,대신증권,KOSPI,270,3.77000,0.02063,0.04638,-0.03690,610.00000,-0.03690,-0.04585,-0.01703,-0.01673,-0.06152,0.00356,0.02003,-0.02562,0.04107,0.14754,0.02043,0.17121,0.00003,-0.10257,0.02066,-0.11074,-0.20156,-0.09239,550.00000,14889.85358,0.04097,0.01428,0.03487,0.07238,0.20252,0.05197,-0.06109,0.90071
2017,140520,대창스틸,KOSDAQ,1330,3.58000,-0.06223,-0.03648,0.01780,100.00000,0.01780,0.00885,-0.04553,0.08656,0.04177,0.01895,0.06742,0.02178,0.00100,0.11719,-0.00992,0.04767,0.09804,-0.00456,0.02972,0.03186,-0.05896,-0.03235,150.00000,3929.22432,0.02545,-0.02735,0.03713,0.01918,0.06585,0.04790,-0.01417,-0.69940
2017,084010,대한제강,KOSPI,607,3.33000,-0.01709,0.00866,-0.02160,300.00000,-0.02160,-0.03055,-0.03832,0.02346,-0.02133,0.00597,0.00922,-0.03642,-0.00802,0.05750,-0.06961,0.03943,-0.08330,-0.18590,-0.09896,-0.09381,-0.18463,-0.10930,330.00000,9740.56454,0.03080,-0.01561,0.02867,0.01468,0.06213,-0.07626,-0.08659,0.70132
2017,002150,도화엔지니어링,KOSPI,786,3.28000,-0.03753,-0.01178,-0.00500,190.00000,-0.00500,-0.01395,-0.04234,-0.03312,-0.07791,-0.06941,-0.06023,-0.10587,-0.09550,0.00100,-0.12611,-0.03657,-0.01298,-0.11558,-0.05002,0.03534,-0.05548,-0.00351,170.00000,4988.43038,0.03809,-0.01347,-0.04053,-0.06662,-0.00769,-0.02115,0.02536,0.13127
2017,005160,동국산업,KOSDAQ,645,3.59000,-0.01539,0.01035,-0.02680,150.00000,-0.02680,-0.03575,-0.04178,-0.01702,-0.06181,-0.03215,-0.03888,-0.08452,-0.05367,0.00741,-0.11970,-0.00810,-0.03760,-0.14020,-0.05241,-0.08881,-0.17964,-0.10284,150.00000,4113.96179,0.03646,-0.01428,-0.00465,-0.02618,0.01940,-0.02492,-0.07534,0.73503
2017,075970,동국알앤에스,KOSDAQ,1748,3.25000,0.00818,0.03392,-0.03630,80.00000,-0.03630,-0.04525,-0.02842,-0.05041,-0.09520,-0.04264,-0.07678,-0.12242,-0.06923,-0.01235,-0.13945,-0.00427,-0.03255,-0.13515,-0.02464,0.00777,-0.08305,0.01601,80.00000,2481.66401,0.03224,-0.00450,-0.01872,-0.04531,0.01965,-0.00072,0.03993,1.12606
2017,102260,동성케미컬,KOSPI,582,3.50000,-0.00362,0.02213,-0.01930,200.00000,-0.01930,-0.02825,-0.02285,-0.01402,-0.05881,-0.01759,0.08789,0.04225,0.08395,0.18633,0.05922,0.18203,0.18126,0.07866,0.17698,0.16556,0.07474,0.16134,200.00000,5693.59673,0.03513,0.00352,0.00878,0.11032,0.20840,0.20335,0.18770,0.54943
2017,005190,동성화학,KOSPI,1310,3.09000,0.01872,0.04446,0.00000,300.00000,0.00000,-0.00895,0.01872,-0.00001,-0.04480,0.01871,0.01515,-0.03049,0.03415,0.11210,-0.01501,0.13292,0.05434,-0.04826,0.07408,0.09665,0.00583,0.11717,500.00000,16484.09292,0.01820,0.03076,0.03075,0.04619,0.14496,0.08612,0.12922,
2017,228340,동양파일,KOSDAQ,1142,4.70000,-0.03590,-0.01015,-0.02830,150.00000,-0.02830,-0.03725,-0.06318,-0.04484,-0.08963,-0.07913,-0.07011,-0.11575,-0.10349,-0.03997,-0.16708,-0.07444,-0.01339,-0.11599,-0.04881,-0.09333,-0.18415,-0.12588,250.00000,5128.19019,0.02925,-0.04179,-0.05774,-0.08210,-0.05304,-0.02741,-0.10448,0.96752
2017,000150,두산,KOSPI,110,4.05000,-0.01194,0.01381,-0.07230,5100.00000,-0.07230,-0.08125,-0.08337,-0.05621,-0.10100,-0.06748,0.02003,-0.02561,0.00786,-0.07641,-0.20352,-0.08743,-0.18086,-0.28347,-0.19064,-0.14868,-0.23950,-0.15884,5100.00000,124422.79593,0.04099,-0.05205,-0.03615,0.03918,-0.05611,-0.15931,-0.12751,1.76388
2017,034020,두산에너빌리티,KOSPI,147,3.35000,-0.03336,-0.00761,-0.02520,0.00000,-0.02520,-0.03415,-0.05772,0.01890,-0.02590,-0.01509,0.08521,0.03957,0.04902,0.01904,-0.10807,-0.01496,-0.04393,-0.14653,-0.07582,0.02251,-0.06831,-0.01160,550.00000,15870.26803,0.00000,-0.06107,-0.01844,0.04567,-0.01831,-0.07917,-0.01495,
2017,068930,디지털대성,KOSDAQ,1270,3.94000,0.03585,0.06159,-0.04870,200.00000,-0.04870,-0.05765,-0.01460,-0.08190,-0.12669,-0.04899,-0.09021,-0.13585,-0.05759,-0.06168,-0.18878,-0.02804,-0.05690,-0.15950,-0.02309,-0.00213,-0.09295,0.03364,160.00000,4206.47880,0.04755,0.02227,-0.01212,-0.02072,0.00883,0.01378,0.07052,1.02428
2017,133750,메가엠디,KOSDAQ,1550,3.62000,-0.05960,-0.03386,-0.00580,50.00000,-0.00580,-0.01475,-0.06506,-0.00780,-0.05259,-0.06693,-0.00019,-0.04584,-0.05979,0.05383,-0.07328,-0.00899,0.03458,-0.06802,-0.02709,-0.02683,-0.11765,-0.08484,100.00000,2597.78115,0.01925,-0.05212,-0.05400,-0.04685,0.00395,-0.01415,-0.07190,0.30134
2017,008560,메리츠증권,KOSPI,98,4.24000,0.00002,0.02577,-0.03180,200.00000,-0.03180,-0.04075,-0.03178,0.00414,-0.04065,0.00417,0.04118,-0.00446,0.04120,0.13344,0.00633,0.13347,0.02198,-0.08062,0.02200,-0.13369,-0.22451,-0.13367,200.00000,4717.09582,0.04240,0.00074,0.03669,0.07372,0.16599,0.05452,-0.10115,0.75002
2017,000060,메리츠화재,KOSPI,99,3.23000,-0.05052,-0.02477,-0.02050,1140.00000,-0.02050,-0.02945,-0.06998,-0.04711,-0.09190,-0.09525,-0.03086,-0.07651,-0.07982,-0.01864,-0.14575,-0.06822,-0.05358,-0.15618,-0.10139,-0.13150,-0.22232,-0.17537,830.00000,24398.41264,0.04672,-0.03381,-0.05907,-0.04365,-0.03204,-0.06521,-0.13919,0.43874
2017,014580,태경비케이,KOSPI,1366,3.45000,0.00679,0.03253,-0.04110,100.00000,-0.04110,-0.05005,-0.03459,-0.06160,-0.10639,-0.05523,-0.08895,-0.13459,-0.08277,-0.06497,-0.19207,-0.05862,-0.09240,-0.19500,-0.08624,-0.04439,-0.13521,-0.03791,100.00000,2918.22184,0.03427,-0.00895,-0.02959,-0.05713,-0.03298,-0.06060,-0.01227,1.19939
2017,225530,HC보광산업,KOSDAQ,687,5.03000,0.02341,0.04915,0.00160,165.00000,0.00160,-0.00735,0.02504,-0.02954,-0.07434,-0.00683,-0.06231,-0.10796,-0.04037,-0.01634,-0.14345,0.00668,-0.03613,-0.13873,-0.01357,-0.05916,-0.14998,-0.03714,300.00000,6103.81176,0.02703,0.04456,0.01269,-0.02085,0.02620,0.00595,-0.01762,-0.05919
2017,001270,부국증권,KOSPI,554,4.51000,-0.00003,0.02572,-0.03760,1200.00000,-0.03760,-0.04655,-0.03763,-0.06580,-0.11059,-0.06582,-0.04137,-0.08701,-0.04139,-0.05456,-0.18166,-0.05458,0.06963,-0.03297,0.06960,0.00001,-0.09081,-0.00002,1200.00000,26606.82661,0.04510,-0.00282,-0.03102,-0.00659,-0.01978,0.10441,0.03478,0.83368
2017,064480,브리지텍,KOSDAQ,1479,3.47000,0.03133,0.05707,-0.01520,100.00000,-0.01520,-0.02415,0.01565,0.03531,-0.00948,0.06774,-0.02196,-0.06760,0.00868,0.09250,-0.03461,0.12672,-0.11472,-0.21732,-0.08699,-0.21575,-0.30657,-0.19119,200.00000,5944.24988,0.01682,0.02653,0.07862,0.01957,0.13761,-0.07610,-0.18030,0.90353
2017,093190,빅솔론,KOSDAQ,1022,4.67000,0.02157,0.04731,0.00910,150.00000,0.00910,0.00015,0.03086,0.02590,-0.01889,0.04803,0.01372,-0.03192,0.03558,0.08227,-0.04484,0.10561,0.01373,-0.08887,0.03559,-0.02451,-0.11533,-0.00347,300.00000,6562.52610,0.02286,0.04685,0.06402,0.05157,0.12159,0.05158,0.01252,-0.39813
2017,111870,KH 미래물산,KOSDAQ,1015,3.03000,-0.16306,-0.13732,-0.00450,250.00000,-0.00450,-0.01345,-0.16683,0.00899,-0.03580,-0.15554,-0.03633,-0.08197,-0.19347,0.03149,-0.09561,-0.13671,-0.05440,-0.15700,-0.20859,-0.20083,-0.29165,-0.33115,400.00000,11048.67483,0.02263,-0.15104,-0.13975,-0.17768,-0.12091,-0.19280,-0.31535,0.19888
2017,029780,삼성카드,KOSPI,69,3.93000,0.08220,0.10795,-0.04590,1500.00000,-0.04590,-0.05485,0.03253,-0.05809,-0.10288,0.01934,-0.08104,-0.12668,-0.00550,-0.03627,-0.16337,0.04296,-0.10992,-0.21252,-0.03676,-0.14136,-0.23218,-0.07078,1500.00000,41305.43771,0.03631,0.05990,0.04671,0.02188,0.07033,-0.00938,-0.04341,1.26395
2017,225190,LK삼양,KOSDAQ,761,5.49000,0.09338,0.11912,-0.05530,1300.00000,-0.05530,-0.06425,0.03291,-0.11302,-0.15781,-0.03019,-0.15064,-0.19628,-0.07133,-0.12542,-0.25253,-0.04376,-0.16084,-0.26344,-0.08248,-0.15326,-0.24408,-0.07420,1000.00000,19915.80346,0.06527,0.08479,0.02168,-0.01946,0.00811,-0.03061,-0.02232,0.84719
2017,002290,삼일기업공사,KOSDAQ,1866,3.02000,-0.01856,0.00718,-0.01540,90.00000,-0.01540,-0.02435,-0.03368,-0.01895,-0.06375,-0.03716,-0.01717,-0.06281,-0.03541,0.05480,-0.07230,0.03523,0.04958,-0.05302,0.03010,0.26496,0.17414,0.24148,90.00000,2924.81733,0.03077,-0.01099,-0.01448,-0.01273,0.05791,0.05278,0.26417,0.50047
2017,000390,SP삼화,KOSPI,686,3.79000,-0.05571,-0.02997,-0.01600,175.00000,-0.01600,-0.02495,-0.07082,-0.02412,-0.06891,-0.07849,-0.02006,-0.06570,-0.07465,0.13239,0.00529,0.06931,0.00403,-0.09857,-0.05191,-0.08564,-0.17646,-0.13658,300.00000,7474.56788,0.02341,-0.05436,-0.06203,-0.05820,0.08576,-0.03545,-0.12013,0.68339
2017,093920,서원인텍,KOSDAQ,836,7.49000,-0.01272,0.01302,-0.04710,300.00000,-0.04710,-0.05605,-0.05922,-0.06314,-0.10793,-0.07506,-0.08735,-0.13299,-0.09896,-0.04128,-0.16838,-0.05347,-0.09181,-0.19441,-0.10336,-0.20549,-0.29631,-0.21560,660.00000,8699.65072,0.03448,-0.03340,-0.04924,-0.07314,-0.02765,-0.07754,-0.18977,1.36585
2017,065710,서호전기,KOSDAQ,1493,5.38000,0.11913,0.14488,-0.03090,900.00000,-0.03090,-0.03985,0.08455,-0.06182,-0.10661,0.04995,-0.08589,-0.13153,0.02302,-0.00346,-0.13057,0.11526,0.02399,-0.07861,0.14598,0.21294,0.12212,0.35744,700.00000,14561.22564,0.06181,0.13349,0.09889,0.07196,0.16420,0.19492,0.40638,0.49994
2017,003080,SB성보,KOSPI,985,6.74000,-0.00454,0.02121,-0.06770,572.00000,-0.06770,-0.07665,-0.07193,-0.09843,-0.14322,-0.10252,-0.10302,-0.14866,-0.10709,-0.07071,-0.19782,-0.07492,-0.07524,-0.17784,-0.07944,-0.05070,-0.14152,-0.05501,440.00000,6498.57456,0.08802,-0.00082,-0.03140,-0.03598,-0.00381,-0.00832,0.01610,0.76915
2017,039310,세중,KOSDAQ,1589,3.10000,-0.05567,-0.02992,-0.01640,0.00000,-0.01640,-0.02535,-0.07115,0.00172,-0.04307,-0.05404,-0.01139,-0.05704,-0.06643,0.07235,-0.05475,0.01266,-0.01618,-0.11878,-0.07095,-0.18024,-0.27106,-0.22587,100.00000,3046.23508,0.00000,-0.07450,-0.05739,-0.06978,0.00931,-0.07430,-0.22922,
2017,075580,세진중공업,KOSPI,1091,3.38000,-0.03038,-0.00463,-0.02960,30.00000,-0.02960,-0.03855,-0.05908,0.04525,0.00045,0.01349,0.27174,0.22610,0.23311,0.36068,0.23357,0.31934,0.35895,0.25635,0.31766,0.60300,0.51218,0.55430,100.00000,2868.69573,0.01046,-0.05358,0.01899,0.23861,0.32483,0.32316,0.55980,2.83045
2017,053210,스카이라이프,KOSPI,292,3.14000,0.02632,0.05207,-0.00740,350.00000,-0.00740,-0.01635,0.01873,-0.04064,-0.08543,-0.01539,-0.04064,-0.08629,-0.01539,0.04041,-0.08670,0.06779,-0.04818,-0.15078,-0.02313,-0.10359,-0.19441,-0.07999,415.00000,13564.44959,0.02580,0.03721,0.00309,0.00309,0.08627,-0.00465,-0.06151,0.28679
2017,001720,신영증권,KOSPI,329,4.21000,-0.01730,0.00845,-0.00170,2450.00000,-0.00170,-0.01065,-0.01897,0.01755,-0.02724,-0.00005,0.03334,-0.01230,0.01547,0.07015,-0.05696,0.05164,0.03533,-0.06727,0.01743,0.02324,-0.06758,0.00554,2450.00000,57188.17911,0.04284,0.01393,0.03284,0.04836,0.08453,0.05032,0.03843,0.03968
2017,055550,신한지주,KOSPI,14,3.00000,0.05166,0.07741,-0.02750,1450.00000,-0.02750,-0.03645,0.02274,-0.01568,-0.06048,0.03517,0.04127,-0.00437,0.09506,0.01772,-0.10939,0.07030,-0.07741,-0.18001,-0.02974,-0.11467,-0.20549,-0.06893,1450.00000,50830.43189,0.02853,0.04353,0.05595,0.11585,0.09108,-0.00896,-0.04814,0.96403
2017,225330,씨엠에스에듀,KOSDAQ,846,13.75000,0.01825,0.04399,-0.00670,750.00000,-0.00670,-0.01565,0.01142,0.04965,0.00486,0.06880,0.04288,-0.00276,0.06191,0.17560,0.04850,0.19705,0.04285,-0.05975,0.06188,0.02256,-0.06826,0.04121,1200.00000,8886.50277,0.08440,0.07947,0.13685,0.12996,0.26510,0.12993,0.10926,0.07939
2017,122900,아이마켓코리아,KOSPI,443,4.31000,-0.12167,-0.09593,-0.03160,350.00000,-0.03160,-0.04055,-0.14943,0.00867,-0.03612,-0.11406,0.03381,-0.01183,-0.09197,0.12209,-0.00502,-0.01444,0.13857,0.03596,0.00003,0.08942,-0.00140,-0.04313,450.00000,9170.46556,0.03817,-0.12049,-0.08512,-0.06304,0.01450,0.02897,-0.01419,0.82796
2017,079440,오렌지라이프,KOSPI,68,4.11000,-0.01088,0.01486,-0.02990,2400.00000,-0.02990,-0.03885,-0.04046,-0.04488,-0.08967,-0.05527,0.02424,-0.02141,0.01309,0.01683,-0.11027,0.00577,-0.03353,-0.13613,-0.04404,-0.19501,-0.28583,-0.20377,2226.00000,53571.21940,0.04480,-0.00591,-0.02072,0.04764,0.04032,-0.00949,-0.16921,0.66741
2017,033660,우리금융캐피탈,KOSPI,396,4.76000,-0.00687,0.01887,-0.02870,1653.00000,-0.02870,-0.03765,-0.03538,-0.05333,-0.09812,-0.05984,-0.04657,-0.09221,-0.05312,-0.02735,-0.15446,-0.03404,0.00530,-0.09730,-0.00161,-0.01783,-0.10865,-0.02458,350.00000,7302.39711,0.22636,0.15278,0.12832,0.13503,0.15411,0.18654,0.16357,0.12679
2017,238090,앤디포스,KOSDAQ,1009,4.77000,-0.03693,-0.01119,-0.01240,250.00000,-0.01240,-0.02135,-0.04888,0.00124,-0.04356,-0.03574,-0.01240,-0.05804,-0.04887,0.01867,-0.10844,-0.01896,-0.04437,-0.14697,-0.07966,-0.12251,-0.21333,-0.15492,400.00000,8076.02279,0.03096,-0.02604,-0.01290,-0.02603,0.00388,-0.05682,-0.13208,0.40057
2017,031330,에스에이엠티,KOSDAQ,678,4.71000,-0.02356,0.00219,-0.04340,110.00000,-0.04340,-0.05235,-0.06593,-0.05548,-0.10028,-0.07773,-0.10374,-0.14938,-0.12485,-0.02904,-0.15615,-0.05191,-0.09404,-0.19664,-0.11538,-0.07945,-0.17027,-0.10113,100.00000,2073.12913,0.05306,-0.02440,-0.03619,-0.08331,-0.01037,-0.07384,-0.05959,0.81794
2017,069510,에스텍,KOSDAQ,1021,4.41000,0.07928,0.10503,-0.03670,500.00000,-0.03670,-0.04565,0.03967,-0.08560,-0.13039,-0.01311,-0.07336,-0.11900,0.00010,-0.05701,-0.18411,0.01776,-0.12661,-0.22922,-0.05737,-0.14707,-0.23789,-0.07945,500.00000,12236.74249,0.04086,0.07089,0.01811,0.03132,0.04897,-0.02615,-0.04824,0.89818
2017,067570,엔브이에이치코리아,KOSDAQ,1214,4.13000,-0.03241,-0.00667,-0.01370,140.00000,-0.01370,-0.02265,-0.04567,-0.03805,-0.08284,-0.06923,-0.05782,-0.10346,-0.08836,-0.03944,-0.16655,-0.07057,-0.08680,-0.18940,-0.11639,-0.13122,-0.22204,-0.15938,140.00000,3279.95794,0.04268,-0.01291,-0.03647,-0.05560,-0.03781,-0.08363,-0.12662,0.32097
2017,090740,연이비앤티,KOSDAQ,1863,6.16000,0.02604,0.05179,-0.01680,0.00000,-0.01680,-0.02575,0.00881,0.01682,-0.02797,0.04331,-0.01896,-0.06460,0.00659,0.01450,-0.11261,0.04092,0.06072,-0.04188,0.08835,0.02489,-0.06593,0.05158,143.00000,2381.88845,0.00000,0.00546,0.03996,0.00324,0.03757,0.08500,0.04823,
2017,015360,INVENI,KOSPI,637,3.93000,0.01836,0.04411,-0.02570,1500.00000,-0.02570,-0.03465,-0.00781,-0.02824,-0.07303,-0.01040,0.00516,-0.04048,0.02361,0.14654,0.01943,0.16758,0.08861,-0.01399,0.10859,0.09130,0.00048,0.11133,1500.00000,38868.65799,0.03859,0.02149,0.01890,0.05291,0.19688,0.13789,0.14063,0.66595
2017,010470,오리콤,KOSDAQ,1561,4.15000,-0.01709,0.00866,-0.00380,220.00000,-0.00380,-0.01275,-0.02082,-0.05085,-0.09565,-0.06707,-0.07101,-0.11665,-0.08688,0.00391,-0.12320,-0.01324,0.00191,-0.10070,-0.01521,-0.03452,-0.12534,-0.05101,220.00000,5210.63322,0.04222,0.01155,-0.03470,-0.05451,0.01913,0.01716,-0.01864,0.09000
2017,057030,YBM넷,KOSDAQ,1694,4.98000,-0.03824,-0.01250,0.01030,100.00000,0.01030,0.00135,-0.02834,-0.04834,-0.09313,-0.08473,-0.06220,-0.10784,-0.09806,0.03084,-0.09626,-0.00858,-0.02777,-0.13037,-0.06495,-0.07438,-0.16520,-0.10978,150.00000,2896.86142,0.03452,-0.00248,-0.05888,-0.07221,0.01728,-0.03910,-0.08392,-0.29838
2017,105840,우진,KOSPI,1261,4.15000,-0.08406,-0.05831,-0.03910,0.00000,-0.03910,-0.04805,-0.11987,-0.01640,-0.06119,-0.09908,0.02990,-0.01574,-0.05667,0.05260,-0.07451,-0.03588,0.05864,-0.04396,-0.03035,0.11196,0.02114,0.01849,220.00000,4855.58866,0.00000,-0.12322,-0.10243,-0.06002,-0.03923,-0.03370,0.01514,
2017,078070,유비쿼스홀딩스,KOSDAQ,1088,3.53000,-0.02684,-0.00110,0.00000,0.00000,0.00000,-0.00895,-0.02684,0.00576,-0.03903,-0.02124,-0.08127,-0.12691,-0.10593,-0.04346,-0.17057,-0.06913,-0.07550,-0.17810,-0.10032,-0.11455,-0.20538,-0.13832,250.00000,6892.04135,0.00000,-0.03019,-0.02459,-0.10928,-0.07248,-0.10367,-0.14167,
2017,049520,유아이엘,KOSDAQ,874,9.74000,-0.06247,-0.03672,-0.03120,500.00000,-0.03120,-0.04015,-0.09172,-0.06536,-0.11015,-0.12374,-0.09504,-0.14068,-0.15157,-0.05791,-0.18502,-0.11676,0.01625,-0.08635,-0.04723,-0.04157,-0.13240,-0.10144,700.00000,6737.93003,0.07421,-0.03229,-0.06431,-0.09214,-0.05733,0.01220,-0.04201,0.42045
2017,003460,유화증권,KOSPI,742,5.12000,-0.00898,0.01676,-0.03650,600.00000,-0.03650,-0.04545,-0.04516,-0.05772,-0.10251,-0.06618,-0.06389,-0.10953,-0.07230,-0.06078,-0.18789,-0.06922,-0.09428,-0.19688,-0.10242,-0.11553,-0.20635,-0.12348,850.00000,16452.41064,0.03647,-0.01765,-0.03868,-0.04480,-0.04172,-0.07492,-0.09598,1.00085
2017,041520,이엘씨,KOSDAQ,1287,10.55000,0.11514,0.14089,-0.08970,200.00000,-0.08970,-0.09865,0.01511,-0.13896,-0.18376,-0.03982,-0.15253,-0.19817,-0.05495,-0.12305,-0.25016,-0.02208,-0.14516,-0.24777,-0.04674,-0.22629,-0.31711,-0.13720,770.00000,8138.95897,0.02457,0.03255,-0.02238,-0.03751,-0.00464,-0.02930,-0.11976,3.65032
2017,005950,이수화학,KOSPI,632,3.32000,0.02978,0.05553,0.00000,500.00000,0.00000,-0.00895,0.02978,0.00000,-0.04479,0.02978,-0.02906,-0.07470,-0.00014,-0.01623,-0.14334,0.01306,-0.05166,-0.15426,-0.02341,-0.23553,-0.32635,-0.21276,500.00000,15508.72626,0.03224,0.05370,0.05370,0.02378,0.03699,0.00051,-0.18884,
2017,092130,이크레더블,KOSDAQ,757,3.48000,-0.00006,0.02568,-0.03930,530.00000,-0.03930,-0.04825,-0.03936,-0.06884,-0.11363,-0.06889,-0.04594,-0.09158,-0.04600,-0.01638,-0.14349,-0.01644,-0.10512,-0.20772,-0.10518,-0.08221,-0.17303,-0.08227,530.00000,15228.93013,0.03480,-0.01327,-0.04280,-0.01990,0.00965,-0.07908,-0.05617,1.12924
2017,017250,인터엠,KOSDAQ,1541,4.04000,-0.07561,-0.04986,0.01280,120.00000,0.01280,0.00385,-0.06377,0.04742,0.00263,-0.03177,0.01275,-0.03289,-0.06382,0.04736,-0.07975,-0.03183,0.08910,-0.01350,0.00676,-0.01135,-0.10217,-0.08610,120.00000,2745.72235,0.04370,-0.03015,0.00185,-0.03020,0.00180,0.04038,-0.05248,-0.29288
2017,129260,인터지스,KOSPI,1265,3.91000,0.02304,0.04879,-0.03030,120.00000,-0.03030,-0.03925,-0.00796,-0.00638,-0.05117,0.01652,-0.02864,-0.07428,-0.00626,-0.00170,-0.12881,0.02130,0.18613,0.08353,0.21346,0.13214,0.04132,0.15822,120.00000,3139.77306,0.03822,0.02103,0.04550,0.02272,0.05028,0.24244,0.18721,0.79279
2017,019540,일지테크,KOSDAQ,1487,3.01000,-0.04414,-0.01840,-0.01470,70.00000,-0.01470,-0.02365,-0.05819,-0.04829,-0.09308,-0.09030,-0.10724,-0.15288,-0.14665,-0.09474,-0.22184,-0.13470,-0.14411,-0.24671,-0.18189,-0.24075,-0.33157,-0.27426,150.00000,4763.40367,0.01470,-0.04911,-0.08122,-0.13757,-0.12562,-0.17281,-0.26518,1.00031
2017,094820,일진파워,KOSDAQ,1353,3.70000,-0.00735,0.01840,-0.01120,220.00000,-0.01120,-0.02015,-0.01847,-0.03188,-0.07667,-0.03899,-0.07672,-0.12236,-0.08350,-0.01324,-0.14035,-0.02049,0.10069,-0.00191,0.09260,0.07835,-0.01247,0.07043,200.00000,5365.68612,0.04100,0.01287,-0.00766,-0.05216,0.01085,0.12394,0.10176,0.27316
2017,234920,자이글,KOSDAQ,1223,4.22000,-0.01697,0.00877,-0.00430,0.00000,-0.00430,-0.01325,-0.02120,-0.04581,-0.09061,-0.06201,-0.12027,-0.16591,-0.13520,-0.07310,-0.20021,-0.08883,-0.01722,-0.11982,-0.03390,-0.11302,-0.20384,-0.12807,300.00000,6988.34863,0.00000,-0.02455,-0.06536,-0.13855,-0.09218,-0.03725,-0.13142,
2017,040420,정상제이엘에스,KOSDAQ,1014,5.37000,-0.00134,0.02441,-0.06000,430.00000,-0.06000,-0.06895,-0.06125,-0.08009,-0.12489,-0.08132,-0.06384,-0.10949,-0.06509,-0.06888,-0.19599,-0.07012,-0.07269,-0.17529,-0.07393,-0.07262,-0.16344,-0.07386,430.00000,7996.75864,0.05377,-0.01911,-0.03918,-0.02295,-0.02798,-0.03179,-0.03172,1.11583
2017,004910,조광페인트,KOSPI,959,3.76000,-0.03742,-0.01167,-0.00980,250.00000,-0.00980,-0.01875,-0.04685,-0.02438,-0.06917,-0.06089,-0.02829,-0.07393,-0.06465,0.01469,-0.11242,-0.02327,-0.07714,-0.17974,-0.11167,-0.15226,-0.24308,-0.18398,400.00000,10240.25700,0.02441,-0.02955,-0.04358,-0.04734,-0.00597,-0.09436,-0.16667,0.40142
2017,071320,지역난방공사,KOSPI,242,5.15000,0.01223,0.03797,-0.01870,2820.00000,-0.01870,-0.02765,-0.00670,-0.03605,-0.08084,-0.02426,-0.01066,-0.05630,0.00143,0.01870,-0.10841,0.03115,0.14055,0.03795,0.15450,0.11111,0.02029,0.12469,3800.00000,74688.46414,0.03776,0.02189,0.00433,0.03003,0.05974,0.18309,0.15328,0.49527
2017,088790,진도,KOSPI,1501,3.75000,0.02254,0.04828,-0.00920,270.00000,-0.00920,-0.01815,0.01313,-0.00010,-0.04489,0.02244,0.00912,-0.03652,0.03186,0.10092,-0.02618,0.12574,0.02746,-0.07514,0.05062,0.00367,-0.08715,0.02629,200.00000,5453.52432,0.04951,0.05166,0.06097,0.07039,0.16427,0.08915,0.06483,0.18582
2017,018120,진로발효,KOSDAQ,557,3.32000,-0.01386,0.01188,-0.01950,1100.00000,-0.01950,-0.02845,-0.03309,-0.02087,-0.06567,-0.03445,-0.05002,-0.09566,-0.06319,-0.05718,-0.18428,-0.07025,-0.09891,-0.20151,-0.11140,-0.11823,-0.20905,-0.13045,1210.00000,35940.57582,0.03061,-0.01055,-0.01190,-0.04064,-0.04770,-0.08886,-0.10791,0.63713
2017,100250,진양홀딩스,KOSPI,811,4.58000,-0.00844,0.01730,-0.00830,140.00000,-0.00830,-0.01725,-0.01667,-0.04465,-0.08945,-0.05272,-0.06278,-0.10842,-0.07069,-0.02980,-0.15690,-0.03799,-0.06764,-0.17024,-0.07551,-0.09577,-0.18659,-0.10340,140.00000,3030.96179,0.04619,0.01905,-0.01699,-0.03496,-0.00226,-0.03979,-0.06768,0.17969
2017,000650,천일고속,KOSPI,943,8.24000,0.04528,0.07103,-0.06210,15300.00000,-0.06210,-0.07105,-0.01963,-0.10351,-0.14831,-0.06292,-0.10649,-0.15213,-0.06603,-0.11047,-0.23757,-0.07019,-0.13493,-0.23753,-0.09576,-0.11030,-0.20112,-0.07002,8000.00000,101483.52685,0.15076,0.10456,0.06128,0.05816,0.05401,0.02844,0.05418,0.41190
2017,096240,크레버스,KOSDAQ,1115,5.11000,0.07346,0.09921,-0.04460,800.00000,-0.04460,-0.05355,0.02559,0.00001,-0.04478,0.07348,-0.06849,-0.11414,-0.00006,-0.01784,-0.14495,0.05431,-0.02394,-0.12654,0.04777,-0.08340,-0.17422,-0.01606,800.00000,16805.70229,0.04760,0.06251,0.11040,0.03686,0.09124,0.08469,0.02086,0.93692
2017,024880,케이피에프,KOSDAQ,1428,3.02000,0.00520,0.03095,-0.02510,150.00000,-0.02510,-0.03405,-0.02003,-0.04728,-0.09207,-0.04232,-0.03625,-0.08190,-0.03124,-0.02624,-0.15335,-0.02118,0.02713,-0.07548,0.03247,0.05700,-0.03382,0.06249,150.00000,4992.71169,0.03004,0.00204,-0.02026,-0.00918,0.00089,0.05453,0.08456,0.83545
2017,003690,코리안리,KOSPI,178,3.00000,0.02765,0.05340,-0.01790,300.00000,-0.01790,-0.02685,0.00926,-0.02684,-0.07163,0.00007,0.00904,-0.03661,0.03694,0.06277,-0.06433,0.09216,0.07168,-0.03092,0.10131,0.00457,-0.08625,0.03235,325.00000,11132.92078,0.02695,0.02871,0.01952,0.05639,0.11161,0.12076,0.05180,0.66426
2017,021240,코웨이,KOSPI,47,3.34000,0.01155,0.03729,-0.01340,3200.00000,-0.01340,-0.02235,-0.00201,-0.01244,-0.05723,-0.00104,0.01841,-0.02724,0.03016,-0.00432,-0.13143,0.00718,-0.08475,-0.18735,-0.07419,-0.07628,-0.16710,-0.06562,3200.00000,96914.62069,0.03302,0.02258,0.02354,0.05475,0.03176,-0.04960,-0.04103,0.40583
2017,126600,BGF에코머티리얼즈,KOSDAQ,1167,3.10000,-0.03626,-0.01051,0.01070,70.00000,0.01070,0.00175,-0.02595,0.03639,-0.00840,-0.00119,-0.02142,-0.06706,-0.05690,0.05456,-0.07255,0.01632,-0.01935,-0.12196,-0.05491,-0.08375,-0.17457,-0.11697,150.00000,4663.26816,0.01501,-0.01660,0.00816,-0.04755,0.02567,-0.04556,-0.10762,-0.71281
2017,006890,태경케미컬,KOSPI,1601,3.03000,-0.05665,-0.03090,-0.03000,150.00000,-0.03000,-0.03895,-0.08495,-0.02899,-0.07378,-0.08400,-0.02797,-0.07362,-0.08304,0.04926,-0.07784,-0.01017,-0.00852,-0.11112,-0.06468,0.01200,-0.07882,-0.04533,150.00000,4670.06168,0.03212,-0.06113,-0.06017,-0.05921,0.01365,-0.04086,-0.02151,0.93401
2017,078000,텔코웨어,KOSPI,1065,4.12000,0.01650,0.04225,-0.02830,580.00000,-0.02830,-0.03725,-0.01226,-0.03629,-0.08108,-0.02038,-0.03635,-0.08199,-0.02045,0.01620,-0.11090,0.03297,0.11735,0.01475,0.13579,0.22270,0.13188,0.24288,500.00000,12336.21034,0.04702,0.02416,0.01605,0.01598,0.06940,0.17222,0.27930,0.60192
2017,058430,포스코스틸리온,KOSPI,806,3.50000,0.00183,0.02757,-0.00520,750.00000,-0.00520,-0.01415,-0.00338,0.04551,0.00072,0.04742,-0.01572,-0.06136,-0.01392,-0.00522,-0.13233,-0.00340,-0.04200,-0.14460,-0.04025,-0.07334,-0.16416,-0.07165,1000.00000,28623.61892,0.02620,0.01543,0.06623,0.00489,0.01541,-0.02144,-0.05283,0.19846
2017,007330,푸른저축은행,KOSDAQ,1092,6.64000,0.02646,0.05221,-0.05560,550.00000,-0.05560,-0.06455,-0.03061,-0.09059,-0.13539,-0.06653,-0.09841,-0.14405,-0.07455,-0.04924,-0.17635,-0.02409,0.00385,-0.09875,0.03041,-0.00523,-0.09605,0.02109,500.00000,7729.37049,0.07116,0.02624,-0.00968,-0.01770,0.03276,0.08726,0.07794,0.78137
2017,128660,피제이메탈,KOSDAQ,1661,4.25000,0.01890,0.04465,-0.01850,100.00000,-0.01850,-0.02745,0.00005,-0.07875,-0.12354,-0.06133,-0.05097,-0.09661,-0.03303,-0.05561,-0.18272,-0.03776,-0.07416,-0.17677,-0.05666,-0.08343,-0.17425,-0.06610,90.00000,2157.67889,0.04635,0.03591,-0.02547,0.00283,-0.00190,-0.02080,-0.03024,0.39917
2017,000080,하이트진로,KOSPI,150,3.80000,0.02739,0.05313,-0.00410,800.00000,-0.00410,-0.01305,0.02317,0.00199,-0.04280,0.02944,0.00608,-0.03957,0.03363,-0.04311,-0.17022,-0.01691,-0.08222,-0.18482,-0.05708,-0.05948,-0.15030,-0.03372,900.00000,24332.85592,0.03288,0.04764,0.05390,0.05809,0.00756,-0.03262,-0.00926,0.12471
2017,025550,한국선재,KOSDAQ,1466,3.47000,0.00854,0.03428,-0.02930,100.00000,-0.02930,-0.03825,-0.02101,-0.05335,-0.09815,-0.04527,-0.06723,-0.11288,-0.05927,-0.03956,-0.16666,-0.03136,-0.05345,-0.15605,-0.04537,-0.03280,-0.12362,-0.02454,100.00000,2906.44134,0.03441,0.00474,-0.01952,-0.03351,-0.00560,-0.01961,0.00121,0.85159
2017,002960,한국쉘석유,KOSPI,340,4.76000,0.00746,0.03321,-0.03980,17000.00000,-0.03980,-0.04875,-0.03263,-0.05727,-0.10206,-0.05023,-0.05110,-0.09674,-0.04402,-0.05102,-0.17813,-0.04394,-0.09448,-0.19708,-0.08772,-0.17043,-0.26125,-0.16424,19000.00000,402138.75656,0.04227,-0.00022,-0.01782,-0.01161,-0.01153,-0.05531,-0.13183,0.94148
2017,015760,한국전력,KOSPI,13,5.28000,0.04275,0.06850,-0.01790,790.00000,-0.01790,-0.02685,0.02409,-0.04858,-0.09337,-0.00790,-0.06770,-0.11334,-0.02785,-0.07792,-0.20503,-0.03850,-0.14701,-0.24961,-0.11054,-0.18656,-0.27738,-0.15179,1980.00000,39103.21465,0.02020,0.03783,0.00584,-0.01410,-0.02476,-0.09680,-0.13804,0.88601
2017,023760,한국캐피탈,KOSDAQ,1155,3.24000,0.02433,0.05008,-0.00950,13.00000,-0.00950,-0.01845,0.01460,-0.00474,-0.04953,0.01948,-0.02375,-0.06939,0.00000,0.00935,-0.11776,0.03391,0.00305,-0.09955,0.02746,-0.02204,-0.11286,0.00175,20.00000,632.30369,0.02056,0.02864,0.03352,0.01404,0.04795,0.04150,0.01579,0.46207
2017,052600,한네트,KOSDAQ,1853,3.70000,0.03235,0.05810,-0.01640,100.00000,-0.01640,-0.02535,0.01542,0.05238,0.00759,0.08642,0.00016,-0.04548,0.03252,0.09124,-0.03587,0.12654,-0.02373,-0.12633,0.00785,-0.08801,-0.17883,-0.05851,120.00000,3348.15926,0.02987,0.03734,0.10834,0.05443,0.14845,0.02977,-0.03659,0.54910
2017,053690,한미글로벌,KOSPI,1170,3.19000,-0.03303,-0.00728,-0.01430,250.00000,-0.01430,-0.02325,-0.04686,0.05824,0.01345,0.02329,0.02309,-0.02255,-0.01070,0.09669,-0.03042,0.06046,0.06912,-0.03349,0.03380,0.04182,-0.04900,0.00741,300.00000,9093.77180,0.02749,-0.02695,0.04319,0.00921,0.08037,0.05371,0.02732,0.52016
2017,213500,한솔제지,KOSPI,468,4.73000,-0.03376,-0.00801,-0.02450,600.00000,-0.02450,-0.03345,-0.05743,-0.03146,-0.07626,-0.06416,-0.03147,-0.07711,-0.06417,0.04900,-0.07810,0.01359,0.13290,0.03030,0.09465,0.11546,0.02464,0.07780,700.00000,14299.53639,0.04196,-0.02529,-0.03201,-0.03202,0.04574,0.12680,0.10995,0.58390
2017,001750,한양증권,KOSPI,1173,4.38000,-0.02229,0.00346,-0.01790,350.00000,-0.01790,-0.02685,-0.03979,-0.03831,-0.08310,-0.05974,-0.03319,-0.07883,-0.05473,0.00777,-0.11934,-0.01469,-0.01529,-0.11789,-0.03723,-0.02933,-0.12015,-0.05096,350.00000,7812.78894,0.04480,-0.00524,-0.02519,-0.02018,0.01986,-0.00268,-0.01641,0.39957
2017,130660,한전산업,KOSPI,932,5.05000,-0.00354,0.02221,-0.03840,198.00000,-0.03840,-0.04735,-0.04180,-0.07573,-0.12052,-0.07900,-0.08279,-0.12843,-0.08603,-0.03283,-0.15994,-0.03625,-0.06401,-0.16661,-0.06732,-0.21960,-0.31042,-0.22236,218.00000,4301.55923,0.04603,-0.00621,-0.04341,-0.05044,-0.00066,-0.03173,-0.18677,0.83424
2017,001500,현대차증권,KOSPI,488,3.51000,-0.00003,0.02572,-0.03510,400.00000,-0.03510,-0.04405,-0.03513,-0.03943,-0.08423,-0.03946,0.03074,-0.01490,0.03071,0.08786,-0.03925,0.08783,-0.01299,-0.11559,-0.01301,-0.09201,-0.18283,-0.09204,400.00000,11395.69788,0.03510,-0.00878,-0.01311,0.05706,0.11418,0.01333,-0.06569,0.99997
2017,001450,현대해상,KOSPI,76,3.11000,0.11531,0.14105,-0.02890,1500.00000,-0.02890,-0.03785,0.08308,-0.08888,-0.13367,0.01618,-0.04852,-0.09416,0.06120,-0.06817,-0.19528,0.03928,-0.14664,-0.24924,-0.04824,-0.19212,-0.28294,-0.09896,1350.00000,48413.69788,0.03098,0.10594,0.03904,0.08406,0.06214,-0.02538,-0.07610,0.93277
2017,002460,HS화성,KOSPI,705,4.28000,0.00929,0.03503,-0.03740,890.00000,-0.03740,-0.04635,-0.02846,-0.05922,-0.10401,-0.05048,-0.05608,-0.10172,-0.04731,-0.02487,-0.15198,-0.01582,-0.01248,-0.11508,-0.00331,-0.06563,-0.15645,-0.05695,680.00000,16035.37302,0.05550,0.01514,-0.00688,-0.00371,0.02779,0.04029,-0.01334,0.67385
2017,004800,효성,KOSPI,64,3.70000,0.03720,0.06295,-0.02500,5000.00000,-0.02500,-0.03395,0.01127,0.02143,-0.02337,0.05943,-0.06785,-0.11349,-0.03317,-0.06776,-0.19487,-0.03308,-0.09644,-0.19904,-0.06282,-0.14640,-0.23722,-0.11464,5000.00000,140162.43327,0.03567,0.03810,0.08625,-0.00634,-0.00625,-0.03599,-0.08781,0.70081
2017,079980,휴비스,KOSPI,538,3.60000,0.21693,0.24268,0.00000,300.00000,0.00000,-0.00895,0.21693,0.03947,-0.00532,0.26497,0.13314,0.08750,0.37896,0.17240,0.04529,0.42673,0.10853,0.00592,0.34900,0.07912,-0.01170,0.31322,300.00000,10141.11869,0.02958,0.23861,0.28665,0.40063,0.44841,0.37068,0.33489,
2017,005010,휴스틸,KOSPI,1123,3.16000,0.00619,0.03194,-0.02200,500.00000,-0.02200,-0.03095,-0.01595,-0.02205,-0.06684,-0.01599,-0.02524,-0.07088,-0.01920,-0.00317,-0.13028,0.00300,-0.11025,-0.21285,-0.10474,-0.15739,-0.24821,-0.15218,500.00000,15920.74050,0.03141,0.00727,0.00723,0.00401,0.02622,-0.08152,-0.12896,0.70051
2018,138930,BNK금융지주,KOSPI,104,3.00000,-0.00931,0.03611,-0.03290,300.00000,-0.03290,-0.04268,-0.04190,-0.09865,-0.13091,-0.10704,-0.12234,-0.18280,-0.13051,-0.05792,-0.17652,-0.06669,-0.06716,-0.19374,-0.07584,-0.12124,-0.25137,-0.12942,230.00000,7595.30905,0.03950,-0.01184,-0.07697,-0.10044,-0.03662,-0.04578,-0.09936,0.83295
2018,005830,DB손해보험,KOSPI,58,3.40000,0.06513,0.11054,-0.01530,2000.00000,-0.01530,-0.02508,0.04883,-0.05136,-0.08363,0.01042,-0.08729,-0.14775,-0.02784,-0.05395,-0.17255,0.00766,0.00561,-0.12097,0.07110,-0.04715,-0.17728,0.01491,2300.00000,72052.70466,0.02776,0.06896,0.03056,-0.00771,0.02779,0.09123,0.03504,0.55120
2018,139130,iM금융지주,KOSPI,145,3.86000,-0.01923,0.02618,-0.02900,360.00000,-0.02900,-0.03878,-0.04768,-0.04981,-0.08208,-0.06808,-0.05679,-0.11726,-0.07494,-0.02330,-0.14190,-0.04209,-0.01771,-0.14430,-0.03661,-0.05362,-0.18375,-0.07182,340.00000,8638.87595,0.04167,-0.01577,-0.03618,-0.04303,-0.01018,-0.00470,-0.03992,0.69591
2018,017940,E1,KOSPI,377,3.32000,-0.04976,-0.00435,-0.01400,2000.00000,-0.01400,-0.02378,-0.06306,-0.05061,-0.08287,-0.09785,-0.04699,-0.10745,-0.09441,0.05792,-0.06068,0.00528,0.02109,-0.10549,-0.02972,0.12759,-0.00254,0.07148,2000.00000,57243.35282,0.03494,-0.03686,-0.07164,-0.06820,0.03149,-0.00351,0.09769,0.40070
2018,078930,GS,KOSPI,59,3.50000,-0.00755,0.03786,-0.01170,1900.00000,-0.01170,-0.02148,-0.01917,-0.01566,-0.04793,-0.02310,-0.00588,-0.06635,-0.01339,0.02546,-0.09314,0.01771,0.04884,-0.07774,0.04092,0.03305,-0.09708,0.02525,1800.00000,51040.10276,0.03723,0.00898,0.00505,0.01475,0.04585,0.06906,0.05339,0.31430
2018,028150,GS홈쇼핑,KOSDAQ,162,3.32000,-0.03364,0.01178,-0.04920,7000.00000,-0.04920,-0.05898,-0.08118,-0.06718,-0.09945,-0.09856,0.00055,-0.05991,-0.03311,-0.00390,-0.12250,-0.03741,-0.02609,-0.15268,-0.05886,-0.05313,-0.18326,-0.08498,6500.00000,189197.25432,0.03700,-0.05323,-0.07061,-0.00515,-0.00945,-0.03090,-0.05703,1.32979
2018,012630,HDC,KOSPI,192,5.95000,0.04182,0.08723,-0.00860,150.00000,-0.00860,-0.01838,0.03286,-0.09439,-0.12666,-0.05652,-0.08581,-0.14628,-0.04758,-0.00860,-0.12720,0.03286,0.14014,0.01356,0.18782,0.08295,-0.04718,0.12823,1000.00000,17509.56970,0.00857,0.03676,-0.05262,-0.04368,0.03676,0.19172,0.13213,1.00388
2018,095340,ISC,KOSDAQ,967,3.86000,-0.05188,-0.00646,-0.01660,150.00000,-0.01660,-0.02638,-0.06761,-0.06041,-0.09267,-0.10915,-0.03440,-0.09487,-0.08449,0.06048,-0.05811,0.00547,0.10681,-0.01978,0.04939,0.07697,-0.05316,0.02110,350.00000,8596.98005,0.01745,-0.05620,-0.09774,-0.07308,0.01688,0.06080,0.03251,0.95140
2018,105560,KB금융,KOSPI,12,4.07000,0.01256,0.05798,-0.04920,1920.00000,-0.04920,-0.05898,-0.03725,-0.04915,-0.08142,-0.03721,-0.06797,-0.12844,-0.05626,-0.04170,-0.16029,-0.02966,-0.07196,-0.19854,-0.06030,-0.12436,-0.25449,-0.11336,1920.00000,47767.10678,0.04020,-0.00660,-0.00655,-0.02561,0.00100,-0.02965,-0.08270,1.22403
2018,002380,KCC,KOSPI,92,3.23000,0.08227,0.12769,0.01320,9000.00000,0.01320,0.00342,0.09656,0.00491,-0.02736,0.08758,-0.03483,-0.09529,0.04458,0.05634,-0.06225,0.14325,0.05797,-0.06862,0.14501,0.05490,-0.07523,0.14169,9000.00000,301561.67570,0.02984,0.11846,0.10948,0.06647,0.16515,0.16691,0.16359,-0.44229
2018,151860,KG에코솔루션,KOSDAQ,1040,3.11000,0.02631,0.07172,-0.03180,100.00000,-0.03180,-0.04158,-0.00633,-0.07573,-0.10800,-0.05141,-0.02733,-0.08779,-0.00174,-0.00161,-0.12020,0.02466,-0.00471,-0.13129,0.02148,0.17228,0.04215,0.20313,100.00000,3300.03177,0.03030,0.01596,-0.02913,0.02055,0.04695,0.04377,0.22541,1.04941
2018,114450,그린생명과학,KOSDAQ,1462,5.08000,-0.12806,-0.08265,0.02360,0.00000,0.02360,0.01382,-0.10748,0.11449,0.08222,-0.02824,0.19401,0.13355,0.04110,0.22760,0.10900,0.07039,0.16423,0.03765,0.01514,0.04488,-0.08525,-0.08893,234.00000,4016.40431,0.00000,-0.11083,-0.03159,0.03775,0.06704,0.01179,-0.09228,
2018,025000,KPX케미칼,KOSPI,536,3.68000,-0.04773,-0.00232,-0.00390,2000.00000,-0.00390,-0.01368,-0.05144,0.03282,0.00055,-0.01648,-0.03672,-0.09719,-0.08270,-0.00393,-0.12253,-0.05148,0.12148,-0.00510,0.06795,0.05955,-0.07058,0.00898,2000.00000,51753.79591,0.03864,-0.02210,0.01287,-0.05336,-0.02213,0.09730,0.03832,0.10092
2018,044450,KSS해운,KOSPI,768,3.22000,-0.07683,-0.03141,-0.01970,230.00000,-0.01970,-0.02948,-0.09502,-0.05157,-0.08384,-0.12444,-0.04396,-0.10443,-0.11742,0.01059,-0.10800,-0.06705,0.03332,-0.09326,-0.04607,0.08467,-0.04546,0.00133,230.00000,6594.07220,0.03488,-0.06886,-0.09828,-0.09126,-0.04089,-0.01991,0.02749,0.56480
2018,030200,KT,KOSPI,40,3.28000,-0.00973,0.03568,-0.01990,1100.00000,-0.01990,-0.02968,-0.02944,0.00829,-0.02398,-0.00153,-0.03312,-0.09359,-0.04253,-0.02988,-0.14848,-0.03932,-0.05817,-0.18475,-0.06734,-0.09306,-0.22319,-0.10189,1000.00000,30191.07352,0.03643,-0.00197,0.02595,-0.01506,-0.01185,-0.03986,-0.07442,0.54618
2018,033780,KT&G,KOSPI,21,3.85000,0.01448,0.05990,-0.03790,4000.00000,-0.03790,-0.04768,-0.02396,-0.05212,-0.08439,-0.03839,-0.03314,-0.09360,-0.01913,-0.05576,-0.17436,-0.04209,0.00031,-0.12627,0.01480,-0.01865,-0.14878,-0.00444,4000.00000,105400.94964,0.03795,0.00479,-0.00963,0.00962,-0.01333,0.04355,0.02432,0.99867
2018,058850,KTcs,KOSPI,1106,3.21000,-0.01396,0.03145,-0.00410,90.00000,-0.00410,-0.01388,-0.01801,0.00809,-0.02418,-0.00599,0.04872,-0.01174,0.03408,0.05482,-0.06378,0.04009,-0.02438,-0.15096,-0.03800,-0.05902,-0.18915,-0.07216,80.00000,2457.40919,0.03662,0.00963,0.02164,0.06171,0.06773,-0.01037,-0.04452,0.11195
2018,108670,LX하우시스,KOSPI,343,3.42000,0.08357,0.12899,-0.00530,250.00000,-0.00530,-0.01508,0.07783,-0.01745,-0.04972,0.06466,0.04751,-0.01296,0.13505,0.13514,0.01654,0.23000,0.14905,0.02247,0.24508,0.06307,-0.06706,0.15191,1800.00000,57030.03424,0.00438,0.07819,0.06502,0.13541,0.23036,0.24544,0.15227,1.20904
2018,023150,MH에탄올,KOSPI,1870,6.52000,0.07614,0.12156,-0.02080,350.00000,-0.02080,-0.03058,0.05376,-0.00007,-0.03234,0.07607,-0.00532,-0.06579,0.07042,-0.04335,-0.16195,0.02949,0.13482,0.00824,0.22123,0.12956,-0.00057,0.21557,350.00000,5776.85015,0.06059,0.10167,0.12398,0.11832,0.07740,0.26914,0.26348,0.34331
2018,219550,디와이디,KOSDAQ,775,6.56000,-0.45482,-0.40940,-0.04140,0.00000,-0.04140,-0.05118,-0.47739,-0.04768,-0.07995,-0.48081,-0.07957,-0.14003,-0.49820,0.03831,-0.08028,-0.43393,0.00631,-0.12027,-0.45138,-0.00342,-0.13355,-0.45668,189.00000,1570.72774,0.00000,-0.48074,-0.48416,-0.50155,-0.43728,-0.45473,-0.46003,
2018,005940,NH투자증권,KOSPI,67,3.61000,-0.04336,0.00205,-0.02260,500.00000,-0.02260,-0.03238,-0.06498,-0.03758,-0.06985,-0.07932,-0.04514,-0.10560,-0.08654,0.03028,-0.08832,-0.01440,-0.01505,-0.14163,-0.05776,0.01504,-0.11509,-0.02897,500.00000,13249.81386,0.03774,-0.03641,-0.05074,-0.05797,0.01418,-0.02918,-0.00040,0.59889
2018,005490,POSCO홀딩스,KOSPI,9,3.23000,-0.01203,0.03338,-0.01230,10000.00000,-0.01230,-0.02208,-0.02418,0.00606,-0.02621,-0.00605,0.02241,-0.03806,0.01011,0.10011,-0.01849,0.08687,0.07546,-0.05113,0.06252,0.03440,-0.09573,0.02195,8000.00000,244697.92971,0.04087,0.00704,0.02517,0.04133,0.11810,0.09374,0.05317,0.30098
2018,064960,SNT모티브,KOSPI,394,3.76000,0.06381,0.10923,-0.01410,1200.00000,-0.01410,-0.02388,0.04881,-0.01070,-0.04297,0.05243,0.03870,-0.02177,0.10498,0.20131,0.08271,0.27796,0.27571,0.14913,0.35711,0.36400,0.23387,0.45104,1000.00000,28292.85547,0.04241,0.08134,0.08496,0.13751,0.31050,0.38964,0.48357,0.33244
2018,010950,S-Oil,KOSPI,25,5.34000,-0.06329,-0.01787,-0.02420,750.00000,-0.02420,-0.03398,-0.08596,-0.06959,-0.10185,-0.12847,-0.05121,-0.11167,-0.11125,-0.04351,-0.16210,-0.10404,-0.03371,-0.16030,-0.09487,-0.13424,-0.26437,-0.18903,5900.00000,103494.25969,0.00725,-0.08318,-0.12569,-0.10847,-0.10126,-0.09209,-0.18625,3.33941
2018,002360,SH에너지화학,KOSPI,1037,4.11000,0.02888,0.07429,0.01860,23.00000,0.01860,0.00882,0.04801,0.00938,-0.02289,0.03853,0.03263,-0.02783,0.06245,0.13034,0.01174,0.16298,0.02332,-0.10326,0.05287,-0.00455,-0.13468,0.02420,43.00000,1076.44126,0.02137,0.06274,0.05325,0.07718,0.17770,0.06760,0.03892,-0.87051
2018,009160,SIMPAC,KOSPI,783,3.21000,-0.01605,0.02936,-0.01220,60.00000,-0.01220,-0.02198,-0.02806,-0.01826,-0.05053,-0.03402,0.11643,0.05597,0.09851,0.14294,0.02434,0.12459,0.09609,-0.03049,0.07850,0.03301,-0.09712,0.01642,80.00000,2452.20118,0.02447,-0.01071,-0.01667,0.11586,0.14194,0.09585,0.03377,0.49861
2018,018670,SK가스,KOSPI,264,3.44000,-0.04235,0.00306,0.00280,3000.00000,0.00280,-0.00698,-0.03967,0.00413,-0.02814,-0.03840,0.05976,-0.00070,0.01488,0.13643,0.01783,0.08830,0.12119,-0.00539,0.07371,0.27440,0.14427,0.22043,2600.00000,72380.34524,0.04145,-0.00796,-0.00669,0.04659,0.12001,0.10542,0.25214,-0.06755
2018,096770,SK이노베이션,KOSPI,16,4.07000,-0.07381,-0.02840,-0.01650,8000.00000,-0.01650,-0.02628,-0.08909,-0.04398,-0.07625,-0.11454,-0.02214,-0.08261,-0.09432,-0.00567,-0.12427,-0.07906,0.03272,-0.09386,-0.04351,-0.01373,-0.14386,-0.08653,8000.00000,182051.76165,0.04394,-0.05527,-0.08072,-0.06049,-0.04524,-0.00968,-0.05270,0.37548
2018,017670,SK텔레콤,KOSPI,6,3.45000,-0.07093,-0.02552,-0.01120,10000.00000,-0.01120,-0.02098,-0.08134,0.02785,-0.00442,-0.04506,-0.00748,-0.06795,-0.07788,0.01276,-0.10583,-0.05907,-0.03155,-0.15813,-0.10024,-0.06495,-0.19508,-0.13128,10000.00000,269295.48197,0.03713,-0.05327,-0.01699,-0.04982,-0.03101,-0.07217,-0.10321,0.30161
2018,035250,강원랜드,KOSPI,42,3.07000,0.00144,0.04686,-0.01080,900.00000,-0.01080,-0.02058,-0.00938,0.00165,-0.03062,0.00309,0.00017,-0.06029,0.00161,0.02338,-0.09522,0.02485,-0.04327,-0.16985,-0.04189,-0.00903,-0.13916,-0.00760,990.00000,32293.99948,0.02787,0.01085,0.02332,0.02184,0.04508,-0.02166,0.01263,0.38753
2018,002100,경농,KOSPI,648,3.11000,0.08421,0.12962,0.02430,250.00000,0.02430,0.01452,0.11055,0.08736,0.05509,0.17893,0.53884,0.47838,0.66842,0.95641,0.83781,1.12115,0.46636,0.33977,0.58983,0.51517,0.38504,0.64275,295.00000,10284.27860,0.02431,0.12777,0.19614,0.68564,1.13837,0.60705,0.65997,-0.99963
2018,011040,경동제약,KOSDAQ,446,3.17000,-0.07525,-0.02984,-0.00860,300.00000,-0.00860,-0.01838,-0.08321,-0.09875,-0.13101,-0.16657,-0.07313,-0.13359,-0.14288,-0.09881,-0.21741,-0.16663,-0.06442,-0.19101,-0.13483,-0.09865,-0.22878,-0.16648,400.00000,11668.70918,0.02571,-0.06481,-0.14817,-0.12448,-0.14823,-0.11643,-0.14808,0.33450
2018,049720,고려신용정보,KOSDAQ,1591,4.88000,-0.05731,-0.01190,-0.02070,220.00000,-0.02070,-0.03048,-0.07682,0.00774,-0.02453,-0.05002,-0.01044,-0.07091,-0.06715,-0.00915,-0.12775,-0.06594,0.03864,-0.08794,-0.02088,0.11610,-0.01403,0.05214,200.00000,3863.48072,0.05694,-0.03200,-0.00519,-0.02233,-0.02111,0.02394,0.09696,0.36352
2018,215000,골프존,KOSDAQ,634,6.98000,0.00574,0.05115,-0.03320,1850.00000,-0.03320,-0.04298,-0.02765,-0.04767,-0.07993,-0.04220,-0.05773,-0.11820,-0.05233,0.01159,-0.10701,0.01739,0.19939,0.07281,0.20627,0.19041,0.06028,0.19724,2400.00000,34581.29397,0.05350,0.01426,-0.00029,-0.01042,0.05930,0.24818,0.23915,0.62059
2018,030610,교보증권,KOSPI,442,3.21000,0.00427,0.04969,-0.02550,350.00000,-0.02550,-0.03528,-0.02134,-0.04886,-0.08113,-0.04480,-0.05521,-0.11568,-0.05118,0.02354,-0.09505,0.02791,0.02395,-0.10263,0.02833,0.00169,-0.12844,0.00596,300.00000,9385.70098,0.03729,0.00686,-0.01660,-0.02298,0.05611,0.05652,0.03416,0.68382
2018,053270,구영테크,KOSDAQ,1900,3.52000,0.05655,0.10196,0.00000,30.00000,0.00000,-0.00978,0.05655,0.02338,-0.00889,0.08125,0.04344,-0.01702,0.10245,0.30019,0.18160,0.37372,0.15659,0.03001,0.22200,0.11317,-0.01696,0.17612,50.00000,1500.78002,0.01999,0.07011,0.09481,0.11601,0.38728,0.23556,0.18968,
2018,007690,국도화학,KOSPI,528,3.26000,-0.03802,0.00740,0.00450,1500.00000,0.00450,-0.00528,-0.03369,-0.00465,-0.03692,-0.04250,0.01009,-0.05037,-0.02831,0.14436,0.02577,0.10086,0.14212,0.01554,0.09870,0.08369,-0.04644,0.04249,1500.00000,44262.94394,0.03389,-0.00837,-0.01718,-0.00299,0.12618,0.12402,0.06781,-0.13279
2018,043650,국순당,KOSDAQ,1443,4.27000,0.02906,0.07448,-0.00490,260.00000,-0.00490,-0.01468,0.02402,-0.00850,-0.04077,0.02031,0.03542,-0.02504,0.06552,0.03910,-0.07950,0.06930,-0.05362,-0.18020,-0.02611,-0.03419,-0.16432,-0.00612,170.00000,4096.97876,0.06346,0.07436,0.07065,0.11586,0.11964,0.02423,0.04422,0.07721
2018,002990,금호건설,KOSPI,373,4.24000,0.07620,0.12162,-0.04720,500.00000,-0.04720,-0.05698,0.02540,-0.09833,-0.13060,-0.02962,-0.12196,-0.18242,-0.05505,0.01977,-0.09883,0.09748,-0.01541,-0.14199,0.05962,-0.24701,-0.37714,-0.18963,500.00000,12691.04353,0.03940,0.05538,0.00036,-0.02507,0.12746,0.08960,-0.15965,1.19803
2018,036190,금화피에스시,KOSDAQ,733,3.07000,0.02213,0.06754,-0.01170,1300.00000,-0.01170,-0.02148,0.01017,-0.04344,-0.07571,-0.02227,-0.01341,-0.07387,0.00842,0.01685,-0.10174,0.03935,0.06862,-0.05796,0.09226,0.05687,-0.07326,0.08025,900.00000,29964.62171,0.04338,0.04352,0.01108,0.04178,0.07271,0.12562,0.11360,0.26968
2018,024110,기업은행,KOSPI,38,4.17000,0.00674,0.05216,-0.05700,690.00000,-0.05700,-0.06678,-0.05064,-0.10731,-0.13958,-0.10129,-0.10050,-0.16096,-0.09444,-0.07018,-0.18877,-0.06391,-0.06327,-0.18986,-0.05696,-0.05657,-0.18670,-0.05021,617.00000,14895.89048,0.04632,-0.01481,-0.06546,-0.05860,-0.02807,-0.02112,-0.01437,1.23053
2018,058730,다스코,KOSPI,1094,3.57000,0.12573,0.17115,0.01400,200.00000,0.01400,0.00422,0.14149,0.02801,-0.00426,0.15726,0.08632,0.02585,0.22290,0.14973,0.03113,0.29429,0.01657,-0.11001,0.14439,-0.04073,-0.17086,0.07988,250.00000,7883.26737,0.02537,0.15960,0.17537,0.24101,0.31240,0.16250,0.09799,-0.55183
2018,019680,대교,KOSPI,300,3.52000,-0.02785,0.01756,-0.00600,210.00000,-0.00600,-0.01578,-0.03369,-0.01809,-0.05035,-0.04544,-0.03624,-0.09671,-0.06309,-0.02115,-0.13974,-0.04841,-0.00163,-0.12822,-0.02944,-0.06511,-0.19524,-0.09115,240.00000,6628.27485,0.03168,-0.01023,-0.02198,-0.03963,-0.02496,-0.00599,-0.06770,0.18938
2018,008060,대덕,KOSPI,357,3.22000,-0.04294,0.00248,-0.00560,300.00000,-0.00560,-0.01538,-0.04830,0.04580,0.01353,0.00090,0.08495,0.02449,0.03837,0.18136,0.06276,0.13063,0.14227,0.01569,0.09322,0.06840,-0.06173,0.02252,300.00000,8916.72664,0.03364,-0.02318,0.02601,0.06348,0.15575,0.11834,0.04764,0.16645
2018,003540,대신증권,KOSPI,282,5.00000,-0.01615,0.02926,-0.05000,620.00000,-0.05000,-0.05978,-0.06535,-0.08334,-0.11560,-0.09814,-0.07917,-0.13963,-0.09404,-0.03745,-0.15605,-0.05300,-0.07501,-0.20159,-0.08995,-0.08328,-0.21341,-0.09808,610.00000,12002.92975,0.05165,-0.02500,-0.05779,-0.05369,-0.01265,-0.04960,-0.05773,0.96798
2018,140520,대창스틸,KOSDAQ,1613,3.55000,-0.05503,-0.00962,0.02250,100.00000,0.02250,0.01272,-0.03377,0.03016,-0.00211,-0.02653,0.11473,0.05427,0.05338,0.13705,0.01845,0.07447,0.19690,0.07032,0.13103,0.06938,-0.06075,0.01053,100.00000,2661.88368,0.03757,-0.00534,0.00190,0.08182,0.10291,0.15947,0.03897,-0.59892
2018,084010,대한제강,KOSPI,910,5.46000,0.03815,0.08356,-0.01580,150.00000,-0.01580,-0.02558,0.02174,0.01561,-0.01665,0.05435,0.05245,-0.00802,0.09259,0.13152,0.01292,0.17468,0.12430,-0.00228,0.16719,0.01016,-0.11997,0.04870,300.00000,5704.09560,0.02630,0.04064,0.07325,0.11149,0.19358,0.18609,0.06759,0.60083
2018,100130,동국S&C,KOSDAQ,732,3.25000,-0.04701,-0.00160,-0.00510,80.00000,-0.00510,-0.01488,-0.05187,-0.04252,-0.07479,-0.08753,-0.01869,-0.07915,-0.06482,0.08525,-0.03335,0.03423,0.02215,-0.10443,-0.02590,-0.08023,-0.21036,-0.12347,100.00000,2932.27297,0.02728,-0.03214,-0.06780,-0.04509,0.05396,-0.00617,-0.10373,0.18693
2018,005160,동국산업,KOSDAQ,921,6.10000,0.02244,0.06786,-0.03380,130.00000,-0.03380,-0.04358,-0.01212,-0.04568,-0.07794,-0.02426,0.00007,-0.06039,0.02252,0.05568,-0.06292,0.07937,0.05757,-0.06901,0.08130,0.07366,-0.05647,0.09776,150.00000,2514.19720,0.05171,0.02828,0.01613,0.06291,0.11976,0.12170,0.13815,0.65369
2018,075970,동국알앤에스,KOSDAQ,1887,3.85000,0.10332,0.14874,0.01530,80.00000,0.01530,0.00552,0.12020,-0.00643,-0.03870,0.09623,0.02621,-0.03425,0.13224,0.30283,0.18423,0.43744,0.15908,0.03250,0.27884,0.17231,0.04218,0.29344,80.00000,2292.62146,0.03489,0.14638,0.12240,0.15841,0.46361,0.30501,0.31961,-0.43846
2018,026960,동서,KOSPI,125,3.92000,0.02525,0.07067,-0.01640,700.00000,-0.01640,-0.02618,0.00844,-0.01104,-0.04331,0.01393,0.04085,-0.01962,0.06713,0.06283,-0.05577,0.08967,0.07910,-0.04748,0.10636,0.07648,-0.05365,0.10367,700.00000,18308.10948,0.03823,0.03744,0.04293,0.09613,0.11867,0.13535,0.13266,0.42893
2018,102260,동성케미컬,KOSPI,566,3.69000,-0.11630,-0.07088,0.03340,200.00000,0.03340,0.02362,-0.08678,0.06904,0.03677,-0.05529,0.06277,0.00230,-0.06083,0.09606,-0.02254,-0.03141,0.13159,0.00501,-0.00001,0.10841,-0.02172,-0.02049,200.00000,4789.72370,0.04176,-0.05480,-0.02331,-0.02885,0.00057,0.03197,0.01148,-0.79988
2018,082640,동양생명,KOSPI,212,6.52000,-0.12237,-0.07696,-0.01140,100.00000,-0.01140,-0.02118,-0.13238,-0.01753,-0.04980,-0.13776,0.00726,-0.05321,-0.11600,0.04028,-0.07832,-0.08703,-0.00417,-0.13076,-0.12604,-0.05156,-0.18169,-0.16763,360.00000,4845.78615,0.02064,-0.11827,-0.12365,-0.10190,-0.07292,-0.11193,-0.15352,0.55242
2018,013120,동원개발,KOSDAQ,419,3.95000,0.03699,0.08240,-0.01900,185.00000,-0.01900,-0.02878,0.01729,0.00239,-0.02987,0.03947,0.01075,-0.04971,0.04814,0.01312,-0.10547,0.05060,0.00357,-0.12301,0.04070,0.00592,-0.12421,0.04313,160.00000,4200.46509,0.04404,0.05120,0.07338,0.08205,0.08451,0.07461,0.07704,0.43140
2018,000150,두산,KOSPI,115,4.20000,-0.08650,-0.04109,-0.01350,5200.00000,-0.01350,-0.02328,-0.09884,-0.07205,-0.10432,-0.15232,-0.03148,-0.09194,-0.11526,0.05400,-0.06459,-0.03717,-0.12451,-0.25109,-0.20024,-0.16596,-0.29609,-0.23811,5100.00000,110924.60319,0.04688,-0.06253,-0.11601,-0.07895,-0.00086,-0.16394,-0.20180,0.28798
2018,016740,두올,KOSPI,1372,3.57000,0.03915,0.08456,-0.02570,80.00000,-0.02570,-0.03548,0.01244,0.00518,-0.02709,0.04453,0.04815,-0.01231,0.08919,0.09796,-0.02064,0.14094,0.09605,-0.03053,0.13896,0.17475,0.04462,0.22074,100.00000,2910.78088,0.02748,0.03234,0.06443,0.10909,0.16084,0.15886,0.24065,0.93509
2018,092070,디엔에프,KOSDAQ,1234,3.62000,-0.08565,-0.04023,0.00000,200.00000,0.00000,-0.00978,-0.08565,-0.08462,-0.11688,-0.16302,-0.02647,-0.08694,-0.10985,0.05006,-0.06854,-0.03988,0.21502,0.08844,0.11096,0.21889,0.08876,0.11450,300.00000,7577.50316,0.02639,-0.06667,-0.14404,-0.09087,-0.02090,0.12994,0.13348,
2018,068930,디지털대성,KOSDAQ,1125,4.32000,0.00099,0.04640,-0.02700,200.00000,-0.02700,-0.03678,-0.02604,-0.06703,-0.09930,-0.06611,-0.02269,-0.08315,-0.02172,0.40368,0.28509,0.40507,0.89387,0.76729,0.89575,1.17035,1.04022,1.17249,200.00000,4634.20514,0.04316,0.00712,-0.03295,0.01144,0.43823,0.92891,1.20565,0.62562
2018,171120,라이온켐텍,KOSDAQ,818,3.01000,-0.01890,0.02651,-0.00610,200.00000,-0.00610,-0.01588,-0.02489,0.01650,-0.01576,-0.00271,0.03386,-0.02661,0.01432,0.14650,0.02791,0.12483,0.11442,-0.01216,0.09336,0.00203,-0.12810,-0.01691,300.00000,9778.38814,0.02045,-0.01093,0.01124,0.02827,0.13879,0.10731,-0.00295,0.29824
2018,011170,롯데케미칼,KOSPI,35,3.85000,0.08418,0.12959,-0.05410,10500.00000,-0.05410,-0.06388,0.02552,-0.07772,-0.10998,-0.00008,-0.10310,-0.16356,-0.02760,0.03067,-0.08793,0.11743,0.07958,-0.04700,0.17046,-0.01695,-0.14708,0.06580,10500.00000,295684.36066,0.03551,0.05221,0.02661,-0.00091,0.14412,0.19715,0.09250,1.52348
2018,002270,롯데푸드,KOSPI,238,3.25000,0.04119,0.08660,0.01700,15000.00000,0.01700,0.00722,0.05889,0.02970,-0.00256,0.07212,-0.05816,-0.11863,-0.01937,-0.09354,-0.21214,-0.05620,-0.06522,-0.19181,-0.02672,-0.09929,-0.22942,-0.06219,22000.00000,704805.50520,0.02128,0.07355,0.08677,-0.00471,-0.04155,-0.01207,-0.04753,-0.79878
2018,071840,롯데하이마트,KOSPI,165,3.53000,-0.07911,-0.03370,-0.03320,1700.00000,-0.03320,-0.04298,-0.10968,-0.05087,-0.08314,-0.12596,0.03519,-0.02528,-0.04671,0.07139,-0.04720,-0.01336,0.01447,-0.11211,-0.06579,0.06127,-0.06886,-0.02269,1850.00000,48261.90210,0.03522,-0.08323,-0.09951,-0.02026,0.01308,-0.03934,0.00376,0.94253
2018,012700,리드코프,KOSDAQ,799,3.38000,-0.12500,-0.07958,-0.00580,150.00000,-0.00580,-0.01558,-0.13007,-0.03578,-0.06805,-0.15631,-0.01557,-0.07604,-0.13862,0.02484,-0.09375,-0.10326,0.05569,-0.07089,-0.07627,0.13478,0.00465,-0.00706,200.00000,5177.54144,0.02897,-0.10891,-0.13515,-0.11746,-0.08210,-0.05511,0.01410,0.20020
2018,072870,메가스터디,KOSDAQ,903,6.14000,-0.12799,-0.08258,-0.00910,400.00000,-0.00910,-0.01888,-0.13593,-0.04831,-0.08058,-0.17012,-0.05116,-0.11162,-0.17260,0.04637,-0.07223,-0.08756,0.10688,-0.01971,-0.03479,0.21753,0.08740,0.06169,700.00000,9941.46789,0.04024,-0.10524,-0.13943,-0.14191,-0.05687,-0.00411,0.09238,0.22617
2018,138040,메리츠금융지주,KOSPI,135,4.54000,0.06107,0.10648,-0.01230,470.00000,-0.01230,-0.02208,0.04802,-0.05343,-0.08570,0.00437,-0.04920,-0.10966,0.00886,-0.02038,-0.13898,0.03944,0.05369,-0.07289,0.11803,0.16897,0.03884,0.24036,520.00000,12153.18286,0.03867,0.07738,0.03374,0.03823,0.06881,0.14740,0.26972,0.31805
2018,008560,메리츠증권,KOSPI,100,4.54000,-0.01483,0.03058,-0.03230,200.00000,-0.03230,-0.04208,-0.04665,-0.02313,-0.05539,-0.03761,-0.00007,-0.06054,-0.01490,0.01949,-0.09911,0.00437,0.05874,-0.06785,0.04303,0.12568,-0.00445,0.10899,200.00000,4339.95459,0.04608,-0.01101,-0.00198,0.02074,0.04001,0.07867,0.14462,0.70090
2018,000060,메리츠화재,KOSPI,109,5.38000,0.03563,0.08104,-0.01820,820.00000,-0.01820,-0.02798,0.01678,0.00224,-0.03003,0.03795,0.01825,-0.04222,0.05453,0.00458,-0.11402,0.04037,0.00692,-0.11966,0.04280,0.10708,-0.02305,0.14652,1140.00000,21944.56827,0.03737,0.04504,0.06621,0.08279,0.06863,0.07106,0.17478,0.48706
2018,241770,메카로,KOSDAQ,797,3.84000,-0.11945,-0.07404,-0.00710,575.00000,-0.00710,-0.01688,-0.12570,-0.06056,-0.09283,-0.17278,-0.00700,-0.06746,-0.12561,0.16798,0.04939,0.02846,0.32501,0.19843,0.16673,0.26770,0.13757,0.11627,610.00000,13987.85543,0.04111,-0.09428,-0.14135,-0.09419,0.05989,0.19816,0.14770,0.17272
2018,009680,모토닉,KOSPI,502,4.03000,0.16238,0.20779,-0.02480,300.00000,-0.02480,-0.03458,0.13355,0.02965,-0.00261,0.19685,0.01471,-0.04576,0.17948,0.22748,0.10888,0.42680,0.04455,-0.08203,0.21417,0.19777,0.06764,0.39226,350.00000,10095.10090,0.02972,0.15534,0.21864,0.20127,0.44859,0.23596,0.41406,0.83453
2018,118990,모트렉스,KOSDAQ,1074,3.49000,-0.03072,0.01469,-0.00500,0.00000,-0.00500,-0.01478,-0.03557,0.14492,0.11265,0.10974,0.07816,0.01769,0.04504,0.18882,0.07022,0.15230,0.17875,0.05217,0.14254,0.03007,-0.10006,-0.00158,143.00000,3971.53992,0.00000,-0.03892,0.10639,0.04169,0.14895,0.13919,-0.00493,
2018,006800,미래에셋증권,KOSPI,62,3.09000,-0.06750,-0.02209,-0.01050,220.00000,-0.01050,-0.02028,-0.07729,0.01052,-0.02175,-0.05769,0.01355,-0.04691,-0.05487,0.11436,-0.00423,0.03914,0.13846,0.01188,0.06161,0.10399,-0.02614,0.02947,220.00000,6639.13435,0.03314,-0.05261,-0.03301,-0.03018,0.06382,0.08629,0.05415,0.31687
2018,085620,미래에셋생명,KOSPI,241,3.95000,0.02334,0.06876,0.02500,170.00000,0.02500,0.01522,0.04893,0.09092,0.05865,0.11638,0.06257,0.00211,0.08738,0.11154,-0.00706,0.13749,0.18206,0.05548,0.20966,0.16847,0.03834,0.19574,170.00000,4404.25968,0.03860,0.07823,0.14569,0.11668,0.16679,0.23896,0.22505,-0.64769
2018,177350,베셀,KOSDAQ,1791,3.74000,-0.00730,0.03811,0.05140,100.00000,0.05140,0.04162,0.04372,0.01643,-0.01584,0.00900,0.03406,-0.02641,0.02651,0.10678,-0.01182,0.09870,0.06647,-0.06011,0.05869,0.09661,-0.03352,0.08860,150.00000,3981.41524,0.02512,0.06162,0.02690,0.04441,0.11659,0.07658,0.10650,-2.04645
2018,225530,HC보광산업,KOSDAQ,941,4.34000,0.01978,0.06520,0.00770,50.00000,0.00770,-0.00208,0.02764,0.01412,-0.01814,0.03419,0.08897,0.02851,0.11052,0.17021,0.05161,0.19336,0.29282,0.16624,0.31839,0.26448,0.13435,0.28950,165.00000,3877.05672,0.01290,0.03520,0.04175,0.11808,0.20092,0.32596,0.29706,-0.59707
2018,064480,브리지텍,KOSDAQ,1882,3.10000,-0.10054,-0.05512,0.00000,100.00000,0.00000,-0.00978,-0.10054,0.10497,0.07270,-0.00612,0.08422,0.02376,-0.02478,0.13420,0.01560,0.02017,0.17054,0.04396,0.05286,0.24958,0.11945,0.12395,100.00000,2901.49149,0.03447,-0.07473,0.01969,0.00102,0.04597,0.07867,0.14976,
2018,122350,삼기,KOSDAQ,1351,3.56000,-0.03356,0.01186,0.01230,45.00000,0.01230,0.00252,-0.02167,0.07790,0.04563,0.04173,0.06769,0.00722,0.03186,0.34443,0.22583,0.29931,0.15200,0.02541,0.11334,0.09451,-0.03562,0.05778,90.00000,2443.25669,0.01842,-0.00944,0.05396,0.04409,0.31155,0.12557,0.07001,-0.66782
2018,111870,KH 미래물산,KOSDAQ,792,7.10000,-0.07386,-0.02844,0.01230,0.00000,0.01230,0.00252,-0.06246,0.09672,0.06446,0.01572,0.09211,0.03165,0.01145,0.09367,-0.02493,0.01290,-0.01646,-0.14304,-0.08910,0.01093,-0.11920,-0.06374,250.00000,3261.07385,0.00000,-0.06581,0.01237,0.00810,0.00955,-0.09245,-0.06709,
2018,016360,삼성증권,KOSPI,96,3.21000,0.03393,0.07934,-0.02330,1400.00000,-0.02330,-0.03308,0.00984,-0.03406,-0.06633,-0.00129,-0.03556,-0.09602,-0.00284,0.03901,-0.07959,0.07426,0.07613,-0.05046,0.11263,0.03420,-0.09593,0.06929,1000.00000,32209.52961,0.04347,0.04326,0.03213,0.03058,0.10768,0.14606,0.10271,0.53606
2018,029780,삼성카드,KOSPI,72,4.64000,0.10684,0.15225,-0.02520,1600.00000,-0.02520,-0.03498,0.07894,-0.02526,-0.05753,0.07888,-0.01689,-0.07735,0.08815,-0.05884,-0.17744,0.04171,-0.04774,-0.17433,0.05399,-0.03782,-0.16795,0.06498,1500.00000,35781.35608,0.04472,0.11342,0.11336,0.12263,0.07619,0.08847,0.09946,0.56356
2018,000810,삼성화재,KOSPI,23,3.67000,0.02192,0.06734,-0.03770,11500.00000,-0.03770,-0.04748,-0.01660,-0.01433,-0.04660,0.00728,-0.03941,-0.09988,-0.01835,-0.02492,-0.14352,-0.00354,0.08304,-0.04354,0.10679,0.08129,-0.04884,0.10500,10000.00000,278453.58530,0.04130,0.01499,0.03887,0.01324,0.02805,0.13838,0.13659,0.91284
2018,225190,LK삼양,KOSDAQ,876,9.32000,-0.04670,-0.00128,-0.04140,1100.00000,-0.04140,-0.05118,-0.08617,-0.04895,-0.08121,-0.09336,-0.09784,-0.15831,-0.13997,-0.07526,-0.19386,-0.11845,-0.02291,-0.14950,-0.06854,-0.01539,-0.14552,-0.06137,1300.00000,13297.11422,0.08272,-0.01953,-0.02672,-0.07334,-0.05181,-0.00191,0.00527,0.50046
2018,004380,삼익THK,KOSPI,604,3.65000,-0.12316,-0.07775,-0.00210,300.00000,-0.00210,-0.01188,-0.12500,0.04679,0.01452,-0.08214,0.02902,-0.03144,-0.09772,0.21849,0.09989,0.06842,0.29140,0.16482,0.13235,0.55170,0.42157,0.36059,400.00000,9609.18180,0.03122,-0.10194,-0.05908,-0.07465,0.09148,0.15541,0.38365,0.06726
2018,004690,삼천리,KOSPI,393,3.12000,-0.04675,-0.00134,-0.01850,3000.00000,-0.01850,-0.02828,-0.06439,0.00434,-0.02793,-0.04262,-0.00866,-0.06913,-0.05501,0.08291,-0.03569,0.03228,0.04055,-0.08603,-0.00810,0.02763,-0.10250,-0.02041,3000.00000,91658.23364,0.03273,-0.04005,-0.01828,-0.03067,0.05662,0.01624,0.00393,0.56523
2018,017480,삼현철강,KOSDAQ,1411,3.19000,0.00003,0.04545,-0.01280,150.00000,-0.01280,-0.02258,-0.01277,0.03085,-0.00142,0.03088,0.08200,0.02153,0.08203,0.12024,0.00164,0.12027,0.02658,-0.10000,0.02661,0.00744,-0.12269,0.00747,150.00000,4702.33667,0.03190,0.01087,0.05452,0.10567,0.14391,0.05025,0.03111,0.40127
2018,010960,삼호개발,KOSPI,1015,3.37000,0.05052,0.09593,0.01000,160.00000,0.01000,0.00022,0.06102,-0.02704,-0.05931,0.02211,0.07430,0.01384,0.12857,0.09435,-0.02425,0.14963,0.00209,-0.12449,0.05272,0.02427,-0.10586,0.07601,160.00000,4987.61668,0.03208,0.08481,0.04590,0.15236,0.17342,0.07651,0.09980,-0.31173
2018,041650,상신브레이크,KOSPI,1320,4.50000,0.09810,0.14351,-0.00960,100.00000,-0.00960,-0.01938,0.08756,-0.01926,-0.05153,0.07695,0.00005,-0.06041,0.09815,0.04353,-0.07507,0.14590,0.04601,-0.08058,0.14862,0.00152,-0.12861,0.09977,170.00000,4148.37152,0.02411,0.10460,0.09399,0.11520,0.16294,0.16566,0.11681,0.39824
2018,263810,상신전자,KOSDAQ,1989,7.12000,-0.05607,-0.01065,-0.03060,85.00000,-0.03060,-0.04038,-0.08495,-0.09500,-0.12727,-0.14574,-0.06781,-0.12827,-0.12007,-0.03042,-0.14902,-0.08479,0.04266,-0.08392,-0.01580,0.06658,-0.06355,0.00677,520.00000,6893.87088,0.01233,-0.07787,-0.13866,-0.11299,-0.07771,-0.00872,0.01385,2.48179
2018,075180,새론오토모티브,KOSPI,1217,3.16000,0.22771,0.27312,-0.03600,150.00000,-0.03600,-0.04578,0.18351,-0.02926,-0.06153,0.19178,-0.08414,-0.14461,0.12441,-0.08066,-0.19926,0.12868,-0.09091,-0.21749,0.11610,-0.05999,-0.19012,0.15406,150.00000,5827.72569,0.02574,0.20194,0.21021,0.14283,0.14710,0.13452,0.17249,1.39865
2018,200880,서연이화,KOSPI,1092,3.75000,0.07625,0.12167,0.01630,100.00000,0.01630,0.00652,0.09380,0.05339,0.02113,0.13372,0.06717,0.00671,0.14855,0.16000,0.04140,0.24845,0.16121,0.03463,0.24975,0.47926,0.34913,0.59206,150.00000,4305.01201,0.02323,0.11010,0.15002,0.16485,0.26476,0.26606,0.60836,-0.70172
2018,093920,서원인텍,KOSDAQ,1178,5.75000,-0.08054,-0.03512,-0.01770,300.00000,-0.01770,-0.02748,-0.09681,-0.11875,-0.15102,-0.18972,-0.10320,-0.16366,-0.17542,-0.01557,-0.13416,-0.09485,0.04397,-0.08262,-0.04011,0.15635,0.02622,0.06322,300.00000,4797.20147,0.06254,-0.04726,-0.14016,-0.12587,-0.04529,0.00945,0.11278,0.28303
2018,065710,서호전기,KOSDAQ,1517,7.17000,-0.01197,0.03345,-0.04440,500.00000,-0.04440,-0.05418,-0.05584,-0.05648,-0.08874,-0.06777,-0.04431,-0.10477,-0.05574,0.02019,-0.09841,0.00798,0.02424,-0.10234,0.01198,0.36712,0.23699,0.35076,900.00000,12402.08301,0.04032,-0.02508,-0.03701,-0.02499,0.03874,0.04274,0.38152,1.10130
2018,037350,성도이엔지,KOSDAQ,1359,3.00000,-0.02901,0.01640,0.00510,100.00000,0.00510,-0.00468,-0.02406,0.00301,-0.02926,-0.02609,0.00610,-0.05436,-0.02309,0.06691,-0.05169,0.03596,0.16986,0.04328,0.13592,0.18017,0.05004,0.14593,150.00000,4854.93417,0.02060,-0.00999,-0.01202,-0.00901,0.05003,0.15000,0.16000,-0.24760
2018,015750,성우하이텍,KOSDAQ,508,4.27000,0.07420,0.11961,-0.00930,80.00000,-0.00930,-0.01908,0.06421,0.02516,-0.00711,0.10122,-0.01584,-0.07630,0.05719,0.07827,-0.04033,0.15827,0.11396,-0.01262,0.19661,0.13640,0.00627,0.22071,150.00000,3773.52273,0.02120,0.07879,0.11581,0.07177,0.17286,0.21120,0.23530,0.43867
2018,001430,세아베스틸지주,KOSPI,293,5.39000,0.09278,0.13819,0.00270,850.00000,0.00270,-0.00708,0.09573,-0.11517,-0.14744,-0.03308,-0.09868,-0.15915,-0.01506,-0.05209,-0.17068,0.03586,0.05761,-0.06897,0.15573,0.04943,-0.08070,0.14680,900.00000,18246.71708,0.04658,0.13179,0.00298,0.02100,0.07192,0.19179,0.18286,-0.05796
2018,003030,세아제강지주,KOSPI,786,3.52000,-0.03607,0.00935,0.01320,1800.00000,0.01320,0.00342,-0.02334,-0.02018,-0.05245,-0.05552,-0.02619,-0.08666,-0.06131,0.06405,-0.05455,0.02568,0.06810,-0.05848,0.02958,0.05817,-0.07196,0.02001,1800.00000,49292.09810,0.03652,0.00420,-0.02798,-0.03377,0.05322,0.05712,0.04755,-0.36148
2018,019440,세아특수강,KOSPI,923,4.82000,-0.02249,0.02292,-0.03290,900.00000,-0.03290,-0.04268,-0.05465,-0.03947,-0.07174,-0.06108,-0.03952,-0.09998,-0.06113,-0.01002,-0.12861,-0.03228,0.00309,-0.12349,-0.01947,0.01301,-0.11712,-0.00978,750.00000,15210.15574,0.05917,-0.00795,-0.01437,-0.01442,0.01442,0.02723,0.03693,0.55602
2018,053210,스카이라이프,KOSPI,311,3.06000,0.01730,0.06272,-0.01720,350.00000,-0.01720,-0.02698,-0.00019,-0.00426,-0.03653,0.01297,-0.01704,-0.07751,-0.00004,-0.02143,-0.14003,-0.00450,0.01698,-0.10960,0.03458,0.01275,-0.11738,0.03027,350.00000,11635.81417,0.03008,0.02190,0.03507,0.02206,0.01760,0.05667,0.05237,0.57182
2018,029530,신도리코,KOSPI,333,3.42000,-0.00821,0.03721,-0.01880,1600.00000,-0.01880,-0.02858,-0.02685,-0.01769,-0.04996,-0.02575,0.00428,-0.05619,-0.00396,0.01259,-0.10601,0.00428,0.02308,-0.10350,0.01468,-0.02261,-0.15274,-0.03063,1650.00000,47849.73016,0.03344,-0.00191,-0.00081,0.02098,0.02922,0.03962,-0.00569,0.56223
2018,004970,신라교역,KOSPI,651,3.89000,0.01581,0.06123,-0.02300,500.00000,-0.02300,-0.03278,-0.00755,0.01168,-0.02059,0.02768,0.00786,-0.05260,0.02380,0.06537,-0.05323,0.08222,0.10363,-0.02295,0.12108,0.08830,-0.04183,0.10551,500.00000,13056.72871,0.03829,0.02150,0.05673,0.05284,0.11126,0.15013,0.13455,0.60061
2018,001720,신영증권,KOSPI,310,4.71000,0.01549,0.06090,-0.00840,2750.00000,-0.00840,-0.01818,0.00696,-0.00672,-0.03898,0.00867,0.01854,-0.04192,0.03432,-0.00158,-0.12017,0.01389,0.02192,-0.10466,0.03775,-0.03037,-0.16050,-0.01535,2750.00000,59290.65444,0.04638,0.04285,0.04456,0.07021,0.04978,0.07364,0.02054,0.18111
2018,055550,신한지주,KOSPI,13,3.52000,-0.02179,0.02363,-0.03100,1600.00000,-0.03100,-0.04078,-0.05211,-0.03849,-0.07076,-0.05944,-0.04844,-0.10890,-0.06917,0.05095,-0.06765,0.02805,0.08308,-0.04351,0.05948,0.04201,-0.08812,0.01930,1450.00000,40295.71802,0.03971,-0.02187,-0.02920,-0.03893,0.05830,0.08972,0.04955,0.78073
2018,222800,심텍,KOSDAQ,742,3.47000,-0.11919,-0.07377,0.01340,160.00000,0.01340,0.00362,-0.10738,-0.01187,-0.04414,-0.12964,0.02827,-0.03219,-0.09429,0.09378,-0.02482,-0.03659,0.00901,-0.11757,-0.11125,0.01190,-0.11823,-0.10870,265.00000,6726.66927,0.02379,-0.09061,-0.11287,-0.07751,-0.01981,-0.09448,-0.09193,-0.56336
2018,160980,싸이맥스,KOSDAQ,1283,3.14000,-0.02892,0.01649,-0.00650,250.00000,-0.00650,-0.01628,-0.03523,-0.07386,-0.10613,-0.10064,-0.02215,-0.08261,-0.05043,0.06049,-0.05811,0.02982,0.07328,-0.05330,0.04224,0.35779,0.22766,0.31852,250.00000,7731.51125,0.03234,-0.01123,-0.07664,-0.02643,0.05382,0.06624,0.34252,0.20102
2018,003410,쌍용C&E,KOSPI,91,3.65000,0.06472,0.11014,0.00480,1090.00000,0.00480,-0.00498,0.06983,-0.04960,-0.08187,0.01191,-0.01591,-0.07637,0.04778,0.04172,-0.07687,0.10915,0.01435,-0.11223,0.08001,0.02404,-0.10609,0.09032,214.00000,6242.48388,0.17461,0.21420,0.15628,0.19215,0.25352,0.22438,0.23469,-0.02749
2018,225330,씨엠에스에듀,KOSDAQ,890,10.33000,-0.06608,-0.02067,-0.00440,260.00000,-0.00440,-0.01418,-0.07019,-0.02646,-0.05872,-0.09079,0.02973,-0.03073,-0.03832,0.01937,-0.09923,-0.04799,0.07832,-0.04826,0.00706,0.09321,-0.03692,0.02097,750.00000,6780.62792,0.03834,-0.04110,-0.06170,-0.00923,-0.01890,0.03615,0.05006,0.11475
2018,149950,아바텍,KOSDAQ,1212,3.40000,-0.11565,-0.07024,0.00770,100.00000,0.00770,-0.00208,-0.10884,0.00971,-0.02256,-0.10706,0.04043,-0.02003,-0.07990,0.14225,0.02365,0.01015,0.14032,0.01374,0.00844,0.03846,-0.09167,-0.08164,200.00000,5202.03880,0.01922,-0.09593,-0.09415,-0.06698,0.02306,0.02135,-0.06873,-0.40056
2018,036010,아비코전자,KOSDAQ,1312,3.26000,-0.10268,-0.05727,0.03640,150.00000,0.03640,0.02662,-0.07002,-0.01078,-0.04305,-0.11236,0.05485,-0.00562,-0.05347,0.10945,-0.00914,-0.00447,0.10935,-0.01724,-0.00456,-0.05441,-0.18454,-0.15150,200.00000,5505.02033,0.02725,-0.05032,-0.09265,-0.03376,0.01523,0.01514,-0.13180,-1.33588
2018,122900,아이마켓코리아,KOSPI,513,4.50000,-0.10167,-0.05626,-0.01430,450.00000,-0.01430,-0.02408,-0.11452,0.00142,-0.03084,-0.10039,0.01718,-0.04329,-0.08624,0.12443,0.00584,0.01011,0.31789,0.19131,0.18390,0.37631,0.24618,0.23638,350.00000,6986.98947,0.06441,-0.06338,-0.04926,-0.03511,0.06125,0.23503,0.28751,0.22203
2018,010780,아이에스동서,KOSPI,197,3.57000,0.00642,0.05183,-0.00320,1200.00000,-0.00320,-0.01298,0.00320,-0.07564,-0.10791,-0.06971,-0.05630,-0.11676,-0.05024,-0.03528,-0.15388,-0.02909,0.06440,-0.06218,0.07123,0.01114,-0.11899,0.01763,1100.00000,31010.03078,0.03870,0.03258,-0.04033,-0.02085,0.00030,0.10062,0.04701,0.08269
2018,052460,아이크래프트,KOSDAQ,1790,3.24000,-0.12972,-0.08430,-0.00560,0.00000,-0.00560,-0.01538,-0.13459,0.00933,-0.02294,-0.12160,0.02231,-0.03816,-0.11030,0.05026,-0.06834,-0.08598,0.09286,-0.03372,-0.04890,0.04237,-0.08776,-0.09284,100.00000,2686.05519,0.00000,-0.13794,-0.12495,-0.11365,-0.08933,-0.05225,-0.09619,
2018,033660,우리금융캐피탈,KOSPI,332,19.47000,0.06348,0.10890,-0.05200,480.00000,-0.05200,-0.06178,0.00818,-0.10728,-0.13954,-0.05060,-0.13048,-0.19094,-0.07528,-0.03087,-0.14947,0.03065,-0.02090,-0.14748,0.04126,0.19632,0.06619,0.27227,1653.00000,9028.95940,0.05316,0.04981,-0.00898,-0.03365,0.07228,0.08289,0.31389,0.97814
2018,059120,아진엑스텍,KOSDAQ,1600,3.00000,-0.07575,-0.03034,-0.00130,200.00000,-0.00130,-0.01108,-0.07696,-0.00518,-0.03744,-0.08054,0.03896,-0.02150,-0.03974,0.18725,0.06865,0.09731,0.26781,0.14123,0.17177,0.21060,0.08047,0.11889,250.00000,7702.05225,0.02597,-0.05834,-0.06192,-0.02112,0.11593,0.19039,0.13751,0.05006
2018,161000,애경케미칼,KOSPI,522,4.15000,-0.05572,-0.01030,-0.00880,350.00000,-0.00880,-0.01858,-0.06403,-0.05784,-0.09011,-0.11034,-0.01385,-0.07432,-0.06880,0.15436,0.03576,0.09004,0.17435,0.04777,0.10892,0.16420,0.03407,0.09933,350.00000,7963.81815,0.04395,-0.03020,-0.07651,-0.03497,0.12387,0.14275,0.13316,0.20023
2018,031330,에스에이엠티,KOSDAQ,744,6.36000,0.00274,0.04816,-0.05480,130.00000,-0.05480,-0.06458,-0.05221,-0.08656,-0.11883,-0.08406,-0.08945,-0.14991,-0.08695,-0.05495,-0.17354,-0.05236,-0.02903,-0.15561,-0.02637,-0.02617,-0.15630,-0.02350,110.00000,1734.30213,0.07496,0.00786,-0.02400,-0.02689,0.00771,0.03370,0.03656,0.73108
2018,056190,SFA,KOSDAQ,153,3.26000,-0.06919,-0.02377,-0.02670,1278.00000,-0.02670,-0.03648,-0.09404,-0.04920,-0.08147,-0.11498,-0.05189,-0.11235,-0.11748,0.12955,0.01095,0.05140,0.17050,0.04391,0.08951,0.21860,0.08847,0.13429,1245.00000,35547.96273,0.03595,-0.06697,-0.08792,-0.09042,0.07846,0.11658,0.16135,0.74267
2018,123040,엠에스오토텍,KOSDAQ,1737,4.20000,0.03087,0.07628,0.14130,50.00000,0.14130,0.13152,0.17653,0.12243,0.09016,0.15707,0.17670,0.11623,0.21301,0.28543,0.16683,0.32511,0.88037,0.75379,0.93841,1.78764,1.65751,1.87368,75.00000,1840.83103,0.02716,0.19616,0.17670,0.23264,0.34473,0.95804,1.89331,-5.20219
2018,079440,오렌지라이프,KOSPI,107,7.97000,-0.01827,0.02714,-0.01860,2600.00000,-0.01860,-0.02838,-0.03653,-0.15229,-0.18456,-0.16778,-0.07102,-0.13148,-0.08800,0.00515,-0.11345,-0.01322,0.20846,0.08188,0.18638,0.21859,0.08846,0.19632,2400.00000,29562.66572,0.08795,0.03452,-0.09673,-0.01694,0.05784,0.25744,0.26738,0.21149
2018,001800,오리온홀딩스,KOSPI,186,3.51000,0.02058,0.06600,-0.02580,650.00000,-0.02580,-0.03558,-0.00575,-0.00280,-0.03507,0.01772,0.06035,-0.00011,0.08217,0.06319,-0.05541,0.08507,0.09198,-0.03460,0.11446,0.06343,-0.06670,0.08532,600.00000,17445.81235,0.03726,0.02242,0.04589,0.11034,0.11324,0.14263,0.11349,0.69246
2018,010470,오리콤,KOSDAQ,1598,4.37000,0.08735,0.13276,-0.04940,220.00000,-0.04940,-0.05918,0.03363,-0.10058,-0.13285,-0.02202,-0.10512,-0.16558,-0.02695,-0.07135,-0.18994,0.00977,0.01472,-0.11186,0.10335,-0.00362,-0.13375,0.08341,220.00000,5474.06108,0.04019,0.06428,0.00863,0.00370,0.04042,0.13401,0.11406,1.22918
2018,155650,와이엠씨,KOSDAQ,776,3.66000,-0.25651,-0.21110,0.00160,200.00000,0.00160,-0.00818,-0.25532,-0.12807,-0.16034,-0.35173,-0.09360,-0.15406,-0.32610,0.12314,0.00454,-0.16496,0.29250,0.16591,-0.03904,0.29233,0.16220,-0.03916,300.00000,6094.17954,0.03282,-0.23091,-0.32732,-0.30168,-0.14054,-0.01463,-0.01475,-0.04875
2018,079000,와토스코리아,KOSDAQ,1852,3.53000,0.03888,0.08429,-0.00680,200.00000,-0.00680,-0.01658,0.03181,-0.01692,-0.04918,0.02130,-0.00506,-0.06552,0.03362,-0.02379,-0.14239,0.01416,-0.00695,-0.13353,0.03166,0.03218,-0.09795,0.07231,200.00000,5885.99457,0.03398,0.05721,0.04670,0.05902,0.03956,0.05705,0.09771,0.20012
2018,000030,우리은행,KOSPI,32,3.83000,0.03195,0.07736,-0.02790,,-0.02790,-0.03768,0.00316,-0.09917,-0.13144,-0.07039,-0.08368,-0.14414,-0.05440,-0.08368,-0.20228,-0.05440,-0.08368,-0.21026,-0.05440,-0.08368,-0.21381,-0.05440,600.00000,16166.26708,,,,,,,,
2018,010400,우진아이엔에스,KOSPI,1358,3.94000,0.02947,0.07489,-0.01910,400.00000,-0.01910,-0.02888,0.00981,-0.10045,-0.13272,-0.07394,-0.06214,-0.12260,-0.03450,-0.03827,-0.15686,-0.00992,0.02372,-0.10286,0.05389,0.14338,0.01325,0.17707,400.00000,10451.48604,0.03827,0.03884,-0.04491,-0.00547,0.01911,0.08292,0.20610,0.49906
2018,095720,웅진씽크빅,KOSPI,883,4.08000,-0.18362,-0.13820,0.00570,0.00000,0.00570,-0.00408,-0.17896,-0.00756,-0.03983,-0.18979,0.20992,0.14945,-0.01224,0.11538,-0.00321,-0.08942,0.29342,0.16684,0.05593,0.09849,-0.03164,-0.10321,164.00000,3281.54225,0.00000,-0.18231,-0.19314,-0.01559,-0.09277,0.05258,-0.10656,
2018,000910,유니온,KOSPI,1578,5.29000,0.02394,0.06936,-0.00260,100.00000,-0.00260,-0.01238,0.02128,-0.03877,-0.07103,-0.01575,0.32045,0.25999,0.35206,0.37751,0.25891,0.41049,0.10224,-0.02434,0.12863,0.05974,-0.07039,0.08511,200.00000,3871.23610,0.02583,0.03978,0.00275,0.37057,0.42900,0.14714,0.10362,0.10065
2018,179900,유티아이,KOSDAQ,1304,3.66000,0.03660,0.08201,0.04460,100.00000,0.04460,0.03482,0.08283,0.18029,0.14802,0.22348,0.25103,0.19057,0.29682,0.28246,0.16386,0.32939,0.53671,0.41013,0.59295,1.39731,1.26718,1.48505,190.00000,5381.24754,0.01858,0.09520,0.23585,0.30919,0.34176,0.60532,1.49742,-2.40004
2018,008730,율촌화학,KOSPI,471,3.97000,0.01606,0.06148,0.01560,500.00000,0.01560,0.00582,0.03191,-0.00788,-0.04015,0.00806,0.00380,-0.05667,0.01992,0.09361,-0.02498,0.11118,0.05060,-0.07598,0.06747,0.01158,-0.11855,0.02783,500.00000,12796.75818,0.03907,0.06162,0.03776,0.04963,0.14088,0.09718,0.05753,-0.39926
2018,025820,이구산업,KOSPI,1537,4.26000,0.01840,0.06381,0.00260,0.00000,0.00260,-0.00718,0.02104,-0.01301,-0.04528,0.00514,0.05762,-0.00284,0.07708,0.06006,-0.05854,0.07956,0.01578,-0.11080,0.03447,-0.04166,-0.17179,-0.02403,80.00000,1912.47968,0.00000,0.01769,0.00179,0.07373,0.07621,0.03112,-0.02738,
2018,041520,이엘씨,KOSDAQ,1468,3.55000,-0.10293,-0.05751,0.03160,400.00000,0.03160,0.02182,-0.07458,0.09486,0.06259,-0.01783,0.10860,0.04813,-0.00551,0.15224,0.03364,0.03364,0.57313,0.44655,0.41121,0.53175,0.40162,0.37410,200.00000,5053.93309,0.07915,-0.01097,0.04578,0.05810,0.09725,0.47482,0.43770,-0.39926
2018,005950,이수화학,KOSPI,793,4.78000,0.00001,0.04543,-0.03350,400.00000,-0.03350,-0.04328,-0.03349,-0.09573,-0.12800,-0.09572,-0.08422,-0.14468,-0.08421,-0.02864,-0.14723,-0.02862,-0.03349,-0.16008,-0.03348,-0.07836,-0.20849,-0.07834,500.00000,10460.39582,0.03824,-0.00449,-0.06672,-0.05521,0.00038,-0.00448,-0.04934,0.87606
2018,226360,KH 건설,KOSDAQ,1536,3.43000,0.09648,0.14190,0.03520,60.00000,0.03520,0.02542,0.13508,0.13492,0.10265,0.24442,0.14867,0.08820,0.25949,0.34660,0.22801,0.47653,0.86754,0.74095,1.04772,0.67166,0.54153,0.83295,80.00000,2557.39330,0.02346,0.15158,0.26092,0.27599,0.49302,1.06422,0.84945,-1.50034
2018,092130,이크레더블,KOSDAQ,649,3.10000,-0.05850,-0.01309,-0.01860,670.00000,-0.01860,-0.02838,-0.07602,-0.03412,-0.06639,-0.09063,-0.03719,-0.09765,-0.09352,0.00645,-0.11214,-0.05243,0.04666,-0.07992,-0.01457,0.16160,0.03147,0.09364,530.00000,16096.55208,0.04162,-0.04415,-0.05877,-0.06165,-0.02056,0.01729,0.12550,0.44686
2018,037330,인지디스플레,KOSDAQ,1601,4.63000,0.04293,0.08835,-0.02660,75.00000,-0.02660,-0.03638,0.01519,-0.05613,-0.08840,-0.01561,-0.04130,-0.10177,-0.00014,0.08903,-0.02957,0.13578,0.08308,-0.04351,0.12958,0.08306,-0.04707,0.12956,75.00000,1689.41430,0.04439,0.04940,0.01860,0.03406,0.16999,0.16378,0.16376,0.59918
2018,017250,인터엠,KOSDAQ,1586,4.30000,0.13983,0.18524,0.03620,120.00000,0.03620,0.02642,0.18109,0.08334,0.05107,0.23482,0.14630,0.08583,0.30658,0.08335,-0.03525,0.23483,-0.01725,-0.14383,0.12017,-0.01718,-0.14731,0.12025,120.00000,3180.91747,0.03772,0.20966,0.26339,0.33515,0.26339,0.14874,0.14881,-0.95958
2018,094820,일진파워,KOSDAQ,1326,4.10000,0.16598,0.21139,-0.07840,330.00000,-0.07840,-0.08818,0.07456,-0.03996,-0.07223,0.11938,0.04802,-0.01244,0.22197,0.01606,-0.10253,0.18470,-0.00787,-0.13446,0.15679,0.02881,-0.10132,0.19957,220.00000,6256.45334,0.05275,0.11584,0.16066,0.26324,0.22598,0.19807,0.24084,1.48638
2018,033240,자화전자,KOSPI,577,3.35000,-0.15984,-0.11442,0.04420,200.00000,0.04420,0.03442,-0.12270,0.04426,0.01200,-0.12265,0.14597,0.08550,-0.03720,0.18583,0.06723,-0.00371,0.19022,0.06363,-0.00002,0.25186,0.12173,0.05177,450.00000,11285.78932,0.01772,-0.11106,-0.11101,-0.02556,0.00793,0.01162,0.06341,-2.49416
2018,090470,제이스로보틱스,KOSDAQ,1202,7.87000,-0.16541,-0.12000,0.00000,100.00000,0.00000,-0.00978,-0.16541,0.01326,-0.01901,-0.15435,0.08500,0.02453,-0.09448,0.56606,0.44746,0.30701,1.25471,1.12813,0.88175,1.44317,1.31304,1.03904,500.00000,5302.32445,0.01886,-0.15281,-0.14174,-0.08187,0.31961,0.89436,1.05164,
2018,030000,제일기획,KOSPI,98,3.24000,0.01272,0.05814,-0.05470,770.00000,-0.05470,-0.06448,-0.04268,-0.06523,-0.09749,-0.05334,-0.09049,-0.15096,-0.07892,-0.04197,-0.16056,-0.02978,0.05477,-0.07181,0.06819,0.01891,-0.11122,0.03187,760.00000,23755.17528,0.03241,-0.01860,-0.02926,-0.05485,-0.00571,0.09226,0.05594,1.68754
2018,004910,조광페인트,KOSPI,1289,3.82000,-0.01214,0.03327,0.00460,100.00000,0.00460,-0.00518,-0.00760,-0.00627,-0.03854,-0.01834,0.04790,-0.01256,0.03518,0.13910,0.02050,0.12527,0.13904,0.01246,0.12521,0.05699,-0.07314,0.04415,250.00000,6465.03271,0.01547,0.00214,-0.00860,0.04491,0.13501,0.13494,0.05389,-0.29739
2018,000480,CR홀딩스,KOSPI,443,4.16000,0.00828,0.05370,-0.01060,4000.00000,-0.01060,-0.02038,-0.00241,-0.01766,-0.04993,-0.00953,-0.00463,-0.06510,0.00361,-0.02937,-0.14797,-0.02133,-0.00577,-0.13235,0.00246,-0.02704,-0.15717,-0.01899,3500.00000,84831.25340,0.04715,0.03413,0.02701,0.04015,0.01521,0.03900,0.01755,0.22480
2018,071320,지역난방공사,KOSPI,259,4.70000,-0.04166,0.00376,0.00000,0.00000,0.00000,-0.00978,-0.04166,-0.03303,-0.06529,-0.07331,-0.04002,-0.10048,-0.08001,-0.00877,-0.12737,-0.05006,0.03841,-0.08818,-0.00485,0.06109,-0.06904,0.01689,2820.00000,57500.55001,0.00000,-0.04501,-0.07666,-0.08336,-0.05341,-0.00820,0.01354,
2018,003780,진양산업,KOSPI,1738,3.35000,0.30277,0.34818,0.04320,100.00000,0.04320,0.03342,0.35905,0.09467,0.06241,0.42611,0.06589,0.00542,0.38860,-0.04715,-0.16575,0.24134,-0.28800,-0.41458,-0.07243,-0.27148,-0.40161,-0.05091,125.00000,4861.07441,0.02057,0.37310,0.44016,0.40266,0.25539,-0.05837,-0.03686,-2.09998
2018,100250,진양홀딩스,KOSPI,853,5.38000,0.02304,0.06846,-0.00380,150.00000,-0.00380,-0.01358,0.01915,0.02997,-0.00230,0.05370,0.03003,-0.03043,0.05377,0.00370,-0.11490,0.02683,-0.02833,-0.15491,-0.00594,-0.04338,-0.17351,-0.02133,140.00000,2662.19118,0.05634,0.06347,0.09802,0.09808,0.07114,0.03838,0.02298,0.06744
2018,004650,창해에탄올,KOSDAQ,1001,4.56000,-0.00385,0.04157,0.08400,600.00000,0.08400,0.07422,0.07983,0.02294,-0.00933,0.01900,0.01927,-0.04119,0.01535,0.00398,-0.11462,0.00012,0.02313,-0.10345,0.01919,-0.04556,-0.17569,-0.04923,600.00000,13107.23908,0.04578,0.11520,0.05438,0.05073,0.03549,0.05457,-0.01385,-1.83501
2018,096240,크레버스,KOSDAQ,814,3.98000,-0.07474,-0.02933,-0.00810,800.00000,-0.00810,-0.01788,-0.08224,0.11824,0.08597,0.03466,0.13704,0.07657,0.05205,0.17192,0.05333,0.08433,0.10476,-0.02182,0.02219,0.21491,0.08478,0.12411,800.00000,18598.13999,0.04302,-0.04920,0.06770,0.08509,0.11737,0.05523,0.15715,0.18831
2018,066360,체리부로,KOSDAQ,1386,3.70000,-0.14416,-0.09874,-0.00220,50.00000,-0.00220,-0.01198,-0.14604,0.01074,-0.02153,-0.13496,0.08849,0.02803,-0.06842,0.10144,-0.01716,-0.05734,0.09708,-0.02950,-0.06107,0.18106,0.05093,0.01081,100.00000,2313.09389,0.02162,-0.13110,-0.12003,-0.05349,-0.04240,-0.04613,0.02574,0.10178
2018,089150,케이씨티,KOSDAQ,1958,5.14000,0.01281,0.05823,-0.01270,120.00000,-0.01270,-0.02248,-0.00005,0.04835,0.01608,0.06178,0.16765,0.10719,0.18261,0.24136,0.12277,0.25727,0.12959,0.00301,0.14406,0.19288,0.06275,0.20816,100.00000,1970.45418,0.06090,0.04812,0.10995,0.23078,0.30544,0.19223,0.25633,0.20854
2018,058860,KTis,KOSPI,1305,3.39000,0.05934,0.10475,-0.03600,80.00000,-0.03600,-0.04578,0.02120,-0.01791,-0.05018,0.04036,0.10999,0.04953,0.17586,0.14416,0.02556,0.21205,0.05784,-0.06874,0.12061,0.03989,-0.09024,0.10159,80.00000,2499.90757,0.03200,0.04492,0.06408,0.19958,0.23577,0.14433,0.12531,1.12496
2018,024880,케이피에프,KOSDAQ,1420,3.23000,-0.09593,-0.05051,-0.00720,160.00000,-0.00720,-0.01698,-0.10244,-0.03814,-0.07041,-0.13041,-0.01909,-0.07956,-0.11319,0.02520,-0.09340,-0.07315,0.07991,-0.04667,-0.02368,0.42541,0.29528,0.28867,150.00000,4198.48390,0.03811,-0.07355,-0.10152,-0.08430,-0.04426,0.00521,0.31756,0.18893
2018,152330,코리아오토글라스,KOSPI,545,5.45000,0.04283,0.08825,-0.05600,800.00000,-0.05600,-0.06578,-0.01557,-0.04114,-0.07340,-0.00007,-0.03365,-0.09411,0.00774,0.02233,-0.09627,0.06612,0.08202,-0.04457,0.12836,0.20166,0.07153,0.25312,700.00000,13394.15942,0.05973,0.03161,0.04711,0.05492,0.11330,0.17554,0.30030,0.93759
2018,003690,코리안리,KOSPI,185,3.37000,-0.03030,0.01512,-0.00350,275.00000,-0.00350,-0.01328,-0.03369,-0.00572,-0.03798,-0.03584,-0.01033,-0.07080,-0.04032,0.05216,-0.06643,0.02029,0.04887,-0.07771,0.01709,0.05908,-0.07105,0.02699,300.00000,8632.37360,0.03186,-0.01009,-0.01224,-0.01671,0.04389,0.04069,0.05059,0.10987
2018,021240,코웨이,KOSPI,48,4.08000,-0.03044,0.01497,-0.03290,3600.00000,-0.03290,-0.04268,-0.06234,-0.02500,-0.05727,-0.05468,0.01046,-0.05000,-0.02030,0.08931,-0.02929,0.05615,0.24455,0.11796,0.20666,0.24303,0.11290,0.20519,3200.00000,76043.57616,0.04734,-0.02564,-0.01798,0.01640,0.09285,0.24336,0.24189,0.69495
2018,015890,태경산업,KOSPI,766,3.52000,-0.00531,0.04011,-0.01060,220.00000,-0.01060,-0.02038,-0.01585,-0.00174,-0.03401,-0.00705,0.10618,0.04572,0.10031,0.03005,-0.08855,0.02458,0.00882,-0.11776,0.00346,0.03358,-0.09655,0.02809,200.00000,5651.65150,0.03893,0.01373,0.02254,0.12989,0.05416,0.03304,0.05767,0.27231
2018,078000,텔코웨어,KOSPI,929,4.23000,-0.05482,-0.00940,-0.02700,650.00000,-0.02700,-0.03678,-0.08034,0.01926,-0.01301,-0.03661,0.00759,-0.05287,-0.04764,0.01916,-0.09944,-0.03671,0.06924,-0.05735,0.01063,0.10779,-0.02234,0.04707,580.00000,12959.96836,0.05015,-0.04126,0.00247,-0.00856,0.00237,0.04971,0.08615,0.53834
2018,010770,평화홀딩스,KOSPI,1575,3.70000,0.48405,0.52946,-0.00830,150.00000,-0.00830,-0.01808,0.47173,0.13158,0.09931,0.67932,0.11836,0.05789,0.65969,0.36476,0.24616,1.02536,0.09836,-0.02822,0.63002,-0.07647,-0.20660,0.37056,150.00000,6016.39880,0.02493,0.48947,0.69706,0.67743,1.04311,0.64776,0.38831,0.33291
2018,058430,포스코스틸리온,KOSPI,1056,3.94000,0.06298,0.10840,0.00250,500.00000,0.00250,-0.00728,0.06564,-0.01982,-0.05209,0.04192,-0.01981,-0.08027,0.04193,0.00982,-0.10878,0.07342,0.03700,-0.08958,0.10231,-0.02973,-0.15986,0.03139,750.00000,20234.46470,0.02471,0.08320,0.05947,0.05949,0.09097,0.11987,0.04894,-0.10117
2018,007330,푸른저축은행,KOSDAQ,951,6.46000,-0.02592,0.01949,-0.06020,550.00000,-0.06020,-0.06998,-0.08456,-0.06501,-0.09728,-0.08925,-0.06131,-0.12178,-0.08565,-0.06371,-0.18231,-0.08798,-0.07349,-0.20008,-0.09751,-0.05186,-0.18199,-0.07643,550.00000,8293.23722,0.06632,-0.03181,-0.03649,-0.03289,-0.03523,-0.04475,-0.02368,0.90773
2018,005810,풍산홀딩스,KOSPI,493,4.85000,0.02299,0.06841,-0.02500,1700.00000,-0.02500,-0.03478,-0.00258,-0.05931,-0.09157,-0.03768,-0.01970,-0.08016,0.00284,-0.00655,-0.12514,0.01629,0.05405,-0.07253,0.07828,0.06853,-0.06160,0.09310,1800.00000,37966.73945,0.04478,0.03195,-0.00315,0.03737,0.05083,0.11281,0.12763,0.55833
2018,161580,필옵틱스,KOSDAQ,879,3.71000,-0.16064,-0.11522,-0.00150,0.00000,-0.00150,-0.01128,-0.16190,0.04270,0.01043,-0.12480,0.08975,0.02928,-0.08531,0.10156,-0.01704,-0.07539,0.25047,0.12388,0.04960,0.10308,-0.02705,-0.07412,300.00000,6787.30454,0.00000,-0.16525,-0.12815,-0.08866,-0.07874,0.04625,-0.07747,
2018,086790,하나금융지주,KOSPI,28,4.12000,-0.00806,0.03735,-0.04290,1900.00000,-0.04290,-0.05268,-0.05062,-0.06576,-0.09803,-0.07329,-0.05903,-0.11949,-0.06662,0.02137,-0.09723,0.01314,0.04151,-0.08507,0.03311,-0.02398,-0.15411,-0.03184,1550.00000,37318.04989,0.05091,-0.01089,-0.03357,-0.02689,0.05286,0.07284,0.00788,0.84260
2018,000080,하이트진로,KOSPI,169,4.57000,0.00285,0.04827,-0.03420,800.00000,-0.03420,-0.04398,-0.03145,-0.04553,-0.07780,-0.04281,-0.07121,-0.13168,-0.06857,-0.05702,-0.17562,-0.05433,0.00853,-0.11805,0.01141,0.05431,-0.07582,0.05731,800.00000,17555.38396,0.04557,0.00376,-0.00761,-0.03336,-0.01913,0.04661,0.09252,0.75049
2018,034950,한국기업평가,KOSDAQ,591,4.37000,0.01930,0.06471,0.00190,2360.00000,0.00190,-0.00788,0.02124,-0.00376,-0.03603,0.01546,-0.00751,-0.06798,0.01164,0.00962,-0.10897,0.02911,0.02674,-0.09985,0.04655,0.04182,-0.08831,0.06192,2250.00000,52481.11808,0.04497,0.05593,0.05016,0.04634,0.06380,0.08125,0.09662,-0.04225
2018,025550,한국선재,KOSDAQ,1432,3.41000,-0.08713,-0.04172,0.00000,0.00000,0.00000,-0.00978,-0.08713,0.04300,0.01073,-0.04788,0.11217,0.05171,0.01526,0.08962,-0.02898,-0.00533,0.05790,-0.06868,-0.03428,0.04517,-0.08496,-0.04590,100.00000,2677.02372,0.00000,-0.09048,-0.05123,0.01191,-0.00868,-0.03763,-0.04925,
2018,002960,한국쉘석유,KOSPI,359,4.88000,-0.00438,0.04104,-0.03750,19000.00000,-0.03750,-0.04728,-0.04171,-0.03898,-0.07125,-0.04319,-0.06779,-0.12825,-0.07187,-0.05473,-0.17332,-0.05886,-0.04302,-0.16960,-0.04721,-0.07462,-0.20475,-0.07867,17000.00000,346836.07662,0.05478,0.00128,-0.00019,-0.02887,-0.01587,-0.00422,-0.03567,0.68454
2018,123890,한국자산신탁,KOSPI,337,4.30000,0.06876,0.11418,-0.03530,200.00000,-0.03530,-0.04508,0.03104,-0.05406,-0.08633,0.01099,-0.06176,-0.12222,0.00276,-0.02865,-0.14724,0.03815,-0.05501,-0.18159,0.00997,-0.07695,-0.20708,-0.01347,200.00000,4970.99728,0.04023,0.06172,0.04167,0.03345,0.06884,0.04066,0.01722,0.87738
2018,104700,한국철강,KOSPI,538,3.17000,-0.01594,0.02948,-0.00360,200.00000,-0.00360,-0.01338,-0.01948,-0.04474,-0.07701,-0.05996,-0.03575,-0.09621,-0.05111,0.00746,-0.11113,-0.00859,0.05420,-0.07239,0.03740,0.07541,-0.05472,0.05827,180.00000,5587.73979,0.03579,0.00745,-0.03303,-0.02418,0.01834,0.06433,0.08521,0.10058
2018,034830,한국토지신탁,KOSPI,277,3.95000,0.11278,0.15819,-0.01950,110.00000,-0.01950,-0.02928,0.09108,-0.10118,-0.13345,0.00019,-0.09768,-0.15815,0.00408,-0.06925,-0.18785,0.03572,-0.09776,-0.22434,0.00399,-0.07637,-0.20650,0.02779,100.00000,2817.16087,0.03905,0.12076,0.02987,0.03376,0.06540,0.03368,0.05748,0.49941
2018,052600,한네트,KOSDAQ,2006,4.12000,0.07420,0.11962,-0.02870,100.00000,-0.02870,-0.03848,0.04337,0.01731,-0.01496,0.09280,0.04774,-0.01272,0.12549,0.08998,-0.02862,0.17086,0.07442,-0.05216,0.15415,0.16636,0.03623,0.25291,100.00000,2607.28704,0.03835,0.07247,0.12190,0.15458,0.19996,0.18325,0.28201,0.74829
2018,060980,HL홀딩스,KOSPI,338,3.05000,0.02119,0.06660,-0.04870,2000.00000,-0.04870,-0.05848,-0.02854,0.00872,-0.02355,0.03009,-0.02111,-0.08158,-0.00037,-0.00348,-0.12208,0.01763,-0.03673,-0.16331,-0.01632,-0.09980,-0.22993,-0.08072,1350.00000,45200.09548,0.04425,0.00554,0.06418,0.03371,0.05172,0.01776,-0.04664,1.10062
2018,213500,한솔제지,KOSPI,389,3.64000,0.01522,0.06063,-0.02390,600.00000,-0.02390,-0.03368,-0.00905,0.02690,-0.00537,0.04253,0.05377,-0.00670,0.06980,0.04196,-0.07663,0.05782,0.06267,-0.06391,0.07885,-0.11934,-0.24947,-0.10593,600.00000,16734.35113,0.03585,0.01794,0.06951,0.09679,0.08480,0.10583,-0.07895,0.66658
2018,051600,한전KPS,KOSPI,151,4.76000,0.10053,0.14594,-0.02500,1790.00000,-0.02500,-0.03478,0.07302,0.00584,-0.02642,0.10696,0.00295,-0.05752,0.10377,-0.03833,-0.15693,0.05835,0.06610,-0.06048,0.17328,0.02491,-0.10522,0.12794,1470.00000,33986.94348,0.05267,0.11422,0.14817,0.14498,0.09955,0.21449,0.16915,0.47468
2018,130660,한전산업,KOSPI,1019,5.46000,0.00554,0.05096,-0.02330,169.00000,-0.02330,-0.03308,-0.01788,-0.03976,-0.07203,-0.03444,-0.03833,-0.09880,-0.03300,0.00972,-0.10888,0.01531,0.05639,-0.07019,0.06225,-0.00926,-0.13939,-0.00376,198.00000,3646.47908,0.04635,0.01797,0.00142,0.00286,0.05117,0.09811,0.03210,0.50274
2018,088350,한화생명,KOSPI,68,3.15000,-0.03263,0.01279,-0.01630,100.00000,-0.01630,-0.02608,-0.04840,-0.02448,-0.05675,-0.05631,-0.02331,-0.08378,-0.05518,-0.00117,-0.11976,-0.03376,-0.02918,-0.15577,-0.06086,-0.06875,-0.19888,-0.09914,140.00000,4299.43367,0.02326,-0.03207,-0.03998,-0.03885,-0.01743,-0.04453,-0.08281,0.70081
2018,102210,에이치디,KOSDAQ,1322,4.55000,0.00000,0.04542,0.00000,0.00000,0.00000,-0.00978,0.00000,0.00000,-0.03227,0.00000,0.00000,-0.06046,0.00000,0.00000,-0.11860,0.00000,0.00000,-0.12658,0.00000,0.00000,-0.13013,0.00000,50.00000,1098.90110,0.00000,-0.00335,-0.00335,-0.00335,-0.00335,-0.00335,-0.00335,
2018,005380,현대차,KOSPI,7,3.74000,0.12143,0.16684,-0.01250,4000.00000,-0.01250,-0.02228,0.10741,0.00419,-0.02808,0.12613,0.01253,-0.04794,0.13548,0.05429,-0.06430,0.18232,0.05427,-0.07231,0.18229,-0.00414,-0.13427,0.11679,4000.00000,119938.95711,0.03335,0.13228,0.15099,0.16034,0.20718,0.20716,0.14165,0.37481
2018,001500,현대차증권,KOSPI,548,4.59000,0.01024,0.05565,-0.01590,450.00000,-0.01590,-0.02568,-0.00583,-0.02507,-0.05734,-0.01509,-0.00909,-0.06955,0.00105,0.12588,0.00729,0.13741,0.11230,-0.01428,0.12369,0.07014,-0.05999,0.08110,400.00000,8803.81276,0.05111,0.03407,0.02480,0.04095,0.17730,0.16358,0.12099,0.31107
2018,001450,현대해상,KOSPI,75,3.75000,0.06864,0.11405,-0.03620,1130.00000,-0.03620,-0.04598,0.02995,-0.09346,-0.12573,-0.03124,-0.14140,-0.20187,-0.08247,-0.12736,-0.24596,-0.06746,-0.11922,-0.24580,-0.05876,-0.11457,-0.24470,-0.05379,1500.00000,42745.49638,0.02644,0.04897,-0.01223,-0.06346,-0.04845,-0.03975,-0.03478,1.36937
2018,060560,HC홈센타,KOSDAQ,1060,3.72000,-0.09654,-0.05113,0.03700,0.00000,0.03700,0.02722,-0.06311,0.07801,0.04575,-0.02606,0.14391,0.08344,0.03347,0.39483,0.27623,0.26017,0.26738,0.14080,0.14502,0.20176,0.07163,0.08574,50.00000,1214.32428,0.00000,-0.06646,-0.02941,0.03012,0.25682,0.14167,0.08239,
2018,002460,HS화성,KOSPI,706,5.97000,0.00660,0.05202,-0.04330,930.00000,-0.04330,-0.05308,-0.03698,-0.04996,-0.08223,-0.04369,-0.04324,-0.10371,-0.03692,0.01996,-0.09864,0.02669,-0.04334,-0.16992,-0.03703,-0.05325,-0.18338,-0.04700,890.00000,15006.30601,0.06197,0.01210,0.00539,0.01216,0.07577,0.01205,0.00208,0.69868
2018,004800,효성,KOSPI,250,9.63000,0.14636,0.19178,-0.09750,5000.00000,-0.09750,-0.10728,0.03459,-0.19917,-0.23144,-0.08196,-0.17149,-0.23195,-0.05023,0.00836,-0.11023,0.15595,0.26047,0.13389,0.44496,0.26865,0.13852,0.45433,5000.00000,59520.47942,0.08400,0.10231,-0.01424,0.01749,0.22367,0.51268,0.52205,1.16065
2018,097870,효성오앤비,KOSDAQ,1400,4.00000,-0.10412,-0.05871,0.01910,0.00000,0.01910,0.00932,-0.08701,0.06619,0.03392,-0.04483,0.57957,0.51910,0.41510,0.56670,0.44810,0.40357,0.29932,0.17274,0.16403,0.21621,0.08607,0.08957,350.00000,7838.94074,0.00000,-0.09036,-0.04818,0.41175,0.40022,0.16068,0.08622,
2018,079980,휴비스,KOSPI,532,3.89000,-0.02592,0.01950,-0.01330,300.00000,-0.01330,-0.02308,-0.03887,-0.03990,-0.07217,-0.06478,-0.04917,-0.10963,-0.07381,0.05196,-0.06664,0.02470,-0.00245,-0.12904,-0.02831,0.06143,-0.06870,0.03392,300.00000,7512.19622,0.03994,-0.00844,-0.03435,-0.04338,0.05513,0.00213,0.06435,0.33304
2018,005010,휴스틸,KOSPI,1239,4.24000,-0.01277,0.03265,-0.02150,400.00000,-0.02150,-0.03128,-0.03399,-0.00000,-0.03227,-0.01277,0.05567,-0.00479,0.04219,0.09869,-0.01991,0.08466,0.09864,-0.02794,0.08462,0.03418,-0.09595,0.02097,500.00000,11641.89736,0.03436,-0.00828,0.01295,0.06791,0.11038,0.11033,0.04669,0.62575
2018,069260,TKG휴켐스,KOSPI,187,5.73000,0.01545,0.06087,-0.06580,1200.00000,-0.06580,-0.07558,-0.05137,-0.16546,-0.19772,-0.15256,-0.19369,-0.25415,-0.18123,-0.16179,-0.28038,-0.14883,-0.17478,-0.30136,-0.16203,-0.16168,-0.29181,-0.14872,1500.00000,26582.46437,0.04514,-0.01653,-0.11772,-0.14639,-0.11399,-0.12719,-0.11388,1.45761
2018,024060,흥구석유,KOSDAQ,1831,3.57000,-0.03754,0.00787,-0.00190,120.00000,-0.00190,-0.01168,-0.03937,-0.01299,-0.04526,-0.05004,0.00566,-0.05480,-0.03209,0.44342,0.32482,0.38923,0.16880,0.04222,0.12492,0.37099,0.24086,0.31952,100.00000,2695.96529,0.04451,-0.00506,-0.01574,0.00221,0.42354,0.15923,0.35383,0.04269
2018,010240,흥국,KOSDAQ,1661,5.77000,0.44326,0.48867,0.01600,125.00000,0.01600,0.00622,0.46635,0.23685,0.20458,0.78509,0.11042,0.04995,0.60262,0.04152,-0.07708,0.50318,0.00948,-0.11710,0.45694,0.09573,-0.03440,0.58142,250.00000,6253.28156,0.01999,0.47991,0.79865,0.61618,0.51674,0.47050,0.59498,-0.80042
2019,138930,BNK금융지주,KOSPI,98,4.31000,0.11643,0.10172,-0.01930,360.00000,-0.01930,-0.02666,0.09489,-0.04377,-0.05884,0.06757,-0.07212,-0.10257,0.03591,-0.11456,-0.11421,-0.01147,-0.17771,-0.13355,-0.08196,-0.46727,-0.19856,-0.40524,300.00000,7770.99617,0.04633,0.13073,0.10341,0.07175,0.02437,-0.04612,-0.36940,0.41661
2019,016610,DB증권,KOSPI,727,5.81000,0.03235,0.01764,-0.04280,250.00000,-0.04280,-0.05016,-0.01183,-0.07770,-0.09277,-0.04786,-0.07667,-0.10712,-0.04680,-0.11934,-0.11899,-0.09085,-0.17793,-0.13378,-0.15133,-0.36156,-0.09285,-0.34090,250.00000,4442.14247,0.05628,0.03243,-0.00360,-0.00253,-0.04659,-0.10707,-0.29664,0.76049
2019,005830,DB손해보험,KOSPI,60,3.59000,-0.02144,-0.03615,-0.03120,1500.00000,-0.03120,-0.03856,-0.05197,-0.08722,-0.10229,-0.10679,-0.11097,-0.14142,-0.13003,-0.21925,-0.21889,-0.23599,-0.19711,-0.15296,-0.21432,-0.41563,-0.14693,-0.42816,2000.00000,54516.02810,0.02751,-0.03204,-0.08686,-0.11010,-0.21606,-0.19440,-0.40823,1.13393
2019,139130,iM금융지주,KOSPI,162,5.08000,0.05218,0.03747,-0.04160,410.00000,-0.04160,-0.04896,0.00841,-0.06706,-0.08213,-0.01838,-0.07766,-0.10811,-0.02953,-0.11130,-0.11095,-0.06493,-0.21583,-0.17167,-0.17491,-0.45911,-0.19040,-0.43089,360.00000,7456.40057,0.05499,0.05158,0.02479,0.01364,-0.02176,-0.13174,-0.38772,0.75655
2019,017940,E1,KOSPI,454,4.15000,0.02179,0.00708,-0.02230,2200.00000,-0.02230,-0.02966,-0.00100,-0.01814,-0.03321,0.00326,-0.04849,-0.07894,-0.02776,-0.09411,-0.09376,-0.07437,-0.16201,-0.11786,-0.14375,-0.45817,-0.18947,-0.44637,2000.00000,49242.80874,0.04468,0.03345,0.03770,0.00669,-0.03993,-0.10931,-0.41192,0.49914
2019,114090,GKL,KOSPI,161,3.64000,0.01308,-0.00163,-0.02780,659.00000,-0.02780,-0.03516,-0.01508,0.01267,-0.00241,0.02591,0.10370,0.07325,0.11813,-0.04559,-0.04524,-0.03311,-0.12425,-0.08010,-0.11280,-0.31401,-0.04530,-0.30504,710.00000,19760.63681,0.03335,0.00978,0.05077,0.14300,-0.00824,-0.08793,-0.28017,0.83360
2019,078930,GS,KOSPI,52,3.97000,0.11180,0.09709,-0.01880,1900.00000,-0.01880,-0.02616,0.09089,-0.05076,-0.06583,0.05536,-0.08467,-0.11512,0.01766,-0.12789,-0.12754,-0.03039,-0.21160,-0.16744,-0.12346,-0.29719,-0.02849,-0.21862,1900.00000,53209.37619,0.03571,0.11775,0.08222,0.04452,-0.00353,-0.09660,-0.19176,0.52649
2019,006360,GS건설,KOSPI,94,3.33000,0.06340,0.04869,-0.03130,1000.00000,-0.03130,-0.03866,0.03011,-0.08296,-0.09803,-0.02483,-0.08293,-0.11338,-0.02479,-0.09538,-0.09502,-0.03803,-0.15654,-0.11239,-0.10307,-0.42622,-0.15752,-0.38985,1000.00000,31933.79935,0.03131,0.05325,-0.00168,-0.00165,-0.01489,-0.07993,-0.36671,0.99953
2019,028150,GS홈쇼핑,KOSDAQ,193,4.68000,0.05470,0.03999,-0.03740,6500.00000,-0.03740,-0.04476,0.01526,-0.09956,-0.11463,-0.05030,-0.07102,-0.10147,-0.02021,-0.14075,-0.14039,-0.09375,-0.20740,-0.16325,-0.16405,-0.31525,-0.04655,-0.27780,7000.00000,157754.65379,0.04120,0.04676,-0.01879,0.01130,-0.06224,-0.13254,-0.24629,0.90770
2019,039570,HDC랩스,KOSPI,782,3.40000,0.09224,0.07753,-0.02220,350.00000,-0.02220,-0.02956,0.06799,-0.02226,-0.03733,0.06793,-0.01337,-0.04382,0.07764,-0.13685,-0.13650,-0.05724,-0.25953,-0.21537,-0.19123,-0.45321,-0.18451,-0.40278,350.00000,11243.63805,0.03113,0.09098,0.09092,0.10062,-0.03425,-0.16824,-0.37979,0.71317
2019,003560,IHQ,KOSPI,575,6.14000,0.01193,-0.00278,0.00870,0.00000,0.00870,0.00134,0.02074,0.06412,0.04905,0.07682,0.06413,0.03368,0.07683,-0.02620,-0.02585,-0.01458,-0.02902,0.01513,-0.01743,-0.32066,-0.05195,-0.31255,104.00000,1714.02575,0.00000,0.01739,0.07347,0.07348,-0.01793,-0.02078,-0.31590,
2019,175330,JB금융지주,KOSPI,181,3.33000,0.06110,0.04639,-0.02970,300.00000,-0.02970,-0.03706,0.02958,-0.06817,-0.08324,-0.01123,-0.09265,-0.12310,-0.03721,-0.10835,-0.10800,-0.05387,-0.12234,-0.07819,-0.06872,-0.28027,-0.01156,-0.23630,180.00000,5735.67136,0.05230,0.07048,0.02967,0.00369,-0.01298,-0.02782,-0.19540,0.56783
2019,105560,KB금융,KOSPI,14,4.17000,0.07262,0.05791,-0.02730,2210.00000,-0.02730,-0.03466,0.04333,-0.04856,-0.06363,0.02054,-0.03129,-0.06174,0.03906,-0.11335,-0.11300,-0.04897,-0.20236,-0.15821,-0.14444,-0.33391,-0.06521,-0.28554,1920.00000,49386.70209,0.04475,0.07784,0.05504,0.07356,-0.01446,-0.10993,-0.25104,0.61007
2019,002380,KCC,KOSPI,97,4.15000,0.07591,0.06120,0.00000,5500.00000,0.00000,-0.00736,0.07591,0.00000,-0.01507,0.07591,0.00000,-0.03045,0.07591,0.00005,0.00040,0.07596,-0.13649,-0.09233,-0.07094,-0.37552,-0.10681,-0.32812,9000.00000,233329.12019,0.02357,0.09250,0.09250,0.09250,0.09255,-0.05435,-0.31152,
2019,151860,KG에코솔루션,KOSDAQ,1045,3.02000,0.02567,0.01096,-0.01620,110.00000,-0.01620,-0.02356,0.00905,-0.03090,-0.04597,-0.00603,-0.03091,-0.06136,-0.00604,-0.08086,-0.08051,-0.05727,-0.06310,-0.01894,-0.03905,-0.24150,0.02721,-0.22203,100.00000,3396.24967,0.03239,0.03310,0.01803,0.01801,-0.03322,-0.01500,-0.19798,0.50017
2019,046440,KG파이낸셜,KOSDAQ,729,3.28000,0.03096,0.01625,-0.01750,200.00000,-0.01750,-0.02486,0.01292,-0.04127,-0.05634,-0.01159,-0.04923,-0.07968,-0.01979,-0.09861,-0.09826,-0.07070,0.01278,0.05693,0.04413,-0.36012,-0.09141,-0.34031,200.00000,6286.33877,0.03182,0.03648,0.01197,0.00377,-0.04714,0.06770,-0.31674,0.55005
2019,001390,KG케미칼,KOSPI,858,3.06000,0.03928,0.02457,-0.01680,350.00000,-0.01680,-0.02416,0.02182,-0.05044,-0.06551,-0.01315,-0.03789,-0.06834,-0.00010,0.02930,0.02965,0.06973,0.03357,0.07773,0.07417,-0.21347,0.05524,-0.18257,350.00000,11887.18104,0.02944,0.04338,0.00841,0.02146,0.09129,0.09573,-0.16102,0.57058
2019,025000,KPX케미칼,KOSPI,528,3.49000,0.00005,-0.01466,-0.02970,2500.00000,-0.02970,-0.03706,-0.02965,-0.05243,-0.06750,-0.05238,-0.04022,-0.07067,-0.04018,-0.07861,-0.07826,-0.07857,-0.12999,-0.08584,-0.12995,-0.30975,-0.04105,-0.30972,2000.00000,57309.28409,0.04362,0.00390,-0.01883,-0.00662,-0.04502,-0.09640,-0.27617,0.68083
2019,044450,KSS해운,KOSPI,756,3.05000,0.05451,0.03980,-0.01890,270.00000,-0.01890,-0.02626,0.03458,-0.04021,-0.05528,0.01211,-0.04653,-0.07698,0.00544,-0.10184,-0.10149,-0.05288,-0.00885,0.03531,0.04518,-0.21124,0.05746,-0.16825,230.00000,7952.03917,0.03395,0.05995,0.03748,0.03082,-0.02751,0.07055,-0.14287,0.55664
2019,030200,KT,KOSPI,39,4.08000,0.01683,0.00212,-0.02550,1100.00000,-0.02550,-0.03286,-0.00910,-0.03092,-0.04599,-0.01461,-0.04375,-0.07420,-0.02766,-0.07481,-0.07445,-0.05924,-0.11329,-0.06913,-0.09836,-0.29581,-0.02710,-0.28395,1100.00000,27414.53316,0.04012,0.02150,0.01599,0.00294,-0.02864,-0.06777,-0.25336,0.63552
2019,033780,KT&G,KOSPI,23,4.09000,-0.00187,-0.01658,-0.03380,4400.00000,-0.03380,-0.04116,-0.03561,-0.04716,-0.06223,-0.04894,-0.03583,-0.06628,-0.03763,-0.03793,-0.03758,-0.03973,-0.11695,-0.07279,-0.11860,-0.26027,0.00844,-0.26165,4000.00000,97616.53975,0.04507,-0.00082,-0.01416,-0.00285,-0.00495,-0.08382,-0.22687,0.74987
2019,058850,KTcs,KOSPI,1249,4.16000,0.07608,0.06137,-0.02150,80.00000,-0.02150,-0.02886,0.05294,-0.03873,-0.05380,0.03440,-0.04942,-0.07987,0.02290,-0.09462,-0.09427,-0.02574,-0.17390,-0.12975,-0.11105,-0.39696,-0.12825,-0.35108,90.00000,2328.05789,0.03436,0.07867,0.06012,0.04863,-0.00002,-0.08533,-0.32535,0.62567
2019,005940,NH투자증권,KOSPI,70,4.03000,0.07262,0.05791,-0.02630,500.00000,-0.02630,-0.03366,0.04441,-0.08266,-0.09773,-0.01604,-0.07514,-0.10559,-0.00798,-0.14287,-0.14252,-0.08063,-0.22930,-0.18514,-0.17333,-0.38798,-0.11927,-0.34353,500.00000,13307.99469,0.03757,0.07285,0.01240,0.02046,-0.05219,-0.14489,-0.31509,0.70000
2019,005490,POSCO홀딩스,KOSPI,11,4.34000,0.05412,0.03941,-0.01850,10000.00000,-0.01850,-0.02586,0.03462,-0.04530,-0.06037,0.00637,-0.00406,-0.03451,0.04984,-0.07596,-0.07561,-0.02595,-0.18102,-0.13686,-0.13669,-0.36009,-0.09138,-0.32545,10000.00000,242884.76315,0.04117,0.06610,0.03785,0.08132,0.00553,-0.10521,-0.29397,0.44934
2019,018670,SK가스,KOSPI,224,3.49000,0.02789,0.01319,-0.02740,3000.00000,-0.02740,-0.03476,-0.00027,-0.03533,-0.05040,-0.00842,-0.05573,-0.08618,-0.02939,-0.13677,-0.13641,-0.11269,-0.12304,-0.07888,-0.09857,-0.34010,-0.07139,-0.32169,3000.00000,88357.72554,0.03395,0.02510,0.01695,-0.00402,-0.08731,-0.07320,-0.29631,0.80700
2019,096770,SK이노베이션,KOSPI,22,5.46000,0.05811,0.04340,-0.02580,3000.00000,-0.02580,-0.03316,0.03081,-0.06758,-0.08265,-0.01341,-0.09990,-0.13035,-0.04759,-0.19348,-0.19312,-0.14661,-0.24831,-0.20416,-0.20463,-0.45155,-0.18285,-0.41968,8000.00000,155033.77560,0.01935,0.04383,-0.00039,-0.03457,-0.13359,-0.19161,-0.40666,1.33329
2019,017670,SK텔레콤,KOSPI,12,4.07000,-0.00588,-0.02059,-0.02860,10000.00000,-0.02860,-0.03596,-0.03432,-0.04700,-0.06207,-0.05261,-0.03467,-0.06512,-0.04035,-0.06322,-0.06286,-0.06873,-0.11240,-0.06824,-0.11762,-0.29241,-0.02370,-0.29657,10000.00000,244254.54034,0.04094,-0.00303,-0.02132,-0.00907,-0.03744,-0.08634,-0.26529,0.69857
2019,289080,SV인베스트먼트,KOSDAQ,1207,6.59000,-0.00844,-0.02315,0.03320,120.00000,0.03320,0.02584,0.02448,0.01384,-0.00123,0.00528,0.02490,-0.00555,0.01624,-0.08051,-0.08016,-0.08827,-0.02494,0.01921,-0.03317,0.97258,1.24129,0.95593,120.00000,1805.57030,0.06646,0.07735,0.05816,0.06912,-0.03540,0.01970,1.00881,-0.49954
2019,035250,강원랜드,KOSPI,43,3.07000,0.04246,0.02775,-0.03100,900.00000,-0.03100,-0.03836,0.01015,-0.04736,-0.06243,-0.00691,-0.04249,-0.07294,-0.00183,-0.08506,-0.08470,-0.04620,-0.22083,-0.17668,-0.18775,-0.35973,-0.09103,-0.33254,900.00000,30560.81143,0.02945,0.03171,0.01466,0.01973,-0.02464,-0.16618,-0.31098,1.05265
2019,267290,경동도시가스,KOSPI,985,3.24000,-0.00320,-0.01791,-0.01620,875.00000,-0.01620,-0.02356,-0.01935,-0.02785,-0.04292,-0.03096,-0.07192,-0.10237,-0.07489,-0.10441,-0.10406,-0.10727,-0.17626,-0.13210,-0.17889,-0.32701,-0.05831,-0.32917,875.00000,26919.81217,0.03250,0.00480,-0.00681,-0.05074,-0.08313,-0.15474,-0.30502,0.49840
2019,011040,경동제약,KOSDAQ,672,3.87000,0.02306,0.00835,-0.02390,400.00000,-0.02390,-0.03126,-0.00139,-0.04030,-0.05537,-0.01816,-0.03781,-0.06826,-0.01562,0.01761,0.01797,0.04109,-0.04917,-0.00502,-0.02724,-0.15624,0.11247,-0.13678,300.00000,7930.73214,0.05044,0.03793,0.02116,0.02370,0.08040,0.01208,-0.09746,0.47386
2019,049720,고려신용정보,KOSDAQ,1500,4.40000,0.03914,0.02443,-0.03850,250.00000,-0.03850,-0.04586,-0.00087,-0.07127,-0.08634,-0.03492,-0.09058,-0.12103,-0.05498,-0.07039,-0.07003,-0.03400,0.01715,0.06130,0.05696,-0.13996,0.12874,-0.10630,220.00000,5195.70254,0.04812,0.03649,0.00244,-0.01762,0.00335,0.09432,-0.06894,0.80014
2019,121440,골프존홀딩스,KOSDAQ,833,3.21000,-0.03140,-0.04611,0.00850,117.00000,0.00850,0.00114,-0.02316,-0.02391,-0.03898,-0.05455,0.01278,-0.01767,-0.01902,0.01275,0.01310,-0.01905,-0.06096,-0.01680,-0.09044,-0.41156,-0.14285,-0.43003,117.00000,3530.42676,0.03314,0.00152,-0.02987,0.00567,0.00564,-0.06575,-0.40535,-0.25648
2019,030610,교보증권,KOSPI,447,3.74000,0.01793,0.00322,-0.02410,400.00000,-0.02410,-0.03146,-0.00660,-0.04820,-0.06327,-0.03114,-0.03561,-0.06606,-0.01832,-0.06715,-0.06679,-0.05042,-0.16790,-0.12374,-0.15298,-0.41759,-0.14888,-0.40714,350.00000,9526.07759,0.04199,0.02557,0.00104,0.01385,-0.01825,-0.12080,-0.37497,0.57395
2019,007690,국도화학,KOSPI,546,3.29000,0.04482,0.03011,-0.00210,1500.00000,-0.00210,-0.00946,0.04263,-0.02830,-0.04337,0.01526,-0.06706,-0.09751,-0.02524,-0.10696,-0.10660,-0.06693,-0.15615,-0.11199,-0.11832,-0.23074,0.03797,-0.19626,1500.00000,47636.24893,0.03149,0.06592,0.03855,-0.00195,-0.04364,-0.09503,-0.17297,0.06669
2019,043650,국순당,KOSDAQ,1785,8.89000,0.11102,0.09631,-0.00150,100.00000,-0.00150,-0.00886,0.10935,-0.00620,-0.02127,0.10413,-0.06768,-0.09813,0.03583,0.07696,0.07731,0.19652,0.10631,0.15047,0.22913,0.10631,0.37502,0.22913,260.00000,3249.32914,0.03078,0.13204,0.12682,0.05852,0.21921,0.25182,0.25182,0.04874
2019,204020,그리티,KOSDAQ,1763,6.82000,0.03051,0.01580,0.01470,30.00000,0.01470,0.00734,0.04566,0.08641,0.07134,0.11955,0.06613,0.03568,0.09865,-0.07348,-0.07312,-0.04521,-0.14692,-0.10276,-0.12089,-0.40799,-0.13929,-0.38993,180.00000,2719.81291,0.01103,0.05164,0.12554,0.10464,-0.03923,-0.11491,-0.38395,-1.33271
2019,083420,그린케미칼,KOSPI,1410,4.05000,0.06501,0.05030,-0.01990,170.00000,-0.01990,-0.02726,0.04382,-0.01419,-0.02926,0.04990,-0.05988,-0.09033,0.00124,-0.05001,-0.04965,0.01175,-0.05720,-0.01305,0.00409,-0.23654,0.03217,-0.18690,160.00000,4207.45755,0.04040,0.07465,0.08073,0.03207,0.04258,0.03493,-0.15607,0.49252
2019,014530,극동유화,KOSPI,1050,4.70000,0.05867,0.04396,-0.03610,160.00000,-0.03610,-0.04346,0.02045,0.60609,0.59102,0.70032,0.04025,0.00980,0.10128,-0.04438,-0.04402,0.01169,-0.07350,-0.02935,-0.01914,-0.35777,-0.08906,-0.32009,160.00000,3603.98536,0.04440,0.05466,0.73453,0.13549,0.04590,0.01506,-0.28588,0.81315
2019,001570,금양,KOSPI,1179,3.51000,0.00438,-0.01033,-0.00440,0.00000,-0.00440,-0.01176,-0.00004,0.09179,0.07672,0.09657,0.12679,0.09634,0.13172,0.10497,0.10532,0.10980,0.12012,0.16427,0.12502,-0.15955,0.10916,-0.15587,80.00000,2289.17389,0.00000,-0.00339,0.09322,0.12837,0.10645,0.12167,-0.15922,
2019,002990,금호건설,KOSPI,397,4.59000,0.10112,0.08641,-0.05420,500.00000,-0.05420,-0.06156,0.04143,-0.13345,-0.14852,-0.04583,-0.16262,-0.19307,-0.07794,-0.20602,-0.20566,-0.12573,-0.30843,-0.26428,-0.23850,-0.52670,-0.25799,-0.47884,500.00000,11994.72120,0.04169,0.07335,-0.01391,-0.04603,-0.09382,-0.20659,-0.44692,1.30023
2019,092440,기신정기,KOSPI,1096,3.93000,-0.02492,-0.03963,0.00810,150.00000,0.00810,0.00074,-0.01702,0.03241,0.01734,0.00669,0.03640,0.00595,0.01057,0.00280,0.00315,-0.02219,-0.02044,0.02371,-0.04486,-0.22357,0.04514,-0.24292,150.00000,3721.67639,0.04030,0.01372,0.03743,0.04132,0.00856,-0.01411,-0.21217,-0.20097
2019,024110,기업은행,KOSPI,40,5.87000,0.06400,0.04929,-0.04800,670.00000,-0.04800,-0.05536,0.01293,-0.08809,-0.10316,-0.02972,-0.10406,-0.13451,-0.04672,-0.13597,-0.13562,-0.08067,-0.21748,-0.17332,-0.16739,-0.41823,-0.14953,-0.38100,690.00000,12507.02160,0.05357,0.05490,0.01225,-0.00475,-0.03870,-0.12542,-0.33903,0.89603
2019,293580,나우IB,KOSDAQ,1916,3.26000,0.00318,-0.01153,-0.00760,150.00000,-0.00760,-0.01496,-0.00444,-0.05298,-0.06805,-0.04997,-0.02058,-0.05103,-0.01746,-0.05290,-0.05254,-0.04988,0.02620,0.07035,0.02946,-0.35697,-0.08827,-0.35493,150.00000,4615.85848,0.03250,0.01970,-0.02583,0.00668,-0.02574,0.05360,-0.33079,0.23387
2019,090350,노루페인트,KOSPI,806,3.08000,0.02970,0.01499,-0.02150,275.00000,-0.02150,-0.02886,0.00756,-0.05375,-0.06882,-0.02565,-0.06571,-0.09616,-0.03797,-0.12186,-0.12151,-0.09579,-0.14574,-0.10158,-0.12037,-0.36899,-0.10029,-0.35026,250.00000,8357.92280,0.03290,0.03204,-0.00117,-0.01348,-0.07130,-0.09588,-0.32577,0.65344
2019,058730,다스코,KOSPI,1229,3.23000,0.10841,0.09370,0.00580,0.00000,0.00580,-0.00156,0.11484,-0.03789,-0.05297,0.06640,-0.01741,-0.04786,0.08911,-0.12808,-0.12772,-0.03355,-0.13244,-0.08829,-0.03839,-0.33517,-0.06646,-0.26310,200.00000,6863.19892,0.00000,0.11149,0.06305,0.08576,-0.03690,-0.04174,-0.26645,
2019,019680,대교,KOSPI,319,3.45000,0.01952,0.00482,-0.01930,170.00000,-0.01930,-0.02666,-0.00015,-0.02741,-0.04248,-0.00842,-0.04191,-0.07236,-0.02320,-0.08205,-0.08169,-0.06412,-0.17543,-0.13128,-0.15933,-0.42985,-0.16115,-0.41872,210.00000,6205.80417,0.02739,0.01967,0.01141,-0.00338,-0.04430,-0.13951,-0.39890,0.70454
2019,005750,대림바스,KOSPI,1506,3.54000,-0.00347,-0.01818,-0.01420,130.00000,-0.01420,-0.02156,-0.01762,-0.02255,-0.03762,-0.02594,-0.02020,-0.05065,-0.02360,-0.05230,-0.05195,-0.05559,-0.15412,-0.10997,-0.15706,-0.40655,-0.13785,-0.40861,150.00000,4222.59273,0.03079,0.00508,-0.00325,-0.00091,-0.03289,-0.13436,-0.38591,0.46124
2019,317850,대모,KOSDAQ,1626,3.44000,-0.15498,-0.16969,0.01280,70.00000,0.01280,0.00544,-0.14417,0.04000,0.02493,-0.12119,0.03843,0.00798,-0.12251,-0.04931,-0.04895,-0.19665,-0.21030,-0.16614,-0.33269,-0.57405,-0.30534,-0.64006,255.00000,6263.93024,0.01118,-0.13806,-0.11508,-0.11641,-0.19055,-0.32659,-0.63396,-1.14540
2019,003540,대신증권,KOSPI,277,5.15000,0.02485,0.01014,-0.03240,1000.00000,-0.03240,-0.03976,-0.00836,-0.06074,-0.07581,-0.03740,-0.06089,-0.09134,-0.03755,-0.11750,-0.11715,-0.09558,-0.21288,-0.16873,-0.19332,-0.34001,-0.07131,-0.32361,620.00000,12337.98918,0.08105,0.05686,0.02782,0.02767,-0.03036,-0.12810,-0.25840,0.39975
2019,015230,대창단조,KOSPI,1367,3.48000,0.02443,0.00972,-0.02210,1100.00000,-0.02210,-0.02946,0.00179,-0.03240,-0.04747,-0.00876,-0.02057,-0.05102,0.00335,-0.04447,-0.04412,-0.02113,-0.10042,-0.05626,-0.07844,-0.36225,-0.09355,-0.34667,1000.00000,29437.68724,0.03737,0.03005,0.01951,0.03162,0.00714,-0.05018,-0.31841,0.59143
2019,006650,대한유화,KOSPI,234,3.40000,0.03407,0.01936,-0.02470,2500.00000,-0.02470,-0.03206,0.00853,-0.11526,-0.13034,-0.08512,-0.07417,-0.10462,-0.04262,-0.19844,-0.19809,-0.17113,-0.25351,-0.20935,-0.22808,-0.36207,-0.09336,-0.34033,4000.00000,121655.31618,0.02055,0.02256,-0.07109,-0.02859,-0.15710,-0.21404,-0.32630,1.20195
2019,001790,대한제당,KOSPI,811,3.01000,0.10106,0.08635,-0.03230,675.00000,-0.03230,-0.03966,0.06549,-0.04954,-0.06461,0.04651,-0.02962,-0.06007,0.06845,-0.04458,-0.04422,0.05197,0.01019,0.05434,0.11227,-0.26778,0.00092,-0.19379,550.00000,20118.94552,0.03355,0.09052,0.07155,0.09348,0.07701,0.13731,-0.16875,0.96273
2019,016090,대현,KOSPI,1133,3.34000,0.05433,0.03962,0.00000,100.00000,0.00000,-0.00736,0.05433,-0.05741,-0.07248,-0.00620,-0.03752,-0.06797,0.01478,-0.09894,-0.09859,-0.04999,-0.20380,-0.15965,-0.16054,-0.40182,-0.13312,-0.36932,80.00000,2525.34377,0.03960,0.08448,0.02395,0.04493,-0.01984,-0.13039,-0.33917,
2019,100130,동국S&C,KOSDAQ,944,3.46000,0.13232,0.11761,-0.00760,100.00000,-0.00760,-0.01496,0.12371,-0.04591,-0.06098,0.08034,-0.00393,-0.03438,0.12787,-0.10334,-0.10298,0.01531,0.02677,0.07092,0.16263,-0.43011,-0.16140,-0.35470,80.00000,2618.07229,0.03820,0.15267,0.10930,0.15683,0.04427,0.19159,-0.32574,0.19897
2019,005160,동국산업,KOSDAQ,898,5.01000,0.06162,0.04691,-0.04720,130.00000,-0.04720,-0.05456,0.01151,-0.07983,-0.09490,-0.02313,-0.07443,-0.10488,-0.01740,-0.10357,-0.10322,-0.04833,-0.13790,-0.09374,-0.08478,-0.31592,-0.04721,-0.27376,130.00000,2754.70043,0.04719,0.04809,0.01345,0.01918,-0.01176,-0.04820,-0.23719,1.00017
2019,075970,동국알앤에스,KOSDAQ,1913,3.35000,0.02933,0.01462,-0.01630,80.00000,-0.01630,-0.02366,0.01256,-0.02035,-0.03542,0.00839,-0.02647,-0.05692,0.00208,-0.02640,-0.02604,0.00216,-0.07919,-0.03504,-0.05218,-0.37068,-0.10198,-0.35222,80.00000,2458.11049,0.03255,0.03674,0.03257,0.02627,0.02634,-0.02800,-0.32804,0.50084
2019,005960,동부건설,KOSPI,722,3.57000,0.02149,0.00678,-0.01860,700.00000,-0.01860,-0.02596,0.00249,-0.05116,-0.06623,-0.03077,-0.01168,-0.04213,0.00956,-0.04183,-0.04147,-0.02124,-0.09561,-0.05145,-0.07618,-0.17718,0.09153,-0.15950,300.00000,8583.93783,0.08155,0.06813,0.03487,0.07520,0.04440,-0.01054,-0.09386,0.22809
2019,026960,동서,KOSPI,125,4.05000,0.06082,0.04611,-0.04360,700.00000,-0.04360,-0.05096,0.01457,-0.10901,-0.12408,-0.05482,-0.11439,-0.14484,-0.06053,-0.11708,-0.11672,-0.06338,-0.13330,-0.08915,-0.08059,-0.14145,0.12726,-0.08923,700.00000,18335.15410,0.03818,0.04352,-0.02587,-0.03158,-0.03443,-0.05164,-0.06028,1.14202
2019,102260,동성케미컬,KOSPI,590,3.79000,0.00374,-0.01097,-0.00750,200.00000,-0.00750,-0.01486,-0.00379,-0.05476,-0.06983,-0.05122,-0.06700,-0.09745,-0.06351,-0.13117,-0.13082,-0.12792,-0.19816,-0.15401,-0.19516,-0.48683,-0.21812,-0.48491,200.00000,5296.78625,0.03776,0.02481,-0.02263,-0.03492,-0.09933,-0.16657,-0.45631,0.19863
2019,001520,동양,KOSPI,442,3.51000,0.01754,0.00283,-0.03100,40.00000,-0.03100,-0.03836,-0.01401,-0.06555,-0.08062,-0.04917,-0.12757,-0.15802,-0.11227,-0.22420,-0.22385,-0.21060,-0.25855,-0.21440,-0.24555,-0.36003,-0.09133,-0.34881,50.00000,1449.48102,0.02760,0.00599,-0.02917,-0.09227,-0.19060,-0.22555,-0.32881,1.12335
2019,084670,동양고속,KOSPI,1415,3.67000,0.03879,0.02408,-0.04770,4700.00000,-0.04770,-0.05506,-0.01076,-0.07421,-0.08928,-0.03829,-0.08301,-0.11346,-0.04743,-0.06725,-0.06689,-0.03107,-0.07971,-0.03556,-0.04401,-0.14332,0.12538,-0.11009,1000.00000,28304.95375,0.16605,0.12637,0.09884,0.08969,0.10606,0.09311,0.02703,0.28727
2019,013120,동원개발,KOSDAQ,412,4.56000,0.04068,0.02597,-0.03550,170.00000,-0.03550,-0.04286,0.00373,-0.04730,-0.06237,-0.00854,-0.05213,-0.08258,-0.01357,-0.06645,-0.06610,-0.02848,-0.10303,-0.05887,-0.06654,-0.27378,-0.00508,-0.24424,185.00000,4222.05132,0.04026,0.03445,0.02217,0.01714,0.00224,-0.03582,-0.21353,0.88166
2019,000150,두산,KOSPI,171,7.62000,0.05584,0.04113,-0.02360,5200.00000,-0.02360,-0.03096,0.03092,-0.07914,-0.09421,-0.02772,-0.05276,-0.08321,0.00013,-0.09717,-0.09681,-0.04676,-0.18354,-0.13938,-0.13795,-0.49184,-0.22313,-0.46346,5200.00000,72051.90681,0.07217,0.08863,0.02998,0.05784,0.01095,-0.08024,-0.40576,0.32700
2019,007340,DN오토모티브,KOSPI,491,3.30000,-0.02315,-0.03786,-0.00840,1500.00000,-0.00840,-0.01576,-0.03136,-0.00834,-0.02341,-0.03130,-0.01176,-0.04221,-0.03464,-0.02010,-0.01975,-0.04279,-0.04542,-0.00126,-0.06752,-0.14858,0.12012,-0.16829,1000.00000,29601.40424,0.05067,0.00816,0.00822,0.00488,-0.00327,-0.02800,-0.12878,0.16577
2019,023530,롯데쇼핑,KOSPI,61,3.92000,0.03024,0.01553,-0.01830,3800.00000,-0.01830,-0.02566,0.01138,-0.03295,-0.04802,-0.00371,0.00736,-0.02309,0.03781,-0.13552,-0.13516,-0.10938,-0.27764,-0.23349,-0.25580,-0.47618,-0.20748,-0.46034,5200.00000,136664.12374,0.02781,0.03156,0.01646,0.05799,-0.08920,-0.23563,-0.44017,0.65815
2019,004000,롯데정밀화학,KOSPI,167,3.78000,0.03024,0.01553,-0.02920,1700.00000,-0.02920,-0.03656,0.00015,-0.09187,-0.10694,-0.06441,-0.10589,-0.13634,-0.07886,-0.13605,-0.13570,-0.10993,-0.23768,-0.19352,-0.21463,-0.37809,-0.10938,-0.35928,1700.00000,46333.43999,0.03669,0.02784,-0.03672,-0.05117,-0.08224,-0.18694,-0.33159,0.79584
2019,011170,롯데케미칼,KOSPI,37,4.77000,0.04766,0.03295,-0.00870,6700.00000,-0.00870,-0.01606,0.03854,-0.08895,-0.10402,-0.04553,-0.04989,-0.08034,-0.00461,-0.15407,-0.15371,-0.11375,-0.17151,-0.12736,-0.13203,-0.27784,-0.00914,-0.24343,10500.00000,230615.92829,0.02905,0.05977,-0.02430,0.01661,-0.09252,-0.11080,-0.22220,0.29946
2019,002270,롯데푸드,KOSPI,332,3.48000,-0.02092,-0.03563,-0.02010,12000.00000,-0.02010,-0.02746,-0.04060,-0.03669,-0.05176,-0.05684,-0.06153,-0.09198,-0.08116,-0.12067,-0.12032,-0.13907,-0.20956,-0.16541,-0.22610,-0.31379,-0.04509,-0.32815,15000.00000,422015.88868,0.02843,-0.01990,-0.03613,-0.06046,-0.11837,-0.20540,-0.30744,0.70688
2019,071840,롯데하이마트,KOSPI,243,5.44000,0.01903,0.00432,-0.03300,1000.00000,-0.03300,-0.04036,-0.01460,-0.05501,-0.07008,-0.03702,-0.11304,-0.14349,-0.09616,-0.17120,-0.17085,-0.15543,-0.31081,-0.26665,-0.29769,-0.53838,-0.26968,-0.52960,1700.00000,31844.74628,0.03140,0.00862,-0.01381,-0.07295,-0.13221,-0.27447,-0.50638,1.05088
2019,093520,매커스,KOSDAQ,1701,3.41000,0.07262,0.05791,-0.00800,100.00000,-0.00800,-0.01536,0.06404,-0.00802,-0.02309,0.06403,0.02781,-0.00264,0.10245,-0.02649,-0.02614,0.04421,-0.02392,0.02024,0.04697,-0.34078,-0.07208,-0.29291,120.00000,3774.63190,0.02649,0.08311,0.08309,0.12151,0.06327,0.06603,-0.27384,0.30197
2019,072870,메가스터디,KOSDAQ,892,3.35000,0.00429,-0.01042,-0.00830,450.00000,-0.00830,-0.01566,-0.00404,-0.02071,-0.03578,-0.01651,-0.01670,-0.04715,-0.01248,-0.06258,-0.06223,-0.05856,-0.00021,0.04395,0.00408,-0.19175,0.07695,-0.18829,400.00000,11991.53291,0.03753,0.02435,0.01189,0.01591,-0.03016,0.03248,-0.15989,0.22118
2019,138040,메리츠금융지주,KOSPI,124,3.76000,-0.04389,-0.05860,-0.02930,550.00000,-0.02930,-0.03666,-0.07190,-0.07125,-0.08633,-0.11202,-0.07125,-0.10170,-0.11201,-0.14245,-0.14210,-0.18009,-0.17178,-0.12762,-0.20813,-0.29899,-0.03028,-0.32975,470.00000,11951.38583,0.04602,-0.03632,-0.07643,-0.07643,-0.14451,-0.17254,-0.29417,0.63668
2019,008560,메리츠증권,KOSPI,90,4.71000,-0.04453,-0.05924,-0.04190,200.00000,-0.04190,-0.04926,-0.08457,-0.11716,-0.13223,-0.15647,-0.10618,-0.13663,-0.14598,-0.09137,-0.09102,-0.13184,-0.13208,-0.08792,-0.17073,-0.36482,-0.09612,-0.39311,200.00000,4057.17801,0.04930,-0.04621,-0.11812,-0.10763,-0.09348,-0.13238,-0.35476,0.84998
2019,000060,메리츠화재,KOSPI,105,4.46000,0.01081,-0.00390,-0.02960,850.00000,-0.02960,-0.03696,-0.01911,-0.11834,-0.13341,-0.10881,-0.11565,-0.14610,-0.10609,-0.16937,-0.16902,-0.16039,-0.19618,-0.15202,-0.18749,-0.39773,-0.12903,-0.39122,820.00000,18584.41216,0.04574,0.01623,-0.07346,-0.07075,-0.12505,-0.15214,-0.35588,0.64717
2019,241770,메카로,KOSDAQ,964,4.47000,0.14747,0.13276,0.02710,160.00000,0.02710,0.01974,0.17857,0.04411,0.02904,0.19809,0.07459,0.04414,0.23306,-0.01364,-0.01329,0.13182,-0.17966,-0.13551,-0.05868,-0.40267,-0.13396,-0.31458,575.00000,14760.56340,0.01084,0.18439,0.20391,0.23888,0.13764,-0.05286,-0.30876,-2.50007
2019,009680,모토닉,KOSPI,511,3.43000,0.01710,0.00239,-0.01350,300.00000,-0.01350,-0.02086,0.00337,-0.02467,-0.03974,-0.00799,-0.01000,-0.04045,0.00693,0.04836,0.04872,0.06629,-0.03361,0.01054,-0.01709,-0.29103,-0.02232,-0.27891,300.00000,8895.89456,0.03372,0.02855,0.01719,0.03211,0.09147,0.00809,-0.25373,0.40032
2019,009580,무림P&P,KOSPI,545,5.83000,0.02559,0.01088,-0.02390,175.00000,-0.02390,-0.03126,0.00108,-0.03640,-0.05147,-0.01174,-0.02959,-0.06004,-0.00475,-0.10004,-0.09969,-0.07701,-0.13537,-0.09121,-0.11324,-0.39562,-0.12691,-0.38015,250.00000,4397.89414,0.03979,0.03139,0.01858,0.02556,-0.04670,-0.08293,-0.34984,0.60063
2019,033920,무학,KOSPI,564,3.91000,-0.04564,-0.06035,-0.00350,0.00000,-0.00350,-0.01086,-0.04898,-0.02690,-0.04197,-0.07131,-0.03624,-0.06669,-0.08022,-0.04680,-0.04644,-0.09031,-0.23980,-0.19565,-0.27450,-0.46197,-0.19326,-0.48653,350.00000,8542.84114,0.00000,-0.05233,-0.07466,-0.08357,-0.09366,-0.27785,-0.48988,
2019,006800,미래에셋증권,KOSPI,50,3.04000,0.07613,0.06142,-0.01030,260.00000,-0.01030,-0.01766,0.06504,-0.04627,-0.06134,0.02634,-0.00378,-0.03423,0.07206,-0.09638,-0.09603,-0.02759,-0.15159,-0.10743,-0.08700,-0.34713,-0.07842,-0.29742,220.00000,7787.77176,0.03339,0.08994,0.05123,0.09696,-0.00270,-0.06211,-0.27253,0.30852
2019,085620,미래에셋생명,KOSPI,238,4.00000,0.01054,-0.00417,-0.03610,170.00000,-0.03610,-0.04346,-0.02594,-0.09082,-0.10589,-0.08124,-0.09556,-0.12601,-0.08603,-0.15259,-0.15223,-0.14366,-0.05019,-0.00604,-0.04019,-0.34703,-0.07832,-0.34015,170.00000,4294.77838,0.03958,0.00419,-0.05110,-0.05589,-0.11352,-0.01005,-0.31001,0.91201
2019,093190,빅솔론,KOSDAQ,1110,3.16000,-0.01938,-0.03409,0.00000,190.00000,0.00000,-0.00736,-0.01938,-0.01433,-0.02940,-0.03344,-0.01966,-0.05011,-0.03866,-0.01422,-0.01386,-0.03333,-0.06822,-0.02407,-0.08628,-0.30479,-0.03608,-0.31826,180.00000,5585.78193,0.03401,0.00604,-0.00801,-0.01324,-0.00790,-0.06086,-0.29284,
2019,032830,삼성생명,KOSPI,21,3.70000,0.06987,0.05516,-0.02870,2650.00000,-0.02870,-0.03606,0.03917,-0.04966,-0.06473,0.01674,-0.03922,-0.06967,0.02791,-0.09403,-0.09367,-0.03072,-0.20632,-0.16217,-0.15086,-0.44645,-0.17775,-0.40778,2650.00000,76626.11512,0.03458,0.06508,0.04265,0.05382,-0.00482,-0.12496,-0.38187,0.82988
2019,016360,삼성증권,KOSPI,74,3.88000,0.09718,0.08247,-0.01260,1700.00000,-0.01260,-0.01996,0.08335,-0.04537,-0.06044,0.04740,-0.04039,-0.07084,0.05286,-0.10602,-0.10566,-0.01914,-0.14129,-0.09713,-0.05784,-0.32195,-0.05324,-0.25606,1400.00000,39588.83196,0.04294,0.11633,0.08038,0.08584,0.01383,-0.02486,-0.22308,0.29342
2019,029780,삼성카드,KOSPI,54,4.31000,0.06884,0.05413,-0.02770,1600.00000,-0.02770,-0.03506,0.03923,-0.04787,-0.06294,0.01767,-0.02275,-0.05320,0.04452,-0.06175,-0.06140,0.00284,-0.14001,-0.09585,-0.08080,-0.32675,-0.05804,-0.28040,1600.00000,39678.54187,0.04032,0.07000,0.04844,0.07529,0.03360,-0.05004,-0.24964,0.68693
2019,000810,삼성화재,KOSPI,28,4.95000,0.06245,0.04774,-0.01620,8500.00000,-0.01620,-0.02356,0.04524,-0.04049,-0.05556,0.01943,-0.06888,-0.09933,-0.01073,-0.14778,-0.14743,-0.09456,-0.18207,-0.13791,-0.13099,-0.41083,-0.14213,-0.37404,11500.00000,246832.14671,0.03444,0.07102,0.04522,0.01506,-0.06878,-0.10520,-0.34825,0.47043
2019,225190,LK삼양,KOSDAQ,940,8.37000,0.06476,0.05005,-0.07140,1000.00000,-0.07140,-0.07876,-0.01126,-0.11425,-0.12932,-0.05689,-0.12500,-0.15545,-0.06834,-0.17507,-0.17472,-0.12165,-0.25714,-0.21298,-0.20903,-0.41206,-0.14336,-0.37399,1100.00000,13993.26846,0.07146,0.04584,0.00022,-0.01123,-0.06454,-0.15192,-0.31688,0.99912
2019,272550,삼양패키징,KOSPI,628,3.16000,0.00960,-0.00511,-0.01880,750.00000,-0.01880,-0.02616,-0.00938,-0.03763,-0.05270,-0.02839,-0.00640,-0.03685,0.00314,0.00627,0.00662,0.01592,-0.00949,0.03467,0.00002,-0.17553,0.09317,-0.16762,500.00000,15974.66705,0.04695,0.02699,0.00798,0.03951,0.05229,0.03639,-0.13125,0.40043
2019,000070,삼양홀딩스,KOSPI,291,3.04000,0.01067,-0.00404,-0.00300,2000.00000,-0.00300,-0.01036,0.00764,-0.02400,-0.03907,-0.01358,-0.06909,-0.09954,-0.05916,-0.13976,-0.13941,-0.13058,-0.24205,-0.19790,-0.23396,-0.40450,-0.13579,-0.39814,2000.00000,66491.74757,0.03008,0.02974,0.00852,-0.03706,-0.10848,-0.21187,-0.37605,0.09974
2019,054090,삼진엘앤디,KOSDAQ,1810,3.71000,0.06678,0.05207,0.00230,75.00000,0.00230,-0.00506,0.06923,0.01848,0.00341,0.08649,0.02088,-0.00957,0.08905,0.16925,0.16961,0.24733,0.12973,0.17388,0.20517,-0.32269,-0.05398,-0.27746,75.00000,2156.55791,0.03478,0.09530,0.11256,0.11512,0.27340,0.23124,-0.25139,-0.06613
2019,005500,삼진제약,KOSPI,436,3.22000,0.03613,0.02142,-0.03300,800.00000,-0.03300,-0.04036,0.00194,-0.04076,-0.05583,-0.00610,-0.06400,-0.09445,-0.03018,-0.02135,-0.02099,0.01401,-0.07961,-0.03545,-0.04635,-0.25815,0.01056,-0.23134,800.00000,25742.38763,0.03108,0.02488,0.01684,-0.00724,0.03696,-0.02341,-0.20840,1.06187
2019,004690,삼천리,KOSPI,433,3.50000,0.00791,-0.00680,-0.02200,3000.00000,-0.02200,-0.02936,-0.01426,-0.04513,-0.06020,-0.03757,-0.06129,-0.09174,-0.05386,-0.07506,-0.07471,-0.06774,-0.06134,-0.01719,-0.05391,-0.26583,0.00287,-0.26002,3000.00000,86392.55786,0.03473,0.01177,-0.01154,-0.02783,-0.04171,-0.02789,-0.23400,0.63355
2019,017480,삼현철강,KOSDAQ,1616,3.76000,0.00746,-0.00725,-0.01490,150.00000,-0.01490,-0.02226,-0.00755,-0.03855,-0.05362,-0.03138,-0.03111,-0.06156,-0.02388,-0.06587,-0.06551,-0.05890,-0.08584,-0.04169,-0.07903,-0.28600,-0.01729,-0.28067,150.00000,4019.11670,0.03732,0.02067,-0.00315,0.00434,-0.03067,-0.05080,-0.25245,0.39923
2019,010960,삼호개발,KOSPI,1100,3.60000,0.04138,0.02667,-0.03130,190.00000,-0.03130,-0.03866,0.00878,-0.05186,-0.06693,-0.01263,-0.05939,-0.08984,-0.02047,-0.11136,-0.11101,-0.07459,-0.09922,-0.05507,-0.06195,-0.22646,0.04225,-0.19445,160.00000,4628.33798,0.04105,0.04016,0.01875,0.01091,-0.04321,-0.03057,-0.16307,0.76246
2019,093920,서원인텍,KOSDAQ,1003,4.45000,0.11726,0.10255,-0.02390,300.00000,-0.02390,-0.03126,0.09056,-0.05987,-0.07494,0.05037,-0.06785,-0.09830,0.04145,-0.14100,-0.14064,-0.04027,-0.22586,-0.18171,-0.13509,-0.48819,-0.21948,-0.42817,300.00000,7532.07395,0.03983,0.12090,0.08072,0.07180,-0.00992,-0.10475,-0.39783,0.60006
2019,011370,서한,KOSDAQ,1039,3.36000,0.00428,-0.01043,-0.01670,30.00000,-0.01670,-0.02406,-0.01250,-0.02919,-0.04426,-0.02504,-0.00406,-0.03451,0.00020,-0.08358,-0.08323,-0.07966,-0.15056,-0.10640,-0.14693,-0.39489,-0.12619,-0.39231,40.00000,1195.56691,0.02509,0.00538,-0.00716,0.01808,-0.06178,-0.12905,-0.37443,0.66553
2019,011560,세보엠이씨,KOSDAQ,1352,3.80000,0.01645,0.00174,-0.00750,150.00000,-0.00750,-0.01486,0.00883,-0.04874,-0.06381,-0.03309,-0.03635,-0.06680,-0.02050,-0.10477,-0.10442,-0.09005,-0.19932,-0.15516,-0.18615,-0.40037,-0.13166,-0.39051,300.00000,8024.59365,0.01869,0.02129,-0.02063,-0.00804,-0.07759,-0.17368,-0.37804,0.40123
2019,001430,세아베스틸지주,KOSPI,289,5.36000,0.03468,0.01997,-0.06100,300.00000,-0.06100,-0.06836,-0.02843,-0.11896,-0.13403,-0.08840,-0.13422,-0.16467,-0.10420,-0.19210,-0.19175,-0.16408,-0.30509,-0.26094,-0.28099,-0.56965,-0.30095,-0.55473,850.00000,16408.18163,0.01828,-0.01632,-0.07629,-0.09208,-0.15196,-0.26887,-0.54261,3.33633
2019,003030,세아제강지주,KOSPI,696,3.80000,0.01267,-0.00204,-0.01150,1500.00000,-0.01150,-0.01886,0.00102,-0.01889,-0.03396,-0.00647,-0.04079,-0.07124,-0.02864,-0.13874,-0.13839,-0.12783,-0.28684,-0.24268,-0.27781,-0.52976,-0.26105,-0.52380,1800.00000,47968.46778,0.03127,0.02413,0.01664,-0.00553,-0.10473,-0.25470,-0.50070,0.36776
2019,053210,스카이라이프,KOSPI,373,3.93000,0.00782,-0.00689,-0.02450,350.00000,-0.02450,-0.03186,-0.01688,-0.06135,-0.07642,-0.05402,-0.06246,-0.09291,-0.05514,-0.05143,-0.05108,-0.04402,-0.14970,-0.10554,-0.14305,-0.37481,-0.10611,-0.36993,350.00000,8975.46489,0.03900,0.01276,-0.02438,-0.02550,-0.01438,-0.11341,-0.34029,0.62828
2019,029530,신도리코,KOSPI,404,4.28000,0.02274,0.00803,-0.02880,1000.00000,-0.02880,-0.03616,-0.00672,-0.07189,-0.08696,-0.05079,-0.07305,-0.10350,-0.05197,-0.10575,-0.10540,-0.08542,-0.19079,-0.14664,-0.17239,-0.43953,-0.17082,-0.42679,1600.00000,38233.22183,0.02616,0.01206,-0.03201,-0.03319,-0.06664,-0.15362,-0.40801,1.10112
2019,004970,신라교역,KOSPI,706,4.15000,0.00004,-0.01467,-0.01240,500.00000,-0.01240,-0.01976,-0.01236,-0.01658,-0.03165,-0.01654,-0.05394,-0.08439,-0.05390,-0.06630,-0.06594,-0.06626,-0.12023,-0.07607,-0.12019,-0.34506,-0.07635,-0.34503,500.00000,12048.70575,0.04150,0.01940,0.01522,-0.02214,-0.03450,-0.08843,-0.31327,0.29881
2019,001720,신영증권,KOSPI,321,5.06000,0.00173,-0.01297,0.00000,2750.00000,0.00000,-0.00736,0.00173,-0.00554,-0.02061,-0.00382,-0.01110,-0.04155,-0.00939,-0.03334,-0.03298,-0.03166,-0.07741,-0.03325,-0.07580,-0.16477,0.10394,-0.16332,2750.00000,54442.11351,0.05051,0.04112,0.03557,0.03000,0.00772,-0.03642,-0.12394,
2019,002870,신풍,KOSPI,1781,5.33000,0.03681,0.02210,-0.03860,60.00000,-0.03860,-0.04596,-0.00321,-0.05781,-0.07288,-0.02313,-0.05469,-0.08514,-0.01989,-0.08353,-0.08318,-0.04979,-0.17675,-0.13259,-0.14644,-0.39342,-0.12471,-0.37109,80.00000,1556.19170,0.03856,0.02606,0.00614,0.00938,-0.02053,-0.11717,-0.34182,1.00115
2019,055550,신한지주,KOSPI,10,3.67000,0.05052,0.03581,-0.03610,1850.00000,-0.03610,-0.04346,0.01260,-0.06565,-0.08072,-0.01845,-0.08518,-0.11563,-0.03896,-0.12789,-0.12754,-0.08383,-0.26783,-0.22368,-0.23084,-0.40231,-0.13360,-0.37211,1600.00000,45799.37215,0.04039,0.04342,0.01238,-0.00814,-0.05301,-0.20002,-0.34129,0.89371
2019,003410,쌍용C&E,KOSPI,87,6.78000,0.08241,0.06770,-0.04060,420.00000,-0.04060,-0.04796,0.03847,-0.09312,-0.10819,-0.01839,-0.13707,-0.16752,-0.06596,-0.14720,-0.14684,-0.07691,-0.14897,-0.10481,-0.07883,-0.21513,0.05358,-0.15044,370.00000,5906.97735,0.07110,0.09527,0.03842,-0.00915,-0.02011,-0.02203,-0.09364,0.57101
2019,049960,쎌바이오텍,KOSDAQ,788,3.36000,0.06168,0.04698,0.00260,600.00000,0.00260,-0.00476,0.06445,-0.03436,-0.04943,0.02520,-0.02375,-0.05420,0.03647,-0.09220,-0.09184,-0.03620,-0.15843,-0.11428,-0.10652,-0.33763,-0.06893,-0.29677,600.00000,18958.65954,0.03165,0.08787,0.04863,0.05989,-0.01277,-0.08309,-0.27335,-0.08215
2019,225330,씨엠에스에듀,KOSDAQ,1234,5.11000,0.04907,0.03436,-0.00370,425.00000,-0.00370,-0.01106,0.04519,-0.00560,-0.02067,0.04319,-0.00941,-0.03986,0.03920,-0.03944,-0.03909,0.00769,-0.06570,-0.02155,-0.01986,-0.28202,-0.01331,-0.24679,260.00000,5337.73936,0.07962,0.10920,0.10720,0.10321,0.07170,0.04415,-0.18278,0.04647
2019,083930,아바코,KOSDAQ,1295,3.62000,0.12656,0.11185,-0.00480,300.00000,-0.00480,-0.01216,0.12115,-0.04972,-0.06479,0.07054,-0.03520,-0.06565,0.08690,-0.06566,-0.06531,0.05259,-0.01132,0.03284,0.11381,-0.26739,0.00132,-0.17467,200.00000,6224.06493,0.04820,0.15858,0.10797,0.12433,0.09001,0.15123,-0.13724,0.09959
2019,036010,아비코전자,KOSDAQ,1560,3.00000,0.03200,0.01729,0.00970,70.00000,0.00970,0.00234,0.04201,0.05627,0.04120,0.09007,0.06983,0.03938,0.10406,0.02149,0.02185,0.05418,0.17472,0.21887,0.21230,-0.29828,-0.02957,-0.27583,150.00000,5159.99094,0.01357,0.05014,0.09819,0.11219,0.06230,0.22043,-0.26770,-0.71503
2019,127710,아시아경제,KOSDAQ,1815,4.08000,-0.00495,-0.01966,-0.00510,0.00000,-0.00510,-0.01246,-0.01002,-0.01025,-0.02532,-0.01515,0.01022,-0.02023,0.00522,-0.02564,-0.02528,-0.03046,-0.06908,-0.02492,-0.07368,-0.48199,-0.21328,-0.48455,80.00000,1951.07991,0.00000,-0.01337,-0.01850,0.00187,-0.03381,-0.07703,-0.48790,
2019,122900,아이마켓코리아,KOSPI,419,4.50000,0.09987,0.08516,-0.05000,600.00000,-0.05000,-0.05736,0.04488,-0.09184,-0.10691,-0.00114,-0.08634,-0.11679,0.00491,-0.15462,-0.15426,-0.07019,-0.16086,-0.11671,-0.07705,-0.19556,0.07315,-0.11522,450.00000,10998.71344,0.05455,0.08768,0.04166,0.04771,-0.02739,-0.03425,-0.07242,0.91656
2019,010780,아이에스동서,KOSPI,183,3.59000,-0.04946,-0.06417,0.02520,700.00000,0.02520,0.01784,-0.02551,-0.01579,-0.03086,-0.06447,-0.05522,-0.08567,-0.10195,-0.09288,-0.09253,-0.13775,-0.11509,-0.07094,-0.15886,-0.30393,-0.03522,-0.33836,1200.00000,31772.84667,0.02203,-0.01022,-0.04918,-0.08666,-0.12246,-0.14357,-0.32307,-1.14382
2019,033660,우리금융캐피탈,KOSPI,263,4.17000,0.11295,0.09824,-0.03520,650.00000,-0.03520,-0.04256,0.07377,-0.06645,-0.08152,0.03899,-0.08596,-0.11641,0.01728,-0.02740,-0.02705,0.08245,-0.06242,-0.01827,0.04348,-0.12108,0.14762,-0.02181,480.00000,12810.90010,0.05074,0.11335,0.07856,0.05686,0.12202,0.08305,0.01776,0.69376
2019,161000,애경케미칼,KOSPI,572,4.47000,0.06009,0.04538,-0.02410,350.00000,-0.02410,-0.03146,0.03454,0.00236,-0.01271,0.06259,0.01317,-0.01728,0.07405,-0.01811,-0.01776,0.04089,-0.13611,-0.09196,-0.08420,-0.37340,-0.10469,-0.33575,350.00000,8300.47104,0.04217,0.06686,0.09491,0.10637,0.07321,-0.05188,-0.30343,0.57155
2019,290740,액트로,KOSDAQ,993,3.17000,0.13081,0.11610,0.01050,200.00000,0.01050,0.00314,0.14269,-0.02451,-0.03958,0.10310,-0.02467,-0.05512,0.10291,-0.12287,-0.12252,-0.00813,-0.18273,-0.13858,-0.07582,-0.42348,-0.15477,-0.34806,400.00000,14268.91928,0.01402,0.15119,0.11161,0.11142,0.00037,-0.06732,-0.33955,-0.74912
2019,031330,에스에이엠티,KOSDAQ,620,5.73000,0.03949,0.02478,-0.06140,140.00000,-0.06140,-0.06876,-0.02433,-0.10365,-0.11872,-0.06825,-0.10579,-0.13624,-0.07047,0.09756,0.09792,0.14091,-0.04237,0.00178,-0.00455,-0.27328,-0.00458,-0.24458,130.00000,2358.36471,0.05936,0.02254,-0.02138,-0.02360,0.18778,0.04232,-0.19771,1.03431
2019,056190,SFA,KOSDAQ,135,3.00000,0.10435,0.08964,-0.00740,1056.00000,-0.00740,-0.01476,0.09618,-0.07963,-0.09470,0.01642,-0.08598,-0.11643,0.00940,-0.12316,-0.12281,-0.03166,-0.18706,-0.14291,-0.10223,-0.35890,-0.09019,-0.29200,1278.00000,47045.45328,0.02245,0.11182,0.03206,0.02504,-0.01602,-0.08659,-0.27636,0.32967
2019,069510,에스텍,KOSDAQ,981,4.27000,0.03421,0.01950,-0.04130,600.00000,-0.04130,-0.04866,-0.00850,-0.04962,-0.06469,-0.01711,-0.09095,-0.12140,-0.05985,-0.09495,-0.09460,-0.06399,-0.14865,-0.10450,-0.11953,-0.37253,-0.10382,-0.35106,500.00000,12110.22735,0.04954,0.03007,0.02146,-0.02129,-0.02542,-0.08096,-0.31250,0.83359
2019,089970,브이엠,KOSDAQ,876,3.21000,0.18143,0.16672,0.02720,0.00000,0.02720,0.01984,0.21356,0.05036,0.03529,0.24092,0.19709,0.16664,0.41428,0.20264,0.20299,0.42083,0.13465,0.17880,0.34050,-0.13023,0.13848,0.02757,200.00000,7360.90589,0.00000,0.21021,0.23757,0.41093,0.41748,0.33715,0.02422,
2019,079440,오렌지라이프,KOSPI,96,9.11000,0.05086,0.03615,-0.04500,,-0.04500,-0.05236,0.00357,-0.07007,-0.08514,-0.02278,-0.08012,-0.11057,-0.03334,-0.08357,-0.08321,-0.03696,-0.08357,-0.03941,-0.03696,-0.08357,0.18514,-0.03696,2600.00000,29991.50167,,,,,,,,
2019,001800,오리온홀딩스,KOSPI,178,3.74000,0.01717,0.00246,-0.01690,650.00000,-0.01690,-0.02426,-0.00002,-0.01971,-0.03478,-0.00288,-0.02810,-0.05855,-0.01142,-0.11291,-0.11256,-0.09768,-0.16935,-0.12520,-0.15509,-0.32475,-0.05604,-0.31316,650.00000,17678.03987,0.03677,0.02773,0.02488,0.01634,-0.06993,-0.12734,-0.28540,0.45963
2019,010470,오리콤,KOSDAQ,1691,4.40000,0.02200,0.00729,-0.02540,220.00000,-0.02540,-0.03276,-0.00395,-0.02641,-0.04148,-0.00498,-0.01164,-0.04209,0.01011,-0.06147,-0.06111,-0.04081,-0.12905,-0.08489,-0.10989,-0.44607,-0.17736,-0.43388,220.00000,5110.02008,0.04305,0.02912,0.02809,0.04318,-0.00774,-0.07681,-0.40081,0.58998
2019,241790,티이엠씨씨엔에스,KOSDAQ,1267,4.29000,0.11583,0.10112,-0.00960,270.00000,-0.00960,-0.01696,0.10512,-0.02878,-0.04385,0.08371,0.10586,0.07541,0.23395,0.11545,0.11580,0.24465,-0.00493,0.03923,0.11033,-0.22797,0.04073,-0.13855,400.00000,10403.98943,0.02595,0.12372,0.10232,0.25255,0.26326,0.12893,-0.11994,0.36992
2019,155650,와이엠씨,KOSDAQ,1270,4.38000,0.38471,0.37000,0.04910,0.00000,0.04910,0.04174,0.45270,0.06340,0.04833,0.47250,0.13620,0.10575,0.57331,0.28492,0.28527,0.77924,0.57441,0.61856,1.18009,-0.00479,0.26391,0.37807,200.00000,6322.86890,0.00000,0.44935,0.46915,0.56996,0.77589,1.17674,0.37472,
2019,010400,우진아이엔에스,KOSPI,1631,4.99000,0.05363,0.03892,0.00000,250.00000,0.00000,-0.00736,0.05363,-0.02016,-0.03523,0.03239,0.00012,-0.03033,0.05376,0.07130,0.07165,0.12875,-0.02462,0.01953,0.02768,-0.35836,-0.08965,-0.32395,400.00000,8445.89559,0.02960,0.07532,0.05408,0.07545,0.15044,0.04937,-0.30226,
2019,021240,코웨이,KOSPI,42,4.02000,0.02790,0.01319,-0.00220,2400.00000,-0.00220,-0.00956,0.02564,-0.00327,-0.01834,0.02453,0.00754,-0.02291,0.03565,-0.03700,-0.03664,-0.01013,-0.23566,-0.19150,-0.21433,-0.38101,-0.11231,-0.36374,3600.00000,92050.72501,0.02607,0.04435,0.04324,0.05436,0.00858,-0.19562,-0.34504,0.08438
2019,008370,원풍,KOSDAQ,1873,3.90000,0.04158,0.02687,-0.02620,150.00000,-0.02620,-0.03356,0.01429,-0.02514,-0.04021,0.01539,-0.04147,-0.07192,-0.00161,-0.01255,-0.01220,0.02850,-0.04134,0.00281,-0.00148,-0.15117,0.11753,-0.11588,150.00000,4006.06610,0.03744,0.04261,0.04372,0.02671,0.05683,0.02684,-0.08755,0.69973
2019,086390,유니테스트,KOSDAQ,553,3.23000,0.18132,0.16661,-0.00680,250.00000,-0.00680,-0.01416,0.17328,-0.04776,-0.06283,0.12490,0.04780,0.01735,0.23778,0.13331,0.13366,0.33879,0.00020,0.04436,0.18156,-0.26952,-0.00081,-0.13707,400.00000,14629.30719,0.01709,0.18439,0.13600,0.24889,0.34990,0.19267,-0.12596,0.39792
2019,002920,유성기업,KOSPI,1532,3.77000,0.03973,0.02502,-0.02000,200.00000,-0.02000,-0.02736,0.01893,-0.04172,-0.05679,-0.00365,-0.04906,-0.07951,-0.01128,-0.08345,-0.08310,-0.04704,-0.11981,-0.07566,-0.08485,-0.24128,0.02742,-0.21114,100.00000,2757.90268,0.07252,0.07694,0.05435,0.04672,0.01096,-0.02684,-0.15314,0.27579
2019,049520,유아이엘,KOSDAQ,1084,7.68000,0.04786,0.03315,-0.04210,400.00000,-0.04210,-0.04946,0.00375,-0.07314,-0.08821,-0.02878,-0.08595,-0.11640,-0.04220,-0.13175,-0.13139,-0.09019,-0.13889,-0.09473,-0.09767,-0.33314,-0.06443,-0.30122,400.00000,5457.62717,0.07329,0.06240,0.02988,0.01645,-0.03153,-0.03901,-0.24256,0.57442
2019,023410,유진기업,KOSDAQ,410,3.13000,0.05834,0.04363,-0.01570,150.00000,-0.01570,-0.02306,0.04172,-0.08073,-0.09580,-0.02710,-0.07774,-0.10819,-0.02394,-0.14355,-0.14320,-0.09359,-0.24211,-0.19796,-0.19790,-0.36226,-0.09356,-0.32506,150.00000,5071.92047,0.02957,0.06339,-0.00543,-0.00227,-0.07192,-0.17623,-0.30339,0.53086
2019,008730,율촌화학,KOSPI,445,3.66000,0.05853,0.04382,-0.02080,500.00000,-0.02080,-0.02816,0.03651,-0.03451,-0.04958,0.02200,-0.06910,-0.09955,-0.01462,-0.12102,-0.12067,-0.06957,-0.12105,-0.07689,-0.06960,-0.16254,0.10617,-0.11352,500.00000,14460.78991,0.03458,0.06241,0.04790,0.01128,-0.04367,-0.04370,-0.08762,0.60157
2019,041520,이엘씨,KOSDAQ,1623,7.87000,0.11437,0.09966,-0.07420,100.00000,-0.07420,-0.08156,0.03169,-0.09528,-0.11035,0.00820,-0.11114,-0.14159,-0.00947,-0.13409,-0.13374,-0.03505,-0.24273,-0.19857,-0.15612,-0.53612,-0.26742,-0.48307,400.00000,5663.90317,0.01766,0.04327,0.01978,0.00211,-0.02347,-0.14453,-0.47148,4.20262
2019,078020,LS증권,KOSDAQ,455,8.18000,0.07917,0.06446,-0.09840,345.00000,-0.09840,-0.10576,-0.02702,-0.17503,-0.19010,-0.10972,-0.17032,-0.20077,-0.10463,-0.19371,-0.19336,-0.12988,-0.22491,-0.18076,-0.16355,-0.42414,-0.15544,-0.37855,485.00000,6398.50938,0.05392,0.01525,-0.06745,-0.06237,-0.08761,-0.12128,-0.33629,1.82497
2019,005950,이수화학,KOSPI,823,3.85000,0.04318,0.02847,-0.02300,400.00000,-0.02300,-0.03036,0.01919,-0.08199,-0.09706,-0.04235,-0.09483,-0.12528,-0.05574,-0.13529,-0.13493,-0.09795,-0.19425,-0.15009,-0.15945,-0.46060,-0.19190,-0.43731,400.00000,10838.25162,0.03691,0.04706,-0.01448,-0.02787,-0.07008,-0.13158,-0.40944,0.62320
2019,102460,이연제약,KOSPI,574,3.38000,0.06069,0.04598,-0.00640,350.00000,-0.00640,-0.01376,0.05390,-0.00954,-0.02461,0.05057,-0.04464,-0.07509,0.01333,-0.08922,-0.08887,-0.03395,-0.17219,-0.12804,-0.12196,-0.43510,-0.16639,-0.40082,500.00000,15690.61841,0.02231,0.06942,0.06609,0.02886,-0.01843,-0.10644,-0.38530,0.28691
2019,037330,인지디스플레,KOSDAQ,1245,3.53000,-0.00459,-0.01930,-0.00950,75.00000,-0.00950,-0.01686,-0.01405,0.02129,0.00622,0.01660,0.02598,-0.00447,0.02127,-0.02852,-0.02817,-0.03298,-0.07837,-0.03422,-0.08261,-0.41393,-0.14522,-0.41662,75.00000,2114.89313,0.03546,0.01260,0.04326,0.04792,-0.00633,-0.05595,-0.38997,0.26789
2019,017250,인터엠,KOSDAQ,1750,4.71000,-0.04692,-0.06163,-0.00210,100.00000,-0.00210,-0.00946,-0.04892,-0.01640,-0.03147,-0.06255,-0.00810,-0.03855,-0.05464,-0.00809,-0.00773,-0.05462,0.12157,0.16573,0.06895,-0.32516,-0.05645,-0.35682,120.00000,2428.23911,0.04118,-0.01743,-0.03106,-0.02315,-0.02313,0.10044,-0.32533,0.05099
2019,094820,일진파워,KOSDAQ,1334,5.90000,0.01597,0.00126,-0.03170,300.00000,-0.03170,-0.03906,-0.01624,-0.07041,-0.08549,-0.05557,-0.08615,-0.11660,-0.07156,-0.14234,-0.14198,-0.12864,-0.18569,-0.14154,-0.17269,-0.32043,-0.05173,-0.30958,330.00000,5682.51724,0.05279,0.02507,-0.01426,-0.03025,-0.08733,-0.13138,-0.26827,0.60045
2019,040420,정상제이엘에스,KOSDAQ,1012,5.48000,0.00637,-0.00834,-0.03930,430.00000,-0.03930,-0.04666,-0.03318,-0.05321,-0.06828,-0.04717,-0.06090,-0.09135,-0.05492,-0.05439,-0.05403,-0.04836,-0.09608,-0.05192,-0.09032,-0.25336,0.01535,-0.24860,430.00000,7896.70078,0.05445,0.00954,-0.00446,-0.01220,-0.00565,-0.04760,-0.20589,0.72172
2019,194370,제이에스코퍼레이션,KOSPI,826,3.80000,0.05504,0.04033,-0.00400,500.00000,-0.00400,-0.01136,0.05082,0.03586,0.02079,0.09288,0.00789,-0.02256,0.06336,-0.12406,-0.12371,-0.07585,-0.16000,-0.11584,-0.11376,-0.50410,-0.23540,-0.47681,450.00000,12493.90026,0.04002,0.08133,0.12338,0.09387,-0.04534,-0.08326,-0.44630,0.09995
2019,030000,제일기획,KOSPI,88,3.26000,0.05061,0.03590,-0.02210,820.00000,-0.02210,-0.02946,0.02739,-0.11271,-0.12778,-0.06780,-0.04830,-0.07875,-0.00013,-0.13472,-0.13437,-0.09093,-0.21121,-0.16705,-0.17129,-0.40440,-0.13569,-0.37426,770.00000,24815.00494,0.03304,0.05200,-0.04320,0.02447,-0.06632,-0.14668,-0.34965,0.66879
2019,001560,제일연마,KOSPI,1578,3.07000,0.24505,0.23034,-0.01110,220.00000,-0.01110,-0.01846,0.23123,-0.06146,-0.07653,0.16853,-0.09102,-0.12147,0.13173,-0.16378,-0.16342,0.04114,-0.23523,-0.19108,-0.04783,-0.40275,-0.13405,-0.25640,200.00000,8111.06753,0.02712,0.25083,0.18813,0.15132,0.06073,-0.02823,-0.23680,0.40924
2019,000480,CR홀딩스,KOSPI,432,4.59000,0.05173,0.03702,-0.03710,4000.00000,-0.03710,-0.04446,0.01271,-0.06987,-0.08494,-0.02175,-0.09501,-0.12546,-0.04820,-0.12227,-0.12191,-0.07686,-0.14746,-0.10330,-0.10336,-0.24370,0.02501,-0.20458,4000.00000,91654.04118,0.04364,0.04628,0.01182,-0.01463,-0.04329,-0.06978,-0.17101,0.85009
2019,035000,HS애드,KOSPI,1076,3.62000,-0.04208,-0.05679,-0.01660,300.00000,-0.01660,-0.02396,-0.05798,-0.00147,-0.01654,-0.04348,-0.07554,-0.10599,-0.11444,-0.13307,-0.13271,-0.16955,-0.15880,-0.11465,-0.19420,-0.39250,-0.12379,-0.41806,250.00000,6615.48132,0.04535,-0.02297,-0.00847,-0.07942,-0.13453,-0.15918,-0.38305,0.36606
2019,100250,진양홀딩스,KOSPI,868,5.73000,0.03045,0.01574,-0.02590,170.00000,-0.02590,-0.03326,0.00376,-0.03889,-0.05396,-0.00963,-0.02955,-0.06000,-0.00000,-0.07766,-0.07731,-0.04958,-0.10342,-0.05926,-0.07612,-0.25719,0.01152,-0.23457,150.00000,2697.50366,0.06302,0.05372,0.04033,0.04996,0.00038,-0.02616,-0.18461,0.41097
2019,004650,창해에탄올,KOSDAQ,1061,4.72000,0.03150,0.01679,-0.04960,600.00000,-0.04960,-0.05696,-0.01967,-0.07631,-0.09138,-0.04721,-0.08008,-0.11053,-0.05111,0.03444,0.03479,0.06702,0.05318,0.09734,0.08635,-0.08431,0.18440,-0.05546,600.00000,13112.25302,0.04576,0.01570,-0.01185,-0.01574,0.10238,0.12172,-0.02010,1.08395
2019,096240,크레버스,KOSDAQ,856,4.10000,-0.03061,-0.04532,0.01320,1000.00000,0.01320,0.00584,-0.01781,-0.02648,-0.04155,-0.05628,-0.05827,-0.08872,-0.08709,-0.04772,-0.04736,-0.07687,-0.16422,-0.12007,-0.18981,-0.33595,-0.06724,-0.35627,800.00000,18914.91756,0.05287,0.02356,-0.01491,-0.04572,-0.03549,-0.14843,-0.31490,-0.24968
2019,115500,케이씨에스,KOSDAQ,1745,4.44000,0.01661,0.00190,-0.01200,220.00000,-0.01200,-0.01936,0.00441,-0.02284,-0.03791,-0.00661,-0.05130,-0.08175,-0.03554,-0.10606,-0.10571,-0.09121,-0.17061,-0.12646,-0.15683,-0.39465,-0.12594,-0.38459,200.00000,4579.34129,0.04804,0.04171,0.03068,0.00175,-0.05392,-0.11954,-0.34730,0.24978
2019,089150,케이씨티,KOSDAQ,1961,5.08000,0.04472,0.03001,-0.02840,60.00000,-0.02840,-0.03576,0.01505,-0.06296,-0.07803,-0.02106,-0.06503,-0.09548,-0.02322,-0.06908,-0.06872,-0.02745,-0.14427,-0.10011,-0.10600,-0.47478,-0.20607,-0.45129,120.00000,2467.83724,0.02431,0.03227,-0.00384,-0.00600,-0.01023,-0.08878,-0.43407,1.16811
2019,024880,케이피에프,KOSDAQ,1369,3.42000,0.02249,0.00778,-0.02090,160.00000,-0.02090,-0.02826,0.00112,-0.04388,-0.05895,-0.02238,-0.04915,-0.07960,-0.02777,-0.10961,-0.10926,-0.08959,-0.18893,-0.14478,-0.17069,-0.44983,-0.18113,-0.43746,160.00000,4783.57853,0.03345,0.02607,0.00257,-0.00282,-0.06464,-0.14574,-0.41251,0.62485
2019,152330,코리아오토글라스,KOSPI,464,5.02000,0.06289,0.04818,-0.05010,900.00000,-0.05010,-0.05746,0.00964,-0.08262,-0.09769,-0.02493,-0.10633,-0.13678,-0.05013,-0.11221,-0.11186,-0.05638,-0.18598,-0.14182,-0.13479,-0.29801,-0.02930,-0.25386,800.00000,16938.43726,0.05313,0.05124,0.01667,-0.00852,-0.01478,-0.09318,-0.21226,0.94291
2019,003690,코리안리,KOSPI,188,3.25000,0.11125,0.09654,-0.02130,500.00000,-0.02130,-0.02866,0.08758,-0.05214,-0.06721,0.05331,-0.00960,-0.04005,0.10059,-0.06596,-0.06561,0.03795,-0.12673,-0.08258,-0.02958,-0.30993,-0.04122,-0.23315,275.00000,9402.90238,0.05318,0.12922,0.09495,0.14222,0.07959,0.01205,-0.19152,0.40056
2019,029960,코엔텍,KOSDAQ,328,4.01000,0.02221,0.00750,-0.02750,540.00000,-0.02750,-0.03486,-0.00590,-0.05396,-0.06903,-0.03295,-0.07253,-0.10298,-0.05194,-0.15689,-0.15654,-0.13816,-0.14233,-0.09818,-0.12328,-0.25025,0.01846,-0.23360,400.00000,10196.61442,0.05296,0.03555,0.00850,-0.01048,-0.09671,-0.08183,-0.19214,0.51927
2019,015710,코콤,KOSDAQ,1092,3.04000,0.01563,0.00092,0.00000,160.00000,0.00000,-0.00736,0.01563,-0.01225,-0.02732,0.00319,-0.00452,-0.03497,0.01104,-0.05671,-0.05636,-0.04197,-0.09807,-0.05391,-0.08397,-0.44674,-0.17803,-0.43809,195.00000,6514.73362,0.02456,0.03306,0.02061,0.02847,-0.02454,-0.06654,-0.42066,
2019,052330,코텍,KOSDAQ,693,3.16000,0.02376,0.00905,-0.01540,400.00000,-0.01540,-0.02276,0.00799,-0.01927,-0.03434,0.00403,0.00396,-0.02649,0.02781,-0.05005,-0.04970,-0.02748,-0.19284,-0.14868,-0.17366,-0.36219,-0.09349,-0.34704,400.00000,12958.94246,0.03087,0.03075,0.02679,0.05058,-0.00472,-0.15090,-0.32428,0.49892
2019,015890,태경산업,KOSPI,808,3.96000,0.06116,0.04645,-0.03400,370.00000,-0.03400,-0.04136,0.02508,-0.02384,-0.03891,0.03586,-0.04086,-0.07131,0.01780,-0.06962,-0.06927,-0.01272,-0.11359,-0.06943,-0.05937,-0.35977,-0.09106,-0.32061,220.00000,5895.34338,0.06276,0.07483,0.08561,0.06755,0.03703,-0.00963,-0.27086,0.54173
2019,006890,태경케미컬,KOSPI,1697,3.05000,0.08974,0.07503,-0.00930,150.00000,-0.00930,-0.01666,0.07960,-0.02236,-0.03743,0.06537,-0.00191,-0.03236,0.08765,-0.06725,-0.06690,0.01645,-0.04104,0.00311,0.04501,-0.16170,0.10700,-0.08648,150.00000,5359.37133,0.02799,0.09993,0.08570,0.10798,0.03678,0.06534,-0.06615,0.33228
2019,011280,태림포장,KOSPI,495,5.49000,0.01049,-0.00422,0.01520,290.00000,0.01520,0.00784,0.02585,-0.00818,-0.02325,0.00223,-0.03617,-0.06662,-0.02606,-0.17590,-0.17555,-0.16725,-0.00112,0.04303,0.00936,-0.40448,-0.13577,-0.39823,233.00000,4288.61650,0.06762,0.07971,0.05608,0.02780,-0.11340,0.06322,-0.34437,-0.22478
2019,078000,텔코웨어,KOSPI,899,4.48000,-0.03795,-0.05266,-0.04300,550.00000,-0.04300,-0.05036,-0.07932,-0.06448,-0.07955,-0.09998,-0.04653,-0.07698,-0.08272,-0.10389,-0.10353,-0.13790,-0.18633,-0.14218,-0.21721,-0.16126,0.10745,-0.19309,650.00000,13958.25852,0.03940,-0.04934,-0.07000,-0.05273,-0.10792,-0.18723,-0.16310,1.09128
2019,016800,퍼시스,KOSPI,441,3.38000,0.01178,-0.00293,-0.01840,1000.00000,-0.01840,-0.02576,-0.00683,-0.02674,-0.04181,-0.01528,-0.03519,-0.06564,-0.02383,-0.06018,-0.05983,-0.04911,-0.04366,0.00049,-0.03239,-0.13237,0.13633,-0.12215,1000.00000,29934.40522,0.03341,0.01808,0.00964,0.00109,-0.02420,-0.00748,-0.09724,0.55079
2019,047050,포스코인터내셔널,KOSPI,99,3.29000,0.05742,0.04271,-0.02330,700.00000,-0.02330,-0.03066,0.03278,-0.03362,-0.04869,0.02187,-0.06995,-0.10040,-0.01655,-0.11664,-0.11629,-0.06592,-0.18912,-0.14496,-0.14255,-0.45333,-0.18463,-0.42194,600.00000,19284.30094,0.03630,0.06014,0.04923,0.01081,-0.03856,-0.11519,-0.39458,0.64189
2019,005810,풍산홀딩스,KOSPI,548,5.03000,0.01623,0.00152,-0.01020,1400.00000,-0.01020,-0.01756,0.00587,-0.02914,-0.04421,-0.01338,-0.01891,-0.04936,-0.00298,-0.06708,-0.06672,-0.05194,-0.12110,-0.07695,-0.10684,-0.34359,-0.07488,-0.33293,1700.00000,34345.77190,0.04076,0.03700,0.01775,0.02815,-0.02080,-0.07570,-0.30180,0.25023
2019,031980,피에스케이홀딩스,KOSDAQ,1906,5.04000,0.11352,0.09881,-0.00790,150.00000,-0.00790,-0.01526,0.10472,-0.07471,-0.08978,0.03033,0.04755,0.01710,0.16647,-0.03960,-0.03924,0.06943,-0.15065,-0.10650,-0.05424,-0.34773,-0.07903,-0.27369,400.00000,8837.46248,0.01697,0.11573,0.04134,0.17748,0.08043,-0.04323,-0.26268,0.46544
2019,128660,피제이메탈,KOSDAQ,1629,4.03000,0.10677,0.09206,-0.00910,100.00000,-0.00910,-0.01646,0.09670,-0.05106,-0.06613,0.05026,-0.10015,-0.13060,-0.00407,-0.15838,-0.15803,-0.06852,-0.19469,-0.15054,-0.10871,-0.34055,-0.07184,-0.27014,100.00000,2746.33118,0.03641,0.12415,0.07772,0.02339,-0.04107,-0.08125,-0.24268,0.24992
2019,086790,하나금융지주,KOSPI,30,5.31000,0.08115,0.06644,-0.02980,2100.00000,-0.02980,-0.03716,0.04893,-0.08017,-0.09524,-0.00553,-0.08667,-0.11712,-0.01256,-0.13456,-0.13421,-0.06434,-0.17737,-0.13322,-0.11062,-0.43346,-0.16475,-0.38748,1900.00000,38685.08086,0.05428,0.09150,0.03705,0.03002,-0.02176,-0.06804,-0.34491,0.54896
2019,036460,한국가스공사,KOSPI,71,3.64000,0.03870,0.02399,-0.02450,380.00000,-0.02450,-0.03186,0.01326,-0.05789,-0.07296,-0.02142,-0.09001,-0.12046,-0.05479,-0.15190,-0.15155,-0.11908,-0.25494,-0.21078,-0.22610,-0.47114,-0.20244,-0.45068,1360.00000,38808.69577,0.00979,0.01819,-0.01649,-0.04986,-0.11415,-0.22117,-0.44574,2.50214
2019,034950,한국기업평가,KOSDAQ,539,3.95000,0.02011,0.00540,-0.03280,8618.00000,-0.03280,-0.04016,-0.01335,-0.04922,-0.06429,-0.03011,-0.03450,-0.06495,-0.01509,-0.04930,-0.04895,-0.03018,-0.04592,-0.00177,-0.02674,-0.04254,0.22617,-0.02329,2360.00000,60948.26314,0.14140,0.10292,0.08617,0.10119,0.08609,0.08953,0.09299,0.23197
2019,002960,한국쉘석유,KOSPI,369,5.75000,0.03653,0.02182,-0.04670,16000.00000,-0.04670,-0.05406,-0.01188,-0.06420,-0.07927,-0.03002,-0.09770,-0.12815,-0.06475,-0.11949,-0.11914,-0.08733,-0.24212,-0.19796,-0.21443,-0.30918,-0.04048,-0.28395,19000.00000,342504.27044,0.04671,0.02429,0.00615,-0.02858,-0.05116,-0.17826,-0.24778,0.99968
2019,123890,한국자산신탁,KOSPI,390,5.64000,0.12975,0.11504,-0.07130,200.00000,-0.07130,-0.07866,0.04920,-0.12481,-0.13988,-0.01125,-0.15770,-0.18815,-0.04841,-0.19056,-0.19021,-0.08554,-0.28521,-0.24105,-0.19247,-0.50615,-0.23745,-0.44208,200.00000,4006.19544,0.04992,0.08808,0.02763,-0.00952,-0.04665,-0.15358,-0.40319,1.42821
2019,104700,한국철강,KOSPI,631,4.11000,0.00702,-0.00769,-0.02650,200.00000,-0.02650,-0.03386,-0.01967,-0.07042,-0.08549,-0.06389,-0.07450,-0.10495,-0.06801,-0.10000,-0.09965,-0.09368,-0.18448,-0.14032,-0.17875,-0.36010,-0.09139,-0.35560,200.00000,4900.33954,0.04081,0.01151,-0.03272,-0.03683,-0.06251,-0.14758,-0.32442,0.64930
2019,023760,한국캐피탈,KOSDAQ,798,3.82000,0.05151,0.03680,-0.01820,25.00000,-0.01820,-0.02556,0.03238,-0.03807,-0.05314,0.01148,-0.03254,-0.06299,0.01729,-0.07251,-0.07215,-0.02473,-0.09068,-0.04652,-0.04384,-0.25977,0.00893,-0.22164,20.00000,550.53032,0.04541,0.06744,0.04655,0.05236,0.01034,-0.00877,-0.18658,0.40079
2019,054040,한국컴퓨터,KOSDAQ,1855,3.38000,0.04710,0.03239,-0.01770,130.00000,-0.01770,-0.02506,0.02857,-0.01934,-0.03441,0.02685,-0.02268,-0.05313,0.02335,-0.10498,-0.10463,-0.06283,-0.10491,-0.06076,-0.06275,-0.36301,-0.09431,-0.33301,100.00000,3097.93032,0.04196,0.06072,0.05900,0.05550,-0.03068,-0.03060,-0.30086,0.42180
2019,034830,한국토지신탁,KOSPI,302,5.10000,0.02078,0.00607,-0.03410,110.00000,-0.03410,-0.04146,-0.01403,-0.07050,-0.08557,-0.05119,-0.07046,-0.10091,-0.05115,-0.08191,-0.08156,-0.06283,-0.10692,-0.06276,-0.08836,-0.27286,-0.00415,-0.25775,110.00000,2201.68074,0.04996,0.02489,-0.01227,-0.01223,-0.02392,-0.04944,-0.21883,0.68252
2019,052600,한네트,KOSDAQ,2020,3.21000,0.00328,-0.01143,-0.01440,100.00000,-0.01440,-0.02176,-0.01117,-0.02072,-0.03579,-0.01751,-0.00959,-0.04004,-0.00634,0.02885,0.02920,0.03222,-0.05261,-0.00845,-0.04950,-0.33272,-0.06401,-0.33053,100.00000,3125.47258,0.03200,0.01255,0.00621,0.01738,0.05594,-0.02578,-0.30681,0.45007
2019,060980,HL홀딩스,KOSPI,330,4.27000,0.00214,-0.01257,-0.03620,2000.00000,-0.03620,-0.04356,-0.03414,-0.00945,-0.02452,-0.00733,-0.03816,-0.06861,-0.03611,-0.10431,-0.10395,-0.10239,-0.22466,-0.18050,-0.22300,-0.41747,-0.14876,-0.41622,2000.00000,46938.49346,0.04261,-0.00144,0.02537,-0.00341,-0.06970,-0.19030,-0.38352,0.84959
2019,042700,한미반도체,KOSPI,425,4.01000,0.29146,0.27675,0.01490,100.00000,0.01490,0.00754,0.31070,-0.02600,-0.04107,0.25788,0.07689,0.04644,0.39076,0.13150,0.13186,0.46128,0.12998,0.17414,0.45932,-0.14435,0.12435,0.10503,250.00000,8051.46797,0.01242,0.31786,0.26503,0.39791,0.46844,0.46648,0.11218,-1.19967
2019,069640,한세엠케이,KOSPI,1732,4.72000,0.06014,0.04543,0.00110,0.00000,0.00110,-0.00626,0.06131,-0.00225,-0.01732,0.05776,-0.02442,-0.05487,0.03426,-0.12223,-0.12188,-0.06944,-0.23453,-0.19038,-0.18850,-0.50150,-0.23279,-0.47152,200.00000,4492.12565,0.00000,0.05796,0.05441,0.03091,-0.07279,-0.19185,-0.47487,
2019,213500,한솔제지,KOSPI,438,4.14000,0.01729,0.00258,-0.01690,600.00000,-0.01690,-0.02426,0.00010,-0.05414,-0.06921,-0.03778,-0.04742,-0.07787,-0.03095,-0.03030,-0.02994,-0.01353,-0.07443,-0.03027,-0.05842,-0.37197,-0.10326,-0.36111,600.00000,14743.35904,0.04070,0.03118,-0.00670,0.00013,0.01755,-0.02734,-0.33003,0.41527
2019,045100,한양이엔지,KOSDAQ,708,3.74000,0.13548,0.12077,0.00410,450.00000,0.00410,-0.00326,0.14014,-0.04945,-0.06452,0.07933,-0.02058,-0.05103,0.11211,-0.01229,-0.01193,0.12153,-0.18429,-0.14013,-0.07378,-0.32514,-0.05644,-0.23371,400.00000,12144.17010,0.03705,0.16813,0.10733,0.14011,0.14952,-0.04578,-0.20572,-0.11065
2019,001750,한양증권,KOSPI,1148,3.06000,0.04903,0.03432,-0.04790,350.00000,-0.04790,-0.05526,-0.00122,0.00937,-0.00570,0.05886,0.00936,-0.02109,0.05885,0.09463,0.09498,0.14830,-0.06207,-0.01792,-0.01608,-0.41612,-0.14741,-0.38749,250.00000,8570.52807,0.04084,0.02998,0.09006,0.09005,0.17950,0.01512,-0.35629,1.17294
2019,046110,한일네트웍스,KOSDAQ,1742,4.42000,-0.00332,-0.01803,-0.01330,230.00000,-0.01330,-0.02066,-0.01658,-0.00888,-0.02395,-0.01217,0.01333,-0.01712,0.00996,-0.08094,-0.08059,-0.08400,-0.04774,-0.00359,-0.05091,-0.35735,-0.08865,-0.35949,200.00000,4509.85619,0.05100,0.02322,0.02762,0.04976,-0.04420,-0.01111,-0.31969,0.26079
2019,300720,한일시멘트,KOSPI,388,4.65000,-0.00208,-0.01679,-0.01760,4700.00000,-0.01760,-0.02496,-0.01964,-0.05178,-0.06685,-0.05375,-0.04657,-0.07702,-0.04856,-0.17188,-0.17153,-0.17361,-0.21649,-0.17233,-0.21812,-0.37837,-0.10966,-0.37966,4500.00000,96572.80717,0.04867,0.01818,-0.01593,-0.01073,-0.13578,-0.18029,-0.34184,0.36163
2019,003300,한일홀딩스,KOSPI,540,4.87000,-0.00663,-0.02134,-0.02450,2300.00000,-0.02450,-0.03186,-0.03097,-0.07685,-0.09192,-0.08297,-0.08127,-0.11172,-0.08737,-0.16038,-0.16003,-0.16595,-0.22940,-0.18524,-0.23451,-0.26411,0.00460,-0.26899,2200.00000,44874.86570,0.05125,0.00904,-0.04296,-0.04736,-0.12594,-0.19450,-0.22898,0.47801
2019,051600,한전KPS,KOSPI,131,5.04000,0.13210,0.11740,-0.02480,1920.00000,-0.02480,-0.03216,0.10403,-0.05324,-0.06832,0.07183,-0.04090,-0.07135,0.08580,-0.06326,-0.06290,0.06049,-0.17013,-0.12597,-0.06050,-0.28693,-0.01822,-0.19272,1790.00000,40207.69468,0.04775,0.14108,0.10887,0.12285,0.09754,-0.02345,-0.15568,0.51935
2019,130660,한전산업,KOSPI,1085,4.86000,0.05166,0.03695,-0.03690,227.00000,-0.03690,-0.04426,0.01285,-0.06973,-0.08480,-0.02167,-0.05748,-0.08793,-0.00880,-0.09714,-0.09678,-0.05050,-0.10409,-0.05993,-0.05781,-0.27885,-0.01015,-0.24160,169.00000,3656.99902,0.06207,0.06202,0.02749,0.04037,-0.00134,-0.00864,-0.19244,0.59446
2019,088350,한화생명,KOSPI,107,4.37000,0.03526,0.02055,-0.00840,30.00000,-0.00840,-0.01576,0.02656,-0.06749,-0.08256,-0.03461,-0.05055,-0.08100,-0.01707,-0.12222,-0.12186,-0.09127,-0.27629,-0.23214,-0.25078,-0.36286,-0.09415,-0.34039,100.00000,2369.01863,0.01266,0.03393,-0.02724,-0.00971,-0.08390,-0.24341,-0.33303,0.66333
2019,000370,한화손해보험,KOSPI,448,4.55000,-0.00678,-0.02149,-0.00700,0.00000,-0.00700,-0.01436,-0.01374,-0.04574,-0.06081,-0.05221,-0.06164,-0.09209,-0.06801,-0.16018,-0.15982,-0.16587,-0.19364,-0.14949,-0.19911,-0.40136,-0.13265,-0.40542,130.00000,2837.75891,0.00000,-0.01709,-0.05556,-0.07136,-0.16922,-0.20246,-0.40877,
2019,267270,HD건설기계,KOSPI,300,3.05000,0.10249,0.08779,-0.01470,0.00000,-0.01470,-0.02206,0.08629,-0.04236,-0.05743,0.05579,-0.03092,-0.06137,0.06841,-0.11398,-0.11363,-0.02317,-0.30622,-0.26206,-0.23511,-0.53583,-0.26712,-0.48825,850.00000,30725.26994,0.00000,0.08294,0.05244,0.06506,-0.02652,-0.23846,-0.49160,
2019,011760,현대코퍼레이션,KOSPI,609,3.43000,0.05436,0.03965,-0.03790,600.00000,-0.03790,-0.04526,0.01440,-0.07043,-0.08550,-0.01989,-0.02701,-0.05746,0.02588,-0.12727,-0.12692,-0.07983,-0.21934,-0.17519,-0.17690,-0.49646,-0.22776,-0.46909,600.00000,18443.64995,0.03253,0.03857,0.00428,0.05006,-0.05566,-0.15273,-0.44492,1.16502
2019,267250,HD현대,KOSPI,47,5.35000,0.04067,0.02596,-0.04720,18500.00000,-0.04720,-0.05456,-0.00845,-0.09591,-0.11098,-0.05914,-0.10845,-0.13890,-0.07219,-0.21544,-0.21508,-0.18352,-0.22785,-0.18370,-0.19644,-0.45147,-0.18277,-0.42916,18500.00000,359859.34061,0.05141,0.03170,-0.01900,-0.03205,-0.14338,-0.15630,-0.38902,0.91813
2019,005380,현대차,KOSPI,6,3.31000,0.01226,-0.00245,-0.01630,4000.00000,-0.01630,-0.02366,-0.00424,-0.05702,-0.07209,-0.04545,-0.05301,-0.08346,-0.04140,0.04091,0.04126,0.05367,-0.01214,0.03202,-0.00003,-0.30687,-0.03816,-0.29837,4000.00000,122327.59218,0.03270,0.02007,-0.02114,-0.01709,0.07799,0.02429,-0.27405,0.49848
2019,001500,현대차증권,KOSPI,506,4.54000,0.05974,0.04503,-0.03810,600.00000,-0.03810,-0.04546,0.01936,-0.05240,-0.06747,0.00421,-0.07144,-0.10189,-0.01597,-0.09525,-0.09489,-0.04120,-0.17423,-0.13008,-0.12490,-0.36188,-0.09317,-0.32376,450.00000,10504.02087,0.05712,0.06434,0.04919,0.02900,0.00378,-0.07993,-0.27878,0.66701
2019,227840,현대코퍼레이션홀딩스,KOSPI,1103,4.12000,0.03714,0.02243,-0.04370,500.00000,-0.04370,-0.05106,-0.00819,-0.08732,-0.10239,-0.05343,-0.09520,-0.12565,-0.06160,-0.15062,-0.15027,-0.11908,-0.21231,-0.16816,-0.18306,-0.42763,-0.15893,-0.40638,500.00000,12586.59205,0.03972,0.02207,-0.02317,-0.03134,-0.08883,-0.15281,-0.37612,1.10007
2019,039010,현대에이치티,KOSDAQ,1563,3.90000,0.05332,0.03862,-0.00740,300.00000,-0.00740,-0.01476,0.04553,-0.03333,-0.04840,0.01822,-0.04677,-0.07722,0.00406,-0.07520,-0.07485,-0.02588,-0.13670,-0.09254,-0.09066,-0.39813,-0.12943,-0.36604,300.00000,8102.49982,0.03703,0.07350,0.04619,0.03203,0.00209,-0.06269,-0.33806,0.19986
2019,001450,현대해상,KOSPI,92,4.04000,-0.00196,-0.01667,-0.02860,880.00000,-0.02860,-0.03596,-0.03051,-0.08409,-0.09916,-0.08589,-0.12521,-0.15566,-0.12693,-0.20934,-0.20899,-0.21089,-0.17535,-0.13119,-0.17697,-0.28436,-0.01566,-0.28577,1130.00000,27915.39589,0.03152,-0.00719,-0.06257,-0.10361,-0.18758,-0.15365,-0.26245,0.90725
2019,092300,현우산업,KOSDAQ,1830,3.11000,0.08070,0.06599,-0.02010,100.00000,-0.02010,-0.02746,0.05897,-0.02870,-0.04377,0.04968,-0.04593,-0.07638,0.03106,-0.03455,-0.03420,0.04336,-0.08341,-0.03926,-0.00945,-0.43675,-0.16804,-0.39130,100.00000,3474.90729,0.02878,0.07997,0.07068,0.05205,0.06435,0.01155,-0.37030,0.69846
2019,002460,HS화성,KOSPI,859,7.78000,0.04201,0.02730,-0.05220,500.00000,-0.05220,-0.05956,-0.01238,-0.08840,-0.10347,-0.05010,-0.11653,-0.14698,-0.07942,-0.11662,-0.11626,-0.07951,-0.24541,-0.20125,-0.21370,-0.41969,-0.15099,-0.39531,930.00000,12455.93364,0.04014,0.01823,-0.01949,-0.04881,-0.04890,-0.18309,-0.36470,1.30040
2019,000850,화천기공,KOSPI,1350,3.30000,0.07525,0.06054,-0.01470,1250.00000,-0.01470,-0.02206,0.05945,-0.03319,-0.04826,0.03957,0.00988,-0.02057,0.08588,-0.04658,-0.04622,0.02517,-0.11283,-0.06867,-0.04606,-0.33647,-0.06776,-0.28654,1250.00000,40729.28005,0.03069,0.08206,0.06218,0.10849,0.04778,-0.02345,-0.26392,0.47898
2019,004800,효성,KOSPI,128,6.30000,0.06172,0.04701,-0.05580,5000.00000,-0.05580,-0.06316,0.00248,-0.09384,-0.10891,-0.03791,-0.12469,-0.15514,-0.07066,-0.14838,-0.14802,-0.09581,-0.16268,-0.11853,-0.11100,-0.29093,-0.02222,-0.24716,5000.00000,84263.59241,0.05934,0.04933,0.00893,-0.02381,-0.04896,-0.06415,-0.20031,0.94038
2019,094280,효성ITX,KOSPI,804,3.52000,0.20070,0.18599,-0.00880,500.00000,-0.00880,-0.01616,0.19013,-0.05862,-0.07369,0.13032,-0.08502,-0.11547,0.09861,-0.07616,-0.07580,0.10925,-0.17859,-0.13444,-0.01374,-0.27835,-0.00964,-0.13352,500.00000,17055.36211,0.02932,0.21158,0.15177,0.12006,0.13070,0.00771,-0.11206,0.30017
2019,079980,휴비스,KOSPI,666,4.99000,0.03980,0.02509,-0.02560,150.00000,-0.02560,-0.03296,0.01318,-0.05276,-0.06783,-0.01506,-0.06876,-0.09921,-0.03169,-0.09445,-0.09410,-0.05841,0.02239,0.06655,0.06309,-0.41378,-0.14508,-0.39045,300.00000,6251.32322,0.02399,0.03013,0.00189,-0.01474,-0.04146,0.08004,-0.37350,1.06689
2019,069260,TKG휴켐스,KOSPI,207,5.58000,0.04427,0.02956,-0.05120,1000.00000,-0.05120,-0.05856,-0.00920,-0.10685,-0.12192,-0.06731,-0.13139,-0.16184,-0.09293,-0.12471,-0.12436,-0.08596,-0.16707,-0.12291,-0.13019,-0.36970,-0.10100,-0.34180,1200.00000,22457.44121,0.04453,0.02513,-0.03299,-0.05861,-0.05164,-0.09587,-0.30748,1.14982
2020,095570,AJ네트웍스,KOSPI,835,6.62000,0.04293,0.02856,-0.01380,210.00000,-0.01380,-0.03301,0.02854,-0.00649,-0.08078,0.03617,-0.03507,-0.11303,0.00635,-0.13145,-0.21330,-0.09416,-0.16001,-0.23445,-0.12395,-0.06032,-0.19530,-0.01997,300.00000,4726.28600,0.04443,0.06278,0.07041,0.04059,-0.05992,-0.08971,0.01427,0.31058
2020,006840,AK홀딩스,KOSPI,683,3.58000,0.18861,0.17424,0.00800,400.00000,0.00800,-0.01121,0.19812,0.01201,-0.06229,0.20289,0.10642,0.02846,0.31511,0.16869,0.08684,0.38913,0.21323,0.13878,0.44206,0.11460,-0.02038,0.32483,750.00000,24901.14315,0.01606,0.20836,0.21313,0.32535,0.39937,0.45230,0.33507,-0.49802
2020,138930,BNK금융지주,KOSPI,137,6.39000,0.07464,0.06027,-0.06280,320.00000,-0.06280,-0.08201,0.00715,-0.04456,-0.11886,0.02675,-0.00975,-0.08771,0.06416,-0.08247,-0.16432,-0.01398,-0.01807,-0.09252,0.05522,0.11605,-0.01894,0.19935,360.00000,6054.32060,0.05285,0.04852,0.06812,0.10553,0.02738,0.09659,0.24072,1.18816
2020,016610,DB증권,KOSPI,887,5.39000,0.04488,0.03051,-0.04850,300.00000,-0.04850,-0.06771,-0.00579,0.10509,0.03079,0.15469,0.12981,0.05185,0.18051,0.02066,-0.06119,0.06647,0.18126,0.10682,0.23428,0.23296,0.09797,0.28829,250.00000,4846.39156,0.06190,0.04322,0.20371,0.22953,0.11549,0.28330,0.33731,0.78350
2020,005830,DB손해보험,KOSPI,92,3.41000,0.02505,0.01067,-0.03220,2200.00000,-0.03220,-0.05141,-0.00796,-0.03221,-0.10651,-0.00797,-0.03895,-0.11691,-0.01487,-0.16090,-0.24275,-0.13988,-0.06771,-0.14216,-0.04436,0.03078,-0.10420,0.05660,1500.00000,45090.08041,0.04879,0.02997,0.02996,0.02305,-0.10196,-0.00643,0.09453,0.65995
2020,139130,iM금융지주,KOSPI,199,5.62000,-0.01108,-0.02545,-0.04990,390.00000,-0.04990,-0.06911,-0.06042,-0.00285,-0.07715,-0.01389,0.02351,-0.05445,0.01218,-0.08048,-0.16233,-0.09066,-0.01688,-0.09132,-0.02777,0.15894,0.02396,0.14611,410.00000,7214.57597,0.05406,-0.01804,0.02849,0.05456,-0.04828,0.01462,0.18849,0.92310
2020,017940,E1,KOSPI,617,4.80000,-0.00231,-0.01668,-0.02950,2200.00000,-0.02950,-0.04871,-0.03174,-0.05361,-0.12791,-0.05579,-0.07535,-0.15331,-0.07748,-0.12560,-0.20745,-0.12762,-0.12231,-0.19675,-0.12433,-0.06205,-0.19704,-0.06422,2200.00000,45727.51093,0.04811,0.00561,-0.01844,-0.04013,-0.09026,-0.08698,-0.02687,0.61316
2020,114090,GKL,KOSPI,231,4.34000,0.04928,0.03491,0.02510,0.00000,0.02510,0.00589,0.07562,0.01559,-0.05871,0.06564,0.04391,-0.03405,0.09536,-0.01236,-0.09422,0.03631,0.00328,-0.07117,0.05272,0.02802,-0.10696,0.07869,659.00000,15932.68108,0.00000,0.07227,0.06229,0.09201,0.03296,0.04937,0.07534,
2020,078930,GS,KOSPI,86,5.42000,0.09129,0.07692,-0.02480,1900.00000,-0.02480,-0.04401,0.06423,0.03274,-0.04156,0.12702,0.06025,-0.01771,0.15704,-0.03386,-0.11571,0.05434,0.00668,-0.06776,0.09858,0.02098,-0.11400,0.11419,1900.00000,38255.55863,0.04967,0.10289,0.16568,0.19570,0.09301,0.13725,0.15285,0.49934
2020,006360,GS건설,KOSPI,110,3.15000,0.10577,0.09139,0.02000,1200.00000,0.02000,0.00079,0.12788,0.16390,0.08961,0.28701,0.22372,0.14576,0.35315,0.14393,0.06207,0.26492,0.05558,-0.01886,0.16722,0.22396,0.08897,0.35341,1000.00000,35103.70755,0.03418,0.15345,0.31258,0.37872,0.29049,0.19279,0.37898,-0.58506
2020,028150,GS홈쇼핑,KOSDAQ,238,4.74000,0.06089,0.04652,-0.04130,8500.00000,-0.04130,-0.06051,0.01708,-0.03990,-0.11420,0.01856,-0.02404,-0.10200,0.03539,-0.05290,-0.13476,0.00476,-0.03938,-0.11383,0.01911,0.04175,-0.09323,0.10518,6500.00000,145480.84554,0.05843,0.06316,0.06464,0.08147,0.05084,0.06519,0.15126,0.70687
2020,039570,HDC랩스,KOSPI,1071,3.67000,0.14369,0.12931,-0.04130,400.00000,-0.04130,-0.06051,0.09645,-0.00455,-0.07885,0.13848,-0.03668,-0.11464,0.10174,-0.00005,-0.08190,0.14363,-0.11184,-0.18628,0.01578,-0.07807,-0.21305,0.05440,350.00000,10907.10768,0.03667,0.12413,0.16616,0.12942,0.17131,0.04346,0.08208,1.12616
2020,175330,JB금융지주,KOSPI,216,5.48000,0.07695,0.06258,-0.04410,374.00000,-0.04410,-0.06331,0.02946,-0.03556,-0.10986,0.03866,-0.00157,-0.07953,0.07527,-0.08310,-0.16496,-0.01254,-0.00845,-0.08289,0.06785,0.08149,-0.05349,0.16471,300.00000,5895.72932,0.06344,0.07978,0.08898,0.12558,0.03777,0.11817,0.21503,0.69519
2020,105560,KB금융,KOSPI,17,4.87000,0.00558,-0.00879,-0.04820,1770.00000,-0.04820,-0.06741,-0.04289,0.00881,-0.06549,0.01444,0.02081,-0.05715,0.02651,-0.09877,-0.18062,-0.09374,-0.02402,-0.09847,-0.01858,0.20414,0.06915,0.21086,2210.00000,45633.10401,0.03879,-0.01342,0.04390,0.05597,-0.06427,0.01089,0.24032,1.24266
2020,002380,KCC,KOSPI,164,3.27000,0.15474,0.14037,-0.00260,5700.00000,-0.00260,-0.02181,0.15174,0.05921,-0.01509,0.22312,0.05668,-0.02128,0.22019,0.06196,-0.01989,0.22630,0.03625,-0.03820,0.19660,0.17040,0.03542,0.35151,5500.00000,194222.84621,0.02935,0.17322,0.24460,0.24167,0.24777,0.21808,0.37299,0.08859
2020,025000,KPX케미칼,KOSPI,722,4.72000,0.06231,0.04793,-0.02490,2750.00000,-0.02490,-0.04411,0.03586,-0.01253,-0.08683,0.04900,-0.03386,-0.11182,0.02633,-0.04283,-0.12468,0.01681,0.11528,0.04084,0.18477,0.12966,-0.00533,0.20004,2500.00000,56266.24493,0.04887,0.07385,0.08700,0.06433,0.05481,0.22277,0.23804,0.50947
2020,092230,KPX홀딩스,KOSPI,696,4.08000,0.00334,-0.01104,-0.04840,3100.00000,-0.04840,-0.06761,-0.04522,-0.06252,-0.13682,-0.05939,-0.08119,-0.15915,-0.07812,-0.11712,-0.19897,-0.11417,-0.10149,-0.17593,-0.09849,-0.06396,-0.19894,-0.06083,2600.00000,63938.23188,0.04848,-0.00756,-0.02172,-0.04045,-0.07650,-0.06082,-0.02317,0.99826
2020,030200,KT,KOSPI,47,4.54000,0.05187,0.03750,-0.05100,1350.00000,-0.05100,-0.07021,-0.00177,-0.03333,-0.10763,0.01681,-0.05285,-0.13081,-0.00372,-0.07054,-0.15239,-0.02233,0.02363,-0.05081,0.07673,0.09042,-0.04456,0.14699,1100.00000,25485.91027,0.05297,0.03969,0.05828,0.03774,0.01914,0.11819,0.18845,0.96280
2020,033780,KT&G,KOSPI,30,5.33000,0.07366,0.05929,-0.05980,4800.00000,-0.05980,-0.07901,0.00946,-0.06538,-0.13968,0.00347,-0.07338,-0.15134,-0.00512,-0.08136,-0.16321,-0.01369,-0.11864,-0.19308,-0.05372,-0.08464,-0.21962,-0.01721,4400.00000,88632.48050,0.05416,0.05192,0.04593,0.03735,0.02878,-0.01125,0.02525,1.10421
2020,030210,다올투자증권,KOSPI,940,4.87000,0.04884,0.03447,-0.02480,150.00000,-0.02480,-0.04401,0.02283,0.25527,0.18097,0.31658,0.24441,0.16645,0.30519,0.11910,0.03725,0.17376,0.23978,0.16534,0.30033,0.44713,0.31215,0.51782,150.00000,3230.52568,0.04643,0.05876,0.35251,0.34112,0.20970,0.33627,0.55375,0.53411
2020,058850,KTcs,KOSPI,1494,3.56000,0.01568,0.00131,-0.03070,80.00000,-0.03070,-0.04991,-0.01550,-0.01965,-0.09395,-0.00428,0.05496,-0.02300,0.07151,0.04606,-0.03579,0.06247,0.21721,0.14277,0.23630,0.31152,0.17654,0.33209,80.00000,2282.43337,0.03505,0.01080,0.02202,0.09781,0.08877,0.26260,0.35839,0.87588
2020,058860,KTis,KOSPI,1549,3.50000,0.00378,-0.01060,-0.01740,80.00000,-0.01740,-0.03661,-0.01369,0.02344,-0.05086,0.02731,0.09324,0.01528,0.09737,0.08167,-0.00019,0.08575,0.03124,-0.04320,0.03513,0.18447,0.04948,0.18894,90.00000,2581.14169,0.03099,0.00918,0.05018,0.12024,0.10862,0.05801,0.21181,0.56140
2020,093050,LF,KOSPI,478,3.40000,0.00003,-0.01435,-0.01700,500.00000,-0.01700,-0.03621,-0.01697,0.02381,-0.05049,0.02384,0.03055,-0.04741,0.03058,-0.00349,-0.08535,-0.00347,0.04059,-0.03386,0.04062,0.11890,-0.01609,0.11893,500.00000,14706.27435,0.03400,0.00844,0.04925,0.05599,0.02195,0.06603,0.14434,0.50001
2020,003550,LG,KOSPI,28,3.12000,0.24072,0.22634,-0.01830,2500.00000,-0.01830,-0.03751,0.21801,0.22692,0.15262,0.52226,0.23833,0.16037,0.53641,0.18131,0.09946,0.46567,0.06494,-0.00950,0.32129,0.04317,-0.09181,0.29428,2200.00000,87486.42389,0.02858,0.23884,0.54308,0.55724,0.48650,0.34212,0.31511,0.64040
2020,032640,LG유플러스,KOSPI,52,3.35000,0.00416,-0.01021,-0.02500,450.00000,-0.02500,-0.04421,-0.02094,0.03756,-0.03673,0.04188,0.02088,-0.05707,0.02513,0.01252,-0.06933,0.01674,-0.00003,-0.07447,0.00413,0.02921,-0.10578,0.03349,400.00000,11989.97143,0.03753,0.00746,0.07028,0.05353,0.04514,0.03254,0.06189,0.66611
2020,023150,MH에탄올,KOSPI,1818,3.99000,-0.02507,-0.03944,-0.00700,350.00000,-0.00700,-0.02621,-0.03189,-0.04089,-0.11518,-0.06493,-0.08668,-0.16464,-0.10957,0.06785,-0.01401,0.04108,-0.02803,-0.10248,-0.05240,0.02568,-0.10930,-0.00003,350.00000,8552.04805,0.04093,-0.00062,-0.03365,-0.07830,0.07235,-0.02112,0.03124,0.17104
2020,005940,NH투자증권,KOSPI,93,4.65000,0.08818,0.07381,-0.04700,700.00000,-0.04700,-0.06621,0.03704,0.03856,-0.03573,0.13015,0.03011,-0.04785,0.12095,-0.03832,-0.12017,0.04649,-0.05971,-0.13415,0.02321,-0.02553,-0.16051,0.06040,500.00000,11700.90083,0.05982,0.08430,0.17741,0.16821,0.09375,0.07047,0.10767,0.78563
2020,004250,NPC,KOSPI,1329,3.18000,0.04933,0.03496,0.00000,100.00000,0.00000,-0.01921,0.04933,0.02428,-0.05002,0.07481,0.01374,-0.06422,0.06375,0.10010,0.01824,0.15437,0.25150,0.17705,0.31324,0.26795,0.13297,0.33050,100.00000,3299.79379,0.03030,0.07162,0.09710,0.08604,0.17666,0.33553,0.35279,
2020,005490,POSCO홀딩스,KOSPI,15,4.27000,0.16856,0.15418,-0.01280,8000.00000,-0.01280,-0.03201,0.15360,0.06411,-0.01019,0.24347,0.03119,-0.04677,0.20501,-0.08574,-0.16759,0.06837,0.04203,-0.03242,0.21767,0.17923,0.04425,0.37800,10000.00000,273667.22008,0.02923,0.17498,0.26485,0.22639,0.08975,0.23905,0.39939,0.43787
2020,100840,SNT에너지,KOSPI,1333,5.23000,0.04256,0.02819,-0.01880,800.00000,-0.01880,-0.03801,0.02296,0.01572,-0.05858,0.05895,-0.02201,-0.09997,0.01961,-0.02200,-0.10386,0.01962,-0.01562,-0.09006,0.02628,0.11308,-0.02191,0.16045,800.00000,15947.37296,0.05017,0.06205,0.09804,0.05870,0.05871,0.06537,0.19954,0.37476
2020,003570,SNT다이내믹스,KOSPI,926,5.29000,0.03357,0.01919,-0.01540,300.00000,-0.01540,-0.03461,0.01765,0.01352,-0.06078,0.04754,0.04939,-0.02857,0.08461,0.09890,0.01704,0.13578,0.23700,0.16255,0.27852,0.29856,0.16358,0.34216,300.00000,5861.44641,0.05118,0.05760,0.08749,0.12456,0.17573,0.31847,0.38211,0.30089
2020,036530,SNT홀딩스,KOSPI,765,3.40000,0.03383,0.01946,-0.02630,650.00000,-0.02630,-0.04551,0.00664,-0.03943,-0.11373,-0.00693,-0.00322,-0.08118,0.03050,0.05274,-0.02911,0.08835,0.18759,0.11314,0.22776,0.24040,0.10542,0.28236,500.00000,15203.37819,0.04275,0.03946,0.02589,0.06332,0.12117,0.26058,0.31518,0.61515
2020,017670,SK텔레콤,KOSPI,16,4.21000,0.04015,0.02577,-0.03850,10000.00000,-0.03850,-0.05771,0.00010,0.09306,0.01876,0.13694,0.03444,-0.04352,0.07597,0.00405,-0.07781,0.04436,0.00206,-0.07238,0.04229,0.08718,-0.04780,0.13083,10000.00000,247065.52776,0.04048,0.03099,0.16783,0.10686,0.07525,0.07318,0.16172,0.95120
2020,035250,강원랜드,KOSPI,56,4.01000,0.03116,0.01679,0.01300,0.00000,0.01300,-0.00621,0.04457,0.01084,-0.06346,0.04234,0.10794,0.02998,0.14246,0.03247,-0.04939,0.06464,0.04759,-0.02685,0.08024,0.09929,-0.03569,0.13355,900.00000,23143.28686,0.00000,0.04122,0.03899,0.13911,0.06129,0.07689,0.13020,
2020,039240,경남스틸,KOSDAQ,2010,4.72000,0.00246,-0.01192,-0.02360,100.00000,-0.02360,-0.04281,-0.02120,0.00256,-0.07174,0.00502,-0.00793,-0.08589,-0.00549,0.05238,-0.02948,0.05496,0.38224,0.30780,0.38564,0.38786,0.25288,0.39127,90.00000,1911.46488,0.05232,0.01971,0.04593,0.03542,0.09587,0.42655,0.43218,0.45111
2020,267290,경동도시가스,KOSPI,1369,4.69000,0.02956,0.01518,-0.02860,875.00000,-0.02860,-0.04781,0.00011,0.07553,0.00123,0.10732,-0.01036,-0.08832,0.01889,-0.04689,-0.12874,-0.01872,-0.02624,-0.10069,0.00254,0.01794,-0.11704,0.04803,875.00000,19208.14760,0.04555,0.03530,0.14250,0.05408,0.01647,0.03773,0.08322,0.62783
2020,011040,경동제약,KOSDAQ,544,3.35000,-0.05865,-0.07302,0.00890,500.00000,0.00890,-0.01031,-0.05027,-0.02658,-0.10088,-0.08367,-0.06659,-0.14455,-0.12134,-0.12530,-0.20715,-0.17660,-0.13315,-0.20759,-0.18399,-0.12098,-0.25596,-0.17253,400.00000,11240.02448,0.04448,-0.01599,-0.04939,-0.08705,-0.14231,-0.14970,-0.13825,-0.20007
2020,049720,고려신용정보,KOSDAQ,1584,4.16000,0.05304,0.03867,-0.04110,275.00000,-0.04110,-0.06031,0.00976,-0.06004,-0.13434,-0.01018,-0.07431,-0.15227,-0.02521,-0.10260,-0.18446,-0.05500,-0.04878,-0.12322,0.00167,0.04267,-0.09232,0.09797,250.00000,6328.38236,0.04346,0.04318,0.02323,0.00820,-0.02159,0.03509,0.13139,0.94581
2020,010130,고려아연,KOSPI,40,3.69000,0.09776,0.08339,-0.03130,15000.00000,-0.03130,-0.05051,0.06340,0.06366,-0.01064,0.16764,0.01078,-0.06718,0.10960,-0.02876,-0.11062,0.06619,-0.02131,-0.09576,0.07436,-0.02260,-0.15759,0.07295,14000.00000,416494.56286,0.03601,0.09052,0.19476,0.13672,0.09330,0.10148,0.10007,0.86909
2020,030610,교보증권,KOSPI,406,5.10000,0.00631,-0.00806,-0.03290,450.00000,-0.03290,-0.05211,-0.02680,0.03045,-0.04384,0.03696,0.05074,-0.02722,0.05737,-0.05423,-0.13608,-0.04826,-0.08582,-0.16026,-0.08005,-0.01746,-0.15245,-0.01126,400.00000,7892.62947,0.05702,0.01809,0.08184,0.10226,-0.00337,-0.03516,0.03362,0.57704
2020,014530,극동유화,KOSPI,1282,4.60000,0.04299,0.02861,-0.03720,140.00000,-0.03720,-0.05641,0.00419,-0.03024,-0.10453,0.01145,-0.05908,-0.13704,-0.01863,-0.06872,-0.15057,-0.02869,-0.04944,-0.12388,-0.00858,0.83459,0.69961,0.91346,160.00000,3627.78173,0.03859,0.03349,0.04075,0.01066,0.00061,0.02072,0.94276,0.96395
2020,002990,금호건설,KOSPI,535,4.88000,-0.08107,-0.09544,-0.03610,500.00000,-0.03610,-0.05531,-0.11424,-0.00737,-0.08167,-0.08784,0.04047,-0.03749,-0.04388,-0.06575,-0.14760,-0.14149,-0.07018,-0.14462,-0.14556,0.03155,-0.10344,-0.05208,500.00000,9415.28954,0.05311,-0.07266,-0.04627,-0.00230,-0.09991,-0.10398,-0.01050,0.67978
2020,036190,금화피에스시,KOSDAQ,1010,4.59000,0.05644,0.04206,-0.03010,1300.00000,-0.03010,-0.04931,0.02464,-0.02679,-0.10109,0.02813,-0.04021,-0.11817,0.01396,-0.03020,-0.11205,0.02454,-0.02175,-0.09619,0.03346,0.00004,-0.13495,0.05648,1300.00000,29920.90251,0.04345,0.05805,0.06154,0.04737,0.05794,0.06687,0.08988,0.69278
2020,092440,기신정기,KOSPI,1386,4.05000,-0.04580,-0.06018,0.01980,150.00000,0.01980,0.00059,-0.02691,0.07359,-0.00071,0.02442,0.10626,0.02830,0.05559,0.10072,0.01887,0.05031,0.08534,0.01089,0.03563,0.71798,0.58300,0.63929,150.00000,3534.06911,0.04244,0.00565,0.05697,0.08815,0.08286,0.06818,0.67185,-0.46650
2020,024110,기업은행,KOSPI,43,7.20000,0.01920,0.00482,-0.06330,471.00000,-0.06330,-0.08251,-0.04532,-0.06439,-0.13869,-0.04643,-0.06752,-0.14548,-0.04962,-0.14757,-0.22942,-0.13121,-0.11478,-0.18923,-0.09779,-0.03562,-0.17061,-0.01711,670.00000,9484.17934,0.04966,-0.00666,-0.00777,-0.01096,-0.09254,-0.05913,0.02155,1.27463
2020,090350,노루페인트,KOSPI,1083,3.54000,0.18433,0.16996,0.03700,275.00000,0.03700,0.01779,0.22815,0.10987,0.03557,0.31445,0.04999,-0.02797,0.24354,0.00322,-0.07863,0.18815,0.02596,-0.04848,0.21508,0.18587,0.05088,0.40446,275.00000,9200.33944,0.02989,0.25009,0.33639,0.26548,0.21009,0.23702,0.42640,-1.23786
2020,019680,대교,KOSPI,620,4.64000,-0.01504,-0.02942,0.00830,100.00000,0.00830,-0.01091,-0.00687,0.01395,-0.06035,-0.00130,0.05279,-0.02517,0.03695,0.02515,-0.05670,0.00973,0.04875,-0.02569,0.03298,0.18165,0.04666,0.16387,170.00000,3608.67297,0.02771,0.01322,0.01879,0.05704,0.02982,0.05307,0.18396,-0.29952
2020,008060,대덕,KOSPI,823,4.69000,0.09379,0.07942,-0.01140,300.00000,-0.01140,-0.03061,0.08132,-0.02729,-0.10158,0.06395,0.02705,-0.05091,0.12338,-0.01463,-0.09649,0.07779,-0.04033,-0.11477,0.04968,-0.01587,-0.15086,0.07643,300.00000,6996.54727,0.04288,0.11425,0.09687,0.15630,0.11072,0.08261,0.10936,0.26587
2020,117580,대성에너지,KOSPI,1118,4.60000,0.01643,0.00205,-0.02900,250.00000,-0.02900,-0.04821,-0.01305,-0.03804,-0.11234,-0.02224,-0.05796,-0.13592,-0.04249,-0.06516,-0.14701,-0.04980,-0.06523,-0.13967,-0.04987,-0.02698,-0.16196,-0.01099,250.00000,5524.06673,0.04526,0.02189,0.01270,-0.00755,-0.01486,-0.01494,0.02394,0.64079
2020,003540,대신증권,KOSPI,307,7.27000,0.04369,0.02931,-0.08010,1200.00000,-0.08010,-0.09931,-0.03991,-0.08361,-0.15791,-0.04358,-0.08017,-0.15813,-0.03999,-0.13586,-0.21772,-0.09811,-0.02784,-0.10229,0.01463,0.10456,-0.03042,0.15282,1000.00000,14356.06833,0.08359,0.02745,0.02379,0.02738,-0.03074,0.08199,0.22018,0.95827
2020,015230,대창단조,KOSPI,1435,3.06000,0.02210,0.00773,-0.04490,180.00000,-0.04490,-0.06411,-0.02379,-0.03546,-0.10975,-0.01414,-0.00689,-0.08485,0.01506,-0.00562,-0.08747,0.01636,-0.13749,-0.21193,-0.11842,0.07879,-0.05619,0.10264,1100.00000,36742.24029,0.00490,-0.02300,-0.01334,0.01585,0.01716,-0.11763,0.10343,9.16515
2020,140520,대창스틸,KOSDAQ,2056,4.56000,0.14576,0.13138,-0.00400,100.00000,-0.00400,-0.02321,0.14118,0.07959,0.00530,0.23695,0.07161,-0.00635,0.22780,0.00800,-0.07386,0.15492,-0.00030,-0.07474,0.14542,0.16270,0.02772,0.33218,100.00000,2512.62757,0.03980,0.17150,0.26727,0.25812,0.18524,0.17574,0.36250,0.10051
2020,001790,대한제당,KOSPI,917,3.17000,0.10557,0.09119,-0.03180,180.00000,-0.03180,-0.05101,0.07041,-0.10391,-0.17821,-0.00932,-0.11883,-0.19679,-0.02580,-0.13166,-0.21351,-0.03999,-0.04245,-0.11690,0.05863,0.18028,0.04530,0.30488,675.00000,23541.29942,0.00765,0.07353,-0.00620,-0.02268,-0.03687,0.06175,0.30800,4.15896
2020,016090,대현,KOSPI,1629,5.43000,0.03542,0.02105,-0.01050,40.00000,-0.01050,-0.02971,0.02455,-0.02106,-0.09536,0.01361,-0.00263,-0.08059,0.03270,0.07101,-0.01084,0.10895,0.10753,0.03309,0.14676,0.13367,-0.00131,0.17383,100.00000,1906.85563,0.02098,0.03895,0.02801,0.04710,0.12335,0.16116,0.18823,0.50055
2020,002150,도화엔지니어링,KOSPI,695,3.12000,0.04226,0.02788,-0.02870,280.00000,-0.02870,-0.04791,0.01235,0.00118,-0.07312,0.04349,0.01671,-0.06125,0.05968,-0.02981,-0.11166,0.01119,-0.03706,-0.11151,0.00363,0.02749,-0.10750,0.07091,250.00000,8351.43692,0.03353,0.03736,0.06850,0.08469,0.03621,0.02864,0.09592,0.85602
2020,005160,동국산업,KOSDAQ,908,3.66000,-0.03215,-0.04653,-0.01160,130.00000,-0.01160,-0.03081,-0.04338,0.02332,-0.05098,-0.00959,-0.01751,-0.09547,-0.04910,-0.06543,-0.14729,-0.09548,-0.08279,-0.15724,-0.11228,0.05404,-0.08094,0.02015,130.00000,3437.70229,0.03782,-0.01474,0.01905,-0.02046,-0.06684,-0.08364,0.04879,0.30675
2020,005960,동부건설,KOSPI,685,5.74000,0.13113,0.11675,-0.02900,900.00000,-0.02900,-0.04821,0.09832,0.01455,-0.05975,0.14759,0.01459,-0.06337,0.14763,-0.06514,-0.14699,0.05745,-0.14121,-0.21566,-0.02860,-0.03627,-0.17125,0.09010,700.00000,13794.23453,0.06524,0.15017,0.19943,0.19948,0.10930,0.02324,0.14195,0.44448
2020,102260,동성케미컬,KOSPI,895,4.50000,0.15324,0.13887,-0.03710,250.00000,-0.03710,-0.05631,0.11046,-0.02349,-0.09779,0.12616,-0.04498,-0.12294,0.10136,-0.03826,-0.12012,0.10911,-0.03519,-0.10964,0.11265,0.08992,-0.04506,0.25694,200.00000,5125.52503,0.04878,0.14837,0.16407,0.13928,0.14703,0.15057,0.29486,0.76063
2020,005190,동성화학,KOSPI,1603,3.79000,0.06624,0.05187,-0.03550,,-0.03550,-0.05471,0.02839,-0.03550,-0.10980,0.02839,-0.05632,-0.13428,0.00619,-0.04448,-0.12634,0.01881,-0.05342,-0.12786,0.00929,0.05880,-0.07618,0.12894,600.00000,16879.82595,,,,,,,,
2020,282690,동아타이어,KOSPI,1199,5.15000,0.04632,0.03194,-0.02070,800.00000,-0.02070,-0.03991,0.02466,-0.00002,-0.07432,0.04629,0.06411,-0.01385,0.11340,-0.03245,-0.11431,0.01236,0.04428,-0.03017,0.09265,0.11805,-0.01693,0.16984,500.00000,10158.41830,0.07875,0.08793,0.10957,0.17667,0.07563,0.15592,0.23311,0.26285
2020,001520,동양,KOSPI,664,3.31000,-0.02070,-0.03508,-0.01690,40.00000,-0.01690,-0.03611,-0.03725,0.02531,-0.04899,0.00408,0.01679,-0.06117,-0.00426,0.04634,-0.03552,0.02468,0.04618,-0.02826,0.02452,0.18560,0.05062,0.16106,40.00000,1183.44067,0.03380,-0.01201,0.02933,0.02099,0.04992,0.04977,0.18630,0.50000
2020,084670,동양고속,KOSPI,1687,17.94000,0.05527,0.04090,-0.08860,500.00000,-0.08860,-0.10781,-0.03823,-0.10849,-0.18279,-0.05922,-0.12295,-0.20091,-0.07447,-0.13560,-0.21745,-0.08782,-0.15175,-0.22620,-0.10487,-0.13912,-0.27411,-0.09154,4700.00000,27646.45244,0.01809,-0.02628,-0.04727,-0.06252,-0.07587,-0.09292,-0.07959,4.89895
2020,082640,동양생명,KOSPI,355,6.28000,0.01351,-0.00086,-0.05120,220.00000,-0.05120,-0.07041,-0.03838,0.13212,0.05782,0.14742,0.14964,0.07168,0.16518,0.07411,-0.00775,0.08862,0.10533,0.03089,0.12026,0.11878,-0.01621,0.13389,230.00000,3711.90458,0.05927,0.00841,0.19421,0.21197,0.13541,0.16706,0.18068,0.86386
2020,013120,동원개발,KOSDAQ,503,3.86000,0.10674,0.09237,0.00100,185.00000,0.00100,-0.01821,0.10785,0.06872,-0.00558,0.18280,0.03183,-0.04613,0.14196,0.03406,-0.04779,0.14444,0.03824,-0.03621,0.14906,0.10186,-0.03313,0.21947,170.00000,4874.24584,0.03795,0.13661,0.21156,0.17072,0.17320,0.17782,0.24823,-0.02635
2020,000150,두산,KOSPI,237,9.40000,0.01102,-0.00336,-0.05900,2000.00000,-0.05900,-0.07821,-0.04863,-0.04467,-0.11897,-0.03415,0.01078,-0.06718,0.02192,-0.02686,-0.10872,-0.01614,-0.15551,-0.22995,-0.14621,-0.11622,-0.25121,-0.10649,5200.00000,55928.52423,0.03576,-0.02173,-0.00724,0.04882,0.01076,-0.11930,-0.07958,1.64989
2020,241560,두산밥캣,KOSPI,94,3.99000,0.00336,-0.01102,-0.02320,0.00000,-0.02320,-0.04241,-0.01992,0.08300,0.00870,0.08663,0.10615,0.02819,0.10986,0.07477,-0.00709,0.07838,0.10134,0.02690,0.10504,0.33871,0.20373,0.34321,1200.00000,30176.19087,0.00000,-0.02327,0.08328,0.10651,0.07503,0.10169,0.33986,
2020,024090,디씨엠,KOSPI,1179,4.27000,0.03833,0.02396,0.00000,500.00000,0.00000,-0.01921,0.03833,-0.00422,-0.07852,0.03395,-0.02477,-0.10273,0.01262,0.01228,-0.06957,0.05108,0.02865,-0.04580,0.06808,0.40718,0.27220,0.46113,500.00000,12158.47118,0.04112,0.06977,0.06539,0.04406,0.08253,0.09952,0.49257,
2020,110990,디아이티,KOSDAQ,1300,3.17000,0.17130,0.15692,0.29950,0.00000,0.29950,0.28029,0.52210,0.27368,0.19938,0.49186,0.32508,0.24712,0.55206,0.27366,0.19180,0.49183,0.27487,0.20042,0.49325,0.25037,0.11539,0.46455,200.00000,7389.87496,0.00000,0.51875,0.48851,0.54871,0.48848,0.48990,0.46120,
2020,013570,디와이,KOSPI,1274,3.23000,-0.03576,-0.05013,-0.00110,100.00000,-0.00110,-0.02031,-0.03682,0.04017,-0.03412,0.00298,0.14186,0.06390,0.10103,0.25121,0.16936,0.20647,0.29782,0.22337,0.25141,0.28197,0.14698,0.23613,150.00000,4477.91135,0.02233,-0.02127,0.01852,0.11657,0.22202,0.26696,0.25167,0.04926
2020,068930,디지털대성,KOSDAQ,907,3.54000,-0.01905,-0.03343,-0.02640,300.00000,-0.02640,-0.04561,-0.04495,-0.00589,-0.08019,-0.02483,-0.02274,-0.10070,-0.04136,-0.08285,-0.16471,-0.10033,-0.13117,-0.20561,-0.14772,-0.05190,-0.18689,-0.06997,300.00000,8313.12465,0.03609,-0.01777,0.00235,-0.01418,-0.07315,-0.12054,-0.04279,0.73156
2020,007340,DN오토모티브,KOSPI,767,6.26000,0.12531,0.11094,-0.03900,2000.00000,-0.03900,-0.05821,0.08143,-0.02050,-0.09480,0.10225,0.02397,-0.05399,0.15229,0.02013,-0.06173,0.14796,0.03525,-0.03919,0.16498,0.15223,0.01725,0.29662,1500.00000,26964.40971,0.07417,0.14083,0.16165,0.21169,0.20736,0.22438,0.35602,0.52581
2020,038390,레드캡투어,KOSDAQ,961,3.82000,-0.10015,-0.11452,0.01590,600.00000,0.01590,-0.00331,-0.08584,0.02122,-0.05308,-0.08105,0.11677,0.03881,0.00493,0.05828,-0.02358,-0.04771,0.15628,0.08184,0.04048,0.12704,-0.00795,0.01416,800.00000,18845.03548,0.03184,-0.06226,-0.05747,0.02851,-0.02413,0.06407,0.03775,-0.49939
2020,023530,롯데쇼핑,KOSPI,99,3.74000,-0.02460,-0.03897,0.01520,2800.00000,0.01520,-0.00401,-0.00977,0.07581,0.00151,0.04935,0.24246,0.16450,0.21190,0.10598,0.02412,0.07877,0.22726,0.15282,0.19708,0.26781,0.13283,0.23663,3800.00000,99105.16807,0.02825,0.01078,0.06990,0.23245,0.09933,0.21763,0.25718,-0.53800
2020,004000,롯데정밀화학,KOSPI,174,3.09000,-0.00391,-0.01828,-0.02550,1500.00000,-0.02550,-0.04471,-0.02931,0.05839,-0.01591,0.05425,0.02928,-0.04868,0.02526,0.02936,-0.05249,0.02534,-0.04201,-0.11645,-0.04575,0.04545,-0.08953,0.04137,1700.00000,54801.16861,0.02737,-0.00950,0.07406,0.04507,0.04515,-0.02595,0.06117,0.93162
2020,004990,롯데지주,KOSPI,80,3.11000,-0.01840,-0.03277,-0.01290,1000.00000,-0.01290,-0.03211,-0.03106,0.04174,-0.03256,0.02257,0.08061,0.00265,0.06073,-0.02451,-0.10637,-0.04246,-0.03886,-0.11330,-0.05654,-0.03160,-0.16658,-0.04941,1100.00000,34719.00985,0.02880,-0.01004,0.04359,0.08175,-0.02144,-0.03552,-0.02840,0.44788
2020,002270,롯데푸드,KOSPI,554,3.78000,0.10221,0.08783,-0.03710,12000.00000,-0.03710,-0.05631,0.06132,-0.05143,-0.12572,0.04553,-0.01589,-0.09385,0.08469,0.00987,-0.07199,0.11308,0.05852,-0.01592,0.16672,0.08595,-0.04903,0.19694,12000.00000,349907.67748,0.03429,0.08698,0.07119,0.11036,0.13875,0.19238,0.22261,1.08180
2020,071840,롯데하이마트,KOSPI,279,3.18000,0.00468,-0.00970,-0.01900,1200.00000,-0.01900,-0.03821,-0.01441,0.04434,-0.02996,0.04922,0.21206,0.13410,0.21772,0.25949,0.17763,0.26538,0.15985,0.08541,0.16528,0.30229,0.16730,0.30838,1000.00000,31593.58599,0.03798,0.01437,0.07800,0.24651,0.29416,0.19406,0.33716,0.50023
2020,072870,메가스터디,KOSDAQ,1150,3.78000,-0.00845,-0.02283,-0.02120,600.00000,-0.02120,-0.04041,-0.02947,-0.01702,-0.09132,-0.02533,-0.04235,-0.12031,-0.05044,-0.05507,-0.13692,-0.06305,-0.06795,-0.14239,-0.07582,0.01673,-0.11825,0.00814,450.00000,11804.15825,0.05083,0.01018,0.01432,-0.01079,-0.02340,-0.03617,0.04779,0.41708
2020,138040,메리츠금융지주,KOSPI,184,5.55000,0.05952,0.04514,-0.05240,900.00000,-0.05240,-0.07161,0.00400,-0.05442,-0.12872,0.00186,-0.05730,-0.13526,-0.00119,-0.07721,-0.15906,-0.02228,0.17122,0.09677,0.24092,0.55244,0.41745,0.64483,550.00000,10499.70927,0.08572,0.07316,0.07102,0.06798,0.04688,0.31009,0.71400,0.61132
2020,008560,메리츠증권,KOSPI,113,5.42000,0.07571,0.06133,-0.07430,320.00000,-0.07430,-0.09351,-0.00422,-0.05030,-0.12460,0.02160,-0.04783,-0.12579,0.02426,-0.10950,-0.19136,-0.04208,-0.03391,-0.10835,0.03923,0.11354,-0.02145,0.19784,200.00000,3969.39992,0.08062,0.06063,0.08645,0.08911,0.02277,0.10409,0.26269,0.92165
2020,000060,메리츠화재,KOSPI,145,5.88000,0.13494,0.12056,-0.08230,1280.00000,-0.08230,-0.10151,0.04153,-0.10365,-0.17795,0.01730,-0.08232,-0.16028,0.04151,-0.01219,-0.09404,0.12110,0.01233,-0.06211,0.14893,0.12180,-0.01319,0.27317,850.00000,16406.39289,0.07802,0.10418,0.07996,0.10416,0.18375,0.21159,0.33582,1.05488
2020,009580,무림P&P,KOSPI,812,4.91000,-0.00135,-0.01573,0.00000,125.00000,0.00000,-0.01921,-0.00135,0.02539,-0.04891,0.02400,0.13773,0.05977,0.13619,0.45517,0.37331,0.45320,0.60729,0.53284,0.60511,0.42762,0.29264,0.42569,175.00000,3559.33431,0.03512,0.02501,0.05036,0.16256,0.47956,0.63147,0.45205,
2020,100790,미래에셋벤처투자,KOSDAQ,868,4.21000,0.17091,0.15653,0.02530,155.00000,0.02530,0.00609,0.20053,0.04292,-0.03137,0.22117,0.21415,0.13619,0.42166,0.16150,0.07964,0.36001,0.24515,0.17071,0.45796,0.70231,0.56733,0.99325,185.00000,5145.32321,0.03012,0.22267,0.24330,0.44380,0.38214,0.48009,1.01539,-0.83985
2020,085620,미래에셋생명,KOSPI,306,4.31000,0.02282,0.00844,-0.03590,100.00000,-0.03590,-0.05511,-0.01390,0.03476,-0.03954,0.05837,0.00249,-0.07547,0.02537,-0.09296,-0.17482,-0.07227,0.00143,-0.07302,0.02428,0.04489,-0.09010,0.06873,170.00000,4034.31477,0.02479,0.00372,0.07599,0.04299,-0.05465,0.04190,0.08635,1.44832
2020,001270,부국증권,KOSPI,780,5.26000,0.00439,-0.00998,-0.06110,1200.00000,-0.06110,-0.08031,-0.05697,-0.07856,-0.15286,-0.07451,-0.06328,-0.14124,-0.05917,-0.08083,-0.16269,-0.07679,-0.04599,-0.12044,-0.04180,-0.01545,-0.15043,-0.01112,1200.00000,22913.94255,0.05237,-0.01602,-0.03356,-0.01821,-0.03584,-0.00085,0.02983,1.16670
2020,100220,비상교육,KOSPI,1580,3.77000,0.00298,-0.01139,-0.00300,150.00000,-0.00300,-0.02221,-0.00003,-0.00001,-0.07431,0.00297,-0.02417,-0.10213,-0.02126,-0.03312,-0.11497,-0.03024,-0.02102,-0.09546,-0.01810,0.03598,-0.09900,0.03907,250.00000,6651.06296,0.02255,0.01570,0.01870,-0.00553,-0.01451,-0.00237,0.05480,0.13302
2020,032830,삼성생명,KOSPI,24,3.72000,0.14187,0.12750,-0.02830,2500.00000,-0.02830,-0.04751,0.10956,-0.00993,-0.08423,0.13053,0.04287,-0.03509,0.19082,-0.10086,-0.18272,0.02670,-0.03709,-0.11153,0.09952,-0.03831,-0.17330,0.09812,2650.00000,81342.93396,0.03073,0.13221,0.15319,0.21347,0.04935,0.12217,0.12077,0.92080
2020,016360,삼성증권,KOSPI,83,4.31000,0.09412,0.07975,-0.05680,2200.00000,-0.05680,-0.07601,0.03197,0.01058,-0.06372,0.10570,-0.00206,-0.08002,0.09187,-0.07842,-0.16028,0.00832,-0.14096,-0.21541,-0.06011,-0.09914,-0.23413,-0.01435,1700.00000,43155.58272,0.05098,0.07175,0.14548,0.13165,0.04809,-0.02033,0.02542,1.11420
2020,029780,삼성카드,KOSPI,76,4.83000,0.05894,0.04457,-0.05560,1800.00000,-0.05560,-0.07481,0.00007,-0.07846,-0.15276,-0.02414,-0.06127,-0.13923,-0.00594,-0.11967,-0.20152,-0.06778,-0.05534,-0.12979,0.00034,-0.01944,-0.15442,0.03836,1600.00000,35078.89275,0.05131,0.04013,0.01592,0.03412,-0.02772,0.04040,0.07842,1.08355
2020,000810,삼성화재,KOSPI,35,4.52000,0.04263,0.02825,-0.04080,8800.00000,-0.04080,-0.06001,0.00009,-0.03574,-0.11004,0.00536,-0.03576,-0.11372,0.00534,-0.10977,-0.19162,-0.07182,-0.07640,-0.15085,-0.03703,-0.03820,-0.17318,0.00280,8500.00000,196069.21642,0.04488,0.03471,0.03998,0.03996,-0.03720,-0.00241,0.03742,0.90905
2020,225190,LK삼양,KOSDAQ,1498,10.58000,0.07940,0.06503,-0.07750,600.00000,-0.07750,-0.09671,-0.00425,-0.07860,-0.15290,-0.00544,-0.07275,-0.15071,0.00088,-0.11204,-0.19389,-0.04153,-0.12086,-0.19530,-0.05106,-0.02673,-0.16171,0.05055,1000.00000,10202.29558,0.05881,0.04215,0.04096,0.04728,0.00487,-0.00465,0.09695,1.31780
2020,272550,삼양패키징,KOSPI,647,3.59000,0.04307,0.02870,-0.02750,1000.00000,-0.02750,-0.04671,0.01439,-0.02748,-0.10178,0.01441,-0.04586,-0.12382,-0.00476,-0.05983,-0.14169,-0.01934,0.00890,-0.06554,0.05236,0.12806,-0.00692,0.17665,750.00000,21791.22649,0.04589,0.04986,0.04989,0.03071,0.01614,0.08783,0.21212,0.59926
2020,002450,삼익악기,KOSPI,1210,3.47000,0.03119,0.01682,-0.01010,50.00000,-0.01010,-0.02931,0.02077,-0.01679,-0.09108,0.01388,-0.03360,-0.11156,-0.00345,-0.01332,-0.09517,0.01746,0.06752,-0.00692,0.10082,0.08777,-0.04721,0.12170,50.00000,1485.86430,0.03365,0.04589,0.03900,0.02166,0.04258,0.12594,0.14682,0.30014
2020,004690,삼천리,KOSPI,577,3.57000,-0.02381,-0.03818,-0.01220,3000.00000,-0.01220,-0.03141,-0.03571,0.01097,-0.06333,-0.01310,0.00727,-0.07069,-0.01671,0.02070,-0.06115,-0.00360,0.01716,-0.05729,-0.00706,-0.03649,-0.17147,-0.05942,3000.00000,82033.17005,0.03657,-0.00813,0.01449,0.01088,0.02399,0.02053,-0.03183,0.33360
2020,017480,삼현철강,KOSDAQ,1831,3.71000,0.05448,0.04010,-0.03760,150.00000,-0.03760,-0.05681,0.01483,-0.00940,-0.08370,0.04456,-0.02355,-0.10151,0.02965,-0.02815,-0.11000,0.02480,0.09163,0.01718,0.15110,0.17859,0.04361,0.24280,150.00000,4263.38891,0.03518,0.04124,0.07098,0.05606,0.05121,0.17751,0.26922,1.06869
2020,010960,삼호개발,KOSPI,1433,4.62000,0.07760,0.06322,-0.04630,190.00000,-0.04630,-0.06551,0.02771,-0.02261,-0.09691,0.05324,-0.03957,-0.11753,0.03495,0.01806,-0.06380,0.09706,0.00439,-0.07006,0.08233,0.09689,-0.03810,0.18201,190.00000,4431.68458,0.04287,0.06063,0.08616,0.06787,0.12998,0.11525,0.21493,1.07993
2020,038540,상상인,KOSDAQ,555,3.09000,0.01406,-0.00031,-0.02590,0.00000,-0.02590,-0.04511,-0.01220,0.03662,-0.03768,0.05120,0.08843,0.01047,0.10373,0.03666,-0.04520,0.05124,-0.01974,-0.09418,-0.00595,0.01058,-0.12440,0.02479,200.00000,6563.52214,0.00000,-0.01555,0.04785,0.10038,0.04789,-0.00930,0.02144,
2020,041650,상신브레이크,KOSPI,1821,3.34000,0.07373,0.05936,-0.02490,50.00000,-0.02490,-0.04411,0.04700,0.18847,0.11417,0.27610,0.14345,0.06549,0.22776,0.41452,0.33266,0.51882,0.42401,0.34957,0.52901,0.32119,0.18621,0.41861,100.00000,3214.77527,0.01555,0.05681,0.28591,0.23757,0.52862,0.53882,0.42842,1.60096
2020,093920,서원인텍,KOSDAQ,1242,4.44000,0.12885,0.11448,-0.01970,350.00000,-0.01970,-0.03891,0.10661,0.21141,0.13712,0.36751,0.13801,0.06005,0.28465,0.18537,0.10351,0.33810,0.00933,-0.06511,0.13938,0.03176,-0.10322,0.16470,300.00000,7627.37835,0.04589,0.14208,0.40298,0.32012,0.37358,0.17486,0.20018,0.42931
2020,065710,서호전기,KOSDAQ,1331,5.37000,-0.00433,-0.01871,-0.02700,1000.00000,-0.02700,-0.04621,-0.03122,-0.04950,-0.12380,-0.05362,-0.08763,-0.16559,-0.09159,-0.11699,-0.19885,-0.12082,-0.13943,-0.21387,-0.14315,-0.04270,-0.17768,-0.04684,1200.00000,22249.55896,0.04494,0.00346,-0.01895,-0.05691,-0.08614,-0.10848,-0.01217,0.60074
2020,003030,세아제강지주,KOSPI,919,3.25000,-0.02161,-0.03598,-0.01110,1500.00000,-0.01110,-0.03031,-0.03247,0.04213,-0.03217,0.01961,0.03109,-0.04687,0.00881,0.02994,-0.05191,0.00769,-0.01673,-0.09117,-0.03798,0.15528,0.02029,0.13031,1500.00000,45156.58227,0.03322,-0.00772,0.04437,0.03356,0.03244,-0.01322,0.15506,0.33416
2020,019440,세아특수강,KOSPI,1449,7.63000,0.06358,0.04921,-0.05580,700.00000,-0.05580,-0.07501,0.00423,-0.07568,-0.14998,-0.01691,-0.08371,-0.16167,-0.02545,-0.09572,-0.17757,-0.03822,-0.02010,-0.09454,0.04221,0.07550,-0.05949,0.14388,900.00000,12545.52420,0.05580,0.04809,0.02694,0.01841,0.00563,0.08606,0.18773,1.00006
2020,053210,스카이라이프,KOSPI,480,3.90000,0.00545,-0.00892,-0.02220,350.00000,-0.02220,-0.04141,-0.01687,-0.01881,-0.09311,-0.01346,-0.01105,-0.08901,-0.00566,-0.02317,-0.10502,-0.01784,-0.06517,-0.13962,-0.06008,-0.04280,-0.17779,-0.03759,350.00000,9023.28345,0.03879,0.01260,0.01600,0.02380,0.01162,-0.03061,-0.00812,0.57233
2020,029530,신도리코,KOSPI,728,3.96000,0.07110,0.05673,-0.02400,0.00000,-0.02400,-0.04321,0.04539,-0.05161,-0.12591,0.01582,-0.04061,-0.11857,0.02760,-0.03879,-0.12064,0.02955,0.07408,-0.00036,0.15045,0.12398,-0.01100,0.20389,1000.00000,27047.97851,0.00000,0.04204,0.01247,0.02425,0.02620,0.14710,0.20054,
2020,004970,신라교역,KOSPI,1115,5.34000,0.01182,-0.00255,-0.02530,500.00000,-0.02530,-0.04451,-0.01378,-0.01477,-0.08907,-0.00313,0.01903,-0.05893,0.03107,0.02962,-0.05224,0.04179,0.05065,-0.02379,0.06307,0.10888,-0.02610,0.12199,500.00000,9473.97080,0.05278,0.02752,0.03817,0.07237,0.08308,0.10437,0.16329,0.47938
2020,034300,신세계건설,KOSPI,1550,3.58000,0.21701,0.20263,-0.03130,800.00000,-0.03130,-0.05051,0.17892,0.07897,0.00467,0.31312,0.36016,0.28220,0.65533,0.81782,0.73596,1.21230,0.66138,0.58694,1.02192,0.70033,0.56535,1.06932,800.00000,27195.71986,0.02942,0.20045,0.33465,0.67686,1.23384,1.04345,1.09086,1.06403
2020,001720,신영증권,KOSPI,415,4.74000,0.00380,-0.01057,-0.00570,2500.00000,-0.00570,-0.02491,-0.00192,0.01126,-0.06304,0.01510,0.03586,-0.04210,0.03980,0.02658,-0.05528,0.03048,0.05132,-0.02313,0.05531,0.05883,-0.07616,0.06285,2500.00000,52943.07058,0.04722,0.03468,0.05170,0.07640,0.06708,0.09191,0.09945,0.12071
2020,055550,신한지주,KOSPI,20,5.75000,0.04067,0.02630,-0.04480,1500.00000,-0.04480,-0.06401,-0.00595,0.00743,-0.06687,0.04840,0.01631,-0.06165,0.05764,-0.03894,-0.12079,0.00015,-0.00760,-0.08204,0.03276,0.10710,-0.02789,0.15213,1850.00000,33482.48116,0.04480,0.02860,0.08295,0.09220,0.03470,0.06731,0.18668,1.00001
2020,003410,쌍용C&E,KOSPI,100,7.57000,0.14810,0.13373,-0.03300,440.00000,-0.03300,-0.05221,0.11021,-0.03159,-0.10588,0.11184,-0.04873,-0.12669,0.09216,-0.05734,-0.13920,0.08227,-0.04019,-0.11463,0.10196,0.07593,-0.05905,0.23528,420.00000,6369.91631,0.06907,0.16530,0.16693,0.14725,0.13735,0.15705,0.29037,0.47774
2020,049960,쎌바이오텍,KOSDAQ,942,3.05000,0.13181,0.11743,0.01790,450.00000,0.01790,-0.00131,0.15207,-0.00003,-0.07433,0.13177,-0.05612,-0.13408,0.06829,-0.10771,-0.18957,0.00990,-0.15682,-0.23127,-0.04568,-0.16352,-0.29850,-0.05326,600.00000,22265.09233,0.02021,0.16582,0.14552,0.08204,0.02365,-0.03194,-0.03951,-0.88566
2020,225330,씨엠에스에듀,KOSDAQ,1399,7.43000,-0.03847,-0.05284,-0.00730,260.00000,-0.00730,-0.02651,-0.04549,-0.05274,-0.12703,-0.08918,-0.09189,-0.16985,-0.12682,-0.07643,-0.15828,-0.11196,-0.06540,-0.13984,-0.10135,0.15823,0.02325,0.11367,425.00000,5500.01165,0.04727,-0.00885,-0.05253,-0.09018,-0.07531,-0.06471,0.15032,0.15442
2020,083930,아바코,KOSDAQ,1128,3.13000,0.11684,0.10246,0.00000,300.00000,0.00000,-0.01921,0.11684,-0.00945,-0.08375,0.10628,0.12626,0.04830,0.25784,0.50474,0.42288,0.68055,0.29429,0.21985,0.44551,0.17741,0.04243,0.31498,300.00000,10704.50024,0.02803,0.13720,0.12664,0.27820,0.70091,0.46587,0.33534,
2020,122900,아이마켓코리아,KOSPI,609,6.61000,0.04410,0.02972,-0.06650,600.00000,-0.06650,-0.08571,-0.02533,-0.09494,-0.16923,-0.05502,-0.10443,-0.18239,-0.06494,-0.10450,-0.18635,-0.06501,-0.08356,-0.15800,-0.04314,-0.03822,-0.17320,0.00420,600.00000,9477.44349,0.06331,0.02487,-0.00481,-0.01473,-0.01480,0.00707,0.05440,1.05042
2020,033660,우리금융캐피탈,KOSPI,291,5.12000,0.02374,0.00937,-0.05380,320.00000,-0.05380,-0.07301,-0.03133,-0.08452,-0.15882,-0.06278,-0.10760,-0.18556,-0.08641,-0.14605,-0.22791,-0.12578,-0.19988,-0.27432,-0.18088,-0.16896,-0.30394,-0.14922,650.00000,12996.76176,0.02462,-0.01385,-0.04530,-0.06893,-0.10830,-0.16340,-0.13174,2.18508
2020,161000,애경케미칼,KOSPI,637,3.72000,-0.01380,-0.02817,-0.03770,350.00000,-0.03770,-0.05691,-0.05098,0.02364,-0.05066,0.00951,0.00745,-0.07051,-0.00645,-0.04735,-0.12921,-0.06050,0.14124,0.06679,0.12549,0.25969,0.12470,0.24231,350.00000,9278.77346,0.03772,-0.02242,0.03807,0.02211,-0.03194,0.15405,0.27087,0.99946
2020,031330,에스에이엠티,KOSDAQ,775,5.89000,0.07168,0.05730,-0.03930,150.00000,-0.03930,-0.05851,0.02956,-0.04905,-0.12335,0.01911,-0.07061,-0.14857,-0.00399,0.06300,-0.01885,0.13920,0.02555,-0.04890,0.09905,0.08437,-0.05062,0.16209,140.00000,2547.28062,0.05889,0.07603,0.06558,0.04248,0.18566,0.14552,0.20856,0.66739
2020,012750,에스원,KOSPI,95,3.17000,0.08886,0.07448,-0.00930,2500.00000,-0.00930,-0.02851,0.07873,0.01994,-0.05436,0.11056,0.02230,-0.05566,0.11314,-0.02789,-0.10974,0.05849,-0.02797,-0.10241,0.05840,-0.03733,-0.17231,0.04821,2500.00000,85871.99493,0.02911,0.10001,0.13184,0.13442,0.07977,0.07968,0.06949,0.31944
2020,069510,에스텍,KOSDAQ,1365,5.94000,0.03970,0.02533,0.10000,400.00000,0.10000,0.08079,0.14367,0.04768,-0.02662,0.08927,0.09064,0.01268,0.13394,0.02392,-0.05794,0.06456,0.01916,-0.05528,0.05962,0.01910,-0.11588,0.05956,600.00000,10502.01801,0.03809,0.17254,0.11814,0.16281,0.09344,0.08849,0.08843,-2.62550
2020,036560,KZ정밀,KOSDAQ,1215,3.65000,0.02430,0.00993,-0.02970,350.00000,-0.02970,-0.04891,-0.00612,-0.03681,-0.11111,-0.01341,-0.04638,-0.12434,-0.02320,-0.04408,-0.12593,-0.02085,-0.04519,-0.11963,-0.02199,-0.02742,-0.16241,-0.00379,300.00000,8418.90093,0.04157,0.02570,0.01841,0.00862,0.01097,0.00983,0.02803,0.71440
2020,001800,오리온홀딩스,KOSPI,259,4.92000,0.05690,0.04252,-0.04660,650.00000,-0.04660,-0.06581,0.00765,-0.05373,-0.12803,0.00012,-0.05728,-0.13524,-0.00364,-0.00360,-0.08545,0.05309,-0.00712,-0.08156,0.04938,0.01779,-0.11720,0.07570,650.00000,13963.09250,0.04655,0.04368,0.03615,0.03239,0.08913,0.08541,0.11173,1.00105
2020,316140,우리금융지주,KOSPI,41,7.12000,0.03244,0.01807,-0.04530,360.00000,-0.04530,-0.06451,-0.01433,-0.03057,-0.10487,0.00088,-0.00492,-0.08288,0.02736,-0.10353,-0.18538,-0.07444,-0.04142,-0.11586,-0.01032,-0.00496,-0.13994,0.02733,700.00000,10150.43490,0.03547,0.01233,0.02754,0.05402,-0.04779,0.01633,0.05398,1.27726
2020,010400,우진아이엔에스,KOSPI,1890,3.29000,0.05397,0.03960,0.00000,250.00000,0.00000,-0.01921,0.05397,0.00749,-0.06681,0.06187,-0.01375,-0.09171,0.03948,-0.01133,-0.09318,0.04203,-0.03128,-0.10572,0.02101,-0.02112,-0.15610,0.03172,250.00000,8008.92450,0.03122,0.07703,0.08493,0.06254,0.06509,0.04407,0.05477,
2020,095720,웅진씽크빅,KOSPI,608,11.31000,0.07843,0.06405,-0.04400,110.00000,-0.04400,-0.06321,0.03098,-0.07451,-0.14881,-0.00192,-0.08633,-0.16429,-0.01468,-0.08282,-0.16468,-0.01089,-0.14046,-0.21490,-0.07305,0.14717,0.01219,0.23714,310.00000,2955.90203,0.03721,0.05911,0.02621,0.01346,0.01724,-0.04491,0.26527,1.18236
2020,008370,원풍,KOSDAQ,1948,3.38000,-0.00209,-0.01647,-0.00110,160.00000,-0.00110,-0.02031,-0.00319,0.00567,-0.06863,0.00357,-0.01135,-0.08931,-0.01342,0.03717,-0.04469,0.03500,-0.00604,-0.08048,-0.00811,0.48428,0.34930,0.48118,150.00000,4428.58770,0.03613,0.02403,0.03078,0.01380,0.06221,0.01910,0.50839,0.03045
2020,002920,유성기업,KOSPI,1712,7.12000,-0.00175,-0.01613,-0.01960,120.00000,-0.01960,-0.03881,-0.02132,0.01956,-0.05474,0.01777,0.09436,0.01640,0.09244,0.11942,0.03757,0.11746,0.07868,0.00424,0.07679,0.10727,-0.02771,0.10533,200.00000,2804.06349,0.04280,0.01154,0.05063,0.12530,0.15031,0.10964,0.13819,0.45800
2020,049520,유아이엘,KOSDAQ,1593,10.20000,0.04335,0.02898,-0.04650,0.00000,-0.04650,-0.06571,-0.00516,-0.01963,-0.09393,0.02287,-0.04650,-0.12446,-0.00516,-0.04281,-0.12467,-0.00132,-0.08197,-0.15641,-0.04217,0.02197,-0.11301,0.06628,400.00000,4091.57317,0.00000,-0.00851,0.01952,-0.00851,-0.00467,-0.04552,0.06293,
2020,023410,유진기업,KOSDAQ,566,3.32000,0.06755,0.05318,-0.01970,170.00000,-0.01970,-0.03891,0.04652,0.04240,-0.03189,0.11282,0.05066,-0.02730,0.12163,-0.00140,-0.08325,0.06606,0.00179,-0.07265,0.06946,0.12076,-0.01422,0.19647,150.00000,4823.27609,0.03525,0.07299,0.13929,0.14810,0.09253,0.09593,0.22294,0.55893
2020,067920,이글루,KOSDAQ,1973,3.05000,0.05115,0.03678,-0.01970,160.00000,-0.01970,-0.03891,0.03045,-0.03313,-0.10743,0.01633,-0.04562,-0.12358,0.00320,-0.03729,-0.11915,0.01196,0.21975,0.14531,0.28215,0.31543,0.18045,0.38273,140.00000,4824.97353,0.03316,0.05515,0.04103,0.02790,0.03666,0.30685,0.40743,0.59407
2020,078020,LS증권,KOSDAQ,518,4.93000,0.01715,0.00277,-0.04630,550.00000,-0.04630,-0.06551,-0.02995,0.00412,-0.07018,0.02134,0.00127,-0.07669,0.01843,-0.04789,-0.12975,-0.03157,-0.03948,-0.11392,-0.02301,0.00292,-0.13206,0.02012,345.00000,7117.96272,0.07727,0.03207,0.08335,0.08045,0.03045,0.03901,0.08214,0.59920
2020,092130,이크레더블,KOSDAQ,654,3.03000,-0.00612,-0.02049,-0.02890,700.00000,-0.02890,-0.04811,-0.03484,-0.04327,-0.11757,-0.04913,-0.07216,-0.15012,-0.07783,-0.08444,-0.16630,-0.09005,-0.12983,-0.20427,-0.13515,-0.09264,-0.22762,-0.09819,740.00000,24273.02218,0.02884,-0.01379,-0.02808,-0.05678,-0.06900,-0.11411,-0.07715,1.00213
2020,017250,인터엠,KOSDAQ,2155,6.41000,-0.12822,-0.14260,0.00370,0.00000,0.00370,-0.01551,-0.12500,0.06985,-0.00444,-0.06732,0.09551,0.01755,-0.04496,0.15067,0.06882,0.00313,0.10666,0.03221,-0.03524,0.17640,0.04141,0.02556,100.00000,1360.02983,0.00000,-0.12835,-0.07067,-0.04831,-0.00022,-0.03859,0.02221,
2020,035080,그래디언트,KOSDAQ,950,3.10000,-0.05093,-0.06531,0.00000,20.00000,0.00000,-0.01921,-0.05093,0.07467,0.00038,0.01994,0.48730,0.40934,0.41155,0.89315,0.81129,0.79672,1.26682,1.19238,1.15137,1.28506,1.15008,1.16868,70.00000,2143.05556,0.00933,-0.04639,0.02448,0.41610,0.80127,1.15592,1.17323,
2020,094820,일진파워,KOSDAQ,1597,5.32000,0.03011,0.01573,-0.04820,300.00000,-0.04820,-0.06741,-0.01954,-0.06197,-0.13627,-0.03373,-0.08083,-0.15879,-0.05316,-0.08763,-0.16949,-0.06016,-0.08937,-0.16381,-0.06195,-0.01179,-0.14677,0.01797,300.00000,5808.88504,0.05165,0.02080,0.00661,-0.01282,-0.01982,-0.02161,0.05831,0.93329
2020,040420,정상제이엘에스,KOSDAQ,1417,6.45000,0.01518,0.00080,-0.05320,430.00000,-0.05320,-0.07241,-0.03883,-0.09164,-0.16594,-0.07785,-0.09157,-0.16953,-0.07778,-0.10635,-0.18820,-0.09279,-0.08871,-0.16316,-0.07488,-0.04439,-0.17937,-0.02988,430.00000,6767.84998,0.06354,0.01157,-0.02745,-0.02738,-0.04238,-0.02448,0.02052,0.83732
2020,122310,제노레이,KOSDAQ,1143,4.05000,-0.03067,-0.04505,0.00840,120.00000,0.00840,-0.01081,-0.02253,0.08565,0.01135,0.05235,0.02001,-0.05795,-0.01128,0.02634,-0.05552,-0.00514,-0.03001,-0.10446,-0.05976,0.03252,-0.10247,0.00085,400.00000,9573.60593,0.01253,-0.01528,0.05960,-0.00402,0.00211,-0.05251,0.00810,-0.67015
2020,194370,제이에스코퍼레이션,KOSPI,1468,6.75000,0.01607,0.00169,-0.00930,450.00000,-0.00930,-0.02851,0.00662,-0.01195,-0.08625,0.00392,-0.02652,-0.10448,-0.01088,0.03590,-0.04595,0.05255,0.68009,0.60564,0.70708,1.39776,1.26277,1.43628,500.00000,7526.40829,0.05979,0.05385,0.05115,0.03635,0.09978,0.75431,1.48351,0.15555
2020,030000,제일기획,KOSPI,115,3.95000,0.02420,0.00983,-0.03760,840.00000,-0.03760,-0.05681,-0.01431,-0.03059,-0.10489,-0.00713,-0.00953,-0.08749,0.01444,-0.05427,-0.13612,-0.03138,-0.08482,-0.15926,-0.06267,0.03281,-0.10218,0.05780,820.00000,21261.91636,0.03951,0.01577,0.02294,0.04451,-0.00131,-0.03259,0.08788,0.95172
2020,004910,조광페인트,KOSPI,1720,3.55000,0.15463,0.14025,0.03850,200.00000,0.03850,0.01929,0.19908,0.04147,-0.03283,0.20250,-0.01249,-0.09045,0.14020,-0.02331,-0.10516,0.12772,-0.02494,-0.09938,0.12584,0.06116,-0.07383,0.22524,200.00000,6504.93818,0.03075,0.22174,0.22517,0.16286,0.15038,0.14850,0.24790,-1.25220
2020,000480,CR홀딩스,KOSPI,603,4.90000,0.03778,0.02340,-0.04600,4200.00000,-0.04600,-0.06521,-0.00996,-0.01538,-0.08967,0.02182,-0.04603,-0.12399,-0.00999,-0.06246,-0.14431,-0.02704,-0.06250,-0.13694,-0.02708,-0.04126,-0.17624,-0.00504,4000.00000,84716.51775,0.04958,0.02863,0.06041,0.02861,0.01155,0.01151,0.03355,0.92785
2020,002600,조흥,KOSPI,1379,3.31000,-0.01376,-0.02814,-0.02510,6000.00000,-0.02510,-0.04431,-0.03852,-0.00553,-0.07983,-0.01922,-0.01119,-0.08915,-0.02481,-0.02511,-0.10697,-0.03853,-0.03083,-0.10527,-0.04417,-0.00569,-0.14067,-0.01938,6000.00000,178773.76319,0.03356,-0.01348,0.00582,0.00024,-0.01349,-0.01913,0.00567,0.74787
2020,035000,HS애드,KOSPI,1505,5.24000,0.05415,0.03978,-0.04470,300.00000,-0.04470,-0.06391,0.00703,-0.05634,-0.13064,-0.00523,-0.03972,-0.11768,0.01229,-0.03989,-0.12174,0.01211,-0.10626,-0.18070,-0.05786,-0.05639,-0.19138,-0.00529,300.00000,6035.23376,0.04971,0.04574,0.03347,0.05099,0.05081,-0.01916,0.03341,0.89925
2020,003780,진양산업,KOSPI,1866,4.29000,0.06856,0.05418,0.01410,180.00000,0.01410,-0.00511,0.08362,0.04230,-0.03200,0.11376,-0.02897,-0.10693,0.03760,-0.16761,-0.24946,-0.11054,-0.19969,-0.27414,-0.14483,0.56857,0.43359,0.67610,200.00000,4981.61073,0.03613,0.11084,0.14098,0.06482,-0.08332,-0.11761,0.70332,-0.39023
2020,100250,진양홀딩스,KOSPI,1077,6.08000,0.03042,0.01605,-0.02260,170.00000,-0.02260,-0.04181,0.00714,-0.03472,-0.10902,-0.00535,-0.03822,-0.11618,-0.00896,-0.07970,-0.16155,-0.05170,-0.05181,-0.12625,-0.02296,0.01250,-0.12248,0.04331,170.00000,2881.12044,0.05900,0.05370,0.04122,0.03760,-0.00513,0.02361,0.08988,0.38302
2020,004650,창해에탄올,KOSDAQ,1239,4.38000,0.00728,-0.00710,-0.00720,600.00000,-0.00720,-0.02641,0.00002,-0.01437,-0.08867,-0.00720,-0.05064,-0.12860,-0.04373,-0.06515,-0.14701,-0.05835,-0.06137,-0.13582,-0.05454,-0.05408,-0.18907,-0.04720,600.00000,13798.30090,0.04348,0.03346,0.02623,-0.01029,-0.02491,-0.02111,-0.01376,0.16558
2020,000650,천일고속,KOSPI,1455,7.12000,0.03850,0.02413,-0.02740,3000.00000,-0.02740,-0.04661,0.01005,-0.05622,-0.13051,-0.01988,-0.06724,-0.14520,-0.03132,-0.08507,-0.16692,-0.04984,-0.11391,-0.18835,-0.07979,-0.11267,-0.24766,-0.07851,5000.00000,72928.41020,0.04114,0.04150,0.01157,0.00013,-0.01839,-0.04834,-0.04706,0.66608
2020,096240,크레버스,KOSDAQ,1087,4.95000,0.01006,-0.00432,0.00000,800.00000,0.00000,-0.01921,0.01006,-0.03675,-0.11105,-0.02707,-0.10540,-0.18336,-0.09640,-0.07355,-0.15541,-0.06423,-0.06860,-0.14304,-0.05923,0.28668,0.15169,0.29962,1000.00000,20405.19512,0.03921,0.03988,0.00275,-0.06659,-0.03442,-0.02941,0.32943,
2020,214370,케어젠,KOSDAQ,304,4.27000,0.09926,0.08488,-0.00550,2000.00000,-0.00550,-0.02471,0.09321,0.06940,-0.00490,0.17555,0.06367,-0.01429,0.16924,-0.02075,-0.10260,0.07645,-0.04851,-0.12295,0.04594,-0.08879,-0.22378,0.00165,2800.00000,72082.44403,0.02775,0.11333,0.19567,0.18937,0.09657,0.06606,0.02177,0.19823
2020,115500,케이씨에스,KOSDAQ,1758,3.83000,0.05771,0.04333,0.02800,220.00000,0.02800,0.00879,0.08732,-0.01809,-0.09239,0.03857,-0.07075,-0.14871,-0.01713,-0.00161,-0.08346,0.05601,0.48027,0.40582,0.56569,0.40273,0.26775,0.48368,220.00000,6075.60141,0.03621,0.11461,0.06585,0.01015,0.08329,0.59297,0.51096,-0.77326
2020,024880,케이피에프,KOSDAQ,1594,3.32000,0.03503,0.02065,0.06410,130.00000,0.06410,0.04489,0.10137,0.06215,-0.01215,0.09935,0.02406,-0.05390,0.05993,-0.00389,-0.08575,0.03100,-0.09688,-0.17132,-0.06525,-0.10675,-0.24173,-0.07546,160.00000,4988.07574,0.02606,0.12007,0.11805,0.07863,0.04970,-0.04655,-0.05676,-2.45950
2020,190650,코리아에셋투자증권,KOSDAQ,1993,3.93000,0.00907,-0.00530,-0.01040,300.00000,-0.01040,-0.02961,-0.00142,0.01953,-0.05477,0.02878,0.03506,-0.04290,0.04446,0.01291,-0.06895,0.02210,0.03635,-0.03809,0.04575,0.15206,0.01708,0.16252,300.00000,7702.85215,0.03895,0.02818,0.05838,0.07406,0.05170,0.07535,0.19212,0.26703
2020,152330,코리아오토글라스,KOSPI,596,5.44000,0.00000,-0.01437,,,0.00000,-0.01921,0.00000,0.00000,-0.07430,0.00000,0.00000,-0.07796,0.00000,0.00000,-0.08185,0.00000,0.00000,-0.07444,0.00000,0.00000,-0.13498,0.00000,900.00000,16544.11765,,,,,,,,
2020,003690,코리안리,KOSPI,234,6.45000,0.10310,0.08873,-0.06080,450.00000,-0.06080,-0.08001,0.03603,-0.07481,-0.14911,0.02058,-0.09232,-0.17028,0.00126,-0.11918,-0.20103,-0.02836,-0.07125,-0.14569,0.02451,-0.02575,-0.16074,0.07469,500.00000,8551.17764,0.05262,0.07720,0.06175,0.04243,0.01281,0.06568,0.11586,1.15536
2020,029960,코엔텍,KOSDAQ,462,5.95000,0.07077,0.05640,-0.02160,510.00000,-0.02160,-0.04081,0.04765,-0.04938,-0.12367,0.01790,-0.05960,-0.13756,0.00696,-0.08952,-0.17138,-0.02509,-0.10601,-0.18045,-0.04274,-0.09472,-0.22970,-0.03065,540.00000,9717.95468,0.05248,0.08869,0.05895,0.04801,0.01596,-0.00169,0.01040,0.41158
2020,021240,코웨이,KOSPI,53,3.46000,0.04753,0.03315,-0.01510,1200.00000,-0.01510,-0.03431,0.03171,0.00966,-0.06464,0.05765,0.03583,-0.04213,0.08506,-0.02332,-0.10517,0.02310,-0.10711,-0.18155,-0.06468,-0.08641,-0.22139,-0.04299,2400.00000,72660.76352,0.01652,0.04233,0.06827,0.09568,0.03372,-0.05405,-0.03237,0.91431
2020,052330,코텍,KOSDAQ,1161,4.48000,-0.00791,-0.02229,0.00680,250.00000,0.00680,-0.01241,-0.00116,0.02368,-0.05062,0.01558,0.07224,-0.00572,0.06376,0.10055,0.01870,0.09184,0.11742,0.04298,0.10858,0.19091,0.05593,0.18149,400.00000,8857.94027,0.02822,0.01936,0.03611,0.08428,0.11237,0.12911,0.20202,-0.24094
2020,192400,쿠쿠홀딩스,KOSPI,313,3.13000,0.05424,0.03987,-0.01680,3300.00000,-0.01680,-0.03601,0.03653,-0.04156,-0.11586,0.01043,-0.05540,-0.13336,-0.00416,-0.03048,-0.11234,0.02211,0.29244,0.21800,0.36255,0.26780,0.13282,0.33657,3000.00000,101045.82112,0.03266,0.06081,0.03471,0.02012,0.04639,0.38683,0.36085,0.51442
2020,015890,태경산업,KOSPI,1029,6.50000,0.07195,0.05758,-0.02460,240.00000,-0.02460,-0.04381,0.04558,-0.03276,-0.10706,0.03683,-0.06723,-0.14519,-0.00011,-0.08036,-0.16222,-0.01419,-0.07726,-0.15170,-0.01086,0.05374,-0.08124,0.12957,370.00000,6101.89563,0.03933,0.07551,0.06676,0.02981,0.01574,0.01906,0.15949,0.62544
2020,011280,태림포장,KOSPI,399,3.95000,-0.20546,-0.21983,0.00680,0.00000,0.00680,-0.01241,-0.20005,-0.00863,-0.08293,-0.21231,-0.04114,-0.11910,-0.23815,-0.07882,-0.16068,-0.26808,-0.15671,-0.23115,-0.32997,-0.11811,-0.25309,-0.29930,290.00000,5833.36368,0.00000,-0.20340,-0.21566,-0.24150,-0.27143,-0.33332,-0.30265,
2020,078000,텔코웨어,KOSPI,1327,4.60000,0.04160,0.02723,-0.02010,480.00000,-0.02010,-0.03931,0.02067,-0.04429,-0.11859,-0.00453,-0.05626,-0.13422,-0.01700,-0.04826,-0.13012,-0.00867,-0.09245,-0.16689,-0.05469,-0.07642,-0.21140,-0.03800,550.00000,12453.93020,0.03854,0.04992,0.02473,0.01226,0.02059,-0.02543,-0.00874,0.52151
2020,051360,토비스,KOSDAQ,1253,3.23000,0.02965,0.01527,-0.02090,0.00000,-0.02090,-0.04011,0.00813,0.05226,-0.02204,0.08346,0.02227,-0.05569,0.05258,0.00538,-0.07647,0.03519,-0.06254,-0.13699,-0.03475,0.03023,-0.10475,0.06078,240.00000,7650.63689,0.00000,0.00478,0.08011,0.04923,0.03184,-0.03810,0.05743,
2020,065690,파커스,KOSDAQ,2076,5.00000,-0.01679,-0.03117,-0.02370,150.00000,-0.02370,-0.04291,-0.04009,0.00849,-0.06580,-0.00844,-0.00840,-0.08636,-0.02505,-0.02194,-0.10379,-0.03836,-0.02364,-0.09808,-0.04003,0.01712,-0.11786,0.00005,150.00000,2949.62739,0.05085,-0.00042,0.03123,0.01463,0.00131,-0.00036,0.03972,0.46604
2020,091700,파트론,KOSDAQ,385,3.50000,0.10502,0.09064,0.01360,250.00000,0.01360,-0.00561,0.12005,-0.00899,-0.08329,0.09508,0.04972,-0.02824,0.15995,0.08582,0.00396,0.19985,0.00890,-0.06554,0.11485,-0.03629,-0.17127,0.06492,350.00000,11050.18913,0.02262,0.13584,0.11087,0.17574,0.21564,0.13064,0.08071,-0.60113
2020,047050,포스코인터내셔널,KOSPI,154,5.26000,0.14296,0.12858,-0.04280,700.00000,-0.04280,-0.06201,0.09404,0.07238,-0.00192,0.22569,-0.00003,-0.07799,0.14292,0.05604,-0.02581,0.20701,0.42448,0.35004,0.62812,0.37166,0.23667,0.56774,700.00000,15210.46630,0.04602,0.12962,0.26127,0.17851,0.24260,0.66371,0.60333,0.93001
2020,007330,푸른저축은행,KOSDAQ,1187,6.12000,0.00988,-0.00449,-0.07270,550.00000,-0.07270,-0.09191,-0.06354,-0.08814,-0.16244,-0.07913,-0.11013,-0.18809,-0.10134,-0.09236,-0.17422,-0.08339,-0.03410,-0.10854,-0.02455,1.65394,1.51896,1.68017,550.00000,9075.74333,0.06060,-0.01562,-0.03121,-0.05342,-0.03547,0.02337,1.72809,1.19965
2020,005810,풍산홀딩스,KOSPI,820,5.02000,0.04443,0.03005,-0.03090,1200.00000,-0.03090,-0.05011,0.01215,0.05305,-0.02125,0.09983,0.04625,-0.03171,0.09273,0.50265,0.42080,0.56941,0.20638,0.13194,0.25998,0.13941,0.00443,0.19003,1400.00000,29127.46027,0.04120,0.04366,0.13134,0.12424,0.60091,0.29148,0.22154,0.75003
2020,075130,플랜티넷,KOSDAQ,1957,4.31000,0.05508,0.04070,-0.00820,200.00000,-0.00820,-0.02741,0.04643,0.11934,0.04505,0.18099,0.27449,0.19653,0.34468,0.22239,0.14053,0.28971,-0.04563,-0.12007,0.00694,0.08690,-0.04809,0.14676,250.00000,6119.93808,0.03268,0.07072,0.20529,0.36898,0.31401,0.03124,0.17106,0.25092
2020,002230,피에스텍,KOSDAQ,1553,3.31000,0.02978,0.01541,0.01280,75.00000,0.01280,-0.00641,0.04296,0.00000,-0.07430,0.02978,-0.00849,-0.08645,0.02104,0.21428,0.13243,0.25045,0.19077,0.11633,0.22623,0.17781,0.04283,0.21289,150.00000,4666.68950,0.01607,0.05321,0.04003,0.03128,0.26069,0.23648,0.22314,-0.79645
2020,128660,피제이메탈,KOSDAQ,1943,4.64000,0.04639,0.03201,0.02880,120.00000,0.02880,0.00959,0.07652,0.04435,-0.02995,0.09280,0.07541,-0.00255,0.12529,0.07756,-0.00430,0.12754,0.09083,0.01638,0.14143,0.17514,0.04015,0.22965,100.00000,2255.14464,0.05321,0.11819,0.13446,0.16696,0.16921,0.18310,0.27132,-0.54123
2020,086790,하나금융지주,KOSPI,33,6.20000,0.05893,0.04456,-0.04880,1850.00000,-0.04880,-0.06801,0.00725,0.02653,-0.04777,0.08703,0.09498,0.01702,0.15950,-0.03749,-0.11935,0.01923,0.05769,-0.01675,0.12003,0.15392,0.01894,0.22192,2100.00000,35867.00508,0.05158,0.04754,0.12731,0.19979,0.05952,0.16031,0.26221,0.94611
2020,013030,하이록코리아,KOSDAQ,935,3.65000,0.01084,-0.00353,-0.01810,500.00000,-0.01810,-0.03731,-0.00745,0.00356,-0.07074,0.01444,-0.05049,-0.12845,-0.04020,0.10117,0.01931,0.11311,0.06146,-0.01298,0.07297,0.14827,0.01329,0.16072,500.00000,13847.14739,0.03611,0.01974,0.04164,-0.01300,0.14030,0.10017,0.18792,0.50127
2020,071050,한국금융지주,KOSPI,74,3.91000,0.07963,0.06525,-0.01130,3000.00000,-0.01130,-0.03051,0.06743,0.10745,0.03315,0.19563,0.09736,0.01940,0.18474,0.07506,-0.00680,0.16066,0.09136,0.01692,0.17827,0.07256,-0.06242,0.15797,2900.00000,80074.70398,0.03747,0.09577,0.22397,0.21309,0.18901,0.20661,0.18631,0.30161
2020,034950,한국기업평가,KOSDAQ,441,8.24000,0.13286,0.11848,-0.09700,2907.00000,-0.09700,-0.11621,0.02297,-0.18492,-0.25922,-0.07663,-0.23301,-0.31097,-0.13110,-0.26519,-0.34705,-0.16757,-0.24252,-0.31697,-0.14188,-0.25096,-0.38595,-0.15145,8618.00000,118482.75099,0.02454,0.04038,-0.05923,-0.11370,-0.15016,-0.12448,-0.13404,3.95350
2020,002960,한국쉘석유,KOSPI,574,6.08000,0.07992,0.06555,-0.06510,14000.00000,-0.06510,-0.08431,0.00962,-0.10041,-0.17471,-0.02851,-0.12856,-0.20652,-0.05891,-0.13388,-0.21574,-0.06466,-0.12506,-0.19950,-0.05513,-0.11619,-0.25117,-0.04555,16000.00000,284189.58034,0.04926,0.04794,0.00982,-0.02059,-0.02634,-0.01681,-0.00723,1.32148
2020,123890,한국자산신탁,KOSPI,418,5.05000,0.05151,0.03714,-0.04560,220.00000,-0.04560,-0.06481,0.00357,-0.01310,-0.08740,0.03774,-0.06237,-0.14033,-0.01407,-0.04671,-0.12856,0.00240,-0.06834,-0.14279,-0.02035,0.11307,-0.02191,0.17041,200.00000,4164.41436,0.05283,0.04491,0.07908,0.02728,0.04374,0.02099,0.21176,0.86317
2020,104700,한국철강,KOSPI,652,3.13000,0.02833,0.01395,-0.01670,200.00000,-0.01670,-0.03591,0.01116,0.04879,-0.02551,0.07850,0.09000,0.01204,0.12088,0.19960,0.11774,0.23358,0.21330,0.13885,0.24767,0.65935,0.52437,0.70636,200.00000,6570.79459,0.03044,0.03356,0.10091,0.14328,0.25598,0.27007,0.72876,0.54866
2020,023760,한국캐피탈,KOSDAQ,918,4.13000,-0.01158,-0.02595,-0.02340,25.00000,-0.02340,-0.04261,-0.03471,-0.01170,-0.08600,-0.02314,-0.03506,-0.11302,-0.04623,-0.02842,-0.11027,-0.03967,-0.00839,-0.08284,-0.01987,0.15386,0.01888,0.14051,25.00000,598.31957,0.04178,-0.00271,0.00886,-0.01423,-0.00767,0.01213,0.17250,0.56003
2020,054040,한국컴퓨터,KOSDAQ,1967,4.09000,-0.08330,-0.09767,-0.00510,150.00000,-0.00510,-0.02431,-0.08797,0.02399,-0.05031,-0.06131,0.06167,-0.01629,-0.02677,0.04623,-0.03563,-0.04092,0.37418,0.29973,0.25971,0.58021,0.44522,0.44858,130.00000,2913.72221,0.05148,-0.04777,-0.02110,0.01344,-0.00072,0.29991,0.48878,0.09907
2020,034830,한국토지신탁,KOSPI,449,5.96000,0.13271,0.11833,-0.03590,90.00000,-0.03590,-0.05511,0.09204,-0.00002,-0.07432,0.13268,-0.01677,-0.09473,0.11371,-0.02633,-0.10819,0.10288,-0.01202,-0.08647,0.11909,0.15324,0.01826,0.30629,110.00000,2090.56583,0.04305,0.12511,0.16575,0.14678,0.13595,0.15216,0.33936,0.83390
2020,060980,HL홀딩스,KOSPI,526,5.48000,0.06582,0.05144,-0.04240,2000.00000,-0.04240,-0.06161,0.02063,0.03976,-0.03454,0.10820,0.11175,0.03379,0.18492,0.18222,0.10036,0.26003,0.07318,-0.00126,0.14381,0.05119,-0.08379,0.12038,2000.00000,38898.47841,0.05142,0.06078,0.14834,0.22507,0.30017,0.18396,0.16053,0.82465
2020,016450,한세예스24홀딩스,KOSPI,721,3.89000,0.19168,0.17731,0.00000,250.00000,0.00000,-0.01921,0.19168,-0.00514,-0.07944,0.18556,-0.04701,-0.12497,0.13566,-0.06659,-0.14844,0.11233,-0.04057,-0.11501,0.14334,0.04566,-0.08932,0.24610,250.00000,7658.63184,0.03264,0.21595,0.20983,0.15993,0.13660,0.16761,0.27037,
2020,213500,한솔제지,KOSPI,585,4.24000,-0.00024,-0.01461,-0.01770,700.00000,-0.01770,-0.03691,-0.01793,-0.02469,-0.09899,-0.02492,-0.05287,-0.13083,-0.05310,-0.05990,-0.14176,-0.06012,-0.07063,-0.14507,-0.07085,0.00014,-0.13484,-0.00009,600.00000,14147.59699,0.04948,0.02058,0.01359,-0.01459,-0.02162,-0.03234,0.03841,0.35773
2020,045100,한양이엔지,KOSDAQ,766,3.38000,0.27442,0.26005,0.00590,500.00000,0.00590,-0.01331,0.28194,-0.00016,-0.07446,0.27422,-0.03857,-0.11653,0.22527,0.13248,0.05062,0.44325,-0.05032,-0.12477,0.21029,0.07342,-0.06156,0.36800,450.00000,16967.17323,0.02947,0.30352,0.29580,0.24685,0.46484,0.23187,0.38958,-0.20021
2020,001750,한양증권,KOSPI,1258,3.59000,-0.02248,-0.03685,-0.03570,750.00000,-0.03570,-0.05491,-0.05738,-0.00319,-0.07749,-0.02560,0.02613,-0.05183,0.00306,-0.00014,-0.08200,-0.02262,0.05975,-0.01470,0.03592,0.10702,-0.02797,0.08213,350.00000,9530.14525,0.07870,0.00585,0.03763,0.06629,0.04061,0.09915,0.14536,0.45363
2020,046110,한일네트웍스,KOSDAQ,1888,4.72000,0.06674,0.05236,-0.04520,240.00000,-0.04520,-0.06441,0.01852,-0.06448,-0.13878,-0.00204,-0.04244,-0.12040,0.02147,-0.05405,-0.13591,0.00908,0.07677,0.00233,0.14863,0.08820,-0.04679,0.16082,230.00000,5198.09347,0.04617,0.05423,0.03367,0.05718,0.04479,0.18435,0.19653,0.97897
2020,300720,한일시멘트,KOSPI,332,5.10000,0.17674,0.16236,-0.04150,5100.00000,-0.04150,-0.06071,0.12790,-0.00467,-0.07897,0.17124,-0.00924,-0.08720,0.16586,-0.02744,-0.10929,0.14445,0.07876,0.00431,0.26941,0.42007,0.28509,0.67105,4700.00000,108444.47142,0.04703,0.16434,0.20768,0.20230,0.18089,0.30585,0.70749,0.88244
2020,006390,한일현대시멘트,KOSPI,474,3.87000,0.11796,0.10358,0.00170,1100.00000,0.00170,-0.01751,0.11986,0.07432,0.00002,0.20105,0.05014,-0.02782,0.17401,0.33049,0.24864,0.48743,0.32713,0.25269,0.48368,0.43086,0.29588,0.59965,1000.00000,28887.82588,0.03808,0.14872,0.22991,0.20288,0.51630,0.51254,0.62851,-0.04464
2020,003300,한일홀딩스,KOSPI,629,4.34000,0.11792,0.10354,-0.05910,510.00000,-0.05910,-0.07831,0.05185,-0.08866,-0.16296,0.01880,-0.11397,-0.19193,-0.00949,-0.09706,-0.17892,0.00941,-0.08871,-0.16316,0.01874,0.02517,-0.10982,0.14605,2300.00000,59244.49319,0.00861,0.05578,0.02273,-0.00556,0.01334,0.02268,0.14998,6.86539
2020,051600,한전KPS,KOSPI,190,6.61000,0.07401,0.05964,-0.05130,1146.00000,-0.05130,-0.07051,0.01891,-0.06876,-0.14306,0.00016,-0.09122,-0.16918,-0.02396,-0.11992,-0.20177,-0.05478,-0.12789,-0.20233,-0.06334,-0.01583,-0.15081,0.05701,1920.00000,31196.71130,0.03673,0.04664,0.02789,0.00377,-0.02705,-0.03561,0.08474,1.39650
2020,130660,한전산업,KOSPI,1211,5.68000,0.20655,0.19218,-0.02490,208.00000,-0.02490,-0.04411,0.17651,-0.02701,-0.10131,0.17397,-0.08087,-0.15883,0.10898,-0.02793,-0.10978,0.17286,-0.03215,-0.10659,0.16776,-0.01446,-0.14944,0.18911,227.00000,4821.96541,0.04314,0.20965,0.20711,0.14212,0.20600,0.20091,0.22225,0.57724
2020,011760,현대코퍼레이션,KOSPI,891,4.04000,0.09758,0.08320,-0.02760,600.00000,-0.02760,-0.04681,0.06728,0.09509,0.02079,0.20195,0.08286,0.00490,0.18852,-0.00011,-0.08196,0.09746,0.09180,0.01736,0.19833,0.20826,0.07328,0.32616,600.00000,16300.64144,0.03681,0.09507,0.22974,0.21631,0.12525,0.22612,0.35395,0.74983
2020,267250,HD현대,KOSPI,63,6.62000,0.13948,0.12511,-0.08790,3700.00000,-0.08790,-0.10711,0.03932,-0.09422,-0.16851,0.03212,-0.12402,-0.20198,-0.00184,-0.23226,-0.31412,-0.12518,-0.15051,-0.22495,-0.03202,-0.11293,-0.24791,0.01080,18500.00000,318434.72881,0.01162,0.04580,0.03860,0.00464,-0.11870,-0.02554,0.01728,7.56498
2020,001500,현대차증권,KOSPI,553,4.88000,0.10976,0.09538,-0.06590,675.00000,-0.06590,-0.08511,0.03662,-0.03661,-0.11091,0.06912,0.07697,-0.00099,0.19518,-0.02938,-0.11123,0.07716,-0.14292,-0.21736,-0.04884,-0.08434,-0.21932,0.01616,600.00000,13644.55515,0.04947,0.07513,0.10763,0.23368,0.11566,-0.01034,0.05467,1.33211
2020,227840,현대코퍼레이션홀딩스,KOSPI,1401,4.27000,-0.00421,-0.01858,-0.03000,500.00000,-0.03000,-0.04921,-0.03408,-0.03422,-0.10852,-0.03829,-0.04282,-0.12078,-0.04685,-0.09428,-0.17614,-0.09809,0.06028,-0.01417,0.05581,0.26195,0.12697,0.25664,500.00000,11660.34025,0.04288,-0.00115,-0.00536,-0.01392,-0.06517,0.08874,0.28957,0.69962
2020,039010,현대에이치티,KOSDAQ,1829,4.07000,0.11265,0.09828,0.00000,350.00000,0.00000,-0.01921,0.11265,0.09505,0.02075,0.21841,0.09747,0.01951,0.22110,0.04507,-0.03679,0.16280,0.07947,0.00503,0.20108,0.37809,0.24311,0.53334,300.00000,8201.37814,0.04268,0.14541,0.25117,0.25385,0.19555,0.23383,0.56610,
2020,001450,현대해상,KOSPI,130,3.95000,0.05395,0.03957,-0.03830,1000.00000,-0.03830,-0.05751,0.01358,-0.01914,-0.09344,0.03377,-0.04469,-0.12265,0.00684,-0.14249,-0.22435,-0.09623,-0.05068,-0.12512,0.00053,0.02794,-0.10704,0.08339,880.00000,23480.30303,0.04259,0.04626,0.06645,0.03952,-0.06355,0.03321,0.11607,0.89930
2020,092300,현우산업,KOSDAQ,2027,3.36000,0.16119,0.14681,0.00580,100.00000,0.00580,-0.01341,0.16792,0.53180,0.45750,0.77871,0.39460,0.31664,0.61939,0.37850,0.29664,0.60069,0.23708,0.16264,0.43648,0.25131,0.11633,0.45301,100.00000,3455.91146,0.02894,0.18905,0.79984,0.64052,0.62182,0.45761,0.47414,-0.20044
2020,002460,HS화성,KOSPI,1099,4.08000,0.05708,0.04271,-0.04250,650.00000,-0.04250,-0.06171,0.01216,-0.03482,-0.10912,0.02027,-0.03092,-0.10888,0.02440,-0.09654,-0.17839,-0.04496,-0.11582,-0.19027,-0.06535,-0.06947,-0.20445,-0.01635,500.00000,12954.45891,0.05018,0.05126,0.05937,0.06350,-0.00586,-0.02625,0.02275,0.84702
2020,000850,화천기공,KOSPI,1743,3.92000,0.02849,0.01412,-0.01680,750.00000,-0.01680,-0.03601,0.01121,-0.01366,-0.08796,0.01444,0.01380,-0.06416,0.04269,-0.01070,-0.09255,0.01749,-0.04135,-0.11579,-0.01404,0.04554,-0.08944,0.07533,1250.00000,32796.35352,0.02287,0.02721,0.03044,0.05868,0.03349,0.00196,0.09133,0.73464
2020,004800,효성,KOSPI,148,6.23000,0.00743,-0.00695,-0.04940,5000.00000,-0.04940,-0.06861,-0.04234,-0.04688,-0.12118,-0.03980,-0.04567,-0.12363,-0.03858,-0.05683,-0.13868,-0.04982,-0.01232,-0.08676,-0.00498,0.10386,-0.03113,0.11205,5000.00000,80852.91083,0.06184,0.00663,0.00917,0.01039,-0.00085,0.04398,0.16102,0.79883
2020,298000,효성화학,KOSPI,484,3.75000,0.15340,0.13903,0.00970,0.00000,0.00970,-0.00951,0.16459,0.16880,0.09451,0.34810,0.15270,0.07474,0.32953,0.11370,0.03184,0.28454,0.42862,0.35417,0.64777,1.01948,0.88449,1.32927,5000.00000,153787.07386,0.00000,0.16124,0.34475,0.32618,0.28119,0.64442,1.32592,
2020,005010,휴스틸,KOSPI,1916,4.13000,-0.01127,-0.02565,-0.00140,200.00000,-0.00140,-0.02061,-0.01266,0.08503,0.01073,0.07280,0.04047,-0.03749,0.02874,0.07675,-0.00510,0.06462,0.29715,0.22270,0.28253,0.48360,0.34862,0.46688,300.00000,7182.05197,0.02785,0.00755,0.09301,0.04895,0.08482,0.30273,0.48709,0.05027
2020,069260,TKG휴켐스,KOSPI,221,4.11000,0.05123,0.03685,-0.03130,1000.00000,-0.03130,-0.05051,0.01833,0.01952,-0.05478,0.07174,-0.03904,-0.11700,0.01019,-0.13089,-0.21274,-0.08637,-0.10546,-0.17990,-0.05963,-0.12888,-0.26386,-0.08425,1000.00000,25577.34873,0.03910,0.04805,0.10147,0.03992,-0.05664,-0.02991,-0.05452,0.80057
2020,037440,희림,KOSDAQ,1934,3.88000,0.02326,0.00888,-0.00760,150.00000,-0.00760,-0.02681,0.01548,-0.00254,-0.07684,0.02066,0.00252,-0.07544,0.02584,0.05534,-0.02651,0.07989,0.05909,-0.01536,0.08372,0.17288,0.03790,0.20016,150.00000,3955.89537,0.03792,0.04421,0.04938,0.05457,0.10862,0.11245,0.22889,0.20043
2021,095570,AJ네트웍스,KOSPI,834,3.93000,0.03168,-0.05499,-0.01090,270.00000,-0.01090,-0.01864,0.02044,-0.07795,-0.08346,-0.04873,-0.08699,-0.09794,-0.05807,-0.12690,-0.01797,-0.09924,-0.00748,0.03777,0.02396,0.12093,0.10841,0.15644,210.00000,5512.81117,0.04898,0.05852,-0.01065,-0.01998,-0.06115,0.06205,0.19453,0.22255
2021,138930,BNK금융지주,KOSPI,128,4.00000,0.11721,0.03054,-0.06040,560.00000,-0.06040,-0.06814,0.04973,-0.05155,-0.05706,0.05962,-0.00245,-0.01340,0.11447,-0.11312,-0.00419,-0.00917,-0.14997,-0.10471,-0.05034,-0.10969,-0.12220,-0.00533,320.00000,8937.67296,0.06266,0.09939,0.10928,0.16413,0.04049,-0.00068,0.04432,0.96399
2021,016610,DB증권,KOSPI,770,4.60000,0.03852,-0.04815,-0.03550,500.00000,-0.03550,-0.04324,0.00166,-0.03257,-0.03808,0.00470,0.00289,-0.00805,0.04153,-0.07672,0.03220,-0.04116,-0.07944,-0.03419,-0.04398,-0.01167,-0.02418,0.02640,300.00000,6772.98063,0.07382,0.06076,0.06381,0.10063,0.01795,0.01513,0.08551,0.48088
2021,005830,DB손해보험,KOSPI,91,4.09000,0.09871,0.01204,-0.08630,3500.00000,-0.08630,-0.09404,0.00389,0.02043,0.01492,0.12115,0.09988,0.08893,0.20845,0.01694,0.12586,0.11732,-0.00670,0.03855,0.09135,0.18286,0.17035,0.29962,2200.00000,59099.25503,0.05922,0.05064,0.16790,0.25520,0.16407,0.13810,0.34637,1.45722
2021,139130,iM금융지주,KOSPI,199,4.36000,0.10261,0.01594,-0.04560,630.00000,-0.04560,-0.05334,0.05233,-0.04350,-0.04900,0.05465,-0.02011,-0.03106,0.08043,-0.07177,0.03715,0.02348,-0.08091,-0.03565,0.01340,-0.05344,-0.06595,0.04369,390.00000,9862.79720,0.06388,0.10302,0.10534,0.13112,0.07417,0.06409,0.09438,0.71388
2021,017940,E1,KOSPI,705,4.93000,0.11997,0.03331,-0.04400,2200.00000,-0.04400,-0.05174,0.07070,-0.04792,-0.05343,0.06630,-0.04196,-0.05291,0.07298,-0.11995,-0.01103,-0.01437,-0.05784,-0.01258,0.05520,-0.05283,-0.06534,0.06081,2200.00000,49978.59398,0.04402,0.10459,0.10019,0.10687,0.01952,0.08909,0.09470,0.99957
2021,078930,GS,KOSPI,98,5.07000,0.10677,0.02010,-0.04820,2000.00000,-0.04820,-0.05594,0.05342,-0.03494,-0.04045,0.06809,-0.02893,-0.03988,0.07475,-0.10704,0.00188,-0.01171,-0.00342,0.04183,0.10298,0.05787,0.04536,0.17082,1900.00000,41476.46283,0.04822,0.09086,0.10554,0.11219,0.02574,0.14042,0.20826,0.99958
2021,006360,GS건설,KOSPI,109,3.27000,0.12664,0.03997,-0.02060,1300.00000,-0.02060,-0.02834,0.10343,0.05805,0.05254,0.19204,0.07611,0.06517,0.21239,-0.10291,0.00602,0.01070,0.04110,0.08635,0.17294,0.12206,0.10955,0.26416,1200.00000,41344.55582,0.03144,0.12668,0.21529,0.23564,0.03395,0.19620,0.28741,0.65515
2021,007070,GS리테일,KOSPI,118,3.19000,0.11675,0.03008,-0.02380,1200.00000,-0.02380,-0.03154,0.09017,-0.06036,-0.06587,0.04934,-0.05728,-0.06822,0.05278,-0.17438,-0.06545,-0.07799,-0.14593,-0.10067,-0.04621,-0.10171,-0.11422,0.00317,900.00000,31506.99463,0.03809,0.11904,0.07821,0.08166,-0.04912,-0.01734,0.03204,0.62489
2021,039570,HDC랩스,KOSPI,1042,3.49000,0.11337,0.02670,-0.02750,450.00000,-0.02750,-0.03524,0.08275,-0.09814,-0.10364,0.00411,-0.17663,-0.18757,-0.08328,-0.24327,-0.13435,-0.15748,-0.16483,-0.11958,-0.07015,-0.19623,-0.20874,-0.10510,400.00000,12760.71427,0.03526,0.10924,0.03059,-0.05680,-0.13099,-0.04367,-0.07862,0.77982
2021,175330,JB금융지주,KOSPI,191,4.66000,0.08721,0.00054,-0.05840,599.00000,-0.05840,-0.06614,0.02371,-0.04473,-0.05024,0.03857,0.00567,-0.00527,0.09337,-0.07905,0.02987,0.00126,-0.07560,-0.03035,0.00501,-0.03208,-0.04460,0.05232,374.00000,8725.64562,0.06865,0.07844,0.09330,0.14810,0.05599,0.05974,0.10705,0.85071
2021,234080,JW생명과학,KOSPI,920,3.58000,0.02514,-0.06153,-0.01750,500.00000,-0.01750,-0.02524,0.00720,-0.02104,-0.02655,0.00357,-0.02096,-0.03191,0.00364,-0.12586,-0.01694,-0.10389,0.07352,0.11878,0.10051,0.02104,0.00853,0.04670,500.00000,14317.53730,0.03492,0.03339,0.02976,0.02984,-0.07769,0.12670,0.07290,0.50111
2021,105560,KB금융,KOSPI,16,3.35000,0.07584,-0.01083,-0.02460,2940.00000,-0.02460,-0.03234,0.04937,-0.01750,-0.02300,0.05701,0.09706,0.08611,0.18026,0.02121,0.13013,0.09865,0.00896,0.05421,0.08548,0.07942,0.06691,0.16128,1770.00000,56842.67156,0.05172,0.08978,0.09742,0.22066,0.13906,0.12588,0.20169,0.47562
2021,344820,KCC글라스,KOSPI,317,3.97000,0.15304,0.06637,-0.01480,2400.00000,-0.01480,-0.02254,0.13598,0.06884,0.06333,0.23242,0.06067,0.04973,0.22300,-0.07539,0.03354,0.06612,-0.05744,-0.01219,0.08681,0.03952,0.02700,0.19861,2100.00000,60992.15558,0.03935,0.16592,0.26236,0.25294,0.09606,0.11675,0.22855,0.37612
2021,025000,KPX케미칼,KOSPI,826,5.29000,0.05969,-0.02698,-0.02540,2750.00000,-0.02540,-0.03314,0.03278,-0.02916,-0.03467,0.02879,-0.01461,-0.02556,0.04421,-0.09442,0.01451,-0.04036,-0.04006,0.00520,0.01725,-0.01628,-0.02879,0.04244,2750.00000,55088.05407,0.04992,0.07166,0.06767,0.08309,-0.00148,0.05613,0.08132,0.50881
2021,092230,KPX홀딩스,KOSPI,795,4.96000,0.05126,-0.03541,-0.02440,3000.00000,-0.02440,-0.03214,0.02561,-0.03815,-0.04366,0.01115,-0.03964,-0.05059,0.00959,-0.09289,0.01603,-0.04640,-0.07609,-0.03084,-0.02873,-0.06692,-0.07943,-0.01909,3100.00000,65703.49501,0.04566,0.06088,0.04643,0.04486,-0.01112,0.00655,0.01619,0.53439
2021,030200,KT,KOSPI,51,4.46000,0.08401,-0.00266,-0.05630,1910.00000,-0.05630,-0.06404,0.02298,-0.07912,-0.08463,-0.00176,-0.04717,-0.05811,0.03288,-0.06245,0.04648,0.01632,-0.03821,0.00704,0.04259,0.08677,0.07426,0.17807,1350.00000,32812.04806,0.05821,0.06888,0.04414,0.07878,0.06222,0.08849,0.22397,0.96718
2021,033780,KT&G,KOSPI,37,5.86000,0.02442,-0.06225,-0.05010,4800.00000,-0.05010,-0.05784,-0.02691,-0.06206,-0.06757,-0.03916,-0.05844,-0.06939,-0.03546,-0.08106,0.02786,-0.05863,-0.04390,0.00135,-0.02056,-0.03790,-0.05041,-0.01441,4800.00000,83911.14712,0.05720,0.01814,0.00588,0.00959,-0.01358,0.02448,0.03064,0.87582
2021,058850,KTcs,KOSPI,1591,3.44000,0.13559,0.04892,-0.00570,100.00000,-0.00570,-0.01344,0.12912,-0.04546,-0.05097,0.08397,-0.04919,-0.06014,0.07972,-0.20828,-0.09936,-0.10093,-0.14942,-0.10417,-0.03409,-0.09458,-0.10710,0.02818,80.00000,2640.90656,0.03787,0.15780,0.11265,0.10841,-0.07225,-0.00541,0.05687,0.15053
2021,058860,KTis,KOSPI,1793,3.49000,0.11989,0.03322,0.00190,100.00000,0.00190,-0.00584,0.12202,-0.01763,-0.02314,0.10015,-0.02141,-0.03235,0.09592,-0.17728,-0.06836,-0.07864,-0.09552,-0.05027,0.01292,-0.04691,-0.05942,0.06736,80.00000,2567.09229,0.03895,0.15163,0.12975,0.12553,-0.04904,0.04253,0.09697,-0.04877
2021,003550,LG,KOSPI,30,3.19000,0.06776,-0.01891,-0.02270,2800.00000,-0.02270,-0.03044,0.04352,-0.03466,-0.04017,0.03076,-0.01321,-0.02415,0.05366,-0.13734,-0.02841,-0.07888,-0.11587,-0.07062,-0.05596,-0.08706,-0.09957,-0.02520,2500.00000,83680.43947,0.03346,0.06848,0.05571,0.07862,-0.05392,-0.03100,-0.00024,0.67841
2021,032640,LG유플러스,KOSPI,67,3.32000,0.04430,-0.04236,-0.03530,550.00000,-0.03530,-0.04304,0.00744,-0.05655,-0.06206,-0.01475,-0.03881,-0.04976,0.00377,-0.10247,0.00646,-0.06270,-0.07423,-0.02897,-0.03321,-0.01075,-0.02326,0.03308,450.00000,14154.73066,0.03886,0.03696,0.01477,0.03330,-0.03318,-0.00369,0.06261,0.90848
2021,023150,MH에탄올,KOSPI,1926,3.77000,0.13151,0.04484,-0.02380,350.00000,-0.02380,-0.03154,0.10458,-0.02850,-0.03401,0.09926,-0.07236,-0.08331,0.04963,-0.19043,-0.08151,-0.08397,-0.12368,-0.07843,-0.00844,-0.05513,-0.06764,0.06913,350.00000,10504.70294,0.03332,0.12941,0.12410,0.07447,-0.05913,0.01640,0.09397,0.71432
2021,005940,NH투자증권,KOSPI,95,5.67000,0.10122,0.01455,-0.06990,1050.00000,-0.06990,-0.07764,0.02424,-0.13609,-0.14160,-0.04865,-0.10301,-0.11396,-0.01222,-0.17639,-0.06746,-0.09302,-0.13237,-0.08711,-0.04455,-0.16187,-0.17438,-0.07703,700.00000,13595.30903,0.07723,0.08623,0.01334,0.04977,-0.03103,0.01744,-0.01504,0.90506
2021,005490,POSCO홀딩스,KOSPI,15,3.07000,0.08601,-0.00066,-0.01590,17000.00000,-0.01590,-0.02364,0.06874,0.07405,0.06854,0.16643,0.08099,0.07004,0.17396,-0.09165,0.01728,-0.01352,-0.00005,0.04520,0.08595,0.03323,0.02072,0.12210,8000.00000,282999.29476,0.06007,0.11621,0.21390,0.22143,0.03395,0.13342,0.16957,0.26469
2021,091340,S&K폴리텍,KOSDAQ,2014,4.80000,0.13049,0.04382,-0.01020,250.00000,-0.01020,-0.01794,0.11896,-0.05435,-0.05986,0.06904,-0.00679,-0.01774,0.12281,-0.14603,-0.03711,-0.03460,-0.13732,-0.09207,-0.02475,-0.09650,-0.10901,0.02140,250.00000,5887.95132,0.04246,0.15153,0.10161,0.15538,-0.00203,0.00782,0.05397,0.24023
2021,005090,SGC에너지,KOSPI,406,3.52000,0.08779,0.00112,0.01620,1500.00000,0.01620,0.00846,0.10541,-0.01498,-0.02049,0.07149,-0.00087,-0.01181,0.08685,0.04427,0.15320,0.13595,0.23275,0.27800,0.34097,0.08188,0.06936,0.17685,1500.00000,46354.71539,0.03236,0.12944,0.09552,0.11088,0.15998,0.36500,0.20088,-0.50063
2021,018670,SK가스,KOSPI,259,3.48000,0.15202,0.06535,-0.02640,5100.00000,-0.02640,-0.03414,0.12161,-0.06034,-0.06585,0.08251,-0.04144,-0.05238,0.10429,-0.17344,-0.06452,-0.04779,-0.10178,-0.05653,0.03476,-0.13187,-0.14438,0.00011,4000.00000,132416.24300,0.03851,0.15084,0.11174,0.13352,-0.01856,0.06400,0.02934,0.68545
2021,017670,SK텔레콤,KOSPI,33,3.67000,0.12474,0.03807,-0.04890,6660.00000,-0.04890,-0.05664,0.06974,-0.05554,-0.06105,0.06227,-0.08158,-0.09253,0.03298,-0.09467,0.01426,0.01826,-0.11105,-0.06580,-0.00017,-0.07188,-0.08440,0.04389,2000.00000,61293.59863,0.10866,0.15831,0.15085,0.12155,0.10684,0.08841,0.13246,0.45004
2021,064960,SNT모티브,KOSPI,412,3.84000,0.18133,0.09466,-0.01630,1600.00000,-0.01630,-0.02404,0.16207,-0.04058,-0.04609,0.13339,-0.04053,-0.05148,0.13344,-0.15338,-0.04445,0.00014,-0.13614,-0.09089,0.02050,-0.05997,-0.07248,0.11048,1600.00000,49221.92635,0.03251,0.18622,0.15754,0.15759,0.02429,0.04465,0.13463,0.50145
2021,100840,SNT에너지,KOSPI,1321,4.55000,0.07923,-0.00744,-0.01840,800.00000,-0.01840,-0.02614,0.05937,-0.05001,-0.05552,0.02526,-0.00005,-0.01100,0.07917,-0.14213,-0.03321,-0.07417,-0.00786,0.03739,0.07075,-0.00510,-0.01761,0.07373,800.00000,18975.45572,0.04216,0.09169,0.05757,0.11149,-0.04185,0.10306,0.10605,0.43644
2021,003570,SNT다이내믹스,KOSPI,758,3.54000,0.05649,-0.03018,-0.00780,400.00000,-0.00780,-0.01554,0.04825,-0.00896,-0.01447,0.04702,0.01111,0.00016,0.06823,-0.12290,-0.01398,-0.07335,-0.04242,0.00283,0.01167,-0.07252,-0.08503,-0.02013,300.00000,8953.30014,0.04468,0.08269,0.08147,0.10267,-0.03891,0.04612,0.01432,0.17459
2021,036530,SNT홀딩스,KOSPI,779,3.88000,0.05655,-0.03012,-0.01130,700.00000,-0.01130,-0.01904,0.04461,-0.03119,-0.03670,0.02360,-0.03405,-0.04500,0.02057,-0.12162,-0.01270,-0.07195,-0.08499,-0.03973,-0.03324,-0.05974,-0.07226,-0.00657,650.00000,17699.92863,0.03955,0.07472,0.05371,0.05068,-0.04184,-0.00313,0.02354,0.28573
2021,267290,경동도시가스,KOSPI,1364,4.14000,0.12036,0.03369,-0.03590,875.00000,-0.03590,-0.04364,0.08013,-0.07588,-0.08139,0.03534,-0.06753,-0.07847,0.04470,-0.13307,-0.02415,-0.02873,0.19809,0.24334,0.34229,-0.04447,-0.05698,0.07054,875.00000,23679.00499,0.03695,0.10805,0.06325,0.07261,-0.00082,0.37020,0.09845,0.97152
2021,011040,경동제약,KOSDAQ,627,4.39000,0.06579,-0.02088,-0.02060,500.00000,-0.02060,-0.02834,0.04383,-0.09469,-0.10020,-0.03513,-0.10287,-0.11381,-0.04385,-0.18600,-0.07707,-0.13244,-0.07414,-0.02889,-0.01323,-0.08248,-0.09499,-0.02212,500.00000,12138.81860,0.04119,0.07533,-0.00364,-0.01235,-0.10095,0.01827,0.00938,0.50012
2021,049720,고려신용정보,KOSDAQ,1414,3.33000,0.05825,-0.02842,-0.02290,300.00000,-0.02290,-0.03064,0.03401,-0.04808,-0.05359,0.00736,-0.04120,-0.05215,0.01465,-0.12464,-0.01571,-0.07365,-0.09943,-0.05418,-0.04698,-0.01938,-0.03189,0.03774,275.00000,8739.27341,0.03433,0.05970,0.03305,0.04034,-0.04796,-0.02129,0.06343,0.66710
2021,010130,고려아연,KOSPI,45,3.04000,0.07821,-0.00846,-0.01690,20000.00000,-0.01690,-0.02464,0.05999,-0.04325,-0.04876,0.03158,0.03562,0.02467,0.11661,-0.06031,0.04862,0.01319,0.06945,0.11471,0.15310,0.09931,0.08679,0.18528,15000.00000,532011.54634,0.03759,0.08844,0.06004,0.14506,0.04164,0.18155,0.21374,0.44955
2021,030610,교보증권,KOSPI,448,5.51000,0.08934,0.00267,-0.05840,500.00000,-0.05840,-0.06614,0.02572,-0.08320,-0.08871,-0.00130,-0.06524,-0.07619,0.01826,-0.13366,-0.02474,-0.05627,-0.14726,-0.10201,-0.07108,-0.13922,-0.15173,-0.06232,450.00000,8896.56837,0.05620,0.06991,0.04290,0.06246,-0.01207,-0.02689,-0.01812,1.03912
2021,014530,극동유화,KOSPI,1397,4.05000,0.18949,0.10282,-0.02190,160.00000,-0.02190,-0.02964,0.16344,-0.07057,-0.07608,0.10555,-0.03282,-0.04377,0.15045,-0.12902,-0.02009,0.03603,0.04998,0.09523,0.24894,-0.01955,-0.03207,0.16623,140.00000,4111.81354,0.03891,0.19301,0.13512,0.18002,0.06560,0.27851,0.19580,0.56280
2021,002990,금호건설,KOSPI,569,4.61000,0.11532,0.02865,-0.04130,800.00000,-0.04130,-0.04904,0.06926,0.00004,-0.00546,0.11537,-0.00411,-0.01505,0.11074,-0.20734,-0.09842,-0.11593,-0.09879,-0.05353,0.00514,-0.08224,-0.09475,0.02360,500.00000,12096.76080,0.06613,0.12186,0.16797,0.16334,-0.06333,0.05774,0.07620,0.62450
2021,036190,금화피에스시,KOSDAQ,1041,4.13000,0.05091,-0.03576,-0.02570,1300.00000,-0.02570,-0.03344,0.02390,-0.02872,-0.03423,0.02073,-0.04837,-0.05932,0.00008,-0.13004,-0.02112,-0.08576,-0.04675,-0.00150,0.00178,-0.02391,-0.03643,0.02578,1300.00000,33079.44349,0.03930,0.05380,0.05063,0.02997,-0.05586,0.03168,0.05567,0.65396
2021,092440,기신정기,KOSPI,1441,3.78000,0.05554,-0.03113,0.01310,150.00000,0.01310,0.00536,0.06936,0.01064,0.00514,0.06677,0.03099,0.02004,0.08825,0.04775,0.15667,0.10594,0.09675,0.14200,0.15766,0.09546,0.08295,0.15630,150.00000,4188.63247,0.03581,0.09631,0.09372,0.11519,0.13288,0.18461,0.18324,-0.36581
2021,024110,기업은행,KOSPI,53,4.57000,0.07778,-0.00889,-0.05860,780.00000,-0.05860,-0.06634,0.01462,-0.06767,-0.07318,0.00484,-0.03154,-0.04249,0.04378,-0.08103,0.02790,-0.00955,-0.05421,-0.00896,0.01935,-0.02255,-0.03506,0.05348,471.00000,11107.94529,0.07022,0.07068,0.06090,0.09984,0.04651,0.07540,0.10953,0.83452
2021,085910,네오티스,KOSDAQ,1973,5.34000,0.14108,0.05441,-0.05430,250.00000,-0.05430,-0.06204,0.07912,-0.00551,-0.01102,0.13478,0.08076,0.06981,0.23322,-0.06543,0.04350,0.06642,0.06756,0.11281,0.21816,-0.00923,-0.02174,0.13055,250.00000,5342.11811,0.04680,0.11536,0.17103,0.26947,0.10266,0.25440,0.16679,1.16031
2021,000320,노루홀딩스,KOSPI,1218,3.96000,0.11888,0.03221,0.01970,450.00000,0.01970,0.01196,0.14092,0.03165,0.02614,0.15429,0.03552,0.02457,0.15862,-0.11792,-0.00899,-0.01306,-0.08662,-0.04137,0.02196,-0.02380,-0.03631,0.09225,450.00000,12714.52027,0.03539,0.16751,0.18088,0.18521,0.01354,0.04855,0.11884,-0.55661
2021,008060,대덕,KOSPI,851,4.17000,0.14869,0.06202,-0.02420,300.00000,-0.02420,-0.03194,0.12090,-0.06526,-0.07077,0.07373,-0.06170,-0.07264,0.07782,-0.14885,-0.03992,-0.02229,-0.11381,-0.06855,0.01796,-0.06313,-0.07565,0.07617,300.00000,8263.98303,0.03630,0.14826,0.10109,0.10519,0.00507,0.04533,0.10353,0.66663
2021,004780,대륙제관,KOSDAQ,1859,3.19000,0.10637,0.01970,-0.00580,100.00000,-0.00580,-0.01354,0.09995,0.00185,-0.00366,0.10842,0.01340,0.00245,0.12120,-0.09321,0.01571,0.00325,0.00606,0.05131,0.11307,0.06560,0.05309,0.17895,150.00000,5202.36985,0.01922,0.11287,0.12133,0.13411,0.01616,0.12599,0.19186,0.30174
2021,001680,대상,KOSPI,353,3.26000,0.11411,0.02744,-0.02300,800.00000,-0.02300,-0.03074,0.08849,-0.04590,-0.05141,0.06297,-0.03958,-0.05053,0.07001,-0.13174,-0.02282,-0.03267,-0.07315,-0.02789,0.03262,-0.02522,-0.03773,0.08601,700.00000,23922.61780,0.03344,0.11343,0.08791,0.09495,-0.00773,0.05756,0.11096,0.68778
2021,117580,대성에너지,KOSPI,982,3.40000,0.29892,0.21225,-0.01670,250.00000,-0.01670,-0.02444,0.27723,-0.07217,-0.07768,0.20517,-0.05335,-0.06430,0.22962,-0.14855,-0.03963,0.10596,0.84093,0.88618,1.39122,0.18713,0.17462,0.54199,250.00000,9550.89007,0.02618,0.29602,0.22397,0.24841,0.12476,1.41001,0.56078,0.63800
2021,003540,대신증권,KOSPI,283,6.40000,0.13046,0.04379,-0.08730,1400.00000,-0.08730,-0.09504,0.03177,-0.18161,-0.18712,-0.07484,-0.16038,-0.17133,-0.05085,-0.22865,-0.11973,-0.12803,-0.16270,-0.11744,-0.05346,-0.16023,-0.17275,-0.05068,1200.00000,21196.07624,0.06605,0.08430,-0.02231,0.00168,-0.07550,-0.00094,0.00185,1.32173
2021,290120,DH오토리드,KOSDAQ,1999,3.68000,0.11597,0.02930,-0.01490,200.00000,-0.01490,-0.02264,0.09934,-0.01169,-0.01720,0.10292,0.00806,-0.00289,0.12497,-0.12070,-0.01178,-0.01873,-0.01836,0.02689,0.09548,0.10044,0.08793,0.22806,200.00000,6065.05696,0.03298,0.12389,0.12747,0.14951,0.00582,0.12003,0.25261,0.45185
2021,140520,대창스틸,KOSDAQ,1995,3.38000,0.09962,0.01295,-0.02610,150.00000,-0.02610,-0.03384,0.07092,-0.02762,-0.03313,0.06924,0.05081,0.03986,0.15548,0.07380,0.18272,0.18077,0.13363,0.17888,0.24656,0.21039,0.19787,0.33096,100.00000,3253.30654,0.04611,0.10657,0.10490,0.19114,0.21642,0.28221,0.36662,0.56608
2021,001790,대한제당,KOSPI,752,5.71000,-0.03024,-0.11691,-0.01470,110.00000,-0.01470,-0.02244,-0.04450,-0.03586,-0.04137,-0.06502,-0.05882,-0.06977,-0.08729,-0.12746,-0.01854,-0.15385,-0.09806,-0.05281,-0.12534,-0.05556,-0.06808,-0.08413,180.00000,3057.02552,0.03598,-0.01741,-0.03793,-0.06019,-0.12676,-0.09825,-0.05704,0.40853
2021,067990,도이치모터스,KOSDAQ,1017,3.83000,0.15936,0.07269,-0.00130,350.00000,-0.00130,-0.00904,0.15785,0.02512,0.01961,0.18848,0.00260,-0.00834,0.16237,-0.09666,0.01226,0.04729,0.13738,0.18264,0.31863,0.29576,0.28325,0.50225,250.00000,7567.60054,0.04625,0.19363,0.22426,0.19815,0.08307,0.35441,0.53803,0.02811
2021,002150,도화엔지니어링,KOSPI,841,3.82000,0.06264,-0.02403,-0.01410,280.00000,-0.01410,-0.02184,0.04766,0.01023,0.00472,0.07351,0.02418,0.01324,0.08834,-0.08120,0.02773,-0.02364,-0.01968,0.02557,0.04172,0.01639,0.00388,0.08006,280.00000,7788.98681,0.03595,0.07472,0.10058,0.11540,0.00342,0.06879,0.10712,0.39223
2021,005160,동국산업,KOSDAQ,1097,4.06000,0.13714,0.05047,-0.02610,130.00000,-0.02610,-0.03384,0.10746,-0.03441,-0.03992,0.09801,-0.04403,-0.05498,0.08707,-0.14289,-0.03396,-0.02534,-0.06067,-0.01542,0.06815,-0.04273,-0.05524,0.08855,130.00000,3641.08293,0.03570,0.13431,0.12487,0.11392,0.00151,0.09500,0.11540,0.73102
2021,023450,동남합성,KOSPI,912,16.02000,0.06953,-0.01714,-0.02720,4300.00000,-0.02720,-0.03494,0.04044,-0.05142,-0.05693,0.01454,-0.03935,-0.05029,0.02745,-0.06970,0.03922,-0.00501,-0.06345,-0.01819,0.00167,-0.06639,-0.07891,-0.00148,9900.00000,66094.73429,0.06506,0.09213,0.06623,0.07914,0.04668,0.05336,0.05021,0.41809
2021,007590,동방아그로,KOSPI,1664,5.46000,0.07218,-0.01449,-0.02060,350.00000,-0.02060,-0.02834,0.05009,-0.03442,-0.03993,0.03527,-0.03030,-0.04125,0.03969,-0.08663,0.02229,-0.02071,-0.03980,0.00546,0.02951,0.03993,0.02742,0.11499,370.00000,7265.68763,0.04817,0.08750,0.07268,0.07709,0.01670,0.06691,0.15239,0.42764
2021,005960,동부건설,KOSPI,689,6.47000,0.13316,0.04649,-0.06670,900.00000,-0.06670,-0.07444,0.05758,-0.07637,-0.08188,0.04663,-0.07327,-0.08421,0.05014,-0.14297,-0.03404,-0.02884,-0.13018,-0.08492,-0.01435,-0.13982,-0.15234,-0.02528,900.00000,15762.71250,0.05710,0.10254,0.09158,0.09509,0.01611,0.03061,0.01967,1.16819
2021,102260,동성케미컬,KOSPI,859,5.16000,0.02791,-0.05876,-0.02310,200.00000,-0.02310,-0.03084,0.00416,-0.04112,-0.04663,-0.01436,-0.02803,-0.03897,-0.00090,-0.08828,0.02065,-0.06283,-0.06515,-0.01990,-0.03906,-0.03300,-0.04551,-0.00601,250.00000,4980.17200,0.04016,0.03479,0.01627,0.02972,-0.03221,-0.00843,0.02461,0.57521
2021,033500,동성화인텍,KOSDAQ,745,3.57000,0.19389,0.10722,-0.00850,350.00000,-0.00850,-0.01624,0.18374,0.05563,0.05012,0.26030,0.00866,-0.00229,0.20422,-0.15872,-0.04979,0.00440,-0.03816,0.00709,0.14832,-0.02094,-0.03345,0.16888,350.00000,11704.76057,0.02990,0.20568,0.28225,0.22617,0.02634,0.17027,0.19083,0.28426
2021,282690,동아타이어,KOSPI,1139,6.64000,0.07892,-0.00775,-0.05770,1000.00000,-0.05770,-0.06544,0.01667,-0.07309,-0.07860,0.00006,-0.09612,-0.10707,-0.02479,-0.19228,-0.08336,-0.12854,-0.11138,-0.06612,-0.04125,-0.05762,-0.07014,0.01675,800.00000,12999.04008,0.07693,0.07840,0.06179,0.03694,-0.06681,0.02048,0.07848,0.75004
2021,082640,동양생명,KOSPI,258,3.31000,0.05098,-0.03569,-0.03870,620.00000,-0.03870,-0.04644,0.01031,-0.05307,-0.05858,-0.00480,-0.04596,-0.05690,0.00268,-0.15049,-0.04157,-0.10718,-0.12027,-0.07501,-0.07542,-0.05154,-0.06405,-0.00318,220.00000,6985.37615,0.08876,0.08205,0.06694,0.07442,-0.03544,-0.00368,0.06855,0.43602
2021,060380,동양에스텍,KOSDAQ,2036,3.30000,0.14992,0.06325,-0.00860,50.00000,-0.00860,-0.01634,0.14003,0.07608,0.07057,0.23740,0.08178,0.07083,0.24396,0.00423,0.11316,0.15479,0.06317,0.10842,0.22256,0.01856,0.00605,0.17126,100.00000,3484.61410,0.01435,0.14882,0.24619,0.25275,0.16358,0.23135,0.18005,0.59935
2021,013120,동원개발,KOSDAQ,522,3.84000,0.11218,0.02551,-0.00370,150.00000,-0.00370,-0.01144,0.10806,0.02051,0.01500,0.13499,0.03550,0.02455,0.15166,-0.13237,-0.02345,-0.03504,-0.08674,-0.04149,0.01571,0.00931,-0.00321,0.12253,185.00000,5358.15558,0.02799,0.12840,0.15533,0.17199,-0.01471,0.03604,0.14286,0.13217
2021,068930,디지털대성,KOSDAQ,788,3.32000,0.04541,-0.04126,-0.02540,300.00000,-0.02540,-0.03314,0.01885,-0.05818,-0.06369,-0.01542,-0.08250,-0.09344,-0.04084,-0.17469,-0.06577,-0.13721,-0.11660,-0.07134,-0.07648,-0.03623,-0.04874,0.00753,300.00000,9446.44051,0.03176,0.04237,0.00810,-0.01732,-0.11370,-0.05297,0.03105,0.79980
2021,007340,DN오토모티브,KOSPI,416,3.35000,0.02172,-0.06495,0.01640,2000.00000,0.01640,0.00866,0.03847,0.18038,0.17488,0.20602,0.22632,0.21537,0.25295,0.27374,0.38266,0.30140,0.18505,0.23030,0.21078,0.15694,0.14443,0.18206,2000.00000,60998.06043,0.03279,0.06286,0.23041,0.27734,0.32579,0.23517,0.20645,-0.50018
2021,038390,레드캡투어,KOSDAQ,1190,3.31000,0.17089,0.08422,-0.02120,800.00000,-0.02120,-0.02894,0.14607,-0.04942,-0.05493,0.11302,-0.02335,-0.03430,0.14354,-0.09627,0.01265,0.05816,0.12719,0.17244,0.31981,0.13192,0.11941,0.32535,600.00000,21224.56442,0.03769,0.17460,0.14156,0.17208,0.08670,0.34835,0.35389,0.56245
2021,023530,롯데쇼핑,KOSPI,142,3.35000,0.07797,-0.00870,-0.02220,2800.00000,-0.02220,-0.02994,0.05403,-0.02670,-0.03221,0.04918,-0.02347,-0.03441,0.05267,-0.14897,-0.04005,-0.08262,-0.05671,-0.01146,0.01684,0.06463,0.05212,0.14763,2800.00000,90098.61132,0.03108,0.07698,0.07212,0.07561,-0.05968,0.03978,0.17057,0.71435
2021,004990,롯데지주,KOSPI,113,3.45000,0.07235,-0.01432,-0.02730,1500.00000,-0.02730,-0.03504,0.04308,-0.05465,-0.06016,0.01375,-0.06421,-0.07516,0.00350,-0.16712,-0.05820,-0.10686,-0.05274,-0.00749,0.01580,0.04222,0.02971,0.11763,1000.00000,31082.69739,0.04826,0.08055,0.05123,0.04097,-0.06938,0.05327,0.15510,0.56571
2021,002270,롯데푸드,KOSPI,589,3.77000,0.11909,0.03242,-0.01260,10000.00000,-0.01260,-0.02034,0.10499,-0.06017,-0.06568,0.05176,-0.03770,-0.04865,0.07690,-0.11636,-0.00744,-0.01112,-0.10773,-0.06248,-0.00147,-0.09091,-0.10342,0.01735,12000.00000,356209.48148,0.02807,0.12539,0.07216,0.09730,0.00928,0.01893,0.03775,0.44882
2021,071840,롯데하이마트,KOSPI,432,5.15000,0.12432,0.03765,-0.03630,1000.00000,-0.03630,-0.04404,0.08351,-0.04216,-0.04767,0.07691,-0.08034,-0.09128,0.03400,-0.21775,-0.10883,-0.12051,-0.09550,-0.05024,0.01695,-0.04958,-0.06209,0.06858,1200.00000,26197.72834,0.03817,0.11245,0.10586,0.06294,-0.09156,0.04589,0.09752,0.95098
2021,012700,리드코프,KOSDAQ,897,9.32000,0.09459,0.00792,-0.04900,800.00000,-0.04900,-0.05674,0.04096,-0.08625,-0.09176,0.00018,-0.06282,-0.07377,0.02583,-0.21636,-0.10744,-0.14224,-0.12692,-0.08167,-0.04434,-0.05452,-0.06703,0.03492,800.00000,9395.64028,0.08515,0.10964,0.06886,0.09451,-0.07356,0.02435,0.10360,0.57548
2021,072870,메가스터디,KOSDAQ,1215,4.72000,0.13409,0.04742,-0.05210,600.00000,-0.05210,-0.05984,0.07501,-0.11121,-0.11672,0.00797,-0.10092,-0.11187,0.01964,-0.20861,-0.09969,-0.10249,-0.14268,-0.09743,-0.02772,-0.10459,-0.11710,0.01548,600.00000,14416.41963,0.04162,0.10687,0.03983,0.05150,-0.07063,0.00414,0.04734,1.25183
2021,008560,메리츠증권,KOSPI,101,6.42000,0.07730,-0.00937,-0.03720,100.00000,-0.03720,-0.04494,0.03722,-0.00194,-0.00745,0.07521,0.21210,0.20115,0.30580,0.16180,0.27072,0.25161,0.11347,0.15873,0.19955,0.21783,0.20532,0.31197,320.00000,5369.71974,0.01862,0.04963,0.08762,0.31820,0.26401,0.21195,0.32437,1.99754
2021,000060,메리츠화재,KOSPI,93,4.09000,0.03843,-0.04824,-0.00310,620.00000,-0.00310,-0.01084,0.03521,0.14455,0.13904,0.18854,0.47545,0.46451,0.53216,0.53545,0.64437,0.59446,0.19050,0.23575,0.23626,0.45945,0.44694,0.51554,1280.00000,32498.63338,0.01908,0.04800,0.20133,0.54495,0.60725,0.24905,0.52833,0.16249
2021,009680,모토닉,KOSPI,686,4.16000,0.17474,0.08807,-0.02650,400.00000,-0.02650,-0.03424,0.14361,-0.09730,-0.10281,0.06044,-0.12031,-0.13126,0.03341,-0.23890,-0.12997,-0.10590,-0.21072,-0.16547,-0.07280,-0.15495,-0.16747,-0.00729,400.00000,11295.61070,0.03541,0.17022,0.08705,0.06001,-0.07929,-0.04619,0.01932,0.74833
2021,009580,무림P&P,KOSPI,880,3.35000,0.15785,0.07118,-0.00580,125.00000,-0.00580,-0.01354,0.15114,-0.00356,-0.00907,0.15373,0.03242,0.02147,0.19539,-0.15021,-0.04129,-0.01607,-0.03923,0.00602,0.11243,0.03251,0.01999,0.19549,125.00000,4320.34805,0.02893,0.17226,0.17486,0.21652,0.00505,0.13355,0.21662,0.20046
2021,005180,빙그레,KOSPI,465,3.16000,0.05334,-0.03333,-0.01500,1400.00000,-0.01500,-0.02274,0.03754,-0.02447,-0.02998,0.02756,-0.00573,-0.01667,0.04730,-0.00768,0.10124,0.04525,-0.00014,0.04511,0.05319,0.01113,-0.00138,0.06506,1600.00000,53333.50724,0.02625,0.05639,0.04642,0.06616,0.06411,0.07204,0.08392,0.57143
2021,032830,삼성생명,KOSPI,32,4.18000,0.14551,0.05884,-0.04670,3000.00000,-0.04670,-0.05444,0.09202,-0.04528,-0.05079,0.09365,-0.01320,-0.02415,0.13039,-0.12862,-0.01970,-0.00183,-0.12285,-0.07759,0.00479,-0.03821,-0.05072,0.10175,2500.00000,68511.52932,0.04379,0.12571,0.12734,0.16409,0.03187,0.03849,0.13544,1.06650
2021,005930,삼성전자,KOSPI,1,4.20000,0.12635,0.03968,-0.01870,1444.00000,-0.01870,-0.02644,0.10529,-0.04234,-0.04785,0.07866,-0.02992,-0.04087,0.09264,-0.11220,-0.00327,-0.00002,-0.10699,-0.06174,0.00584,-0.13321,-0.14572,-0.02369,2994.00000,80292.60654,0.01798,0.11715,0.09052,0.10451,0.01184,0.01770,-0.01183,1.03980
2021,016360,삼성증권,KOSPI,87,4.96000,0.12063,0.03396,-0.08350,3800.00000,-0.08350,-0.09124,0.02706,-0.14488,-0.15039,-0.04172,-0.12768,-0.13862,-0.02245,-0.20625,-0.09732,-0.11050,-0.15088,-0.10563,-0.04845,-0.15710,-0.16962,-0.05542,2200.00000,49705.39134,0.07645,0.08839,0.01960,0.03888,-0.04917,0.01288,0.00590,1.09221
2021,029780,삼성카드,KOSPI,94,5.55000,0.05859,-0.02808,-0.07570,2300.00000,-0.07570,-0.08344,-0.02154,-0.08444,-0.08995,-0.03079,-0.08152,-0.09246,-0.02770,-0.13231,-0.02339,-0.08147,-0.06253,-0.01728,-0.00760,-0.05976,-0.07227,-0.00467,1800.00000,34332.74470,0.06699,0.03178,0.02253,0.02563,-0.02815,0.04572,0.04865,1.13000
2021,000810,삼성화재,KOSPI,43,4.36000,0.09887,0.01220,-0.07430,12000.00000,-0.07430,-0.08204,0.01723,-0.04502,-0.05053,0.04940,-0.02475,-0.03570,0.07168,-0.10367,0.00526,-0.01504,-0.15329,-0.10804,-0.06958,-0.01355,-0.02606,0.08399,8800.00000,221791.09262,0.05410,0.05965,0.09182,0.11410,0.02738,-0.02715,0.12641,1.37326
2021,225190,LK삼양,KOSDAQ,1529,5.77000,0.04821,-0.03846,-0.03210,900.00000,-0.03210,-0.03984,0.01456,-0.05967,-0.06518,-0.01434,-0.04597,-0.05691,0.00002,-0.09463,0.01429,-0.05099,0.03189,0.07714,0.08163,0.11913,0.10662,0.17308,600.00000,10899.88764,0.08257,0.08106,0.05216,0.06653,0.01551,0.14814,0.23958,0.38876
2021,272550,삼양패키징,KOSPI,691,4.50000,0.14854,0.06187,-0.01760,1000.00000,-0.01760,-0.02534,0.12833,-0.01574,-0.02125,0.13046,-0.01960,-0.03055,0.12603,-0.10592,0.00300,0.02689,-0.08634,-0.04109,0.04937,-0.09818,-0.11069,0.03578,1000.00000,25523.18050,0.03918,0.15813,0.16026,0.15582,0.05669,0.07917,0.06558,0.44921
2021,002810,삼영무역,KOSPI,812,3.57000,0.07142,-0.01525,-0.03670,550.00000,-0.03670,-0.04444,0.03210,-0.04671,-0.05222,0.02138,-0.04332,-0.05427,0.02500,-0.11338,-0.00446,-0.05006,-0.08678,-0.04153,-0.02156,-0.04674,-0.05925,0.02134,500.00000,15005.84674,0.03665,0.05975,0.04903,0.05266,-0.02240,0.00610,0.04900,1.00130
2021,054540,삼영엠텍,KOSDAQ,2118,3.74000,0.12741,0.04074,-0.00880,70.00000,-0.00880,-0.01654,0.11748,0.02206,0.01655,0.15227,0.04858,0.03763,0.18217,-0.11526,-0.00634,-0.00254,0.02836,0.07361,0.15938,0.10257,0.09006,0.24304,150.00000,4521.67791,0.01548,0.12723,0.16202,0.19192,0.00720,0.16912,0.25279,0.56844
2021,023000,삼원강재,KOSPI,1379,3.42000,0.06847,-0.01820,-0.02740,105.00000,-0.02740,-0.03514,0.03920,-0.04872,-0.05423,0.01641,-0.03651,-0.04746,0.02946,-0.13109,-0.02216,-0.07159,-0.09445,-0.04919,-0.03244,-0.01368,-0.02619,0.05386,105.00000,3280.39744,0.03201,0.06293,0.04014,0.05319,-0.04786,-0.00871,0.07759,0.85603
2021,002450,삼익악기,KOSPI,1270,3.24000,0.20071,0.11404,-0.01350,50.00000,-0.01350,-0.02124,0.18450,-0.01081,-0.01632,0.18773,-0.03499,-0.04594,0.15869,-0.13464,-0.02572,0.03904,-0.00248,0.04277,0.19773,-0.03769,-0.05020,0.15545,50.00000,1852.94501,0.02698,0.20398,0.20721,0.17817,0.05852,0.21721,0.17493,0.50030
2021,005500,삼진제약,KOSPI,646,3.27000,0.09605,0.00938,-0.02240,800.00000,-0.02240,-0.03014,0.07150,-0.07276,-0.07827,0.01631,-0.06532,-0.07627,0.02445,-0.08958,0.01935,-0.00213,-0.05966,-0.01441,0.03066,-0.05783,-0.07034,0.03267,800.00000,26814.73676,0.02983,0.09339,0.03820,0.04634,0.01976,0.05255,0.05456,0.75081
2021,004690,삼천리,KOSPI,649,3.59000,0.08136,-0.00531,-0.00440,3000.00000,-0.00440,-0.01214,0.07660,0.01443,0.00892,0.09696,0.02226,0.01131,0.10543,0.02890,0.13783,0.11261,0.15054,0.19579,0.24414,0.17254,0.16003,0.26794,3000.00000,90364.27070,0.03320,0.10134,0.12170,0.13016,0.13735,0.26888,0.29267,0.13253
2021,010960,삼호개발,KOSPI,1460,4.18000,0.13509,0.04843,-0.01160,190.00000,-0.01160,-0.01934,0.12193,0.00198,-0.00353,0.13734,-0.01923,-0.03017,0.11327,-0.15197,-0.04304,-0.03740,-0.10655,-0.06129,0.01416,-0.00186,-0.01437,0.13298,190.00000,5159.52246,0.03683,0.14973,0.16515,0.14107,-0.00960,0.04196,0.16079,0.31500
2021,004450,삼화왕관,KOSPI,1712,3.05000,0.05494,-0.03173,0.00120,1250.00000,0.00120,-0.00654,0.05621,-0.01489,-0.02040,0.03923,-0.02178,-0.03273,0.03196,-0.01838,0.09054,0.03554,0.01054,0.05579,0.06606,0.00017,-0.01234,0.05512,1250.00000,43235.22733,0.02891,0.07731,0.06034,0.05307,0.05665,0.08717,0.07623,-0.04151
2021,017390,서울가스,KOSPI,335,10.63000,0.13641,0.04974,-0.07260,1750.00000,-0.07260,-0.08034,0.05391,-0.07820,-0.08371,0.04755,-0.07262,-0.08356,0.05389,-0.01674,0.09218,0.11739,0.06720,0.11245,0.21278,0.02803,0.01551,0.16826,16750.00000,179067.68023,0.00977,0.05883,0.05246,0.05881,0.12231,0.21770,0.17318,7.42875
2021,093920,서원인텍,KOSDAQ,1437,5.60000,0.13269,0.04602,-0.03250,350.00000,-0.03250,-0.04024,0.09588,-0.06500,-0.07050,0.05907,-0.07906,-0.09000,0.04315,-0.18645,-0.07753,-0.07850,-0.11038,-0.06513,0.00766,-0.10896,-0.12147,0.00928,350.00000,7079.32747,0.04944,0.13436,0.09755,0.08162,-0.04003,0.04614,0.04775,0.65737
2021,065710,서호전기,KOSDAQ,1581,5.14000,0.11068,0.02401,-0.02310,1000.00000,-0.02310,-0.03084,0.08502,-0.05548,-0.06099,0.04906,-0.05546,-0.06641,0.04908,-0.17121,-0.06229,-0.07948,-0.00686,0.03839,0.10306,-0.01620,-0.02871,0.09269,1000.00000,21608.57267,0.04628,0.12083,0.08486,0.08488,-0.04368,0.13886,0.12849,0.49916
2021,037350,성도이엔지,KOSDAQ,1794,3.88000,0.11060,0.02393,0.00000,150.00000,0.00000,-0.00774,0.11060,-0.03847,-0.04398,0.06788,-0.02455,-0.03549,0.08334,-0.17577,-0.06685,-0.08461,-0.10144,-0.05619,-0.00207,-0.04217,-0.05468,0.06376,200.00000,5724.72640,0.02620,0.12941,0.08669,0.10215,-0.06580,0.01675,0.08258,
2021,003080,SB성보,KOSPI,1872,3.68000,0.09001,0.00334,-0.00500,120.00000,-0.00500,-0.01274,0.08456,-0.02752,-0.03302,0.06002,-0.01875,-0.02970,0.06957,-0.11485,-0.00593,-0.03518,-0.04996,-0.00470,0.03555,0.03379,0.02128,0.12684,135.00000,3998.67190,0.03001,0.10660,0.08205,0.09161,-0.01314,0.05759,0.14888,0.16661
2021,011560,세보엠이씨,KOSDAQ,1979,3.31000,0.16056,0.07389,0.01140,250.00000,0.01140,0.00366,0.17379,-0.00997,-0.01548,0.14899,0.03557,0.02462,0.20184,-0.11848,-0.00956,0.02306,0.01574,0.06100,0.17883,0.01730,0.00479,0.18065,200.00000,7012.46726,0.03565,0.20060,0.17580,0.22865,0.04987,0.20564,0.20746,-0.31977
2021,019440,세아특수강,KOSPI,1325,4.55000,0.06168,-0.02499,-0.03670,1200.00000,-0.03670,-0.04444,0.02272,-0.06415,-0.06966,-0.00643,-0.07945,-0.09039,-0.02267,-0.16503,-0.05610,-0.11353,-0.01513,0.03013,0.04562,-0.02410,-0.03661,0.03609,700.00000,16333.52567,0.07347,0.08152,0.05238,0.03614,-0.05472,0.10442,0.09490,0.49953
2021,192440,슈피겐코리아,KOSDAQ,855,3.07000,0.12017,0.03350,-0.00690,840.00000,-0.00690,-0.01464,0.11244,0.00221,-0.00330,0.12265,0.01824,0.00730,0.14061,-0.10752,0.00140,-0.00027,-0.02989,0.01536,0.08669,0.04562,0.03311,0.17128,1200.00000,43785.24874,0.01918,0.12532,0.13553,0.15349,0.01261,0.09957,0.18416,0.35966
2021,053210,스카이라이프,KOSPI,553,4.06000,0.08337,-0.00330,-0.01180,350.00000,-0.01180,-0.01954,0.07058,-0.05026,-0.05577,0.02891,-0.04922,-0.06017,0.03005,-0.15942,-0.05050,-0.08934,-0.09646,-0.05120,-0.02113,-0.04945,-0.06196,0.02979,350.00000,9339.37756,0.03748,0.09894,0.05727,0.05840,-0.06099,0.00722,0.05815,0.31487
2021,004970,신라교역,KOSPI,984,3.97000,0.08350,-0.00316,-0.02560,500.00000,-0.02560,-0.03334,0.05577,-0.01102,-0.01653,0.07156,-0.02932,-0.04027,0.05174,-0.13537,-0.02645,-0.06317,-0.08054,-0.03528,-0.00376,-0.07684,-0.08935,0.00025,500.00000,13646.14871,0.03664,0.08341,0.09921,0.07938,-0.03553,0.02389,0.02789,0.69868
2021,001720,신영증권,KOSPI,434,6.91000,0.05529,-0.03138,-0.01310,4000.00000,-0.01310,-0.02084,0.04147,0.00484,-0.00067,0.06039,0.00471,-0.00624,0.06026,-0.02949,0.07943,0.02417,0.02944,0.07469,0.08635,-0.02460,-0.03712,0.02933,4000.00000,61087.75889,0.06548,0.09351,0.11244,0.11231,0.07622,0.13840,0.08137,0.20006
2021,055550,신한지주,KOSPI,23,4.33000,0.10101,0.01434,-0.02490,1960.00000,-0.02490,-0.03264,0.07360,-0.02236,-0.02786,0.07640,0.03405,0.02311,0.13851,-0.00128,0.10764,0.09960,0.00118,0.04644,0.10231,0.08753,0.07502,0.19738,1500.00000,38141.25634,0.05139,0.11372,0.11652,0.17863,0.13973,0.14244,0.23751,0.48455
2021,003410,쌍용C&E,KOSPI,92,5.87000,0.05218,-0.03449,-0.02150,440.00000,-0.02150,-0.02924,0.02956,0.02788,0.02237,0.08152,0.02906,0.01811,0.08276,-0.04081,0.06812,0.00925,-0.02322,0.02204,0.02776,0.04252,0.03001,0.09692,440.00000,7886.89770,0.05579,0.07341,0.12536,0.12661,0.05309,0.07160,0.14077,0.38538
2021,225330,씨엠에스에듀,KOSDAQ,1282,3.50000,-0.06070,-0.14737,-0.01150,,-0.01150,-0.01924,-0.07150,-0.08607,-0.09158,-0.14154,-0.04601,-0.05695,-0.10391,-0.08472,0.02420,-0.14027,-0.03032,0.01493,-0.08918,-0.03032,-0.04283,-0.08918,260.00000,6977.68617,,,,,,,,
2021,376290,씨유테크,KOSDAQ,1449,3.50000,0.13182,0.04515,-0.03120,260.00000,-0.03120,-0.03894,0.09651,-0.07591,-0.08142,0.04590,-0.13010,-0.14105,-0.01543,-0.09761,0.01131,0.02134,-0.00826,0.03699,0.12247,0.04598,0.03346,0.18386,228.00000,7372.99280,0.03526,0.12299,0.07238,0.01105,0.04782,0.14895,0.21034,0.88476
2021,122900,아이마켓코리아,KOSPI,644,5.88000,0.10310,0.01643,-0.03110,600.00000,-0.03110,-0.03884,0.06880,-0.07995,-0.08546,0.01490,-0.07551,-0.08646,0.01981,-0.15386,-0.04494,-0.06662,-0.10678,-0.06153,-0.01469,-0.03559,-0.04810,0.06385,600.00000,11256.13858,0.05330,0.11054,0.05665,0.06155,-0.02488,0.02706,0.10559,0.58344
2021,040910,아이씨디,KOSDAQ,977,3.11000,0.14250,0.05583,-0.00780,200.00000,-0.00780,-0.01554,0.13359,-0.04279,-0.04830,0.09361,-0.03109,-0.04204,0.10697,-0.21005,-0.10112,-0.09748,-0.21397,-0.16872,-0.10196,-0.15957,-0.17208,-0.03980,350.00000,12857.69464,0.01555,0.14340,0.10342,0.11678,-0.08767,-0.09215,-0.03000,0.50145
2021,161000,애경케미칼,KOSPI,475,3.45000,0.12828,0.04161,-0.02620,550.00000,-0.02620,-0.03394,0.09872,-0.04352,-0.04903,0.07918,-0.01722,-0.02817,0.10885,-0.17962,-0.07070,-0.07438,-0.11339,-0.06813,0.00035,-0.08306,-0.09557,0.03456,350.00000,11446.31535,0.04805,0.13602,0.11648,0.14615,-0.03708,0.03765,0.07187,0.54526
2021,031330,에스에이엠티,KOSDAQ,552,3.63000,0.10152,0.01486,-0.01980,200.00000,-0.01980,-0.02754,0.07971,-0.07704,-0.08255,0.01666,-0.09135,-0.10229,0.00090,-0.14072,-0.03180,-0.05349,-0.10298,-0.05773,-0.01192,-0.05891,-0.07142,0.03664,150.00000,4551.75230,0.04394,0.11354,0.05048,0.03473,-0.01966,0.02191,0.07046,0.45062
2021,012750,에스원,KOSPI,121,3.40000,0.04236,-0.04431,-0.03390,2500.00000,-0.03390,-0.04164,0.00702,-0.04704,-0.05255,-0.00667,-0.04705,-0.05800,-0.00668,-0.12276,-0.01384,-0.08560,-0.05901,-0.01375,-0.01915,-0.06961,-0.08212,-0.03020,2500.00000,76643.99517,0.03262,0.03127,0.01757,0.01756,-0.06136,0.00510,-0.00596,1.03929
2021,069510,에스텍,KOSDAQ,1623,4.51000,0.06232,-0.02435,-0.02440,0.00000,-0.02440,-0.03214,0.03640,-0.02555,-0.03106,0.03518,-0.02018,-0.03113,0.04088,-0.09141,0.01751,-0.03479,-0.17322,-0.12796,-0.12169,-0.13072,-0.14323,-0.07654,400.00000,9421.91898,0.00000,0.03305,0.03183,0.03753,-0.03814,-0.12504,-0.07989,
2021,098660,에스티오,KOSDAQ,2322,5.14000,0.16843,0.08176,-0.01200,110.00000,-0.01200,-0.01974,0.15440,0.03201,0.02650,0.20583,0.08800,0.07705,0.27124,-0.08404,0.02489,0.07024,-0.00609,0.03916,0.16130,0.07160,0.05908,0.25208,110.00000,2500.52197,0.04399,0.18827,0.23970,0.30511,0.10410,0.19517,0.28595,0.27278
2021,244920,에이플러스에셋,KOSPI,976,3.88000,-0.00121,-0.08788,-0.00780,150.00000,-0.00780,-0.01554,-0.00900,-0.04229,-0.04780,-0.04345,-0.04674,-0.05769,-0.04790,-0.15896,-0.05003,-0.15998,-0.17352,-0.12827,-0.17452,-0.15580,-0.16831,-0.15682,350.00000,9009.67162,0.01665,0.00173,-0.03272,-0.03716,-0.14924,-0.16379,-0.14609,0.46850
2021,089970,브이엠,KOSDAQ,601,3.17000,0.35878,0.27212,-0.00230,1200.00000,-0.00230,-0.01004,0.35566,-0.12369,-0.12920,0.19071,-0.01852,-0.02947,0.33361,-0.12603,-0.01711,0.18753,-0.11425,-0.06899,0.20355,0.09626,0.08375,0.48959,500.00000,21431.93938,0.05599,0.39968,0.23473,0.37763,0.23155,0.24757,0.53361,0.04108
2021,230360,에코마케팅,KOSDAQ,439,5.62000,0.07543,-0.01123,-0.02810,310.00000,-0.02810,-0.03584,0.04522,-0.13199,-0.13749,-0.06651,-0.12365,-0.13460,-0.05754,-0.23034,-0.12142,-0.17228,-0.03098,0.01427,0.04212,0.22442,0.21191,0.31679,930.00000,17796.34337,0.01742,0.05660,-0.05512,-0.04616,-0.16089,0.05350,0.32818,1.61315
2021,347890,엠엑스온,KOSDAQ,1304,6.25000,0.13248,0.04582,0.00660,250.00000,0.00660,-0.00114,0.13996,0.02103,0.01552,0.15630,0.05967,0.04873,0.20006,0.05428,0.16320,0.19396,0.01439,0.05965,0.14878,0.05830,0.04579,0.19851,500.00000,9059.87262,0.02759,0.15995,0.17629,0.22006,0.21395,0.16878,0.21850,-0.23918
2021,036560,KZ정밀,KOSDAQ,1310,4.14000,0.11726,0.03059,-0.03390,350.00000,-0.03390,-0.04164,0.07938,-0.03174,-0.03725,0.08180,-0.02737,-0.03832,0.08667,-0.09725,0.01167,0.00860,-0.04240,0.00286,0.06989,0.00753,-0.00498,0.12567,350.00000,9445.41542,0.03706,0.10738,0.10980,0.11467,0.03660,0.09789,0.15367,0.91486
2021,001800,오리온홀딩스,KOSPI,293,4.42000,0.10541,0.01874,-0.01540,650.00000,-0.01540,-0.02314,0.08838,-0.04916,-0.05467,0.05107,-0.05516,-0.06610,0.04444,-0.16290,-0.05398,-0.07467,-0.14124,-0.09599,-0.05072,-0.12285,-0.13536,-0.03039,650.00000,16255.99567,0.03999,0.11886,0.08155,0.07492,-0.04419,-0.02025,0.00009,0.38514
2021,010470,오리콤,KOSDAQ,1900,3.70000,0.11119,0.02452,-0.04240,220.00000,-0.04240,-0.05014,0.06408,0.00920,0.00369,0.12142,-0.04230,-0.05325,0.06418,-0.17283,-0.06391,-0.08086,-0.07890,-0.03365,0.02351,0.23922,0.22670,0.37700,220.00000,6607.07686,0.03330,0.08890,0.14624,0.08900,-0.05604,0.04833,0.40182,1.27336
2021,079000,와토스코리아,KOSDAQ,2238,3.57000,0.10347,0.01680,-0.00970,200.00000,-0.00970,-0.01744,0.09276,-0.01139,-0.01689,0.09090,0.00963,-0.00132,0.11409,-0.09712,0.01180,-0.00371,-0.02464,0.02061,0.07627,0.29512,0.28261,0.42912,200.00000,6181.87823,0.03235,0.11678,0.11492,0.13811,0.02031,0.10029,0.45314,0.29982
2021,095720,웅진씽크빅,KOSPI,648,3.75000,0.09874,0.01207,-0.00470,130.00000,-0.00470,-0.01244,0.09357,-0.02639,-0.03190,0.06974,-0.01085,-0.02180,0.08682,-0.14111,-0.03219,-0.05631,-0.10374,-0.05849,-0.01525,-0.03848,-0.05099,0.05646,110.00000,3222.96014,0.04034,0.12435,0.10051,0.11759,-0.02553,0.01552,0.08723,0.11652
2021,053080,케이엔솔,KOSDAQ,1058,6.55000,0.00005,-0.08662,0.01410,300.00000,0.01410,0.00636,0.01415,-0.01415,-0.01965,-0.01409,0.01407,0.00312,0.01412,-0.10920,-0.00028,-0.10916,-0.15145,-0.10619,-0.15140,-0.11985,-0.13236,-0.11980,930.00000,14199.23394,0.02113,0.02868,0.00043,0.02865,-0.09463,-0.13688,-0.10528,-0.66736
2021,008370,원풍,KOSDAQ,2069,3.37000,0.12038,0.03371,-0.01690,170.00000,-0.01690,-0.02464,0.10145,-0.01502,-0.02053,0.10355,-0.02445,-0.03540,0.09299,-0.17004,-0.06111,-0.07013,-0.08626,-0.04101,0.02374,0.04351,0.03100,0.16913,160.00000,5319.31964,0.03196,0.12513,0.12724,0.11668,-0.04644,0.04742,0.19282,0.52880
2021,011330,유니켐,KOSPI,1734,4.20000,0.08401,-0.00266,0.00000,30.00000,0.00000,-0.00774,0.08401,0.01541,0.00990,0.10072,0.01541,0.00447,0.10072,-0.09313,0.01579,-0.01695,-0.00802,0.03724,0.07532,0.05021,0.03769,0.13844,50.00000,1290.49025,0.02325,0.10033,0.11704,0.11704,-0.00063,0.09164,0.15475,
2021,002920,유성기업,KOSPI,1847,4.12000,0.12539,0.03872,-0.02900,120.00000,-0.02900,-0.03674,0.09276,-0.03818,-0.04369,0.08242,-0.05338,-0.06433,0.06532,-0.18161,-0.07269,-0.07899,-0.13587,-0.09062,-0.02752,-0.06894,-0.08145,0.04781,120.00000,3277.84016,0.03661,0.12038,0.11004,0.09294,-0.05137,0.00010,0.07543,0.79214
2021,000700,유수홀딩스,KOSPI,1222,8.68000,0.19087,0.10421,-0.06560,400.00000,-0.06560,-0.07334,0.11275,-0.10205,-0.10756,0.06934,-0.12539,-0.13634,0.04155,-0.25226,-0.14334,-0.10954,-0.18810,-0.14285,-0.03313,-0.15596,-0.16847,0.00515,500.00000,6859.87760,0.05831,0.15873,0.11532,0.08753,-0.06356,0.01285,0.05113,1.12502
2021,054930,유신,KOSDAQ,2149,3.04000,0.10944,0.02277,-0.03010,750.00000,-0.03010,-0.03784,0.07605,-0.02743,-0.03294,0.07902,-0.03012,-0.04106,0.07603,-0.14782,-0.03890,-0.05456,-0.02713,0.01812,0.07934,0.03598,0.02346,0.14936,500.00000,18247.41903,0.04110,0.10747,0.11044,0.10745,-0.02314,0.11077,0.18078,0.73233
2021,003470,유안타증권,KOSPI,347,3.25000,0.06618,-0.02049,-0.02440,180.00000,-0.02440,-0.03214,0.04016,-0.04765,-0.05315,0.01538,-0.03663,-0.04758,0.02712,-0.17915,-0.07023,-0.12483,-0.13442,-0.08916,-0.07714,-0.09935,-0.11187,-0.03975,125.00000,4100.67865,0.04390,0.07395,0.04916,0.06090,-0.09104,-0.04335,-0.00597,0.55587
2021,000220,유유제약,KOSPI,1504,3.33000,0.23488,0.14821,0.00640,105.00000,0.00640,-0.00134,0.24278,-0.03349,-0.03900,0.19353,-0.03468,-0.04562,0.19206,-0.17472,-0.06580,0.01912,0.03104,0.07629,0.27321,0.03990,0.02738,0.28415,210.00000,7787.52327,0.01348,0.25084,0.20158,0.20012,0.02718,0.28126,0.29220,-0.47467
2021,023410,유진기업,KOSDAQ,642,3.85000,0.14473,0.05806,-0.03460,170.00000,-0.03460,-0.04234,0.10512,0.02175,0.01624,0.16963,-0.00985,-0.02080,0.13345,-0.15514,-0.04622,-0.03287,-0.06318,-0.01793,0.07240,0.00200,-0.01051,0.14701,170.00000,5054.63688,0.03363,0.13022,0.19473,0.15855,-0.00776,0.09750,0.17212,1.02877
2021,001200,유진투자증권,KOSPI,667,3.51000,0.08498,-0.00169,-0.02700,140.00000,-0.02700,-0.03474,0.05569,-0.05930,-0.06481,0.02064,-0.05114,-0.06209,0.02950,-0.21832,-0.10940,-0.15189,-0.09708,-0.05183,-0.02035,-0.09714,-0.10965,-0.02041,120.00000,3709.33880,0.03774,0.08427,0.04923,0.05808,-0.12331,0.00823,0.00817,0.71537
2021,214320,이노션,KOSPI,264,3.50000,0.07960,-0.00707,-0.01260,1800.00000,-0.01260,-0.02034,0.06600,-0.05042,-0.05593,0.02517,-0.05577,-0.06671,0.01940,-0.13943,-0.03051,-0.07093,-0.10535,-0.06010,-0.03414,-0.09551,-0.10802,-0.02351,1800.00000,55522.48852,0.03242,0.09008,0.04925,0.04348,-0.04685,-0.01006,0.00057,0.38866
2021,041520,이엘씨,KOSDAQ,1655,7.81000,0.21340,0.12673,-0.04720,300.00000,-0.04720,-0.05494,0.15613,-0.01610,-0.02161,0.19387,-0.01699,-0.02794,0.19278,-0.19937,-0.09045,-0.02851,-0.23681,-0.19155,-0.07394,-0.22955,-0.24206,-0.06514,600.00000,9321.90792,0.03218,0.18001,0.21774,0.21666,-0.00464,-0.05006,-0.04126,1.46665
2021,078020,LS증권,KOSDAQ,507,6.77000,0.09473,0.00806,-0.06400,600.00000,-0.06400,-0.07174,0.02467,-0.09882,-0.10433,-0.01345,-0.08987,-0.10082,-0.00365,-0.17420,-0.06528,-0.09597,-0.16516,-0.11991,-0.08607,-0.14397,-0.15648,-0.06288,550.00000,8893.69430,0.06746,0.07839,0.04027,0.05007,-0.04224,-0.03235,-0.00915,0.94866
2021,092130,이크레더블,KOSDAQ,883,3.63000,0.04409,-0.04258,-0.02480,2720.00000,-0.02480,-0.03254,0.01820,-0.04965,-0.05516,-0.00775,-0.06191,-0.07286,-0.02055,-0.13137,-0.02245,-0.09307,-0.06686,-0.02161,-0.02572,-0.02222,-0.03473,0.02089,700.00000,20133.98692,0.13509,0.12914,0.10319,0.09039,0.01787,0.08522,0.13183,0.18357
2021,037330,인지디스플레,KOSDAQ,1409,3.70000,0.15366,0.06700,-0.01930,50.00000,-0.01930,-0.02704,0.13140,-0.03688,-0.04239,0.11112,-0.02723,-0.03817,0.12225,-0.17485,-0.06593,-0.04806,-0.13323,-0.08798,-0.00004,-0.14602,-0.15853,-0.01479,100.00000,3118.01298,0.01604,0.14162,0.12134,0.13247,-0.03784,0.01018,-0.00457,1.20355
2021,040420,정상제이엘에스,KOSDAQ,1396,5.59000,0.03631,-0.05036,-0.06020,530.00000,-0.06020,-0.06794,-0.02608,-0.07647,-0.08198,-0.04294,-0.07520,-0.08615,-0.04163,-0.10278,0.00614,-0.07021,-0.02507,0.02018,0.01033,-0.04133,-0.05385,-0.00653,430.00000,7971.58716,0.06649,0.02682,0.00996,0.01127,-0.01731,0.06322,0.04637,0.90545
2021,225220,제놀루션,KOSDAQ,1256,4.68000,0.05042,-0.03625,0.00000,400.00000,0.00000,-0.00774,0.05042,-0.05727,-0.06278,-0.00974,-0.09852,-0.10947,-0.05307,-0.20042,-0.09149,-0.16010,-0.21300,-0.16775,-0.17332,-0.11118,-0.12370,-0.06637,700.00000,15711.44934,0.02546,0.06861,0.00845,-0.03488,-0.14191,-0.15513,-0.04818,
2021,147830,제룡산업,KOSDAQ,1976,4.67000,0.15251,0.06584,-0.00950,100.00000,-0.00950,-0.01724,0.14156,0.00665,0.00115,0.16018,0.01469,0.00374,0.16944,-0.13935,-0.03043,-0.00809,-0.03144,0.01382,0.11628,0.01841,0.00590,0.17373,150.00000,3701.85438,0.02701,0.16107,0.17968,0.18895,0.01141,0.13578,0.19324,0.35168
2021,054950,제이브이엠,KOSDAQ,1189,3.10000,0.08935,0.00268,-0.00710,200.00000,-0.00710,-0.01484,0.08161,0.03913,0.03362,0.13197,0.03911,0.02817,0.13196,-0.00345,0.10548,0.08559,0.00011,0.04536,0.08947,0.02842,0.01591,0.12031,400.00000,14056.11130,0.01423,0.09030,0.14066,0.14064,0.09428,0.09815,0.12900,0.49899
2021,030000,제일기획,KOSPI,135,3.87000,0.11298,0.02631,-0.02900,990.00000,-0.02900,-0.03674,0.08070,-0.07039,-0.07590,0.03464,-0.04557,-0.05651,0.06227,-0.13652,-0.02759,-0.03896,-0.06609,-0.02084,0.03942,-0.02486,-0.03737,0.08531,840.00000,24157.70097,0.04098,0.11202,0.06596,0.09359,-0.00764,0.07074,0.11663,0.70765
2021,000480,CR홀딩스,KOSPI,679,5.19000,0.03701,-0.04966,-0.02860,4500.00000,-0.02860,-0.03634,0.00735,-0.04647,-0.05197,-0.01118,-0.04765,-0.05860,-0.01241,-0.10716,0.00177,-0.07412,-0.06186,-0.01661,-0.02714,-0.04267,-0.05518,-0.00724,4200.00000,83919.77918,0.05362,0.04937,0.03084,0.02961,-0.03210,0.01487,0.03477,0.53336
2021,000440,중앙에너비스,KOSDAQ,1705,3.37000,0.22446,0.13779,0.03150,320.00000,0.03150,0.02376,0.26303,-0.02873,-0.03424,0.18928,0.00277,-0.00818,0.22785,0.02575,0.13468,0.25600,1.16872,1.21398,1.65552,0.89941,0.88689,1.32575,480.00000,17440.40003,0.01835,0.27520,0.20145,0.24002,0.26817,1.66769,1.33792,-1.71679
2021,035000,HS애드,KOSPI,1515,4.65000,0.10668,0.02001,-0.01960,350.00000,-0.01960,-0.02734,0.08499,0.00836,0.00285,0.11593,0.00552,-0.00542,0.11279,-0.05477,0.05416,0.04607,-0.10807,-0.06281,-0.01291,-0.07731,-0.08983,0.02112,300.00000,7139.88503,0.04902,0.12311,0.15405,0.15091,0.08419,0.02521,0.05924,0.39983
2021,100250,진양홀딩스,KOSPI,1005,4.86000,0.10995,0.02328,-0.02960,170.00000,-0.02960,-0.03734,0.07709,-0.03864,-0.04415,0.06706,0.01793,0.00699,0.12985,-0.11728,-0.00835,-0.02022,0.03576,0.08101,0.14964,-0.02202,-0.03453,0.08550,170.00000,3882.53248,0.04379,0.11079,0.10075,0.16355,0.01347,0.18333,0.11920,0.67602
2021,004650,창해에탄올,KOSDAQ,1408,4.65000,0.06981,-0.01686,-0.03260,600.00000,-0.03260,-0.04034,0.03494,-0.05438,-0.05989,0.01164,-0.05806,-0.06900,0.00770,-0.10866,0.00026,-0.04644,-0.04344,0.00181,0.02334,-0.05080,-0.06331,0.01547,600.00000,13804.02776,0.04347,0.06836,0.04506,0.04113,-0.01302,0.05676,0.04889,0.75002
2021,214370,케어젠,KOSDAQ,385,3.21000,0.06405,-0.02261,0.00900,2300.00000,0.00900,0.00126,0.07363,-0.02860,-0.03411,0.03363,-0.00756,-0.01850,0.05601,-0.05135,0.05757,0.00941,-0.12517,-0.07992,-0.06914,0.51407,0.50156,0.61105,2000.00000,66296.23187,0.03469,0.09963,0.05963,0.08201,0.03541,-0.04314,0.63705,-0.25942
2021,115500,케이씨에스,KOSDAQ,1883,3.64000,0.12904,0.04237,-0.00590,220.00000,-0.00590,-0.01364,0.12238,0.15650,0.15099,0.30574,0.17555,0.16460,0.32724,-0.10854,0.00039,0.00650,-0.07319,-0.02794,0.04640,0.10105,0.08854,0.24313,220.00000,6823.88345,0.03224,0.14631,0.32966,0.35117,0.03043,0.07033,0.26706,0.18300
2021,024880,케이피에프,KOSDAQ,1895,3.22000,0.26400,0.17733,-0.02450,0.00000,-0.02450,-0.03224,0.23303,0.06079,0.05528,0.34083,0.09209,0.08115,0.38040,-0.04719,0.06173,0.20434,-0.07075,-0.02550,0.17456,-0.00202,-0.01454,0.26144,130.00000,5103.09439,0.00000,0.22968,0.33748,0.37705,0.20099,0.17121,0.25809,
2021,190650,코리아에셋투자증권,KOSDAQ,1985,4.55000,0.13655,0.04988,0.00440,450.00000,0.00440,-0.00334,0.14155,-0.01337,-0.01888,0.12135,-0.00008,-0.01102,0.13646,-0.10223,0.00669,0.02036,0.15998,0.20523,0.31837,0.10661,0.09410,0.25772,450.00000,11240.57279,0.04003,0.17207,0.15186,0.16698,0.05087,0.34889,0.28823,-0.10991
2021,003690,코리안리,KOSPI,250,4.83000,0.03651,-0.05016,-0.04560,525.00000,-0.04560,-0.05334,-0.01075,-0.03522,-0.04073,0.00000,0.00834,-0.00261,0.04515,0.02057,0.12949,0.05783,-0.03010,0.01515,0.00531,0.01966,0.00715,0.05689,450.00000,9656.93935,0.05437,0.03189,0.04264,0.08779,0.10047,0.04795,0.09953,0.83877
2021,029960,코엔텍,KOSDAQ,547,6.12000,0.11401,0.02734,-0.05390,300.00000,-0.05390,-0.06164,0.05397,-0.08197,-0.08748,0.02269,-0.09479,-0.10574,0.00842,-0.15826,-0.04934,-0.06230,-0.16161,-0.11635,-0.06602,-0.10760,-0.12011,-0.00585,510.00000,9283.44191,0.03232,0.07796,0.04668,0.03241,-0.03831,-0.04203,0.01814,1.66793
2021,192400,쿠쿠홀딩스,KOSPI,399,3.64000,0.07714,-0.00952,-0.00770,700.00000,-0.00770,-0.01544,0.06885,-0.06401,-0.06952,0.00819,-0.03849,-0.04943,0.03569,-0.14090,-0.03197,-0.07462,-0.09735,-0.05210,-0.02772,-0.09231,-0.10483,-0.02229,660.00000,19530.63845,0.03584,0.09582,0.03516,0.06266,-0.04765,-0.00075,0.00468,0.21484
2021,039490,키움증권,KOSPI,131,3.08000,0.11811,0.03144,-0.00920,3500.00000,-0.00920,-0.01694,0.10782,-0.05963,-0.06514,0.05143,-0.05970,-0.07064,0.05136,-0.19368,-0.08476,-0.09845,-0.06904,-0.02379,0.04092,-0.09374,-0.10625,0.01330,3000.00000,108906.77306,0.03214,0.13166,0.07527,0.07520,-0.07461,0.06475,0.03713,0.28627
2021,015890,태경산업,KOSPI,1018,3.64000,0.04993,-0.03674,-0.03030,270.00000,-0.03030,-0.03804,0.01812,-0.04482,-0.05033,0.00287,-0.04337,-0.05432,0.00439,-0.08235,0.02657,-0.03653,-0.00290,0.04235,0.04688,0.00285,-0.00966,0.05292,240.00000,6922.61969,0.03900,0.04776,0.03252,0.03404,-0.00689,0.07653,0.08257,0.77687
2021,009410,태영건설,KOSPI,596,3.34000,0.08970,0.00303,-0.01890,350.00000,-0.01890,-0.02664,0.06911,0.01410,0.00859,0.10507,0.05183,0.04088,0.14618,-0.06887,0.04005,0.01466,-0.06898,-0.02373,0.01454,-0.03782,-0.05033,0.04849,325.00000,10603.39719,0.03301,0.09368,0.12965,0.17075,0.03923,0.03911,0.07307,0.57258
2021,065690,파커스,KOSDAQ,2251,5.39000,0.13097,0.04430,-0.01270,150.00000,-0.01270,-0.02044,0.11661,0.00326,-0.00225,0.13465,0.03182,0.02088,0.16696,-0.11108,-0.00216,0.00534,-0.04116,0.00409,0.08442,-0.00136,-0.01387,0.12944,150.00000,3147.40759,0.04766,0.15357,0.17162,0.20393,0.04231,0.12139,0.16640,0.26648
2021,010770,평화홀딩스,KOSPI,1964,3.39000,0.02812,-0.05855,-0.01210,150.00000,-0.01210,-0.01984,0.01568,-0.02746,-0.03297,-0.00012,-0.11975,-0.13069,-0.09499,-0.19886,-0.08994,-0.17633,-0.17023,-0.12498,-0.14690,-0.09126,-0.10378,-0.06571,150.00000,4549.19570,0.03297,0.04022,0.02443,-0.07045,-0.15179,-0.12236,-0.04117,0.36697
2021,047050,포스코인터내셔널,KOSPI,146,3.74000,0.21931,0.13264,-0.00660,800.00000,-0.00660,-0.01434,0.21127,0.01096,0.00545,0.23267,0.04608,0.03513,0.27550,-0.11836,-0.00944,0.07499,-0.09851,-0.05326,0.09920,-0.05688,-0.06939,0.14996,700.00000,22821.36350,0.03505,0.23757,0.25898,0.30180,0.10130,0.12550,0.17627,0.18828
2021,007330,푸른저축은행,KOSDAQ,1138,5.00000,0.16361,0.07695,-0.05080,650.00000,-0.05080,-0.05854,0.10450,-0.07037,-0.07588,0.08174,0.03508,0.02414,0.20444,-0.03507,0.07385,0.12281,-0.04681,-0.00155,0.10915,-0.03122,-0.04373,0.12729,550.00000,12799.76352,0.05078,0.14411,0.12135,0.24405,0.16242,0.14876,0.16690,1.00035
2021,005810,풍산홀딩스,KOSPI,747,4.40000,0.09364,0.00697,-0.02520,1400.00000,-0.02520,-0.03294,0.06608,-0.03359,-0.03910,0.05690,-0.01344,-0.02439,0.07894,-0.07220,0.03673,0.01468,-0.02709,0.01816,0.06401,0.00801,-0.00450,0.10240,1200.00000,29826.56121,0.04694,0.10244,0.09326,0.11530,0.05104,0.10037,0.13876,0.53688
2021,086790,하나금융지주,KOSPI,35,4.68000,0.11278,0.02611,-0.02840,3100.00000,-0.02840,-0.03614,0.08117,-0.01698,-0.02249,0.09388,0.06721,0.05626,0.18756,0.00356,0.11248,0.11673,0.05719,0.10244,0.17641,0.10624,0.09373,0.23100,1850.00000,43987.90367,0.07047,0.13744,0.15015,0.24384,0.17301,0.23268,0.28727,0.40299
2021,013030,하이록코리아,KOSDAQ,959,3.26000,0.10438,0.01771,-0.00290,500.00000,-0.00290,-0.01064,0.10117,0.02645,0.02094,0.13359,0.04706,0.03612,0.15635,-0.10931,-0.00039,-0.01635,0.03218,0.07744,0.13992,0.05873,0.04621,0.16923,500.00000,16938.29808,0.02952,0.12280,0.15521,0.17798,0.00528,0.16154,0.19086,0.09824
2021,000140,하이트진로홀딩스,KOSPI,782,3.42000,0.06820,-0.01847,-0.01200,450.00000,-0.01200,-0.01974,0.05538,-0.01587,-0.02137,0.05125,0.00808,-0.00287,0.07683,-0.11593,-0.00700,-0.05564,0.06811,0.11336,0.14095,0.09211,0.07960,0.16659,400.00000,12493.53404,0.03602,0.08250,0.07837,0.10395,-0.02852,0.16807,0.19371,0.33316
2021,071050,한국금융지주,KOSPI,82,3.98000,0.13542,0.04876,-0.04910,6150.00000,-0.04910,-0.05684,0.07968,-0.10179,-0.10730,0.01985,-0.04568,-0.05663,0.08355,-0.17444,-0.06552,-0.06264,-0.07859,-0.03334,0.04619,-0.08342,-0.09593,0.04071,3000.00000,85584.76913,0.07186,0.13712,0.07730,0.14100,-0.00520,0.10363,0.09815,0.68329
2021,034950,한국기업평가,KOSDAQ,613,3.66000,-0.00474,-0.09141,-0.02530,3397.00000,-0.02530,-0.03304,-0.02992,-0.03164,-0.03715,-0.03623,-0.04298,-0.05393,-0.04751,-0.10124,0.00769,-0.10549,-0.01131,0.03394,-0.01599,0.02304,0.01053,0.01819,2907.00000,79049.97620,0.04297,0.00309,-0.00323,-0.01451,-0.07249,0.01701,0.05120,0.58874
2021,002960,한국쉘석유,KOSPI,629,5.21000,0.02596,-0.06071,-0.05260,19000.00000,-0.05260,-0.06034,-0.02801,-0.08883,-0.09434,-0.06518,-0.09432,-0.10526,-0.07081,-0.12329,-0.01437,-0.10053,-0.07779,-0.03254,-0.05386,-0.07962,-0.09213,-0.05573,14000.00000,275688.93887,0.06892,0.02695,-0.01022,-0.01585,-0.04558,0.00110,-0.00077,0.76322
2021,000240,한국앤컴퍼니,KOSPI,205,3.30000,0.07240,-0.01427,-0.02150,600.00000,-0.02150,-0.02924,0.04934,-0.06472,-0.07023,0.00299,-0.08324,-0.09418,-0.01686,-0.24011,-0.13118,-0.18509,-0.19080,-0.14554,-0.13221,-0.09842,-0.11093,-0.03314,500.00000,16248.46534,0.03693,0.07723,0.03088,0.01103,-0.15720,-0.10432,-0.00525,0.58224
2021,123890,한국자산신탁,KOSPI,470,5.50000,0.07376,-0.01291,-0.04310,220.00000,-0.04310,-0.05084,0.02748,-0.06753,-0.07304,0.00125,-0.07576,-0.08670,-0.00759,-0.18626,-0.07733,-0.12624,-0.13024,-0.08499,-0.06609,-0.04530,-0.05782,0.02511,220.00000,4295.02277,0.05122,0.06746,0.04123,0.03240,-0.08626,-0.02611,0.06509,0.84143
2021,015760,한국전력,KOSPI,27,5.86000,0.08429,-0.00238,-0.01780,0.00000,-0.01780,-0.02554,0.06499,-0.04679,-0.05230,0.03356,-0.02459,-0.03554,0.05763,-0.10693,0.00199,-0.03165,0.02870,0.07395,0.11541,0.00653,-0.00598,0.09138,1216.00000,22499.98972,0.00000,0.06164,0.03021,0.05428,-0.03500,0.11206,0.08803,
2021,023760,한국캐피탈,KOSDAQ,820,3.11000,0.06958,-0.01709,-0.01160,35.00000,-0.01160,-0.01934,0.05717,-0.00694,-0.01245,0.06216,-0.01749,-0.02844,0.05087,-0.07782,0.03110,-0.01365,-0.05686,-0.01160,0.00877,-0.02081,-0.03333,0.04732,25.00000,859.79064,0.04071,0.08826,0.09325,0.08196,0.01743,0.03986,0.07841,0.28496
2021,054040,한국컴퓨터,KOSDAQ,1957,3.69000,0.22597,0.13930,0.00200,180.00000,0.00200,-0.00574,0.22842,0.06018,0.05468,0.29975,0.05620,0.04526,0.29487,-0.13126,-0.02234,0.06505,-0.07299,-0.02774,0.13648,0.00415,-0.00836,0.23106,150.00000,4983.61268,0.03612,0.25563,0.32696,0.32208,0.09225,0.16369,0.25826,-0.05537
2021,034830,한국토지신탁,KOSPI,397,3.52000,0.02947,-0.05720,-0.01710,100.00000,-0.01710,-0.02484,0.01187,-0.05312,-0.05863,-0.02521,-0.00373,-0.01468,0.02563,-0.12328,-0.01435,-0.09744,-0.18015,-0.13490,-0.15599,-0.10601,-0.11852,-0.07966,90.00000,2632.17656,0.03799,0.04066,0.00358,0.05443,-0.06865,-0.12720,-0.05087,0.45010
2021,060980,HL홀딩스,KOSPI,505,4.61000,0.12099,0.03432,-0.03190,2000.00000,-0.03190,-0.03964,0.08523,-0.04622,-0.05173,0.06918,-0.06879,-0.07973,0.04388,-0.17564,-0.06672,-0.07590,-0.16041,-0.11516,-0.05883,-0.16241,-0.17492,-0.06107,2000.00000,48632.98995,0.04112,0.11667,0.10062,0.07532,-0.04446,-0.02739,-0.02963,0.77570
2021,016450,한세예스24홀딩스,KOSPI,775,3.64000,0.08167,-0.00500,0.00000,250.00000,0.00000,-0.00774,0.08167,-0.03910,-0.04461,0.03938,-0.03913,-0.05008,0.03935,-0.19417,-0.08525,-0.12836,-0.15658,-0.11132,-0.08769,-0.09338,-0.10589,-0.01933,250.00000,7429.07990,0.03365,0.10679,0.06450,0.06447,-0.10324,-0.06257,0.00579,
2021,213500,한솔제지,KOSPI,700,5.36000,0.06896,-0.01771,-0.02870,600.00000,-0.02870,-0.03644,0.03828,-0.02513,-0.03064,0.04209,-0.03594,-0.04688,0.03055,-0.16141,-0.05248,-0.10358,-0.10042,-0.05516,-0.03838,-0.03947,-0.05199,0.02677,700.00000,13960.31808,0.04298,0.07129,0.07510,0.06356,-0.07057,-0.00537,0.05978,0.66777
2021,004150,한솔홀딩스,KOSPI,1268,3.58000,0.06570,-0.02096,0.00140,120.00000,0.00140,-0.00634,0.06720,-0.00564,-0.01115,0.05970,-0.00844,-0.01939,0.05671,-0.12749,-0.01857,-0.07016,-0.07562,-0.03037,-0.01489,-0.01541,-0.02792,0.04929,120.00000,3572.19527,0.03359,0.09227,0.08476,0.08177,-0.04509,0.01018,0.07436,-0.04168
2021,045100,한양이엔지,KOSDAQ,814,3.48000,0.17778,0.09111,-0.00300,550.00000,-0.00300,-0.01074,0.17425,-0.06222,-0.06773,0.10450,-0.03270,-0.04365,0.13927,-0.16585,-0.05693,-0.01755,-0.09191,-0.04665,0.06954,-0.06822,-0.08074,0.09743,500.00000,16922.18163,0.03250,0.19840,0.12865,0.16342,0.00660,0.09368,0.12158,0.09230
2021,001750,한양증권,KOSPI,1059,5.17000,0.14485,0.05818,-0.06330,900.00000,-0.06330,-0.07104,0.07238,-0.09659,-0.10210,0.03427,-0.09959,-0.11053,0.03084,-0.15681,-0.04789,-0.03468,-0.10273,-0.05747,0.02725,-0.13897,-0.15148,-0.01425,750.00000,16608.11901,0.05419,0.11488,0.07677,0.07334,0.00782,0.06974,0.02825,1.16810
2021,046110,한일네트웍스,KOSDAQ,1781,3.53000,0.05027,-0.03640,-0.00420,0.00000,-0.00420,-0.01194,0.04586,-0.03511,-0.04062,0.01339,-0.07296,-0.08391,-0.02636,-0.16567,-0.05675,-0.12373,0.37419,0.41944,0.44327,0.29031,0.27780,0.35517,240.00000,7140.64635,0.00000,0.04251,0.01004,-0.02971,-0.12708,0.43992,0.35182,
2021,006390,한일현대시멘트,KOSPI,437,3.61000,0.15776,0.07109,-0.02830,1200.00000,-0.02830,-0.03604,0.12500,-0.00134,-0.00685,0.15621,-0.01836,-0.02931,0.13650,-0.20099,-0.09207,-0.07493,-0.15434,-0.10909,-0.02092,-0.03531,-0.04783,0.11688,1100.00000,35278.09973,0.03402,0.15043,0.18164,0.16193,-0.04951,0.00450,0.14231,0.83198
2021,003300,한일홀딩스,KOSPI,621,4.13000,0.14986,0.06319,0.00000,550.00000,0.00000,-0.00774,0.14986,-0.00002,-0.00553,0.14984,0.00003,-0.01092,0.14990,-0.10161,0.00732,0.03303,-0.04894,-0.00369,0.09359,-0.02263,-0.03514,0.12384,510.00000,14199.28869,0.03873,0.17928,0.17926,0.17932,0.06245,0.12300,0.15326,
2021,039010,현대에이치티,KOSDAQ,1854,4.00000,0.10392,0.01725,-0.00520,350.00000,-0.00520,-0.01294,0.09818,-0.02806,-0.03357,0.07295,-0.01664,-0.02759,0.08555,-0.06120,0.04772,0.03636,-0.01357,0.03169,0.08894,0.02158,0.00907,0.12774,350.00000,9659.28164,0.03623,0.12548,0.10025,0.11285,0.06366,0.11625,0.15505,0.14351
2021,267250,HD현대,KOSPI,83,6.99000,0.09447,0.00780,-0.05530,5550.00000,-0.05530,-0.06304,0.03395,-0.05360,-0.05911,0.03581,-0.05698,-0.06792,0.03211,-0.20553,-0.09661,-0.13048,-0.08481,-0.03956,0.00165,-0.07081,-0.08333,0.01697,3700.00000,57933.36818,0.09580,0.11164,0.11351,0.10981,-0.05278,0.07935,0.09466,0.57725
2021,001500,현대차증권,KOSPI,593,5.60000,0.08280,-0.00387,-0.05360,800.00000,-0.05360,-0.06134,0.02476,-0.08802,-0.09353,-0.01251,-0.08802,-0.09896,-0.01250,-0.18753,-0.07860,-0.12025,-0.14905,-0.10379,-0.07859,-0.14914,-0.16165,-0.07869,675.00000,13051.63623,0.06129,0.07327,0.03600,0.03600,-0.07175,-0.03008,-0.03018,0.87446
2021,011760,현대코퍼레이션,KOSPI,994,4.00000,0.13651,0.04984,-0.01760,600.00000,-0.01760,-0.02534,0.11651,-0.03220,-0.03771,0.09991,-0.01747,-0.02842,0.11665,-0.12303,-0.01411,-0.00332,-0.01456,0.03070,0.11997,-0.03816,-0.05067,0.09314,600.00000,17047.63795,0.03520,0.14293,0.12633,0.14308,0.02311,0.14639,0.11956,0.50006
2021,227840,현대코퍼레이션홀딩스,KOSPI,1535,4.35000,0.08249,-0.00418,-0.03210,500.00000,-0.03210,-0.03984,0.04774,-0.07628,-0.08179,-0.00008,-0.07234,-0.08329,0.00417,-0.18471,-0.07579,-0.11746,-0.12858,-0.08332,-0.05670,-0.10462,-0.11713,-0.03076,500.00000,12442.35743,0.04019,0.07838,0.03056,0.03482,-0.08681,-0.02605,-0.00012,0.79880
2021,001450,현대해상,KOSPI,161,4.35000,0.08260,-0.00407,-0.06020,1480.00000,-0.06020,-0.06794,0.01743,0.01612,0.01061,0.10005,0.07426,0.06331,0.16299,0.02604,0.13496,0.11079,0.08843,0.13368,0.17833,0.29132,0.27881,0.39798,1000.00000,24887.37693,0.05947,0.06439,0.14701,0.20995,0.15775,0.22529,0.44494,1.01231
2021,057050,현대홈쇼핑,KOSPI,356,3.59000,0.07501,-0.01166,-0.03040,2400.00000,-0.03040,-0.03814,0.04233,-0.03500,-0.04051,0.03738,-0.02743,-0.03838,0.04552,-0.11097,-0.00204,-0.04428,-0.11851,-0.07326,-0.05239,-0.08502,-0.09753,-0.01639,2200.00000,65877.90830,0.03643,0.06980,0.06485,0.07299,-0.01681,-0.02492,0.01108,0.83445
2021,002460,HS화성,KOSPI,1280,5.83000,0.19278,0.10611,-0.04510,1000.00000,-0.04510,-0.05284,0.13898,-0.02250,-0.02801,0.16593,0.07525,0.06430,0.28253,0.06018,0.16910,0.26456,0.50763,0.55288,0.79826,0.54886,0.53635,0.84744,650.00000,13298.52951,0.07520,0.19925,0.22620,0.34279,0.32482,0.85853,0.90771,0.59976
2021,006060,화승인더,KOSPI,702,3.38000,0.11131,0.02464,-0.01290,188.00000,-0.01290,-0.02064,0.09697,-0.02257,-0.02808,0.08623,-0.04999,-0.06094,0.05575,-0.24374,-0.13481,-0.15956,-0.13730,-0.09205,-0.04128,-0.10336,-0.11587,-0.00356,188.00000,6181.22736,0.03041,0.11935,0.10861,0.07813,-0.13718,-0.01890,0.01882,0.42414
2021,004800,효성,KOSPI,170,5.52000,0.14911,0.06245,-0.06830,6500.00000,-0.06830,-0.07604,0.07063,-0.12316,-0.12867,0.00759,-0.11933,-0.13028,0.01199,-0.23943,-0.13051,-0.12602,-0.18463,-0.13938,-0.06305,-0.17414,-0.18665,-0.05099,5000.00000,104086.45632,0.06245,0.12011,0.05707,0.06147,-0.07654,-0.01357,-0.00151,1.09371
2021,094280,효성ITX,KOSPI,905,3.87000,0.04133,-0.04534,-0.00740,750.00000,-0.00740,-0.01514,0.03362,-0.05687,-0.06238,-0.01789,-0.06173,-0.07268,-0.02296,-0.16824,-0.05932,-0.13387,-0.15331,-0.10806,-0.11832,-0.11852,-0.13104,-0.08209,750.00000,20180.82244,0.03716,0.06172,0.01020,0.00514,-0.10578,-0.09023,-0.05400,0.19912
2021,079980,휴비스,KOSPI,793,3.90000,0.14307,0.05640,-0.01820,300.00000,-0.01820,-0.02594,0.12226,-0.06483,-0.07034,0.06896,-0.06241,-0.07335,0.07173,-0.21490,-0.10598,-0.10258,-0.18638,-0.14113,-0.06998,-0.17601,-0.18852,-0.05813,300.00000,8792.80922,0.03412,0.14778,0.09447,0.09725,-0.07706,-0.04447,-0.03261,0.53343
2021,069260,TKG휴켐스,KOSPI,301,4.63000,0.11104,0.02437,-0.02710,1000.00000,-0.02710,-0.03484,0.08093,-0.05831,-0.06382,0.04626,-0.01462,-0.02556,0.09480,-0.14378,-0.03485,-0.04870,-0.08125,-0.03600,0.02077,-0.05835,-0.07086,0.04622,1000.00000,23996.56658,0.04167,0.11284,0.07817,0.12671,-0.01680,0.05267,0.07812,0.65031
2022,095570,AJ네트웍스,KOSPI,663,4.42000,-0.01321,0.01672,-0.04980,270.00000,-0.04980,-0.04278,-0.06235,-0.04484,-0.02116,-0.05745,-0.00158,-0.02270,-0.01477,0.02819,-0.02735,0.01461,-0.12106,-0.19015,-0.13267,-0.23372,-0.30691,-0.24384,270.00000,6027.91806,0.04479,-0.02781,-0.02291,0.01977,0.04915,-0.09812,-0.20930,1.11182
2022,138930,BNK금융지주,KOSPI,123,7.58000,-0.02038,0.00955,-0.08290,625.00000,-0.08290,-0.07588,-0.10159,-0.07192,-0.04825,-0.09083,-0.05402,-0.07514,-0.07330,-0.01667,-0.07221,-0.03671,-0.07194,-0.14103,-0.09084,-0.12848,-0.20166,-0.14624,560.00000,7237.33252,0.08636,-0.03188,-0.02112,-0.00359,0.03300,-0.02114,-0.07653,0.95996
2022,001040,CJ,KOSPI,130,3.00000,0.08608,0.11601,0.02640,2500.00000,0.02640,0.03342,0.11476,-0.02528,-0.00161,0.05863,-0.00720,-0.02832,0.07826,-0.00603,-0.06157,0.07954,0.00618,-0.06292,0.09279,0.20078,0.12760,0.30415,2300.00000,83266.49944,0.03002,0.13681,0.08068,0.10031,0.10159,0.11484,0.32620,-0.87929
2022,016610,DB증권,KOSPI,932,10.95000,0.00325,0.03318,-0.07860,170.00000,-0.07860,-0.07158,-0.07561,-0.09934,-0.07566,-0.09641,-0.07528,-0.09639,-0.07227,-0.01730,-0.07285,-0.01411,-0.08593,-0.15503,-0.08296,-0.12180,-0.19498,-0.11895,500.00000,4581.05080,0.03711,-0.04756,-0.06837,-0.04423,0.01394,-0.05492,-0.09090,2.11806
2022,005830,DB손해보험,KOSPI,76,5.64000,0.09646,0.12639,-0.03080,4600.00000,-0.03080,-0.02378,0.06269,-0.05276,-0.02908,0.03862,-0.03218,-0.05329,0.06118,-0.02626,-0.08181,0.06767,0.12061,0.05151,0.22870,0.05744,-0.01575,0.15944,3500.00000,68043.03860,0.06760,0.11654,0.09246,0.11503,0.12151,0.28255,0.21329,0.45559
2022,139130,iM금융지주,KOSPI,199,7.95000,-0.00629,0.02364,-0.08640,650.00000,-0.08640,-0.07938,-0.09214,-0.08381,-0.06013,-0.08957,-0.06087,-0.08198,-0.06677,-0.00115,-0.05669,-0.00743,-0.00747,-0.07656,-0.01371,-0.11648,-0.18966,-0.12203,630.00000,7874.70819,0.08254,-0.02566,-0.02309,-0.00029,0.05905,0.05277,-0.05555,1.04673
2022,001880,DL건설,KOSPI,547,4.76000,-0.07298,-0.04306,-0.00680,250.00000,-0.00680,0.00022,-0.07928,-0.01021,0.01347,-0.08244,-0.02057,-0.04169,-0.09205,-0.00357,-0.05912,-0.07629,0.02719,-0.04190,-0.04777,-0.09884,-0.17203,-0.16461,750.00000,14606.39717,0.01712,-0.06815,-0.07131,-0.08092,-0.06516,-0.03664,-0.15348,0.39729
2022,375500,DL이앤씨,KOSPI,171,6.45000,-0.11941,-0.08949,-0.05290,1000.00000,-0.05290,-0.04588,-0.16600,-0.08139,-0.05771,-0.19108,-0.03936,-0.06047,-0.15407,0.02297,-0.03258,-0.09919,-0.09109,-0.16019,-0.19963,-0.14393,-0.21711,-0.24615,2700.00000,36861.80024,0.02713,-0.14640,-0.17148,-0.13447,-0.07959,-0.18003,-0.22655,1.94999
2022,017940,E1,KOSPI,563,4.46000,-0.04344,-0.01352,-0.02970,3600.00000,-0.02970,-0.02268,-0.07185,-0.05720,-0.03353,-0.09816,-0.04025,-0.06137,-0.08194,-0.00430,-0.05984,-0.04755,0.03496,-0.03413,-0.01000,-0.02309,-0.09627,-0.06552,2200.00000,47184.53050,0.07630,-0.01065,-0.03696,-0.02075,0.01364,0.05120,-0.00433,0.38927
2022,078930,GS,KOSPI,75,4.12000,-0.04220,-0.01227,-0.03870,2500.00000,-0.03870,-0.03168,-0.07927,-0.10207,-0.07840,-0.13996,-0.06015,-0.08127,-0.09981,-0.03210,-0.08765,-0.07294,-0.11705,-0.18615,-0.15431,-0.14498,-0.21816,-0.18106,2000.00000,46495.20507,0.05377,-0.03713,-0.09782,-0.05767,-0.03081,-0.11217,-0.13892,0.71975
2022,006360,GS건설,KOSPI,150,5.56000,-0.00853,0.02139,-0.04530,1300.00000,-0.04530,-0.03828,-0.05344,-0.07966,-0.05598,-0.08751,-0.01279,-0.03390,-0.02121,0.00019,-0.05535,-0.00834,-0.02575,-0.09484,-0.03406,-0.13358,-0.20676,-0.14097,1300.00000,23181.82623,0.05608,-0.00935,-0.04341,0.02288,0.03575,0.01003,-0.09688,0.80780
2022,007070,GS리테일,KOSPI,102,4.03000,-0.01010,0.01982,-0.01020,430.00000,-0.01020,-0.00318,-0.02020,-0.07299,-0.04932,-0.08236,-0.06960,-0.09071,-0.07900,-0.04234,-0.09788,-0.05201,-0.00505,-0.07415,-0.01510,-0.06464,-0.13782,-0.07408,1200.00000,29475.92411,0.01459,-0.01121,-0.07336,-0.07000,-0.04302,-0.00611,-0.06509,0.69920
2022,012630,HDC,KOSPI,558,4.36000,-0.00327,0.02666,-0.01050,250.00000,-0.01050,-0.00348,-0.01373,-0.02096,0.00272,-0.02416,0.01219,-0.00892,0.00889,0.06114,0.00560,0.05767,0.06310,-0.00599,0.05963,0.15394,0.08076,0.15017,250.00000,5715.20804,0.04374,0.01992,0.00950,0.04254,0.09133,0.09329,0.18383,0.24004
2022,294870,IPARK현대산업개발,KOSPI,313,5.43000,-0.04068,-0.01076,-0.03770,600.00000,-0.03770,-0.03068,-0.07685,-0.04234,-0.01866,-0.08130,0.00495,-0.01617,-0.03594,0.03987,-0.01568,-0.00244,-0.01424,-0.08334,-0.05434,0.02445,-0.04873,-0.01722,600.00000,10600.19399,0.05660,-0.03231,-0.03676,0.00860,0.04210,-0.00981,0.02731,0.66605
2022,267250,HD현대,KOSPI,64,8.60000,-0.01247,0.01746,-0.05650,4600.00000,-0.05650,-0.04948,-0.06826,-0.12866,-0.10498,-0.13952,-0.10029,-0.12141,-0.11150,-0.01862,-0.07416,-0.03085,-0.05329,-0.12239,-0.06509,-0.09414,-0.16732,-0.10543,5550.00000,63730.44716,0.07218,-0.01055,-0.08181,-0.05379,0.02686,-0.00738,-0.04772,0.78278
2022,014790,HL D&I,KOSPI,1374,3.33000,-0.06831,-0.03839,0.00180,0.00000,0.00180,0.00882,-0.06664,-0.04649,-0.02282,-0.11163,0.02484,0.00372,-0.04517,0.02673,-0.02882,-0.04341,-0.02142,-0.09051,-0.08827,-0.14999,-0.22318,-0.20806,100.00000,2797.85790,0.00000,-0.06999,-0.11498,-0.04852,-0.04676,-0.09162,-0.21141,
2022,060980,HL홀딩스,KOSPI,541,6.00000,-0.02560,0.00432,-0.06460,2000.00000,-0.06460,-0.05758,-0.08855,-0.08455,-0.06088,-0.10799,-0.06298,-0.08409,-0.08697,-0.05683,-0.11237,-0.08098,0.00327,-0.06583,-0.02242,-0.04144,-0.11463,-0.06598,2000.00000,32479.97163,0.06158,-0.03980,-0.05925,-0.03822,-0.03223,0.02633,-0.01724,1.04910
2022,036640,HRS,KOSDAQ,1604,3.68000,0.00912,0.03905,-0.01090,200.00000,-0.01090,-0.00388,-0.00188,-0.05650,-0.03283,-0.04790,-0.00188,-0.02300,0.00722,-0.00021,-0.05576,0.00891,-0.04573,-0.11483,-0.03703,0.05114,-0.02205,0.06073,200.00000,5484.36532,0.03647,0.02563,-0.02039,0.03473,0.03641,-0.00953,0.08823,0.29890
2022,175330,JB금융지주,KOSPI,166,7.11000,-0.00355,0.02638,-0.05720,835.00000,-0.05720,-0.05018,-0.06054,0.01319,0.03686,0.00960,0.09892,0.07780,0.09502,0.17880,0.12325,0.17462,0.11223,0.04313,0.10828,0.04549,-0.02770,0.04178,599.00000,8394.87095,0.09947,0.02025,0.09039,0.17582,0.25541,0.18908,0.12258,0.57507
2022,234080,JW생명과학,KOSPI,928,4.05000,0.03230,0.06222,-0.03140,500.00000,-0.03140,-0.02438,-0.00011,-0.07848,-0.05480,-0.04871,-0.06673,-0.08785,-0.03659,-0.05803,-0.11358,-0.02761,-0.04943,-0.11852,-0.01873,-0.09965,-0.17283,-0.07057,500.00000,12744.43596,0.03923,0.02973,-0.01887,-0.00675,0.00223,0.01111,-0.04073,0.80035
2022,105560,KB금융,KOSPI,15,5.60000,-0.01914,0.01078,-0.03980,2950.00000,-0.03980,-0.03278,-0.05818,0.04663,0.07030,0.02659,0.09711,0.07599,0.07611,0.11253,0.05698,0.09123,-0.01766,-0.08675,-0.03646,-0.07003,-0.14321,-0.08783,2940.00000,51495.11523,0.05729,-0.01306,0.07171,0.12122,0.13635,0.00866,-0.04272,0.69475
2022,344820,KCC글라스,KOSPI,342,5.85000,-0.06448,-0.03456,-0.02220,2400.00000,-0.02220,-0.01518,-0.08525,-0.07706,-0.05339,-0.13658,-0.01838,-0.03950,-0.08168,0.00378,-0.05177,-0.06095,0.04965,-0.01945,-0.01804,-0.00387,-0.07705,-0.06811,2400.00000,38380.11267,0.06253,-0.03570,-0.08702,-0.03213,-0.01140,0.03151,-0.01855,0.35502
2022,046440,KG파이낸셜,KOSDAQ,799,3.69000,0.01349,0.04342,-0.03140,220.00000,-0.03140,-0.02438,-0.01833,-0.09743,-0.07376,-0.08526,-0.05925,-0.08037,-0.04656,-0.02777,-0.08331,-0.01465,0.12608,0.05699,0.14128,0.08463,0.01145,0.09927,220.00000,6042.51244,0.03641,0.00912,-0.05780,-0.01911,0.01281,0.16873,0.12672,0.86243
2022,035600,KG이니시스,KOSDAQ,524,3.14000,0.02346,0.05338,-0.04980,400.00000,-0.04980,-0.04278,-0.02751,-0.11117,-0.08749,-0.09032,-0.04603,-0.06715,-0.02366,0.00682,-0.04872,0.03044,-0.01956,-0.08865,0.00344,-0.04328,-0.11646,-0.02084,400.00000,13037.66320,0.03068,-0.00491,-0.06771,-0.00105,0.05304,0.02605,0.00177,1.62319
2022,044450,KSS해운,KOSPI,830,3.65000,0.00307,0.03300,-0.02490,350.00000,-0.02490,-0.01788,-0.02191,-0.06548,-0.04180,-0.06261,-0.04885,-0.06996,-0.04593,-0.04575,-0.10130,-0.04282,-0.08338,-0.15247,-0.08056,-0.17607,-0.24926,-0.17354,350.00000,9618.48593,0.03639,0.00553,-0.03517,-0.01849,-0.01539,-0.05313,-0.14611,0.68429
2022,030200,KT,KOSPI,42,5.11000,-0.02950,0.00043,-0.06750,1960.00000,-0.06750,-0.06048,-0.09501,-0.07027,-0.04659,-0.09769,-0.06336,-0.08447,-0.09099,-0.03040,-0.08594,-0.05900,-0.17506,-0.24415,-0.19939,-0.17244,-0.24563,-0.19686,1910.00000,36275.11035,0.05403,-0.05265,-0.05533,-0.04862,-0.01664,-0.15703,-0.15450,1.24927
2022,033780,KT&G,KOSPI,23,4.80000,-0.04811,-0.01818,-0.03890,5000.00000,-0.03890,-0.03188,-0.08514,-0.07782,-0.05415,-0.12218,-0.04733,-0.06845,-0.09316,-0.00939,-0.06494,-0.05705,-0.05669,-0.12578,-0.10207,-0.10178,-0.17497,-0.14499,4800.00000,95189.35420,0.05253,-0.04405,-0.08110,-0.05207,-0.01596,-0.06098,-0.10391,0.74057
2022,058850,KTcs,KOSPI,1501,4.31000,0.01738,0.04730,-0.04030,120.00000,-0.04030,-0.03328,-0.02362,-0.08900,-0.06533,-0.07317,-0.06991,-0.09102,-0.05374,0.79687,0.74132,0.82809,0.99150,0.92240,1.02611,0.74579,0.67261,0.77614,100.00000,2360.50987,0.05084,0.01604,-0.03351,-0.01409,0.86775,1.06577,0.81579,0.79274
2022,058860,KTis,KOSPI,1575,3.82000,-0.03235,-0.00243,-0.03550,120.00000,-0.03550,-0.02848,-0.06670,-0.05331,-0.02964,-0.08394,-0.03944,-0.06056,-0.07052,0.40061,0.34507,0.35530,0.74388,0.67478,0.68746,0.46567,0.39249,0.41826,100.00000,2533.10861,0.04737,-0.02998,-0.04721,-0.03379,0.39203,0.72418,0.45498,0.74938
2022,093050,LF,KOSPI,437,3.74000,0.02188,0.05181,-0.01220,700.00000,-0.01220,-0.00518,0.00942,0.01217,0.03584,0.03432,0.04879,0.02768,0.07175,0.02388,-0.03166,0.04629,0.08330,0.01420,0.10700,0.04508,-0.02810,0.06795,600.00000,16393.87494,0.04270,0.04219,0.06709,0.10452,0.07906,0.13978,0.10073,0.28572
2022,003550,LG,KOSPI,25,3.33000,-0.02629,0.00363,-0.02930,3000.00000,-0.02930,-0.02228,-0.05482,-0.06597,-0.04229,-0.09053,-0.02564,-0.04676,-0.05126,0.01939,-0.03616,-0.00742,0.00578,-0.06332,-0.02067,0.01565,-0.05754,-0.01106,2800.00000,81873.18788,0.03664,-0.02717,-0.06288,-0.02361,0.02023,0.00698,0.01659,0.79963
2022,034220,LG디스플레이,KOSPI,63,4.50000,-0.10733,-0.07740,-0.01940,0.00000,-0.01940,-0.01238,-0.12465,0.00768,0.03135,-0.10047,-0.00006,-0.02118,-0.10738,0.06971,0.01417,-0.04510,0.17823,0.10913,0.05177,0.26100,0.18781,0.12566,650.00000,12894.15421,0.00000,-0.12800,-0.10382,-0.11073,-0.04845,0.04842,0.12231,
2022,032640,LG유플러스,KOSPI,61,4.55000,-0.01630,0.01362,-0.04620,650.00000,-0.04620,-0.03918,-0.06175,-0.07547,-0.05180,-0.09054,-0.10068,-0.12180,-0.11535,-0.05962,-0.11517,-0.07496,-0.09301,-0.16211,-0.10780,-0.08629,-0.15947,-0.10119,550.00000,11890.82093,0.05466,-0.01886,-0.04765,-0.07245,-0.03206,-0.06491,-0.05829,0.84516
2022,108320,LX세미콘,KOSPI,191,6.16000,-0.09344,-0.06351,-0.06540,4500.00000,-0.06540,-0.05838,-0.15273,-0.08430,-0.06062,-0.16986,-0.03029,-0.05140,-0.12090,-0.00386,-0.05940,-0.09694,0.16202,0.09293,0.05345,0.46512,0.39193,0.32822,5400.00000,79471.37749,0.05662,-0.10817,-0.12530,-0.07634,-0.05238,0.09800,0.37277,1.15498
2022,001120,LX인터내셔널,KOSPI,175,5.58000,0.01344,0.04336,-0.13770,3000.00000,-0.13770,-0.13068,-0.12611,-0.23938,-0.21570,-0.22915,-0.20231,-0.22342,-0.19158,-0.16997,-0.22552,-0.15882,-0.23334,-0.30244,-0.22304,-0.30875,-0.38194,-0.29946,2300.00000,41772.60122,0.07182,-0.06870,-0.17175,-0.13418,-0.10141,-0.16563,-0.24206,1.91736
2022,023150,MH에탄올,KOSPI,1995,4.32000,-0.00494,0.02499,-0.02610,250.00000,-0.02610,-0.01908,-0.03091,-0.07573,-0.05205,-0.08029,-0.04355,-0.06466,-0.04827,-0.04352,-0.09907,-0.04825,-0.05085,-0.11994,-0.05553,-0.11661,-0.18979,-0.12097,350.00000,8061.82855,0.03101,-0.00803,-0.05741,-0.02539,-0.02536,-0.03265,-0.09809,0.84165
2022,005940,NH투자증권,KOSPI,100,10.90000,0.00636,0.03629,-0.07330,700.00000,-0.07330,-0.06628,-0.06740,-0.07222,-0.04855,-0.06632,-0.05773,-0.07885,-0.05174,-0.03396,-0.08950,-0.02781,-0.05667,-0.12576,-0.05067,-0.10709,-0.18027,-0.10141,1050.00000,9694.32529,0.07221,-0.00967,-0.00858,0.00600,0.02992,0.00707,-0.04367,1.01513
2022,178920,PI첨단소재,KOSPI,251,3.40000,-0.02488,0.00505,-0.04470,779.00000,-0.04470,-0.03768,-0.06846,-0.11010,-0.08643,-0.13224,-0.01103,-0.03215,-0.03564,0.06551,0.00996,0.03900,0.09609,0.02700,0.06882,0.23198,0.15880,0.20134,1090.00000,31261.33230,0.02492,-0.05073,-0.11451,-0.01790,0.05673,0.08656,0.21907,1.79381
2022,005490,POSCO홀딩스,KOSPI,11,5.68000,-0.02504,0.00488,-0.00340,12000.00000,-0.00340,0.00362,-0.02836,-0.04617,-0.02250,-0.07006,-0.00341,-0.02453,-0.02837,0.03938,-0.01616,0.01336,0.09247,0.02337,0.06511,0.16118,0.08800,0.13210,17000.00000,291801.19630,0.04112,0.00309,-0.03861,0.00308,0.04480,0.09655,0.16354,0.08268
2022,091340,S&K폴리텍,KOSDAQ,2201,6.49000,0.00018,0.03011,-0.02860,0.00000,-0.02860,-0.02158,-0.02842,-0.09221,-0.06854,-0.09204,-0.01300,-0.03411,-0.01282,0.00133,-0.05421,0.00152,0.03621,-0.03288,0.03640,-0.03540,-0.10858,-0.03522,250.00000,3852.78811,0.00000,-0.03177,-0.09539,-0.01617,-0.00183,0.03305,-0.03857,
2022,010950,S-Oil,KOSPI,40,4.36000,0.02170,0.05163,-0.03140,5500.00000,-0.03140,-0.02438,-0.01038,-0.12903,-0.10536,-0.11013,-0.08195,-0.10307,-0.06203,0.00670,-0.04885,0.02854,-0.08744,-0.15654,-0.06764,-0.12555,-0.19874,-0.10658,3800.00000,89047.28509,0.06176,0.03852,-0.06123,-0.01313,0.07745,-0.01874,-0.05768,0.50838
2022,005090,SGC에너지,KOSPI,413,4.29000,-0.01316,0.01677,-0.07530,1700.00000,-0.07530,-0.06828,-0.08747,-0.12302,-0.09935,-0.13456,-0.09698,-0.11809,-0.10886,-0.08526,-0.14080,-0.09729,-0.12302,-0.19211,-0.13456,-0.11590,-0.18908,-0.12753,1500.00000,34504.98560,0.04927,-0.04914,-0.09623,-0.07053,-0.05896,-0.09622,-0.08920,1.52837
2022,016250,SGC E&C,KOSDAQ,1420,3.61000,-0.02892,0.00101,-0.04940,1500.00000,-0.04940,-0.04238,-0.07689,-0.05891,-0.03523,-0.08612,-0.03987,-0.06098,-0.06763,-0.02388,-0.07942,-0.05210,-0.06702,-0.13611,-0.09400,-0.19139,-0.26457,-0.21477,1500.00000,40349.75428,0.03717,-0.04879,-0.05802,-0.03953,-0.02400,-0.06590,-0.18667,1.32885
2022,009160,SIMPAC,KOSPI,503,3.43000,-0.12522,-0.09530,-0.03040,200.00000,-0.03040,-0.02338,-0.15182,-0.06771,-0.04404,-0.18445,0.03128,0.01016,-0.09786,0.00788,-0.04767,-0.11833,0.05321,-0.01588,-0.07867,-0.03122,-0.10441,-0.15254,200.00000,5100.74483,0.03921,-0.12199,-0.15463,-0.06804,-0.08851,-0.04885,-0.12271,0.77531
2022,123700,SJM,KOSPI,1842,3.30000,-0.03954,-0.00961,0.00340,100.00000,0.00340,0.01042,-0.03627,-0.06627,-0.04260,-0.10319,0.02417,0.00305,-0.01633,0.02876,-0.02679,-0.01192,0.01038,-0.05872,-0.02957,-0.06167,-0.13486,-0.09877,150.00000,4365.72818,0.02291,-0.02025,-0.08716,-0.00030,0.00411,-0.01354,-0.08275,-0.14843
2022,025530,SJM홀딩스,KOSPI,1939,4.10000,-0.11485,-0.08493,-0.03710,150.00000,-0.03710,-0.03008,-0.14769,-0.09942,-0.07575,-0.20285,-0.04381,-0.06493,-0.15363,-0.02390,-0.07944,-0.13601,-0.07951,-0.14861,-0.18523,-0.13910,-0.21229,-0.23798,175.00000,3778.07216,0.03970,-0.11745,-0.17262,-0.12339,-0.10577,-0.15499,-0.20774,0.93444
2022,034730,SK,KOSPI,20,3.65000,-0.07532,-0.04539,-0.02960,5000.00000,-0.02960,-0.02258,-0.10269,-0.07406,-0.05039,-0.14380,-0.05925,-0.08037,-0.13011,-0.01334,-0.06888,-0.08765,-0.11944,-0.18853,-0.18576,-0.17954,-0.25272,-0.24133,8000.00000,202670.10234,0.02467,-0.08517,-0.12628,-0.11258,-0.07013,-0.16824,-0.22381,1.19981
2022,018670,SK가스,KOSPI,215,3.98000,-0.03120,-0.00127,-0.04840,6500.00000,-0.04840,-0.04138,-0.07809,-0.05245,-0.02877,-0.08201,-0.06060,-0.08171,-0.08990,-0.03244,-0.08799,-0.06263,0.03699,-0.03210,0.00464,-0.05890,-0.13208,-0.08825,5100.00000,124143.23844,0.05236,-0.03714,-0.04106,-0.04896,-0.02168,0.04559,-0.04731,0.92439
2022,006120,SK디스커버리,KOSPI,355,4.66000,-0.00147,0.02845,-0.03580,1700.00000,-0.03580,-0.02878,-0.03722,-0.08399,-0.06032,-0.08534,-0.05132,-0.07244,-0.05272,-0.01402,-0.06957,-0.01547,-0.00635,-0.07544,-0.00781,-0.03893,-0.11211,-0.04034,1500.00000,32141.48655,0.05289,0.00418,-0.04394,-0.01132,0.02592,0.03359,0.00105,0.67686
2022,210980,SK디앤디,KOSPI,418,3.49000,-0.09584,-0.06592,-0.01200,800.00000,-0.01200,-0.00498,-0.10669,-0.03855,-0.01488,-0.13070,0.00251,-0.01860,-0.09357,0.00973,-0.04582,-0.08705,-0.00226,-0.07135,-0.09789,-0.07940,-0.15258,-0.16763,800.00000,20725.64334,0.03860,-0.07739,-0.10140,-0.06427,-0.05774,-0.06858,-0.13833,0.31088
2022,285130,SK케미칼,KOSPI,181,3.38000,-0.09786,-0.06793,-0.02750,1500.00000,-0.02750,-0.02048,-0.12266,-0.06244,-0.03877,-0.15419,0.01000,-0.01112,-0.08883,0.04627,-0.00927,-0.05611,-0.01999,-0.08909,-0.11589,-0.09609,-0.16927,-0.18454,3000.00000,80071.97992,0.01873,-0.11017,-0.14169,-0.07634,-0.04362,-0.10339,-0.17204,1.46799
2022,017670,SK텔레콤,KOSPI,31,6.59000,-0.01393,0.01600,-0.02230,3320.00000,-0.02230,-0.01528,-0.03592,-0.04464,-0.02097,-0.05795,-0.06893,-0.09005,-0.08190,-0.04561,-0.10116,-0.05891,-0.08823,-0.15733,-0.10093,-0.01626,-0.08944,-0.02996,3295.00000,49303.52678,0.06734,0.01770,-0.00433,-0.02829,-0.00529,-0.04732,0.02366,0.33117
2022,064960,SNT모티브,KOSPI,343,3.58000,-0.02235,0.00757,-0.02860,1600.00000,-0.02860,-0.02158,-0.05031,-0.05722,-0.03354,-0.07829,-0.01727,-0.03839,-0.03923,0.01350,-0.04205,-0.00915,0.08422,0.01513,0.05999,0.07284,-0.00035,0.04886,1600.00000,43693.84645,0.03662,-0.02268,-0.05066,-0.01160,0.01847,0.08762,0.07649,0.78103
2022,100840,SNT에너지,KOSPI,1036,3.62000,-0.11774,-0.08782,-0.00260,800.00000,-0.00260,0.00442,-0.12004,-0.02318,0.00050,-0.13819,-0.01302,-0.03414,-0.12923,0.03307,-0.02248,-0.08857,-0.01547,-0.08456,-0.13139,0.00293,-0.07025,-0.11516,800.00000,19497.39922,0.04103,-0.08867,-0.10683,-0.09787,-0.05721,-0.10002,-0.08380,0.06337
2022,003570,SNT다이내믹스,KOSPI,548,3.85000,-0.07888,-0.04896,-0.01570,500.00000,-0.01570,-0.00868,-0.09335,-0.07613,-0.05246,-0.14901,0.00840,-0.01271,-0.07114,0.11790,0.06236,0.02972,-0.02836,-0.09746,-0.10501,-0.10360,-0.17679,-0.17431,400.00000,9570.03243,0.05225,-0.05250,-0.10816,-0.03029,0.07057,-0.06416,-0.13346,0.30050
2022,036530,SNT홀딩스,KOSPI,728,4.42000,0.04401,0.07393,-0.03320,700.00000,-0.03320,-0.02618,0.00934,-0.07256,-0.04888,-0.03174,-0.03025,-0.05137,0.01242,-0.02495,-0.08050,0.01796,-0.05349,-0.12259,-0.01184,-0.06697,-0.14015,-0.02591,700.00000,16534.02445,0.04234,0.04181,0.00072,0.04489,0.05042,0.02063,0.00656,0.78419
2022,069260,TKG휴켐스,KOSPI,267,4.65000,0.02103,0.05096,-0.06610,1000.00000,-0.06610,-0.05908,-0.04646,-0.12994,-0.10626,-0.11163,-0.08661,-0.10773,-0.06740,-0.11350,-0.16905,-0.09486,-0.06847,-0.13756,-0.04887,-0.14136,-0.21454,-0.12330,1000.00000,21957.70489,0.04554,-0.01128,-0.07646,-0.03222,-0.05968,-0.01370,-0.08812,1.45140
2022,002100,경농,KOSPI,919,3.45000,0.02970,0.05962,-0.00960,400.00000,-0.00960,-0.00258,0.01981,-0.02881,-0.00513,0.00004,0.00946,-0.01166,0.03944,0.03048,-0.02506,0.06109,0.01995,-0.04915,0.05024,-0.04053,-0.11371,-0.01204,350.00000,10446.23107,0.03829,0.04886,0.02908,0.06848,0.09013,0.07929,0.01701,0.25071
2022,267290,경동도시가스,KOSPI,1039,3.12000,-0.04814,-0.01822,0.00560,875.00000,0.00560,0.01262,-0.04281,-0.10665,-0.08297,-0.14966,-0.08229,-0.10341,-0.12647,-0.04295,-0.09849,-0.08902,-0.12332,-0.19242,-0.16553,-0.17751,-0.25070,-0.21711,875.00000,26694.69301,0.03278,-0.01843,-0.12528,-0.10209,-0.06464,-0.14115,-0.19273,-0.17085
2022,011040,경동제약,KOSDAQ,765,6.36000,0.04832,0.07825,-0.04490,400.00000,-0.04490,-0.03788,0.00125,-0.08129,-0.05762,-0.03690,-0.05462,-0.07573,-0.00894,-0.03516,-0.09070,0.01146,-0.05351,-0.12260,-0.00778,-0.13465,-0.20783,-0.09284,500.00000,8241.51764,0.04853,0.03896,0.00081,0.02877,0.04917,0.02994,-0.05513,0.92511
2022,013580,계룡건설,KOSPI,1002,4.08000,-0.04846,-0.01853,-0.03220,500.00000,-0.03220,-0.02518,-0.07910,-0.02681,-0.00314,-0.07397,0.01072,-0.01040,-0.03826,0.08602,0.03048,0.03340,0.02419,-0.04490,-0.02544,-0.08846,-0.16164,-0.13263,800.00000,18657.66923,0.02680,-0.05978,-0.05465,-0.01894,0.05272,-0.00612,-0.11331,1.20155
2022,010130,고려아연,KOSPI,27,3.17000,-0.10310,-0.07317,0.01770,20000.00000,0.01770,0.02472,-0.08722,-0.08314,-0.05947,-0.17767,-0.02652,-0.04764,-0.12688,-0.00166,-0.05720,-0.10458,0.05493,-0.01417,-0.05383,-0.05497,-0.12815,-0.15240,20000.00000,565868.88107,0.03534,-0.06067,-0.15112,-0.10033,-0.07803,-0.02728,-0.12585,-0.50079
2022,215000,골프존,KOSDAQ,327,3.18000,0.08537,0.11529,-0.02510,4500.00000,-0.02510,-0.01808,0.05813,-0.10955,-0.08588,-0.03353,-0.02094,-0.04206,0.06264,0.18286,0.12732,0.28384,0.19301,0.12392,0.29486,0.04495,-0.02823,0.13416,3500.00000,119458.89400,0.03767,0.08665,-0.00502,0.09116,0.31236,0.32338,0.16268,0.66632
2022,366030,나인앤컴퍼니,KOSDAQ,816,23.76000,0.30180,0.33173,0.03800,180.00000,0.03800,0.04502,0.35127,-0.10261,-0.07894,0.16822,-0.09497,-0.11609,0.17817,-0.05022,-0.10576,0.23643,-0.15578,-0.22488,0.09900,-0.29582,-0.36900,-0.08330,2400.00000,13149.52032,0.01369,0.35950,0.17645,0.18640,0.24466,0.10723,-0.07507,-2.77601
2022,030610,교보증권,KOSPI,505,8.53000,-0.02374,0.00619,-0.06290,200.00000,-0.06290,-0.05588,-0.08515,-0.05946,-0.03579,-0.08179,-0.04727,-0.06839,-0.06989,0.01379,-0.04175,-0.01027,-0.01938,-0.08848,-0.04266,-0.11383,-0.18701,-0.13487,500.00000,5722.51950,0.03495,-0.05893,-0.05557,-0.04367,0.01595,-0.01644,-0.10865,1.79973
2022,007690,국도화학,KOSPI,471,4.80000,-0.00450,0.02542,-0.03400,1400.00000,-0.03400,-0.02698,-0.03835,-0.08660,-0.06293,-0.09071,-0.04488,-0.06600,-0.04918,-0.06348,-0.11902,-0.06769,-0.00096,-0.07005,-0.00545,0.03723,-0.03595,0.03256,2200.00000,45626.93029,0.03068,-0.01574,-0.06811,-0.02657,-0.04509,0.01715,0.05517,1.10808
2022,043650,국순당,KOSDAQ,1291,3.77000,0.01741,0.04733,-0.01430,210.00000,-0.01430,-0.00728,0.00286,-0.05716,-0.03348,-0.04075,-0.02000,-0.04112,-0.00294,-0.00284,-0.05838,0.01452,-0.00840,-0.07749,0.00887,-0.03420,-0.10738,-0.01739,260.00000,7016.59845,0.02993,0.02483,-0.01878,0.01903,0.03649,0.03084,0.00458,0.47780
2022,014530,극동유화,KOSPI,1243,4.26000,0.06632,0.09624,-0.05360,200.00000,-0.05360,-0.04658,0.00916,-0.12472,-0.10105,-0.06667,-0.08978,-0.11089,-0.02941,-0.09223,-0.14777,-0.03203,-0.10224,-0.17134,-0.04270,-0.09710,-0.17028,-0.03722,160.00000,4004.95070,0.04994,0.04806,-0.02778,0.00948,0.00687,-0.00381,0.00168,1.07333
2022,002990,금호건설,KOSPI,638,9.84000,0.01595,0.04587,-0.11500,500.00000,-0.11500,-0.10798,-0.10089,0.04117,0.06485,0.05777,-0.03862,-0.05973,-0.02329,-0.11724,-0.17279,-0.10317,-0.18134,-0.25044,-0.16829,-0.26230,-0.33549,-0.25054,800.00000,8259.72014,0.06053,-0.05303,0.10564,0.02457,-0.05531,-0.12042,-0.20268,1.89974
2022,011780,금호석유화학,KOSPI,77,6.69000,-0.04699,-0.01707,-0.06670,5400.00000,-0.06670,-0.05968,-0.11056,-0.09825,-0.07457,-0.14062,0.01044,-0.01068,-0.03705,0.02864,-0.02690,-0.01970,0.13682,0.06773,0.08340,-0.00367,-0.07685,-0.05049,10000.00000,142452.39536,0.03791,-0.08184,-0.11190,-0.00833,0.00902,0.11212,-0.02177,1.75955
2022,000270,기아,KOSPI,10,4.37000,-0.06543,-0.03551,-0.04990,3500.00000,-0.04990,-0.04288,-0.11207,-0.04681,-0.02314,-0.10918,-0.00316,-0.02427,-0.06838,0.07015,0.01460,0.00013,0.18561,0.11652,0.10803,0.19979,0.12660,0.12128,3000.00000,64157.88788,0.05455,-0.06927,-0.06638,-0.02558,0.04293,0.15084,0.16408,0.91471
2022,024110,기업은행,KOSPI,46,6.96000,0.00004,0.02996,-0.10710,960.00000,-0.10710,-0.10008,-0.10706,-0.10714,-0.08346,-0.10710,-0.09363,-0.11474,-0.09359,-0.06970,-0.12525,-0.06966,-0.08746,-0.15655,-0.08742,-0.12750,-0.20069,-0.12747,780.00000,11207.34319,0.08566,-0.03795,-0.03799,-0.02448,-0.00055,-0.01830,-0.05835,1.25032
2022,085910,네오티스,KOSDAQ,1841,4.86000,-0.01934,0.01059,-0.04660,250.00000,-0.04660,-0.03958,-0.06503,-0.10517,-0.08150,-0.12247,-0.04463,-0.06574,-0.06310,-0.05155,-0.10709,-0.06989,-0.01802,-0.08712,-0.03701,-0.09746,-0.17065,-0.11491,250.00000,5044.57149,0.04956,-0.02646,-0.08390,-0.02452,-0.03131,0.00157,-0.07634,0.94031
2022,092730,네오팜,KOSDAQ,1097,3.77000,0.07555,0.10547,-0.06020,700.00000,-0.06020,-0.05318,0.01080,-0.03770,-0.01403,0.03500,0.02001,-0.00111,0.09706,0.02010,-0.03544,0.09717,-0.08766,-0.15676,-0.01874,-0.09721,-0.17039,-0.02901,700.00000,19970.39511,0.03505,0.03710,0.06130,0.12337,0.12347,0.00757,-0.00270,1.71745
2022,090350,노루페인트,KOSPI,1027,3.28000,-0.02610,0.00383,-0.02450,275.00000,-0.02450,-0.01748,-0.04996,-0.03924,-0.01557,-0.06432,-0.02690,-0.04802,-0.05230,-0.00721,-0.06276,-0.03312,-0.03557,-0.10466,-0.06073,-0.06862,-0.14180,-0.09293,275.00000,8165.34446,0.03368,-0.02482,-0.03917,-0.02716,-0.00798,-0.03559,-0.06778,0.72746
2022,000320,노루홀딩스,KOSPI,1173,4.29000,0.02371,0.05364,-0.03720,500.00000,-0.03720,-0.03018,-0.01437,-0.06972,-0.04604,-0.04766,-0.05574,-0.07685,-0.03335,-0.02492,-0.08046,-0.00180,-0.05578,-0.12488,-0.03339,-0.10602,-0.17920,-0.08482,450.00000,10738.23581,0.04656,0.02167,-0.01162,0.00270,0.03424,0.00265,-0.04878,0.79892
2022,194700,노바렉스,KOSDAQ,954,3.02000,0.04122,0.07114,0.00970,150.00000,0.00970,0.01672,0.05132,-0.07907,-0.05540,-0.04111,-0.04426,-0.06538,-0.00487,0.03597,-0.01958,0.07867,-0.04521,-0.11430,-0.00585,-0.15347,-0.22665,-0.11858,300.00000,10343.23698,0.01450,0.06024,-0.03219,0.00405,0.08759,0.00307,-0.10966,-0.66886
2022,278650,HLB바이오스텝,KOSDAQ,512,3.80000,-0.04583,-0.01591,0.00200,0.00000,0.00200,0.00902,-0.04392,-0.05479,-0.03112,-0.09811,0.00595,-0.01516,-0.04015,-0.01791,-0.07346,-0.06292,-0.13151,-0.20061,-0.17131,-0.19419,-0.26738,-0.23112,200.00000,5021.94501,0.00000,-0.04727,-0.10146,-0.04350,-0.06627,-0.17466,-0.23447,
2022,298870,우리벤처파트너스,KOSDAQ,737,5.89000,0.37344,0.40337,-0.02150,150.00000,-0.02150,-0.01448,0.34391,-0.09171,-0.06804,0.24748,0.07419,0.05307,0.47533,-0.11326,-0.16880,0.21789,-0.03612,-0.10522,0.32383,-0.13613,-0.20931,0.18648,150.00000,3497.72553,0.04289,0.37684,0.28041,0.50826,0.25082,0.35676,0.21941,0.50134
2022,030210,다올투자증권,KOSPI,922,7.67000,-0.06735,-0.03743,-0.04610,150.00000,-0.04610,-0.03908,-0.11035,-0.06592,-0.04224,-0.12883,0.00316,-0.01795,-0.06440,0.10325,0.04771,0.02895,0.62619,0.55710,0.51667,0.76643,0.69324,0.64746,250.00000,3039.92664,0.04934,-0.07195,-0.09043,-0.02601,0.06734,0.55506,0.68585,0.93427
2022,008060,대덕,KOSPI,834,4.61000,0.04441,0.07434,-0.06470,400.00000,-0.06470,-0.05768,-0.02316,-0.09549,-0.07182,-0.05532,-0.06899,-0.09011,-0.02764,-0.00721,-0.06275,0.03688,-0.00278,-0.07187,0.04151,-0.03230,-0.10548,0.01068,300.00000,6796.60113,0.05885,0.02328,-0.00888,0.01880,0.08332,0.08795,0.05712,1.09935
2022,001680,대상,KOSPI,309,3.76000,0.07052,0.10045,-0.01970,800.00000,-0.01970,-0.01268,0.04944,-0.08102,-0.05734,-0.01620,-0.07001,-0.09112,-0.00442,-0.07658,-0.13212,-0.01145,-0.13228,-0.20137,-0.07108,-0.15706,-0.23024,-0.09761,800.00000,22777.12281,0.03512,0.07580,0.01016,0.02194,0.01491,-0.04472,-0.07125,0.56089
2022,084690,대상홀딩스,KOSPI,695,3.20000,0.05338,0.08331,-0.01390,270.00000,-0.01390,-0.00688,0.03874,-0.04932,-0.02564,0.00143,-0.02011,-0.04122,0.03220,-0.01003,-0.06558,0.04281,-0.01767,-0.08677,0.03477,-0.10910,-0.18228,-0.06154,240.00000,7900.36550,0.03418,0.06430,0.02700,0.05777,0.06838,0.06033,-0.03598,0.40672
2022,003540,대신증권,KOSPI,304,9.52000,-0.00330,0.02662,-0.09560,1200.00000,-0.09560,-0.08858,-0.09859,-0.14682,-0.12315,-0.14964,-0.11268,-0.13379,-0.11561,-0.09013,-0.14567,-0.09313,-0.09803,-0.16712,-0.10101,-0.16358,-0.23676,-0.16634,1400.00000,14657.31216,0.08187,-0.03267,-0.08373,-0.04970,-0.02722,-0.03510,-0.10043,1.16770
2022,290120,DH오토리드,KOSDAQ,1863,3.35000,0.01007,0.04000,-0.02990,200.00000,-0.02990,-0.02288,-0.02013,-0.11616,-0.09249,-0.10726,-0.06815,-0.08927,-0.05877,-0.04326,-0.09880,-0.03362,-0.01505,-0.08415,-0.00513,-0.08635,-0.15954,-0.07715,200.00000,6030.27651,0.03317,0.00458,-0.08255,-0.03406,-0.00891,0.01958,-0.05244,0.90153
2022,140520,대창스틸,KOSDAQ,1902,4.76000,-0.01913,0.01079,-0.03070,150.00000,-0.03070,-0.02368,-0.04924,-0.11328,-0.08960,-0.13024,-0.04853,-0.06964,-0.06673,-0.03399,-0.08954,-0.05247,-0.08260,-0.15169,-0.10015,-0.10691,-0.18009,-0.12399,150.00000,3090.97210,0.04853,-0.01154,-0.09254,-0.02902,-0.01477,-0.06245,-0.08629,0.63262
2022,084010,대한제강,KOSPI,603,3.09000,-0.08888,-0.05896,-0.03810,780.00000,-0.03810,-0.03108,-0.12359,-0.10592,-0.08224,-0.18538,-0.03383,-0.05495,-0.11970,0.01534,-0.04020,-0.07490,0.11842,0.04932,0.01901,-0.00022,-0.07340,-0.08908,400.00000,11794.41671,0.06613,-0.07100,-0.13278,-0.06711,-0.02231,0.07161,-0.03648,0.57611
2022,001790,대한제당,KOSPI,758,4.03000,0.01481,0.04473,-0.03610,120.00000,-0.03610,-0.02908,-0.02183,-0.09572,-0.07204,-0.08233,-0.01630,-0.03741,-0.00173,0.01071,-0.04484,0.02567,0.00717,-0.06193,0.02208,-0.07753,-0.15071,-0.06387,110.00000,2769.94665,0.04332,0.01147,-0.04902,0.03157,0.05897,0.05538,-0.03057,0.83329
2022,016090,대현,KOSPI,1429,3.73000,0.00816,0.03809,-0.04320,110.00000,-0.04320,-0.03618,-0.03539,-0.09465,-0.07098,-0.08726,-0.05974,-0.08085,-0.05206,-0.06391,-0.11945,-0.05627,-0.09874,-0.16784,-0.09139,-0.10077,-0.17395,-0.09343,90.00000,2432.56361,0.04522,-0.00048,-0.05236,-0.01716,-0.02136,-0.05648,-0.05853,0.95533
2022,067990,도이치모터스,KOSDAQ,880,5.43000,-0.01843,0.01150,-0.06480,360.00000,-0.06480,-0.05778,-0.08204,-0.10099,-0.07732,-0.11756,-0.06148,-0.08259,-0.07877,-0.03288,-0.08842,-0.05070,-0.05644,-0.12553,-0.07383,-0.13719,-0.21037,-0.15309,350.00000,6326.87969,0.05690,-0.03725,-0.07278,-0.03399,-0.00591,-0.02904,-0.10830,1.13884
2022,005960,동부건설,KOSPI,974,11.42000,0.01895,0.04887,-0.06350,500.00000,-0.06350,-0.05648,-0.04576,-0.09097,-0.06729,-0.07375,-0.07227,-0.09339,-0.05470,-0.09217,-0.14771,-0.07497,-0.10846,-0.17755,-0.09157,-0.20180,-0.27499,-0.18668,900.00000,8030.22907,0.06226,0.00357,-0.02442,-0.00537,-0.02564,-0.04224,-0.13735,1.01984
2022,026960,동서,KOSPI,138,3.27000,0.02323,0.05315,-0.03200,730.00000,-0.03200,-0.02498,-0.00951,-0.14171,-0.11804,-0.12177,-0.09603,-0.11714,-0.07503,-0.08464,-0.14019,-0.06338,-0.12798,-0.19708,-0.10773,-0.11089,-0.18407,-0.09023,700.00000,21904.00394,0.03333,0.01533,-0.09693,-0.05018,-0.03854,-0.08288,-0.06539,0.96018
2022,102260,동성케미컬,KOSPI,803,4.33000,0.05737,0.08729,-0.02970,200.00000,-0.02970,-0.02268,0.02596,-0.06861,-0.04493,-0.01518,-0.07781,-0.09892,-0.02490,-0.07675,-0.13230,-0.02379,-0.08291,-0.15201,-0.03031,-0.09726,-0.17044,-0.04547,200.00000,4883.90440,0.04095,0.05726,0.01612,0.00639,0.00750,0.00099,-0.01418,0.72526
2022,033500,동성화인텍,KOSDAQ,570,3.11000,-0.00891,0.02101,-0.01350,350.00000,-0.01350,-0.00648,-0.02229,-0.07178,-0.04810,-0.08005,-0.02245,-0.04357,-0.03116,0.01541,-0.04014,0.00636,-0.03747,-0.10657,-0.04605,-0.02587,-0.09905,-0.03455,350.00000,11153.73374,0.03138,0.00091,-0.05685,-0.00797,0.02955,-0.02285,-0.01136,0.43022
2022,282690,동아타이어,KOSPI,1028,8.20000,0.02449,0.05442,-0.08400,1000.00000,-0.08400,-0.07698,-0.06156,-0.09989,-0.07621,-0.07784,-0.08784,-0.10896,-0.06550,-0.06374,-0.11928,-0.04080,-0.04553,-0.11463,-0.02215,-0.05817,-0.13135,-0.03510,1000.00000,12493.83459,0.08004,0.00280,-0.01348,-0.00114,0.02356,0.04221,0.02926,1.04948
2022,001520,동양,KOSPI,739,3.77000,-0.01412,0.01581,-0.01910,40.00000,-0.01910,-0.01208,-0.03295,-0.04401,-0.02034,-0.05751,0.00008,-0.02104,-0.01404,0.04989,-0.00566,0.03507,0.04205,-0.02704,0.02734,-0.00283,-0.07602,-0.01691,40.00000,1046.02886,0.03824,-0.00395,-0.02851,0.01496,0.06407,0.05634,0.01209,0.49948
2022,082640,동양생명,KOSPI,265,11.25000,0.04360,0.07353,-0.12170,0.00000,-0.12170,-0.11468,-0.08340,-0.16597,-0.14230,-0.12961,-0.19986,-0.22097,-0.16497,-0.16771,-0.22325,-0.13142,-0.23288,-0.30198,-0.19943,-0.38693,-0.46011,-0.36020,620.00000,5751.41054,0.00000,-0.08675,-0.13296,-0.16832,-0.13477,-0.20278,-0.36355,
2022,013120,동원개발,KOSDAQ,587,4.17000,-0.02100,0.00893,-0.03270,160.00000,-0.03270,-0.02568,-0.05301,-0.03129,-0.00762,-0.05163,-0.03409,-0.05521,-0.05438,-0.02969,-0.08524,-0.05007,-0.05800,-0.12709,-0.07778,-0.09648,-0.16966,-0.11545,150.00000,3521.58278,0.04543,-0.01793,-0.01655,-0.01929,-0.01498,-0.04269,-0.08036,0.71972
2022,241560,두산밥캣,KOSPI,88,3.38000,0.00970,0.03962,0.00280,1350.00000,0.00280,0.00982,0.01252,-0.07941,-0.05574,-0.07048,-0.02093,-0.04205,-0.01144,-0.00840,-0.06395,0.00121,0.06962,0.00053,0.07999,0.18384,0.11066,0.19532,1200.00000,35847.17733,0.03766,0.04103,-0.04197,0.01707,0.02972,0.10850,0.22383,-0.07435
2022,016740,두올,KOSPI,1647,3.09000,-0.01936,0.01057,-0.01970,80.00000,-0.01970,-0.01268,-0.03867,-0.11817,-0.09450,-0.13524,-0.01204,-0.03316,-0.03116,0.02535,-0.03020,0.00550,0.08254,0.01345,0.06159,0.17320,0.10002,0.15049,80.00000,2538.88483,0.03151,-0.01537,-0.11193,-0.00786,0.02881,0.08490,0.17380,0.62520
2022,192650,드림텍,KOSPI,344,3.10000,0.00822,0.03814,-0.03080,200.00000,-0.03080,-0.02378,-0.02283,-0.10463,-0.08096,-0.09727,-0.03391,-0.05503,-0.02597,-0.02576,-0.08131,-0.01775,-0.03500,-0.10410,-0.02707,0.12502,0.05184,0.13427,300.00000,9756.95758,0.02050,-0.00884,-0.08328,-0.01198,-0.00376,-0.01308,0.14826,1.50257
2022,024090,디씨엠,KOSPI,1063,6.38000,0.01096,0.04089,-0.02110,900.00000,-0.02110,-0.01408,-0.01037,-0.10192,-0.07824,-0.09207,-0.04229,-0.06341,-0.03180,-0.07939,-0.13494,-0.06930,-0.02114,-0.09023,-0.01041,-0.06033,-0.13351,-0.05003,900.00000,14261.21780,0.06311,0.03967,-0.04203,0.01824,-0.01926,0.03963,0.00001,0.33435
2022,003160,디아이,KOSPI,1101,4.16000,0.06837,0.09830,-0.04380,100.00000,-0.04380,-0.03678,0.02158,-0.06813,-0.04445,-0.00441,-0.01369,-0.03481,0.05375,0.01365,-0.04190,0.08295,0.00200,-0.06709,0.07051,0.11878,0.04560,0.19528,200.00000,5136.41363,0.01947,0.03470,0.00871,0.06687,0.09607,0.08363,0.20840,2.24975
2022,068930,디지털대성,KOSDAQ,835,4.05000,-0.06607,-0.03614,-0.02750,200.00000,-0.02750,-0.02048,-0.09175,-0.04766,-0.02398,-0.11058,-0.01575,-0.03687,-0.08078,-0.01723,-0.07278,-0.08216,0.02179,-0.04730,-0.04571,-0.04192,-0.11511,-0.10522,300.00000,6918.03092,0.02891,-0.07064,-0.08947,-0.05967,-0.06105,-0.02461,-0.08411,0.95123
2022,084650,랩지노믹스,KOSDAQ,857,4.78000,-0.03041,-0.00048,0.00330,0.00000,0.00330,0.01032,-0.02721,0.10367,0.12735,0.07011,0.14322,0.12210,0.10846,0.14646,0.09091,0.11159,0.03121,-0.03789,-0.00015,-0.13165,-0.20483,-0.15806,300.00000,6085.30593,0.00000,-0.03056,0.06676,0.10511,0.10824,-0.00350,-0.16141,
2022,067730,로지시스,KOSDAQ,2247,3.42000,-0.08554,-0.05562,-0.00750,60.00000,-0.00750,-0.00048,-0.09240,-0.03367,-0.01000,-0.11633,0.03247,0.01135,-0.05585,0.14488,0.08933,0.04694,0.09873,0.02964,0.00475,0.10244,0.02926,0.00813,150.00000,4010.78645,0.01496,-0.08309,-0.10703,-0.04654,0.05625,0.01405,0.01744,0.50135
2022,089860,롯데렌탈,KOSPI,230,3.10000,-0.01204,0.01788,-0.01740,900.00000,-0.01740,-0.01038,-0.02923,-0.08022,-0.05655,-0.09130,-0.04709,-0.06820,-0.05857,-0.04713,-0.10267,-0.05860,-0.07330,-0.14240,-0.08446,-0.09422,-0.16741,-0.10513,900.00000,28682.59407,0.03138,-0.00604,-0.06810,-0.03537,-0.03541,-0.06127,-0.08194,0.55453
2022,023530,롯데쇼핑,KOSPI,124,3.31000,0.07691,0.10684,0.01980,3300.00000,0.01980,0.02682,0.09824,0.03188,0.05556,0.11125,0.07694,0.05582,0.15977,0.04839,-0.00716,0.12902,-0.04725,-0.11634,0.02603,-0.12538,-0.19856,-0.05811,2800.00000,91098.37319,0.03622,0.12553,0.13854,0.18706,0.15632,0.05333,-0.03082,-0.54659
2022,004000,롯데정밀화학,KOSPI,172,3.68000,-0.02244,0.00749,-0.05070,3500.00000,-0.05070,-0.04368,-0.07200,-0.10308,-0.07940,-0.12320,-0.08510,-0.10622,-0.10563,-0.07514,-0.13069,-0.09589,-0.04232,-0.11141,-0.06380,-0.07688,-0.15007,-0.09760,2300.00000,61097.54628,0.05729,-0.02689,-0.07809,-0.06052,-0.05078,-0.01869,-0.05249,0.88504
2022,286940,롯데이노베이트,KOSPI,521,3.00000,0.03636,0.06628,-0.00620,700.00000,-0.00620,0.00082,0.02993,0.00001,0.02368,0.03637,0.08493,0.06381,0.12437,0.07880,0.02326,0.11802,0.18646,0.11737,0.22960,0.16144,0.08826,0.20367,700.00000,24181.68146,0.02895,0.05107,0.05750,0.14551,0.13916,0.25074,0.22481,0.21418
2022,004990,롯데지주,KOSPI,94,4.57000,0.00306,0.03299,-0.02430,1500.00000,-0.02430,-0.01728,-0.02131,-0.08809,-0.06441,-0.08529,-0.01072,-0.03183,-0.00769,-0.01085,-0.06639,-0.00782,-0.06406,-0.13316,-0.06119,-0.13989,-0.21307,-0.13726,1500.00000,32923.31242,0.04556,0.01388,-0.05010,0.02751,0.02737,-0.02600,-0.10206,0.53336
2022,011170,롯데케미칼,KOSPI,53,4.52000,0.05560,0.08552,0.00000,3500.00000,0.00000,0.00702,0.05560,-0.05957,-0.03589,-0.00728,-0.00001,-0.02112,0.05559,-0.04603,-0.10157,0.00701,-0.02220,-0.09129,0.03216,0.00734,-0.06585,0.06334,8300.00000,193837.78162,0.01806,0.06752,0.00465,0.06752,0.01894,0.04409,0.07527,
2022,071840,롯데하이마트,KOSPI,610,7.46000,-0.01846,0.01146,-0.03420,300.00000,-0.03420,-0.02718,-0.05203,-0.07216,-0.04849,-0.08929,-0.04549,-0.06660,-0.06311,0.00009,-0.05545,-0.01837,0.01670,-0.05239,-0.00207,-0.10889,-0.18207,-0.12535,1000.00000,13157.31416,0.02280,-0.03609,-0.07335,-0.04717,-0.00243,0.01387,-0.10941,1.49993
2022,012700,리드코프,KOSDAQ,848,9.77000,-0.02203,0.00790,-0.06370,800.00000,-0.06370,-0.05668,-0.08432,-0.08986,-0.06618,-0.10990,-0.03989,-0.06101,-0.06104,-0.03614,-0.09169,-0.05737,-0.06113,-0.13022,-0.08181,-0.10596,-0.17915,-0.12566,800.00000,8007.96320,0.09990,-0.00316,-0.02874,0.02013,0.02379,-0.00064,-0.04449,0.63763
2022,072870,메가스터디,KOSDAQ,1191,5.19000,-0.01289,0.01703,-0.04820,1050.00000,-0.04820,-0.04118,-0.06047,-0.05263,-0.02896,-0.06485,-0.05261,-0.07373,-0.06483,-0.03587,-0.09142,-0.04830,0.03426,-0.03483,0.02093,0.03959,-0.03360,0.02618,600.00000,11411.65562,0.09201,0.01402,0.00965,0.00966,0.02619,0.09542,0.10068,0.52385
2022,133750,메가엠디,KOSDAQ,1919,5.42000,0.07577,0.10570,-0.05200,0.00000,-0.05200,-0.04498,0.01983,-0.08888,-0.06521,-0.01985,-0.01006,-0.03118,0.06495,0.01326,-0.04228,0.09004,-0.00358,-0.07267,0.07192,-0.03028,-0.10346,0.04320,150.00000,2977.22674,0.00000,0.01648,-0.02320,0.06160,0.08669,0.06857,0.03985,
2022,005360,모나미,KOSPI,1960,3.03000,-0.01511,0.01482,0.00310,70.00000,0.00310,0.01012,-0.01206,-0.04920,-0.02553,-0.06357,0.02615,0.00503,0.01065,0.09233,0.03678,0.07582,0.07863,0.00953,0.06233,0.04023,-0.03296,0.02451,100.00000,3250.46270,0.02154,0.00281,-0.04870,0.02551,0.09069,0.07720,0.03938,-0.14395
2022,033920,무학,KOSPI,1139,4.53000,0.00794,0.03786,-0.02340,230.00000,-0.02340,-0.01638,-0.01565,-0.08294,-0.05926,-0.07566,-0.05277,-0.07389,-0.04526,0.02518,-0.03036,0.03332,0.06641,-0.00268,0.07488,0.01962,-0.05356,0.02771,230.00000,5117.55704,0.04494,0.01902,-0.04099,-0.01058,0.06799,0.10955,0.06238,0.52066
2022,085620,미래에셋생명,KOSPI,422,3.55000,0.04967,0.07959,-0.02030,0.00000,-0.02030,-0.01328,0.02836,-0.02868,-0.00501,0.01956,0.03548,0.01436,0.08691,0.00006,-0.05549,0.04973,-0.02174,-0.09084,0.02684,-0.16201,-0.23519,-0.12039,100.00000,2956.81486,0.00000,0.02501,0.01621,0.08356,0.04638,0.02349,-0.12374,
2022,006800,미래에셋증권,KOSPI,83,4.51000,-0.01214,0.01778,-0.03200,200.00000,-0.03200,-0.02498,-0.04375,-0.01521,0.00846,-0.02717,0.02132,0.00020,0.00892,0.04736,-0.00818,0.03465,0.05783,-0.01126,0.04499,-0.03329,-0.10647,-0.04503,300.00000,6571.12481,0.03044,-0.02135,-0.00477,0.03132,0.05705,0.06739,-0.02263,1.05138
2022,002840,미원상사,KOSPI,276,3.49000,-0.02337,0.00656,-0.00890,1500.00000,-0.00890,-0.00188,-0.03206,-0.05048,-0.02681,-0.07267,0.00606,-0.01506,-0.01745,-0.02191,-0.07745,-0.04476,0.07898,0.00989,0.05377,0.00023,-0.07296,-0.02315,6000.00000,167902.71268,0.00893,-0.02785,-0.06846,-0.01324,-0.04056,0.05798,-0.01894,0.99622
2022,093190,빅솔론,KOSDAQ,1144,3.33000,-0.02402,0.00591,-0.02050,400.00000,-0.02050,-0.01348,-0.04403,-0.03834,-0.01466,-0.06144,0.03688,0.01576,0.01197,0.09288,0.03733,0.06663,-0.00255,-0.07164,-0.02651,-0.12432,-0.19750,-0.14535,250.00000,7327.18603,0.05459,-0.00119,-0.01860,0.05481,0.10946,0.01633,-0.10252,0.37552
2022,005180,빙그레,KOSPI,497,3.55000,0.03293,0.06285,-0.01600,1500.00000,-0.01600,-0.00898,0.01640,-0.04790,-0.02423,-0.01655,-0.02582,-0.04694,0.00625,0.00601,-0.04954,0.03913,0.03292,-0.03617,0.06694,0.00589,-0.06729,0.03901,1400.00000,40735.16806,0.03682,0.04420,0.01125,0.03406,0.06693,0.09474,0.06682,0.43451
2022,419120,산돌,KOSDAQ,1443,18.14000,-0.00721,0.02272,-0.02580,180.00000,-0.02580,-0.01878,-0.03282,-0.06638,-0.04271,-0.07312,-0.03312,-0.05423,-0.04009,0.12933,0.07379,0.12119,0.09811,0.02902,0.09019,0.05707,-0.01612,0.04944,2476.00000,13550.98375,0.01328,-0.02494,-0.06523,-0.03220,0.12908,0.09808,0.05733,1.94231
2022,028260,삼성물산,KOSPI,14,3.44000,-0.02059,0.00934,-0.01260,2300.00000,-0.01260,-0.00558,-0.03293,-0.05024,-0.02656,-0.06979,-0.02100,-0.04211,-0.04115,-0.00758,-0.06312,-0.02801,-0.06799,-0.13709,-0.08718,-0.09559,-0.16878,-0.11421,4200.00000,119579.46035,0.01923,-0.02001,-0.05687,-0.02823,-0.01509,-0.07426,-0.10129,0.65509
2022,032830,삼성생명,KOSPI,22,4.09000,-0.01618,0.01374,-0.00280,3000.00000,-0.00280,0.00422,-0.01894,-0.01673,0.00695,-0.03264,-0.02084,-0.04195,-0.03668,-0.01803,-0.07357,-0.03392,-0.06792,-0.13702,-0.08301,-0.13027,-0.20346,-0.14435,3000.00000,72162.48333,0.04157,0.01288,-0.00082,-0.00486,-0.00210,-0.05119,-0.11253,0.06735
2022,016360,삼성증권,KOSPI,101,10.80000,-0.00726,0.02267,-0.08010,1700.00000,-0.08010,-0.07308,-0.08678,-0.04432,-0.02065,-0.05126,-0.03439,-0.05550,-0.04140,-0.01288,-0.06843,-0.02005,-0.06285,-0.13195,-0.06966,-0.11013,-0.18331,-0.11659,3800.00000,34929.78738,0.04867,-0.04895,-0.01344,-0.00357,0.01777,-0.03183,-0.07877,1.64581
2022,029780,삼성카드,KOSPI,84,7.12000,0.01095,0.04088,-0.07960,2500.00000,-0.07960,-0.07258,-0.06952,-0.08258,-0.05890,-0.07253,-0.07798,-0.09909,-0.06788,-0.05946,-0.11501,-0.04916,-0.07035,-0.13945,-0.06017,-0.07808,-0.15126,-0.06798,2300.00000,32657.20331,0.07655,-0.00810,-0.01111,-0.00647,0.01225,0.00124,-0.00657,1.03981
2022,000810,삼성화재,KOSPI,43,5.84000,0.03662,0.06655,-0.03290,13800.00000,-0.03290,-0.02588,0.00252,-0.08212,-0.05845,-0.04851,-0.05635,-0.07746,-0.02179,-0.05633,-0.11188,-0.02177,0.01650,-0.05259,0.05373,-0.04925,-0.12244,-0.01444,12000.00000,213004.42534,0.06479,0.05398,0.00295,0.02967,0.02969,0.10519,0.03702,0.50781
2022,145990,삼양사,KOSPI,479,3.19000,0.02673,0.05666,-0.02610,1250.00000,-0.02610,-0.01908,-0.00007,-0.03351,-0.00984,-0.00768,0.04002,0.01891,0.06782,0.01638,-0.03916,0.04355,0.07387,0.00478,0.10258,0.00038,-0.07280,0.02712,1250.00000,40232.40450,0.03107,0.02287,0.01526,0.09076,0.06649,0.12551,0.05006,0.84005
2022,225190,LK삼양,KOSDAQ,1397,8.26000,-0.01820,0.01173,-0.03740,900.00000,-0.03740,-0.03038,-0.05492,-0.07009,-0.04642,-0.08701,-0.04673,-0.06784,-0.06407,-0.03830,-0.09385,-0.05580,-0.01333,-0.08242,-0.03128,0.02303,-0.05015,0.00442,900.00000,10697.60380,0.08413,0.01291,-0.01919,0.00375,0.01202,0.03654,0.07224,0.44454
2022,272550,삼양패키징,KOSPI,684,5.68000,0.06540,0.09532,-0.00800,750.00000,-0.00800,-0.00098,0.05687,-0.03991,-0.01624,0.02287,-0.04533,-0.06644,0.01711,-0.02455,-0.08010,0.03924,-0.06936,-0.13845,-0.00850,-0.02359,-0.09677,0.04027,1000.00000,18756.99674,0.03999,0.08735,0.05335,0.04758,0.06971,0.02198,0.07074,0.20007
2022,000070,삼양홀딩스,KOSPI,376,4.50000,0.06451,0.09444,-0.02680,3500.00000,-0.02680,-0.01978,0.03598,-0.01256,0.01112,0.05114,-0.01406,-0.03518,0.04954,0.00975,-0.04580,0.07489,0.10418,0.03509,0.17542,0.04218,-0.03100,0.10941,3000.00000,70967.50517,0.04932,0.07436,0.08952,0.08792,0.11326,0.21379,0.14779,0.54341
2022,005680,삼영전자,KOSPI,938,3.12000,0.00324,0.03317,-0.02070,300.00000,-0.02070,-0.01368,-0.01753,-0.04043,-0.01676,-0.03732,-0.02799,-0.04910,-0.02484,-0.02892,-0.08447,-0.02577,-0.02664,-0.09574,-0.02349,-0.05168,-0.12486,-0.04861,300.00000,9646.54980,0.03110,0.00543,-0.01436,-0.00188,-0.00281,-0.00053,-0.02565,0.66561
2022,002450,삼익악기,KOSPI,1332,3.85000,0.02303,0.05295,0.00000,50.00000,0.00000,0.00702,0.02303,-0.08270,-0.05903,-0.06158,-0.04137,-0.06248,-0.01930,-0.00752,-0.06307,0.01533,-0.02281,-0.09191,-0.00031,-0.08296,-0.15614,-0.06184,50.00000,1328.60571,0.03763,0.05151,-0.03309,0.00919,0.04382,0.02818,-0.03335,
2022,037460,삼지전자,KOSDAQ,1157,4.59000,0.00802,0.03794,-0.02730,450.00000,-0.02730,-0.02028,-0.01950,-0.04893,-0.02526,-0.04130,-0.02730,-0.04842,-0.01950,-0.01113,-0.06667,-0.00320,-0.04188,-0.11097,-0.03419,0.05369,-0.01949,0.06214,400.00000,8784.48342,0.05123,0.02049,-0.00131,0.02049,0.03679,0.00579,0.10213,0.53293
2022,005500,삼진제약,KOSPI,515,3.07000,0.00580,0.03572,-0.01340,800.00000,-0.01340,-0.00638,-0.00768,-0.06111,-0.03744,-0.05567,-0.06107,-0.08219,-0.05563,-0.08786,-0.14340,-0.08257,-0.13548,-0.20458,-0.13047,-0.19089,-0.26407,-0.18619,800.00000,26209.71250,0.03052,0.01479,-0.03320,-0.03316,-0.06010,-0.10800,-0.16372,0.43901
2022,017480,삼현철강,KOSDAQ,1740,6.04000,0.02011,0.05004,-0.03940,300.00000,-0.03940,-0.03238,-0.02008,-0.09658,-0.07291,-0.07841,-0.04037,-0.06148,-0.02107,-0.03245,-0.08799,-0.01299,0.04355,-0.02554,0.06454,-0.00776,-0.08094,0.01220,300.00000,5066.78535,0.05921,0.02666,-0.03167,0.02567,0.03375,0.11128,0.05894,0.66544
2022,010960,삼호개발,KOSPI,1464,4.65000,-0.00849,0.02144,-0.02710,190.00000,-0.02710,-0.02008,-0.03536,-0.06902,-0.04535,-0.07692,-0.04684,-0.06796,-0.05493,-0.02954,-0.08509,-0.03778,-0.07383,-0.14292,-0.08169,-0.14918,-0.22237,-0.15641,190.00000,4051.34026,0.04690,0.00097,-0.04060,-0.01860,-0.00145,-0.04536,-0.12008,0.57785
2022,046890,서울반도체,KOSDAQ,346,4.14000,0.00013,0.03005,-0.05410,220.00000,-0.05410,-0.04708,-0.05398,-0.07203,-0.04836,-0.07192,-0.03586,-0.05698,-0.03574,-0.03213,-0.08767,-0.03201,-0.02841,-0.09750,-0.02829,0.01410,-0.05908,0.01423,460.00000,11112.50961,0.01980,-0.04058,-0.05852,-0.02234,-0.01861,-0.01489,0.02763,2.73267
2022,093920,서원인텍,KOSDAQ,1380,5.79000,0.01669,0.04662,-0.04720,400.00000,-0.04720,-0.04018,-0.03130,-0.08135,-0.05768,-0.06602,-0.06997,-0.09108,-0.05444,-0.05858,-0.11413,-0.04287,-0.04238,-0.11147,-0.02639,0.12504,0.05186,0.14382,350.00000,6145.80806,0.06509,0.02042,-0.01431,-0.00273,0.00884,0.02532,0.19553,0.72521
2022,011370,서한,KOSDAQ,1407,3.67000,0.10551,0.13544,-0.02070,50.00000,-0.02070,-0.01368,0.08263,-0.03727,-0.01360,0.06431,-0.03308,-0.05419,0.06895,-0.06380,-0.11934,0.03499,-0.11348,-0.18258,-0.01994,-0.18318,-0.25636,-0.09699,40.00000,1204.91753,0.04150,0.11438,0.09606,0.10070,0.06674,0.01181,-0.06523,0.49884
2022,065710,서호전기,KOSDAQ,1481,5.12000,0.01521,0.04514,-0.07300,1500.00000,-0.07300,-0.06598,-0.05890,-0.14112,-0.11745,-0.12806,-0.11083,-0.13195,-0.09731,-0.13494,-0.19048,-0.12178,-0.08592,-0.15501,-0.07201,-0.06338,-0.13656,-0.04913,1000.00000,19828.36567,0.07565,0.00175,-0.06741,-0.03666,-0.06113,-0.01136,0.01152,0.96498
2022,035890,서희건설,KOSDAQ,650,3.94000,-0.08652,-0.05660,-0.00860,45.00000,-0.00860,-0.00158,-0.09438,0.00429,0.02797,-0.08260,0.01294,-0.00817,-0.07470,0.02329,-0.03225,-0.06524,-0.02575,-0.09485,-0.11005,0.03885,-0.03434,-0.05104,50.00000,1159.23689,0.03882,-0.06489,-0.05311,-0.04521,-0.03575,-0.08056,-0.02155,0.22154
2022,037350,성도이엔지,KOSDAQ,1762,3.03000,-0.06876,-0.03883,0.00110,100.00000,0.00110,0.00812,-0.06773,0.09449,0.11816,0.01923,0.02716,0.00605,-0.04346,0.01858,-0.03697,-0.05146,-0.09227,-0.16136,-0.15468,-0.11190,-0.18508,-0.17296,150.00000,4610.10318,0.02169,-0.05273,0.03423,-0.02846,-0.03646,-0.13968,-0.15796,-0.05071
2022,003080,SB성보,KOSPI,1824,3.32000,-0.08156,-0.05164,-0.00900,135.00000,-0.00900,-0.00198,-0.08983,-0.05883,-0.03515,-0.13559,-0.05724,-0.07836,-0.13414,-0.05262,-0.10816,-0.12989,0.03774,-0.03135,-0.04690,-0.04980,-0.12298,-0.12730,120.00000,3319.65204,0.04067,-0.05877,-0.10454,-0.10308,-0.09884,-0.01585,-0.09625,0.22131
2022,011560,세보엠이씨,KOSDAQ,1729,3.32000,0.07293,0.10285,-0.03710,500.00000,-0.03710,-0.03008,0.03312,-0.06426,-0.04058,0.00398,-0.03838,-0.05950,0.03175,-0.04325,-0.09880,0.02652,-0.10144,-0.17053,-0.03591,0.07513,0.00194,0.15353,250.00000,8079.26984,0.06189,0.08213,0.05299,0.08075,0.07553,0.01310,0.20254,0.59948
2022,001430,세아베스틸지주,KOSPI,329,7.79000,-0.01825,0.01167,-0.07940,1200.00000,-0.07940,-0.07238,-0.09620,-0.13500,-0.11132,-0.15079,-0.10579,-0.12691,-0.12212,-0.13750,-0.19304,-0.15324,0.26179,0.19269,0.23876,0.26957,0.19639,0.24640,1500.00000,18903.97295,0.06348,-0.04585,-0.10043,-0.07176,-0.10289,0.28911,0.29675,1.25081
2022,019440,세아특수강,KOSPI,976,5.71000,-0.12389,-0.09397,-0.02990,1000.00000,-0.02990,-0.02288,-0.15009,-0.03255,-0.00888,-0.15241,-0.04609,-0.06720,-0.16427,-0.08246,-0.13800,-0.19614,0.09548,0.02639,-0.04024,-0.07031,-0.14349,-0.18549,1200.00000,18412.04980,0.05431,-0.10749,-0.10981,-0.12167,-0.15354,0.00236,-0.14289,0.55052
2022,053210,스카이라이프,KOSPI,473,4.07000,0.00811,0.03804,-0.03580,350.00000,-0.03580,-0.02878,-0.02798,-0.06230,-0.03863,-0.05469,-0.04738,-0.06849,-0.03965,-0.04741,-0.10296,-0.03969,-0.08211,-0.15120,-0.07466,-0.08787,-0.16105,-0.08047,350.00000,8669.25602,0.04037,0.00283,-0.02389,-0.00885,-0.00888,-0.04386,-0.04967,0.88674
2022,029530,신도리코,KOSPI,544,4.35000,-0.02752,0.00240,-0.02980,1500.00000,-0.02980,-0.02278,-0.05650,-0.03570,-0.01202,-0.06224,-0.01036,-0.03148,-0.03760,0.00604,-0.04951,-0.02165,-0.00725,-0.07635,-0.03457,0.01221,-0.06097,-0.01564,1500.00000,33533.77775,0.04473,-0.02201,-0.02774,-0.00311,0.01284,-0.00008,0.01885,0.66620
2022,004970,신라교역,KOSPI,962,4.35000,0.02189,0.05182,-0.00430,500.00000,-0.00430,0.00272,0.01750,-0.08511,-0.06143,-0.06508,-0.04241,-0.06353,-0.02145,-0.05272,-0.10826,-0.03198,-0.03914,-0.10823,-0.01810,-0.11906,-0.19224,-0.09977,500.00000,11745.87868,0.04257,0.05016,-0.03242,0.01121,0.00068,0.01456,-0.06711,0.10101
2022,034300,신세계건설,KOSPI,1825,4.71000,-0.03607,-0.00615,-0.02010,500.00000,-0.02010,-0.01308,-0.05545,0.00582,0.02950,-0.03046,0.03174,0.01062,-0.00548,0.06062,0.00508,0.02236,0.21321,0.14412,0.16945,0.11943,0.04625,0.07905,850.00000,17395.72273,0.02874,-0.03448,-0.00949,0.01549,0.04333,0.19042,0.10001,0.69931
2022,009270,신원,KOSPI,1019,3.03000,-0.01794,0.01198,0.00000,100.00000,0.00000,0.00702,-0.01794,-0.08950,-0.06583,-0.10584,-0.04626,-0.06738,-0.06337,-0.01918,-0.07472,-0.03677,-0.06051,-0.12961,-0.07737,-0.10551,-0.17870,-0.12156,50.00000,1620.55907,0.06171,0.03091,-0.05698,-0.01452,0.01208,-0.02851,-0.07271,
2022,138070,신진에스엠,KOSDAQ,2095,4.01000,-0.06849,-0.03856,-0.02150,100.00000,-0.02150,-0.01448,-0.08852,-0.04486,-0.02119,-0.11028,0.03043,0.00931,-0.04014,0.06637,0.01083,-0.00666,0.01086,-0.05823,-0.05837,-0.03933,-0.11251,-0.10512,120.00000,2787.56594,0.03587,-0.06152,-0.08328,-0.01315,0.02034,-0.03137,-0.07812,0.59933
2022,002870,신풍,KOSPI,2164,4.41000,-0.10279,-0.07287,-0.01640,50.00000,-0.01640,-0.00938,-0.11751,-0.11887,-0.09520,-0.20944,-0.05341,-0.07453,-0.15072,-0.04124,-0.09679,-0.13979,-0.05673,-0.12583,-0.15369,-0.17312,-0.24630,-0.25811,60.00000,1220.69155,0.04096,-0.08620,-0.17814,-0.11941,-0.10849,-0.12239,-0.22681,0.40039
2022,055550,신한지주,KOSPI,17,5.14000,-0.01305,0.01687,-0.04520,2065.00000,-0.04520,-0.03818,-0.05766,0.04918,0.07285,0.03549,0.06517,0.04405,0.05127,0.15026,0.09472,0.13525,0.02260,-0.04650,0.00925,-0.04382,-0.11700,-0.05630,1960.00000,37634.64915,0.05487,-0.01459,0.07856,0.09434,0.17832,0.05232,-0.01323,0.82377
2022,160980,싸이맥스,KOSDAQ,1174,3.14000,-0.05106,-0.02114,-0.03310,300.00000,-0.03310,-0.02608,-0.08247,-0.03731,-0.01363,-0.08646,0.06607,0.04496,0.01164,0.13877,0.08322,0.08062,0.16537,0.09628,0.10587,0.22581,0.15262,0.16322,400.00000,12088.39949,0.02482,-0.06483,-0.06882,0.02928,0.09827,0.12351,0.18086,1.33375
2022,003410,쌍용C&E,KOSPI,104,7.37000,0.00329,0.03321,-0.03170,440.00000,-0.03170,-0.02468,-0.02851,-0.09010,-0.06642,-0.08710,-0.09838,-0.11950,-0.09542,-0.04324,-0.09879,-0.04009,-0.03992,-0.10901,-0.03676,-0.00156,-0.07474,0.00172,440.00000,5989.78918,0.07346,0.03028,-0.02831,-0.03662,0.01870,0.02204,0.06052,0.43154
2022,049960,쎌바이오텍,KOSDAQ,1367,3.70000,0.08228,0.11220,-0.02660,450.00000,-0.02660,-0.01958,0.05349,-0.02276,0.00092,0.05765,0.01910,-0.00202,0.10295,0.04965,-0.00589,0.13602,0.01748,-0.05161,0.10120,-0.03300,-0.10618,0.04656,450.00000,13162.84706,0.03419,0.07906,0.08322,0.12852,0.16159,0.12677,0.07214,0.77807
2022,352700,씨앤투스,KOSDAQ,1184,15.31000,-0.06015,-0.03022,-0.01410,260.00000,-0.01410,-0.00708,-0.07340,-0.12255,-0.09888,-0.17533,-0.08563,-0.10674,-0.14062,-0.07802,-0.13356,-0.13347,-0.06060,-0.12970,-0.11710,-0.09860,-0.17178,-0.15282,750.00000,4604.11823,0.05647,-0.02897,-0.13090,-0.09620,-0.08904,-0.07268,-0.10839,0.24968
2022,096530,씨젠,KOSDAQ,176,3.29000,-0.09221,-0.06228,-0.05070,800.00000,-0.05070,-0.04368,-0.13823,0.00543,0.02911,-0.08728,0.01631,-0.00481,-0.07740,-0.02174,-0.07729,-0.11195,-0.12147,-0.19056,-0.20248,-0.09083,-0.16401,-0.17466,1000.00000,27592.45433,0.02899,-0.11705,-0.06610,-0.05623,-0.09077,-0.18130,-0.15348,1.74867
2022,267850,아시아나IDT,KOSPI,972,3.07000,0.06446,0.09439,0.01150,500.00000,0.01150,0.01852,0.07671,-0.08066,-0.05698,-0.02139,-0.08075,-0.10187,-0.02149,-0.03068,-0.08622,0.03181,-0.08199,-0.15109,-0.02281,-0.14660,-0.21979,-0.09159,500.00000,17336.56346,0.02884,0.09776,-0.00034,-0.00044,0.05286,-0.00176,-0.07054,-0.39874
2022,332370,아이디피,KOSDAQ,1969,3.21000,0.03741,0.06734,-0.02370,150.00000,-0.02370,-0.01668,0.01282,-0.06501,-0.04133,-0.03003,-0.01040,-0.03151,0.02663,0.02376,-0.03179,0.06206,-0.08022,-0.14932,-0.04581,-0.13602,-0.20921,-0.10370,150.00000,4847.71689,0.03094,0.03565,-0.00720,0.04945,0.08489,-0.02298,-0.08087,0.76594
2022,122900,아이마켓코리아,KOSPI,552,5.83000,0.02440,0.05432,-0.02370,600.00000,-0.02370,-0.01668,0.00012,-0.04263,-0.01896,-0.01928,-0.02368,-0.04480,0.00014,-0.03790,-0.09344,-0.01442,-0.02538,-0.09448,-0.00160,-0.05276,-0.12594,-0.02965,600.00000,10542.68655,0.05691,0.04492,0.02552,0.04493,0.03037,0.04319,0.01515,0.41644
2022,010780,아이에스동서,KOSPI,231,3.51000,-0.11568,-0.08576,-0.02320,0.00000,-0.02320,-0.01618,-0.13620,0.08443,0.10810,-0.04102,0.16058,0.13947,0.02632,0.15067,0.09513,0.01756,0.44210,0.37300,0.27527,0.36223,0.28905,0.20464,1200.00000,30233.02056,0.00000,-0.13955,-0.04437,0.02297,0.01421,0.27192,0.20129,
2022,090150,아이윈,KOSDAQ,1963,6.64000,-0.15285,-0.12292,-0.02350,35.00000,-0.02350,-0.01648,-0.17276,0.00776,0.03144,-0.14627,0.05480,0.03369,-0.10642,0.55821,0.50266,0.32004,0.90138,0.83229,0.61076,0.47023,0.39705,0.24551,100.00000,1275.83155,0.02743,-0.15290,-0.12641,-0.08656,0.33990,0.63062,0.26537,0.85663
2022,027360,아주IB투자,KOSDAQ,593,3.73000,-0.08191,-0.05198,-0.04670,20.00000,-0.04670,-0.03968,-0.12478,-0.08931,-0.06563,-0.16390,0.03684,0.01572,-0.04808,0.04697,-0.00858,-0.03878,0.04910,-0.01999,-0.03683,-0.07277,-0.14595,-0.14871,100.00000,2461.37981,0.00813,-0.12126,-0.16037,-0.04456,-0.03526,-0.03330,-0.14519,5.74732
2022,161000,애경케미칼,KOSPI,436,5.69000,0.01662,0.04655,-0.05500,550.00000,-0.05500,-0.04798,-0.03929,-0.12322,-0.09955,-0.10865,-0.11002,-0.13114,-0.09523,-0.12720,-0.18275,-0.11269,-0.14440,-0.21349,-0.13018,-0.12395,-0.19713,-0.10939,550.00000,9826.77315,0.05597,0.00471,-0.06465,-0.05123,-0.06869,-0.08618,-0.06539,0.98268
2022,137310,에스디바이오센서,KOSPI,95,3.85000,-0.02276,0.00717,-0.05130,990.00000,-0.05130,-0.04428,-0.07289,-0.05595,-0.03228,-0.07743,-0.04500,-0.06611,-0.06673,-0.10096,-0.15650,-0.12142,-0.26423,-0.33333,-0.28098,-0.34031,-0.41349,-0.35532,1266.00000,32134.80184,0.03081,-0.05018,-0.05472,-0.04402,-0.09870,-0.25826,-0.33261,1.66517
2022,031330,에스에이엠티,KOSDAQ,690,7.23000,0.07987,0.10980,-0.06530,230.00000,-0.06530,-0.05828,0.00936,-0.13065,-0.10698,-0.06121,-0.09054,-0.11166,-0.01790,-0.09054,-0.14609,-0.01790,-0.06400,-0.13310,0.01076,0.01646,-0.05672,0.09765,200.00000,2987.20285,0.07700,0.07115,0.00058,0.04389,0.04389,0.07255,0.15944,0.84811
2022,012750,에스원,KOSPI,119,3.89000,-0.00948,0.02045,-0.04400,2500.00000,-0.04400,-0.03698,-0.05306,-0.10059,-0.07691,-0.10911,-0.08645,-0.10756,-0.09510,-0.07087,-0.12641,-0.07967,-0.11355,-0.18264,-0.12195,-0.14978,-0.22296,-0.15784,2500.00000,63658.40465,0.03927,-0.02318,-0.07923,-0.06523,-0.04980,-0.09207,-0.12796,1.12039
2022,098660,에스티오,KOSDAQ,2339,3.97000,-0.09211,-0.06218,-0.01790,110.00000,-0.01790,-0.01088,-0.10836,-0.05371,-0.03003,-0.14087,-0.00400,-0.02512,-0.09575,-0.00804,-0.06359,-0.09941,0.06541,-0.00369,-0.03273,0.01184,-0.06134,-0.08136,110.00000,2515.56466,0.04373,-0.07472,-0.10723,-0.06210,-0.06577,0.00092,-0.04771,0.40935
2022,003800,에이스침대,KOSDAQ,498,3.80000,0.00566,0.03559,0.00280,1330.00000,0.00280,0.00982,0.00848,0.00137,0.02505,0.00704,-0.00423,-0.02535,0.00141,-0.01572,-0.07127,-0.01015,-0.03147,-0.10057,-0.02599,-0.08983,-0.16301,-0.08468,1330.00000,35198.22161,0.03779,0.03710,0.03566,0.03002,0.01847,0.00263,-0.05606,-0.07410
2022,357230,에이치피오,KOSDAQ,1099,3.94000,0.02493,0.05485,-0.00530,80.00000,-0.00530,0.00172,0.01949,-0.05450,-0.03083,-0.03094,-0.03580,-0.05692,-0.01177,0.12394,0.06839,0.15195,0.06404,-0.00506,0.09056,0.04527,-0.02791,0.07132,300.00000,7803.99834,0.01025,0.02482,-0.02562,-0.00645,0.15728,0.09588,0.07665,0.51701
2022,021080,에이티넘인베스트,KOSDAQ,1159,6.76000,-0.01703,0.01290,-0.06010,150.00000,-0.06010,-0.05308,-0.07610,-0.12022,-0.09654,-0.13520,-0.03934,-0.06046,-0.05570,0.02431,-0.03123,0.00687,-0.05318,-0.12228,-0.06931,-0.07379,-0.14698,-0.08957,200.00000,2908.20382,0.05158,-0.03582,-0.09491,-0.01542,0.04716,-0.02902,-0.04928,1.16522
2022,089970,브이엠,KOSDAQ,616,9.27000,-0.11972,-0.08979,-0.07020,0.00000,-0.07020,-0.06318,-0.18152,-0.04836,-0.02469,-0.16229,-0.03953,-0.06064,-0.15451,0.00876,-0.04678,-0.11201,0.03500,-0.03409,-0.08891,0.04395,-0.02923,-0.08103,1200.00000,11395.21185,0.00000,-0.18487,-0.16564,-0.15786,-0.11536,-0.09226,-0.08438,
2022,347890,엠엑스온,KOSDAQ,1211,3.12000,-0.02857,0.00135,0.02310,250.00000,0.02310,0.03012,-0.00613,0.02580,0.04948,-0.00351,0.06825,0.04713,0.03772,0.16325,0.10771,0.13002,0.20676,0.13767,0.17228,0.38660,0.31342,0.34698,250.00000,7783.87201,0.03212,0.01769,0.02031,0.06155,0.15384,0.19610,0.37080,-0.71923
2022,009970,영원무역홀딩스,KOSPI,299,3.51000,0.11607,0.14599,-0.02050,3050.00000,-0.02050,-0.01348,0.09319,-0.08517,-0.06150,0.02101,-0.03951,-0.06063,0.07197,-0.06161,-0.11715,0.04731,0.09902,0.02992,0.22658,0.02989,-0.04330,0.14942,2000.00000,63593.72619,0.04796,0.13042,0.05824,0.10920,0.08454,0.26380,0.18665,0.42743
2022,053280,예스24,KOSDAQ,1199,3.68000,-0.06431,-0.03439,-0.02950,200.00000,-0.02950,-0.02248,-0.09191,-0.03539,-0.01172,-0.09743,0.10414,0.08302,0.03313,0.10018,0.04463,0.02942,0.05497,-0.01412,-0.01288,0.00195,-0.07123,-0.06249,200.00000,5085.26531,0.03933,-0.06199,-0.06751,0.06305,0.05935,0.01705,-0.03257,0.75008
2022,015360,INVENI,KOSPI,898,6.66000,-0.01617,0.01376,-0.04660,2500.00000,-0.04660,-0.03958,-0.06201,-0.07513,-0.05146,-0.09009,-0.06906,-0.09017,-0.08411,-0.05864,-0.11418,-0.07386,-0.06020,-0.12930,-0.07540,0.04951,-0.02367,0.03254,2250.00000,33237.58941,0.07522,-0.00173,-0.02980,-0.02382,-0.01358,-0.01511,0.09282,0.61955
2022,001800,오리온홀딩스,KOSPI,248,4.25000,0.04903,0.07896,-0.02490,700.00000,-0.02490,-0.01788,0.02291,-0.05307,-0.02940,-0.00664,-0.05932,-0.08044,-0.01320,-0.05350,-0.10904,-0.00709,0.00224,-0.06685,0.05139,0.01574,-0.05745,0.06554,650.00000,16044.01584,0.04363,0.05647,0.02692,0.02036,0.02647,0.08495,0.09910,0.57071
2022,122990,와이솔,KOSDAQ,910,3.52000,0.00005,0.02998,-0.03090,250.00000,-0.03090,-0.02388,-0.03085,-0.09129,-0.06761,-0.09124,-0.06176,-0.08287,-0.06171,-0.00404,-0.05959,-0.00399,0.01001,-0.05908,0.01006,-0.00686,-0.08005,-0.00681,250.00000,7102.65210,0.03520,-0.00442,-0.06481,-0.03528,0.02244,0.03649,0.01962,0.87789
2022,079000,와토스코리아,KOSDAQ,2225,3.30000,-0.06911,-0.03919,-0.03900,200.00000,-0.03900,-0.03198,-0.10542,-0.05141,-0.02774,-0.11697,0.00887,-0.01225,-0.06085,0.00885,-0.04669,-0.06087,-0.01784,-0.08693,-0.08571,-0.04625,-0.11943,-0.11216,200.00000,5641.75186,0.03545,-0.07877,-0.09033,-0.03421,-0.03423,-0.05907,-0.08552,1.10014
2022,316140,우리금융지주,KOSPI,44,6.92000,0.00008,0.03001,-0.09230,1130.00000,-0.09230,-0.08528,-0.09223,-0.04618,-0.02251,-0.04610,-0.05008,-0.07119,-0.05000,0.03375,-0.02180,0.03383,-0.06536,-0.13446,-0.06529,-0.13916,-0.21234,-0.13909,900.00000,13006.83906,0.08688,-0.02208,0.02405,0.02015,0.10398,0.00486,-0.06894,1.06242
2022,095720,웅진씽크빅,KOSPI,620,4.86000,-0.06736,-0.03743,-0.01000,110.00000,-0.01000,-0.00298,-0.07668,-0.05209,-0.02842,-0.11594,-0.02804,-0.04916,-0.09351,0.00609,-0.04945,-0.06167,0.22460,0.15551,0.14211,0.19875,0.12557,0.11800,130.00000,2494.72031,0.04409,-0.04273,-0.08199,-0.05956,-0.02772,0.17607,0.15195,0.22679
2022,053080,케이엔솔,KOSDAQ,1273,3.09000,-0.05366,-0.02374,-0.04020,300.00000,-0.04020,-0.03318,-0.09170,-0.10216,-0.07848,-0.15034,-0.00765,-0.02877,-0.06091,0.02911,-0.02643,-0.02611,0.09221,0.02311,0.03360,0.22270,0.14952,0.15709,300.00000,9187.75045,0.03265,-0.06743,-0.12606,-0.03663,-0.00184,0.05787,0.18137,1.23116
2022,008370,원풍,KOSDAQ,1955,3.25000,0.00953,0.03946,-0.03980,200.00000,-0.03980,-0.03278,-0.03065,-0.09287,-0.06920,-0.08423,-0.05495,-0.07606,-0.04594,-0.03389,-0.08943,-0.02468,-0.05559,-0.12469,-0.04659,-0.09816,-0.17135,-0.08957,170.00000,5280.62814,0.03787,-0.00196,-0.05554,-0.01725,0.00401,-0.01790,-0.06088,1.05084
2022,044340,위닉스,KOSDAQ,931,4.61000,0.07374,0.10367,-0.02150,400.00000,-0.02150,-0.01448,0.05066,-0.00860,0.01508,0.06451,0.10292,0.08181,0.18426,0.10046,0.04492,0.18161,0.07181,0.00271,0.15084,0.03144,-0.04174,0.10750,500.00000,11645.78445,0.03435,0.07636,0.09022,0.20996,0.20732,0.17655,0.13321,0.62596
2022,136540,윈스테크넷,KOSDAQ,981,3.88000,0.01547,0.04539,-0.02290,500.00000,-0.02290,-0.01588,-0.00779,-0.07622,-0.05254,-0.06193,-0.03803,-0.05915,-0.02315,0.00932,-0.04622,0.02493,0.07663,0.00754,0.09329,0.02519,-0.04799,0.04105,500.00000,13085.92367,0.03821,0.02119,-0.03295,0.00582,0.05391,0.12226,0.07002,0.59934
2022,077500,유니퀘스트,KOSPI,778,3.43000,-0.00220,0.02773,-0.03210,200.00000,-0.03210,-0.02508,-0.03423,-0.01604,0.00764,-0.01820,0.02290,0.00178,0.02065,0.09409,0.03855,0.09169,0.18233,0.11323,0.17973,0.36923,0.29605,0.36622,300.00000,8727.13283,0.02292,-0.01819,-0.00216,0.03669,0.10773,0.19577,0.38226,1.40070
2022,264450,유비쿼스,KOSDAQ,1125,3.90000,0.06597,0.09590,-0.02290,420.00000,-0.02290,-0.01588,0.04156,-0.05557,-0.03190,0.00673,-0.03591,-0.05703,0.02769,0.01244,-0.04310,0.07924,-0.03256,-0.10166,0.03126,-0.05767,-0.13085,0.00450,560.00000,15306.26290,0.02744,0.06143,0.02660,0.04756,0.09910,0.05112,0.02436,0.83456
2022,002920,유성기업,KOSPI,1761,4.07000,-0.04227,-0.01234,-0.04070,120.00000,-0.04070,-0.03368,-0.08125,-0.03536,-0.01169,-0.07614,0.00876,-0.01236,-0.03388,0.01050,-0.04505,-0.03222,0.01068,-0.05842,-0.03204,-0.00341,-0.07659,-0.04554,120.00000,2823.77815,0.04250,-0.04865,-0.04354,-0.00128,0.00038,0.00056,-0.01293,0.95773
2022,000700,유수홀딩스,KOSPI,953,5.58000,-0.02650,0.00342,-0.04300,400.00000,-0.04300,-0.03598,-0.06836,-0.08604,-0.06237,-0.11026,-0.04600,-0.06712,-0.07128,-0.08327,-0.13881,-0.10756,0.01879,-0.05031,-0.00821,-0.04843,-0.12161,-0.07365,400.00000,6978.48597,0.05732,-0.02322,-0.06512,-0.02614,-0.06242,0.03693,-0.02850,0.75019
2022,003470,유안타증권,KOSPI,393,6.67000,-0.04632,-0.01639,-0.05630,110.00000,-0.05630,-0.04928,-0.10001,-0.05042,-0.02674,-0.09440,0.00392,-0.01720,-0.04258,0.07199,0.01645,0.02234,0.08168,0.01258,0.03157,-0.03882,-0.11201,-0.08334,180.00000,2573.65208,0.04274,-0.06720,-0.06159,-0.00978,0.05515,0.06438,-0.05054,1.31724
2022,023410,유진기업,KOSDAQ,659,4.55000,0.00390,0.03382,-0.02670,170.00000,-0.02670,-0.01968,-0.02291,-0.03611,-0.01243,-0.03235,-0.00950,-0.03062,-0.00565,0.00787,-0.04768,0.01179,-0.06678,-0.13587,-0.06314,-0.12949,-0.20267,-0.12610,170.00000,3750.81690,0.04532,0.01208,0.00264,0.02935,0.04679,-0.02815,-0.09111,0.58910
2022,001200,유진투자증권,KOSPI,706,5.05000,-0.09021,-0.06029,-0.04960,60.00000,-0.04960,-0.04258,-0.13534,-0.00197,0.02170,-0.09201,0.04566,0.02454,-0.04868,0.11498,0.05944,0.01439,0.06935,0.00025,-0.02712,-0.06170,-0.13488,-0.14634,140.00000,2522.18281,0.02379,-0.11856,-0.07523,-0.03190,0.03117,-0.01035,-0.12957,2.08500
2022,214320,이노션,KOSPI,268,4.13000,-0.00350,0.02642,-0.03460,2150.00000,-0.03460,-0.02758,-0.03798,-0.06459,-0.04092,-0.06787,-0.03355,-0.05466,-0.03693,-0.00009,-0.05563,-0.00359,-0.02067,-0.08977,-0.02410,-0.06446,-0.13764,-0.06773,1800.00000,43430.98125,0.04950,0.00055,-0.02934,0.00160,0.03494,0.01443,-0.02920,0.69894
2022,078020,LS증권,KOSDAQ,626,10.89000,0.00722,0.03714,-0.06850,100.00000,-0.06850,-0.06148,-0.06178,-0.10274,-0.07907,-0.09627,-0.09010,-0.11122,-0.08353,-0.06314,-0.11868,-0.05638,-0.14039,-0.20948,-0.13418,-0.24503,-0.31822,-0.23958,600.00000,5549.40739,0.01802,-0.04988,-0.08437,-0.07164,-0.04448,-0.12229,-0.22769,3.80134
2022,067010,이씨에스,KOSDAQ,2208,4.13000,-0.03014,-0.00021,-0.02840,150.00000,-0.02840,-0.02138,-0.05768,-0.03694,-0.01327,-0.06597,0.02701,0.00590,-0.00394,0.15641,0.10087,0.12156,0.20771,0.13862,0.17132,0.25907,0.18589,0.22113,150.00000,3522.50362,0.04258,-0.02501,-0.03329,0.02874,0.15424,0.20399,0.25380,0.66693
2022,123570,이엠넷,KOSDAQ,1528,4.61000,-0.03333,-0.00340,-0.00950,90.00000,-0.00950,-0.00248,-0.04251,-0.02737,-0.00370,-0.05979,-0.00470,-0.02582,-0.03787,-0.00948,-0.06503,-0.04249,-0.02369,-0.09278,-0.05622,-0.07884,-0.15202,-0.10953,200.00000,4193.81721,0.02146,-0.02770,-0.04498,-0.02307,-0.02769,-0.04142,-0.09473,0.44268
2022,092130,이크레더블,KOSDAQ,868,15.68000,0.09537,0.12529,-0.09470,1040.00000,-0.09470,-0.08768,-0.00836,-0.13943,-0.11576,-0.05736,-0.14214,-0.16326,-0.06033,-0.13626,-0.19180,-0.05388,-0.14886,-0.21796,-0.06769,-0.14995,-0.22314,-0.06889,2720.00000,19001.28529,0.05473,0.03459,-0.01441,-0.01737,-0.01093,-0.02474,-0.02593,1.73021
2022,277410,인산가,KOSDAQ,2028,4.48000,0.05633,0.08626,-0.04770,40.00000,-0.04770,-0.04068,0.00594,-0.04507,-0.02140,0.00872,-0.03714,-0.05825,0.01710,-0.02386,-0.07940,0.03113,-0.00869,-0.07779,0.04715,-0.08246,-0.15565,-0.03078,80.00000,1886.30592,0.02121,0.02053,0.02331,0.03169,0.04572,0.06174,-0.01619,2.24942
2022,034590,인천도시가스,KOSPI,1255,4.24000,0.00322,0.03315,-0.03040,1250.00000,-0.03040,-0.02338,-0.02727,-0.08624,-0.06257,-0.08330,-0.05576,-0.07688,-0.05272,-0.02695,-0.08249,-0.02381,-0.08795,-0.15705,-0.08501,-0.13356,-0.20674,-0.13077,1250.00000,29576.15582,0.04226,0.00513,-0.05089,-0.02031,0.00859,-0.05261,-0.09836,0.71929
2022,216050,인크로스,KOSDAQ,943,4.86000,0.03714,0.06706,-0.00320,389.00000,-0.00320,0.00382,0.03382,-0.08117,-0.05750,-0.04705,-0.07461,-0.09573,-0.04025,0.10463,0.04908,0.14565,0.29742,0.22832,0.34560,0.15013,0.07695,0.19284,722.00000,15407.66261,0.02525,0.05183,-0.02904,-0.02224,0.16366,0.36361,0.21085,0.12675
2022,129260,인터지스,KOSPI,1588,3.31000,0.01326,0.04318,-0.04890,120.00000,-0.04890,-0.04188,-0.03629,-0.08973,-0.06605,-0.07766,-0.05549,-0.07661,-0.04297,-0.04255,-0.09809,-0.02985,-0.12891,-0.19800,-0.11736,-0.19913,-0.27231,-0.18851,100.00000,3061.20420,0.03920,-0.00648,-0.04784,-0.01315,-0.00004,-0.08754,-0.15869,1.24744
2022,115310,인포바인,KOSDAQ,1753,3.73000,-0.07256,-0.04264,-0.01120,900.00000,-0.01120,-0.00418,-0.08295,0.01551,0.03918,-0.05818,0.03103,0.00992,-0.04378,0.02217,-0.03338,-0.05201,0.01756,-0.05153,-0.05628,0.18716,0.11398,0.10101,900.00000,22377.81334,0.04022,-0.05228,-0.02751,-0.01311,-0.02133,-0.02560,0.13169,0.27848
2022,003200,일신방직,KOSPI,773,3.00000,0.07999,0.10991,-0.06020,500.00000,-0.06020,-0.05318,0.01497,-0.06479,-0.04112,0.01001,-0.06020,-0.08131,0.01498,-0.04623,-0.10177,0.03006,0.23041,0.16131,0.32882,0.18224,0.10906,0.27681,3000.00000,107998.72056,0.00463,0.01554,0.01058,0.01554,0.03063,0.32939,0.27737,13.00305
2022,015860,일진홀딩스,KOSPI,843,3.38000,-0.09441,-0.06449,-0.01620,150.00000,-0.01620,-0.00918,-0.10908,-0.01249,0.01118,-0.10572,0.04352,0.02240,-0.05501,0.02990,-0.02564,-0.06733,0.00495,-0.06415,-0.08993,0.11928,0.04610,0.01360,150.00000,4018.87419,0.03732,-0.08086,-0.07750,-0.02678,-0.03911,-0.06171,0.04183,0.43404
2022,317400,자이에스앤디,KOSPI,761,3.18000,0.01125,0.04117,-0.02990,300.00000,-0.02990,-0.02288,-0.01899,-0.06451,-0.04084,-0.05399,-0.03147,-0.05258,-0.02057,0.06118,0.00564,0.07312,0.03746,-0.03164,0.04913,0.01879,-0.05440,0.03025,200.00000,6360.04871,0.04717,0.01757,-0.01744,0.01598,0.10967,0.08568,0.06680,0.63388
2022,208140,정다운,KOSDAQ,1816,4.50000,0.02261,0.05253,-0.01980,100.00000,-0.01980,-0.01278,0.00236,-0.04389,-0.02021,-0.02227,-0.00208,-0.02319,0.02049,0.01976,-0.03579,0.04282,0.06588,-0.00321,0.08998,-0.02217,-0.09536,-0.00007,100.00000,2272.46631,0.04401,0.03624,0.01161,0.05436,0.07669,0.12386,0.03381,0.44995
2022,040420,정상제이엘에스,KOSDAQ,1331,7.06000,0.00938,0.03930,-0.05800,530.00000,-0.05800,-0.05098,-0.04917,-0.05275,-0.02907,-0.04386,-0.04350,-0.06462,-0.03453,-0.03935,-0.09490,-0.03035,-0.05400,-0.12309,-0.04513,-0.06062,-0.13380,-0.05181,530.00000,7577.47611,0.06994,0.00666,0.01196,0.02129,0.02548,0.01070,0.00402,0.82923
2022,225220,제놀루션,KOSDAQ,1556,4.12000,-0.06274,-0.03281,0.00110,0.00000,0.00110,0.00812,-0.06171,-0.01772,0.00595,-0.07934,0.07318,0.05206,0.00585,0.07644,0.02089,0.00891,0.22058,0.15148,0.14400,0.21187,0.13869,0.13584,400.00000,9099.64440,0.00000,-0.06506,-0.08269,0.00250,0.00556,0.14065,0.13249,
2022,194370,제이에스코퍼레이션,KOSPI,927,4.08000,-0.01364,0.01629,-0.03100,850.00000,-0.03100,-0.02398,-0.04421,-0.13442,-0.11075,-0.14622,-0.00000,-0.02112,-0.01364,-0.04483,-0.10037,-0.05785,-0.00014,-0.06923,-0.01378,-0.06899,-0.14217,-0.08169,600.00000,14505.33843,0.05860,0.00201,-0.10000,0.03258,-0.01163,0.03245,-0.03546,0.52902
2022,026040,제이에스티나,KOSDAQ,2192,3.64000,-0.04190,-0.01197,-0.01900,100.00000,-0.01900,-0.01198,-0.06010,-0.07591,-0.05224,-0.11463,0.36249,0.34137,0.30540,0.19589,0.14035,0.14579,0.19020,0.12110,0.14033,0.09723,0.02405,0.05126,100.00000,2632.14951,0.03799,-0.03131,-0.08584,0.33419,0.17458,0.16912,0.08005,0.50011
2022,094970,제이엠티,KOSDAQ,2066,4.52000,-0.01680,0.01312,-0.02450,150.00000,-0.02450,-0.01748,-0.04089,-0.08584,-0.06217,-0.10120,-0.02138,-0.04249,-0.03782,-0.01055,-0.06609,-0.02717,-0.01501,-0.08410,-0.03156,0.16028,0.08709,0.14078,150.00000,3262.82927,0.04597,-0.00535,-0.06566,-0.00228,0.00837,0.00399,0.17633,0.53293
2022,030000,제일기획,KOSPI,111,4.08000,-0.02075,0.00918,-0.02740,1150.00000,-0.02740,-0.02038,-0.04758,-0.07585,-0.05217,-0.09502,-0.06534,-0.08646,-0.08473,-0.07790,-0.13344,-0.09703,-0.15880,-0.22789,-0.17625,-0.20790,-0.28108,-0.22433,990.00000,23761.27055,0.04840,-0.00998,-0.05743,-0.04714,-0.05944,-0.13866,-0.18673,0.56614
2022,001560,제일연마,KOSPI,1651,3.17000,0.05275,0.08268,-0.01450,270.00000,-0.01450,-0.00748,0.03749,-0.09156,-0.06788,-0.04364,-0.07042,-0.09153,-0.02138,-0.07501,-0.13055,-0.02622,0.01526,-0.05383,0.06882,0.19405,0.12087,0.25704,270.00000,8966.65600,0.03011,0.05961,-0.02151,0.00075,-0.00409,0.09094,0.27916,0.48154
2022,010640,진양폴리,KOSPI,2091,3.33000,-0.12558,-0.09566,-0.01960,200.00000,-0.01960,-0.01258,-0.14272,-0.04461,-0.02093,-0.16459,0.00002,-0.02109,-0.12556,0.02603,-0.02951,-0.10282,-0.07163,-0.14072,-0.18821,-0.15013,-0.22331,-0.25686,175.00000,4595.27957,0.04352,-0.10925,-0.13112,-0.09209,-0.06935,-0.15474,-0.22339,0.45034
2022,100250,진양홀딩스,KOSPI,948,5.01000,-0.05151,-0.02159,-0.04350,200.00000,-0.04350,-0.03648,-0.09277,-0.08714,-0.06347,-0.13416,-0.06078,-0.08190,-0.10916,-0.01104,-0.06658,-0.06198,-0.00650,-0.07559,-0.05768,-0.04991,-0.12310,-0.09885,170.00000,3218.42891,0.06214,-0.04355,-0.08494,-0.05994,-0.01276,-0.00845,-0.04963,0.70001
2022,004650,창해에탄올,KOSDAQ,1433,5.19000,0.01291,0.04284,-0.05130,500.00000,-0.05130,-0.04428,-0.03905,-0.09827,-0.07459,-0.08662,-0.07679,-0.09791,-0.06487,-0.07690,-0.13244,-0.06498,-0.08967,-0.15876,-0.07791,-0.12973,-0.20291,-0.11849,600.00000,11709.94346,0.04270,-0.00628,-0.05385,-0.03210,-0.03221,-0.04514,-0.08572,1.20144
2022,307930,컴퍼니케이,KOSDAQ,1505,3.95000,-0.11826,-0.08833,-0.01430,0.00000,-0.01430,-0.00728,-0.13086,-0.01252,0.01115,-0.12930,0.04654,0.02543,-0.07722,0.39417,0.33863,0.22931,0.29183,0.22273,0.13906,0.22930,0.15612,0.08393,250.00000,5580.66351,0.00000,-0.13421,-0.13265,-0.08057,0.22596,0.13571,0.08058,
2022,221980,케이디켐,KOSDAQ,2012,3.44000,-0.04474,-0.01482,-0.02160,430.00000,-0.02160,-0.01458,-0.06538,-0.07198,-0.04830,-0.11350,-0.04682,-0.06794,-0.08947,-0.01455,-0.07010,-0.05865,-0.06212,-0.13122,-0.10409,-0.04706,-0.12024,-0.08969,500.00000,13884.54462,0.03097,-0.04253,-0.09065,-0.06662,-0.03579,-0.08124,-0.06684,0.69746
2022,115500,케이씨에스,KOSDAQ,1900,3.96000,-0.01452,0.01541,-0.00730,140.00000,-0.00730,-0.00028,-0.02171,-0.07124,-0.04757,-0.08473,-0.01275,-0.03387,-0.02708,0.06042,0.00487,0.04502,0.07685,0.00776,0.06122,1.06974,0.99655,1.03969,220.00000,5474.90213,0.02557,-0.00343,-0.06644,-0.00880,0.06331,0.07950,1.05797,0.28548
2022,039420,케이엘넷,KOSDAQ,1949,3.07000,-0.00004,0.02988,0.00380,80.00000,0.00380,0.01082,0.00376,-0.05565,-0.03198,-0.05569,0.00377,-0.01735,0.00372,0.07454,0.01899,0.07449,0.03407,-0.03502,0.03403,-0.01759,-0.09077,-0.01763,80.00000,2605.75228,0.03070,0.02638,-0.03307,0.02635,0.09711,0.05665,0.00499,-0.12377
2022,381970,KG모빌리티플랫폼,KOSPI,333,5.26000,-0.11237,-0.08244,-0.01580,760.00000,-0.01580,-0.00878,-0.12639,-0.08307,-0.05940,-0.18611,0.03935,0.01823,-0.07744,0.04719,-0.00836,-0.07048,-0.06093,-0.13002,-0.16645,-0.03022,-0.10341,-0.13920,750.00000,12656.34821,0.06005,-0.07894,-0.13866,-0.02999,-0.02303,-0.11900,-0.09174,0.26312
2022,190650,코리아에셋투자증권,KOSDAQ,2137,9.04000,-0.02965,0.00028,-0.00400,700.00000,-0.00400,0.00302,-0.03353,-0.01203,0.01164,-0.04132,0.03732,0.01621,0.00657,0.07863,0.02308,0.04665,0.14655,0.07746,0.11256,0.10920,0.03601,0.07631,700.00000,7513.79930,0.09316,0.04194,0.03414,0.08204,0.12212,0.18802,0.15178,0.04294
2022,003690,코리안리,KOSPI,240,6.25000,0.03767,0.06760,-0.06170,430.00000,-0.06170,-0.05468,-0.02635,-0.02808,-0.00441,0.00853,-0.03879,-0.05991,-0.00258,0.00682,-0.04872,0.04476,0.10885,0.03976,0.15062,-0.03748,-0.11066,-0.00122,525.00000,8716.45861,0.04933,0.01203,0.04692,0.03581,0.08314,0.18901,0.03716,1.25071
2022,044820,코스맥스비티아이,KOSPI,1694,3.04000,0.06662,0.09654,0.00550,0.00000,0.00550,0.01252,0.07248,-0.04377,-0.02010,0.01993,-0.01093,-0.03204,0.05496,-0.00647,-0.06202,0.05972,-0.05240,-0.12149,0.01073,-0.06032,-0.13350,0.00228,260.00000,9122.39485,0.00000,0.06913,0.01658,0.05161,0.05637,0.00738,-0.00107,
2022,029960,코엔텍,KOSDAQ,484,3.75000,0.00262,0.03255,-0.04860,500.00000,-0.04860,-0.04158,-0.04611,-0.12456,-0.10089,-0.12227,-0.09704,-0.11816,-0.09467,-0.09074,-0.14629,-0.08836,-0.10102,-0.17011,-0.09866,-0.12105,-0.19423,-0.11875,300.00000,8020.96793,0.06234,0.00328,-0.07288,-0.04529,-0.03897,-0.04927,-0.06936,0.77964
2022,192400,쿠쿠홀딩스,KOSPI,373,4.33000,0.03097,0.06089,-0.02100,800.00000,-0.02100,-0.01398,0.00932,-0.04199,-0.01832,-0.01233,-0.02694,-0.04806,0.00319,-0.02678,-0.08233,0.00335,-0.03162,-0.10071,-0.00163,-0.08992,-0.16310,-0.06174,700.00000,16666.88820,0.04800,0.04657,0.02493,0.04045,0.04061,0.03563,-0.02448,0.43751
2022,096240,크레버스,KOSDAQ,794,9.90000,-0.01732,0.01260,-0.07300,1800.00000,-0.07300,-0.06598,-0.08906,-0.13858,-0.11490,-0.15350,-0.08815,-0.10927,-0.10395,-0.09071,-0.14626,-0.10647,-0.06595,-0.13505,-0.08214,-0.09126,-0.16444,-0.10700,2000.00000,19852.05040,0.09067,-0.01570,-0.08014,-0.03059,-0.03311,-0.00878,-0.03365,0.80511
2022,110790,크리스에프앤씨,KOSDAQ,752,4.74000,0.07362,0.10354,-0.05300,500.00000,-0.05300,-0.04598,0.01671,-0.15231,-0.12863,-0.08990,-0.10153,-0.12265,-0.03539,-0.10373,-0.15927,-0.03775,-0.09066,-0.15976,-0.02372,-0.13484,-0.20803,-0.07115,1000.00000,22650.11573,0.02207,0.03204,-0.07458,-0.02007,-0.02242,-0.00840,-0.05583,2.40091
2022,039490,키움증권,KOSPI,121,3.80000,-0.00210,0.02783,-0.04250,3000.00000,-0.04250,-0.03548,-0.04451,-0.01530,0.00837,-0.01737,0.02062,-0.00049,0.01848,0.07095,0.01541,0.06871,0.14720,0.07810,0.14479,0.04691,-0.02627,0.04471,3500.00000,91912.12143,0.03264,-0.02024,0.00690,0.04275,0.09297,0.16905,0.06898,1.30209
2022,015890,태경산업,KOSPI,864,3.74000,-0.06651,-0.03659,-0.03560,300.00000,-0.03560,-0.02858,-0.09974,-0.06384,-0.04016,-0.12610,-0.01348,-0.03460,-0.07910,-0.02084,-0.07639,-0.08597,-0.07128,-0.14038,-0.13305,0.09199,0.01881,0.01936,270.00000,6739.08195,0.04452,-0.06543,-0.09179,-0.04478,-0.05166,-0.09874,0.05367,0.79970
2022,009410,태영건설,KOSPI,935,7.05000,-0.14592,-0.11600,-0.03180,225.00000,-0.03180,-0.02478,-0.17308,0.04479,0.06847,-0.10767,-0.01432,-0.03543,-0.15815,-0.00960,-0.06515,-0.15413,0.01633,-0.05277,-0.13198,-0.15711,-0.23029,-0.28011,350.00000,4240.09041,0.05306,-0.13154,-0.06613,-0.11661,-0.11258,-0.09044,-0.23856,0.59927
2022,095610,테스,KOSDAQ,542,3.17000,0.00013,0.03005,-0.05950,500.00000,-0.05950,-0.05248,-0.05938,-0.06515,-0.04148,-0.06503,-0.02280,-0.04392,-0.02267,0.01744,-0.03810,0.01757,0.02812,-0.04098,0.02825,0.22065,0.14747,0.22081,560.00000,17667.90831,0.02830,-0.03879,-0.04444,-0.00208,0.03817,0.04884,0.24140,2.10248
2022,089030,테크윙,KOSDAQ,770,3.58000,-0.06371,-0.03378,-0.03490,130.00000,-0.03490,-0.02788,-0.09639,-0.03658,-0.01291,-0.09796,0.00332,-0.01780,-0.06060,0.02494,-0.03061,-0.04036,0.03308,-0.03601,-0.03273,0.23698,0.16379,0.15817,230.00000,6015.27560,0.02161,-0.08145,-0.08303,-0.04567,-0.02543,-0.01780,0.17310,1.61487
2022,091700,파트론,KOSDAQ,411,3.99000,0.02054,0.05047,-0.05590,300.00000,-0.05590,-0.04888,-0.03651,-0.09157,-0.06790,-0.07291,-0.05359,-0.07470,-0.03414,-0.03332,-0.08887,-0.01347,-0.10051,-0.16960,-0.08203,-0.08933,-0.16251,-0.07062,350.00000,8952.11979,0.03351,-0.01151,-0.04791,-0.00914,0.01154,-0.05703,-0.04562,1.66808
2022,016800,퍼시스,KOSPI,549,3.67000,0.02835,0.05827,-0.02590,1100.00000,-0.02590,-0.01888,0.00171,-0.03567,-0.01200,-0.00834,-0.01466,-0.03578,0.01327,-0.04073,-0.09627,-0.01354,-0.02145,-0.09054,0.00629,-0.03918,-0.11236,-0.01195,1100.00000,30822.35120,0.03569,0.02855,0.01850,0.04011,0.01331,0.03313,0.01489,0.72573
2022,047050,포스코인터내셔널,KOSPI,106,3.33000,0.02281,0.05273,-0.03870,1000.00000,-0.03870,-0.03168,-0.01678,-0.14461,-0.12094,-0.12510,-0.13450,-0.15562,-0.11476,-0.04902,-0.10457,-0.02734,-0.04904,-0.11814,-0.02736,-0.11827,-0.19146,-0.09816,800.00000,24571.92405,0.04070,0.01430,-0.09402,-0.08368,0.00374,0.00372,-0.06709,0.95093
2022,007330,푸른저축은행,KOSDAQ,916,4.92000,-0.02253,0.00740,0.00390,650.00000,0.00390,0.01092,-0.01872,-0.13191,-0.10823,-0.15146,-0.12418,-0.14530,-0.14391,-0.13431,-0.18985,-0.15381,-0.13974,-0.20884,-0.15912,-0.23896,-0.31214,-0.25611,650.00000,12913.72964,0.05033,0.02051,-0.11223,-0.10468,-0.11458,-0.11989,-0.21688,-0.07748
2022,103140,풍산,KOSPI,278,3.29000,0.11345,0.14338,0.00740,1000.00000,0.00740,0.01442,0.12169,-0.07527,-0.05159,0.02964,-0.02360,-0.04471,0.08718,0.05602,0.00048,0.17583,0.07375,0.00465,0.19557,0.10919,0.03601,0.23503,1000.00000,33843.49210,0.02955,0.14334,0.05129,0.10882,0.19748,0.21721,0.25668,-0.25044
2022,005810,풍산홀딩스,KOSPI,658,5.05000,0.05230,0.08223,-0.01200,1300.00000,-0.01200,-0.00498,0.03967,-0.09426,-0.07058,-0.04688,-0.04452,-0.06563,0.00545,-0.01042,-0.06597,0.04133,0.00831,-0.06078,0.06105,0.22757,0.15439,0.29177,1400.00000,29172.70967,0.04456,0.07402,-0.01253,0.03980,0.07568,0.09540,0.32612,0.26929
2022,075130,플랜티넷,KOSDAQ,2203,7.39000,-0.05175,-0.02182,0.00190,100.00000,0.00190,0.00892,-0.04995,-0.03709,-0.01342,-0.08692,0.02530,0.00418,-0.02776,0.12483,0.06929,0.06662,0.10309,0.03399,0.04600,-0.01174,-0.08492,-0.06288,200.00000,2566.31034,0.03897,-0.02033,-0.05731,0.00185,0.09624,0.07562,-0.03326,-0.04876
2022,051380,피씨디렉트,KOSDAQ,1811,6.33000,-0.16984,-0.13992,0.11560,300.00000,0.11560,0.12262,-0.07388,0.00383,0.02751,-0.16666,0.02430,0.00318,-0.14967,0.03321,-0.02233,-0.14227,0.08147,0.01238,-0.10221,-0.01227,-0.08545,-0.18003,600.00000,7868.78449,0.03813,-0.04497,-0.13776,-0.12077,-0.11337,-0.07331,-0.15113,-3.03211
2022,319660,피에스케이,KOSDAQ,412,3.37000,-0.05911,-0.02919,-0.04180,400.00000,-0.04180,-0.03478,-0.09844,0.01794,0.04161,-0.04223,0.04465,0.02353,-0.01710,0.04593,-0.00961,-0.01589,0.03880,-0.03030,-0.02261,0.25060,0.17742,0.17668,600.00000,16751.74264,0.02388,-0.08159,-0.02538,-0.00025,0.00096,-0.00575,0.19353,1.75056
2022,031980,피에스케이홀딩스,KOSDAQ,1021,5.10000,-0.08038,-0.05045,-0.05270,500.00000,-0.05270,-0.04568,-0.12884,0.05549,0.07917,-0.02934,0.05275,0.03164,-0.03186,0.11362,0.05807,0.02411,0.22610,0.15701,0.12755,0.35902,0.28584,0.24979,400.00000,7212.74388,0.06932,-0.07354,0.02596,0.02344,0.07941,0.18285,0.30509,0.76022
2022,347740,피엔케이피부임상연구센타,KOSDAQ,1555,4.83000,0.02740,0.05733,-0.00160,35.00000,-0.00160,0.00542,0.02576,-0.06907,-0.04539,-0.04356,-0.00170,-0.02282,0.02565,0.07509,0.01955,0.10455,0.15044,0.08134,0.18196,0.14287,0.06968,0.17418,150.00000,3190.68985,0.01097,0.03169,-0.03763,0.03158,0.11048,0.18789,0.18011,0.14586
2022,128660,피제이메탈,KOSDAQ,1624,4.25000,-0.02691,0.00301,-0.01160,135.00000,-0.01160,-0.00458,-0.03820,-0.10183,-0.07816,-0.12600,-0.04057,-0.06168,-0.06639,-0.02307,-0.07862,-0.04936,0.02806,-0.04103,0.00040,0.11105,0.03787,0.08115,150.00000,3434.42362,0.03931,-0.00830,-0.09610,-0.03648,-0.01946,0.03030,0.11105,0.29511
2022,086790,하나금융지주,KOSPI,26,6.96000,0.01670,0.04662,-0.06950,3350.00000,-0.06950,-0.06248,-0.05396,0.03653,0.06020,0.05383,0.06188,0.04077,0.07961,0.13028,0.07474,0.14915,0.00436,-0.06473,0.02113,-0.10036,-0.17354,-0.08534,3100.00000,45283.88521,0.07398,0.00527,0.11307,0.13885,0.20839,0.08036,-0.02610,0.93947
2022,293480,하나제약,KOSPI,674,3.22000,0.06009,0.09001,0.00600,510.00000,0.00600,0.01302,0.06645,0.02377,0.04744,0.08528,-0.02084,-0.04196,0.03799,-0.07076,-0.12630,-0.01492,-0.11113,-0.18022,-0.05772,-0.11245,-0.18563,-0.05912,510.00000,16790.17749,0.03037,0.08879,0.10763,0.06034,0.00743,-0.03537,-0.03677,-0.19753
2022,000080,하이트진로,KOSPI,157,3.06000,0.05353,0.08346,-0.03090,950.00000,-0.03090,-0.02388,0.02098,-0.12529,-0.10162,-0.07847,-0.09261,-0.11373,-0.04404,-0.05633,-0.11188,-0.00582,-0.12542,-0.19451,-0.07860,-0.20156,-0.27475,-0.15882,800.00000,27543.28158,0.03449,0.04681,-0.05264,-0.01821,0.02001,-0.05277,-0.13299,0.89588
2022,000140,하이트진로홀딩스,KOSPI,769,4.35000,-0.01924,0.01069,0.00000,500.00000,0.00000,0.00702,-0.01924,-0.06790,-0.04422,-0.08583,-0.03141,-0.05252,-0.05004,-0.00384,-0.05939,-0.02300,-0.01559,-0.08468,-0.03452,-0.11024,-0.18342,-0.12735,450.00000,10145.84281,0.04928,0.01911,-0.04748,-0.01170,0.01534,0.00382,-0.08901,
2022,004590,한국가구,KOSDAQ,1858,3.76000,-0.03444,-0.00452,-0.00890,175.00000,-0.00890,-0.00188,-0.04304,-0.08448,-0.06081,-0.11602,-0.02448,-0.04559,-0.05808,-0.01231,-0.06786,-0.04633,-0.03680,-0.10589,-0.06998,-0.05032,-0.12351,-0.08303,175.00000,4493.94437,0.03894,-0.01344,-0.08642,-0.02848,-0.01674,-0.04038,-0.05344,0.22855
2022,036460,한국가스공사,KOSPI,97,7.82000,0.10169,0.13162,-0.00130,0.00000,-0.00130,0.00572,0.10026,-0.18082,-0.15714,-0.09751,-0.15743,-0.17854,-0.07174,-0.10680,-0.16235,-0.01597,-0.25369,-0.32278,-0.17779,-0.28863,-0.36182,-0.21629,2728.00000,38432.45535,0.00000,0.09691,-0.10086,-0.07509,-0.01932,-0.18114,-0.21964,
2022,039340,한국경제TV,KOSDAQ,1244,3.51000,-0.00886,0.02106,-0.00710,160.00000,-0.00710,-0.00008,-0.01590,-0.00715,0.01653,-0.01594,0.01221,-0.00891,0.00324,0.04596,-0.00958,0.03669,0.04758,-0.02152,0.03829,-0.02677,-0.09996,-0.03540,200.00000,5647.51475,0.02833,0.00472,0.00467,0.02386,0.05731,0.05891,-0.01478,0.25061
2022,071050,한국금융지주,KOSPI,99,10.66000,0.01902,0.04895,-0.06290,2300.00000,-0.06290,-0.05588,-0.04507,-0.02878,-0.00511,-0.01031,-0.00157,-0.02268,0.01742,0.07330,0.01775,0.09371,0.02229,-0.04681,0.04173,-0.07113,-0.14431,-0.05346,6150.00000,58789.73255,0.03912,-0.01533,0.01944,0.04717,0.12346,0.07148,-0.02371,1.60777
2022,002960,한국쉘석유,KOSPI,590,7.57000,0.00999,0.03992,-0.06900,18000.00000,-0.06900,-0.06198,-0.05970,-0.09661,-0.07294,-0.08758,-0.09258,-0.11369,-0.08351,-0.06890,-0.12445,-0.05960,-0.06511,-0.13421,-0.05577,-0.09474,-0.16792,-0.08569,19000.00000,253499.09696,0.07101,-0.00297,-0.03086,-0.02679,-0.00288,0.00095,-0.02897,0.97175
2022,000240,한국앤컴퍼니,KOSPI,198,4.18000,-0.03473,-0.00480,0.01810,650.00000,0.01810,0.02512,-0.01726,-0.03600,-0.01232,-0.06948,-0.02522,-0.04633,-0.05907,-0.03185,-0.08739,-0.06547,-0.04995,-0.11905,-0.08294,-0.14176,-0.21494,-0.17156,600.00000,13855.57704,0.04691,0.01908,-0.03314,-0.02273,-0.02913,-0.04661,-0.13523,-0.38582
2022,123890,한국자산신탁,KOSPI,476,6.74000,0.00743,0.03736,-0.05780,220.00000,-0.05780,-0.05078,-0.05080,-0.08825,-0.06457,-0.08147,-0.05486,-0.07597,-0.04783,-0.05782,-0.11336,-0.05082,-0.08373,-0.15283,-0.07692,-0.16133,-0.23451,-0.15510,220.00000,3288.35219,0.06690,0.00245,-0.02822,0.00541,0.00243,-0.02367,-0.10185,0.86394
2022,000970,한국주철관,KOSPI,1030,5.45000,-0.02729,0.00264,-0.01960,400.00000,-0.01960,-0.01258,-0.04635,-0.06448,-0.04080,-0.09001,-0.02383,-0.04494,-0.05047,-0.00705,-0.06260,-0.03415,-0.00845,-0.07755,-0.03551,-0.01292,-0.08610,-0.03985,400.00000,7139.15734,0.05603,-0.00230,-0.04596,-0.00642,0.00990,0.00854,0.00420,0.34982
2022,104700,한국철강,KOSPI,669,3.72000,-0.03887,-0.00894,-0.02940,300.00000,-0.02940,-0.02238,-0.06712,-0.06499,-0.04131,-0.10133,-0.02155,-0.04267,-0.05958,0.04334,-0.01220,0.00279,0.14534,0.07625,0.10083,0.11124,0.03806,0.06805,250.00000,6459.23908,0.04645,-0.03118,-0.06538,-0.02364,0.03874,0.13677,0.10400,0.63301
2022,023760,한국캐피탈,KOSDAQ,784,4.65000,0.03851,0.06843,-0.03070,28.00000,-0.03070,-0.02368,0.00663,-0.06649,-0.04282,-0.03054,-0.06013,-0.08124,-0.02393,-0.05499,-0.11053,-0.01859,-0.07015,-0.13924,-0.03434,-0.11105,-0.18424,-0.07682,35.00000,781.67372,0.03582,0.03358,-0.00359,0.00302,0.00836,-0.00739,-0.04987,0.85705
2022,054040,한국컴퓨터,KOSDAQ,1861,4.15000,0.03555,0.06548,-0.03120,250.00000,-0.03120,-0.02418,0.00324,-0.08688,-0.06321,-0.05442,-0.02231,-0.04342,0.01245,0.01886,-0.03669,0.05508,-0.02451,-0.09360,0.01017,-0.01683,-0.09001,0.01813,180.00000,4491.54723,0.05566,0.04698,-0.01068,0.05619,0.09882,0.05391,0.06186,0.56055
2022,034830,한국토지신탁,KOSPI,534,7.17000,0.03942,0.06934,-0.06900,90.00000,-0.06900,-0.06198,-0.03230,-0.07245,-0.04877,-0.03589,-0.08271,-0.10382,-0.04655,-0.03651,-0.09206,0.00147,-0.09646,-0.16555,-0.06084,-0.10821,-0.18140,-0.07306,100.00000,1449.67806,0.06208,0.01687,0.01329,0.00262,0.05064,-0.01167,-0.02389,1.11142
2022,010100,한국무브넥스,KOSPI,1618,3.11000,-0.02920,0.00073,-0.01070,70.00000,-0.01070,-0.00368,-0.03958,-0.06414,-0.04047,-0.09147,-0.04622,-0.06734,-0.07407,-0.00889,-0.06444,-0.03783,-0.00001,-0.06911,-0.02921,-0.04461,-0.11779,-0.07250,90.00000,2809.39909,0.02492,-0.02185,-0.07374,-0.05634,-0.02010,-0.01148,-0.05477,0.42944
2022,009240,한샘,KOSPI,224,3.30000,-0.05440,-0.02447,0.02360,800.00000,0.02360,0.03062,-0.03208,-0.00011,0.02356,-0.05450,0.10356,0.08245,0.04353,0.17796,0.12242,0.11388,0.02253,-0.04656,-0.03309,0.12842,0.05523,0.06703,1550.00000,44414.57154,0.01801,-0.02020,-0.04262,0.05542,0.12577,-0.02120,0.07892,-1.31023
2022,105630,한세실업,KOSPI,349,3.15000,0.05051,0.08044,-0.04500,500.00000,-0.04500,-0.03798,0.00324,-0.11702,-0.09335,-0.07242,-0.05999,-0.08111,-0.01251,-0.03190,-0.08744,0.01700,0.02397,-0.04513,0.07569,-0.08293,-0.15611,-0.03661,500.00000,16674.77623,0.02999,0.02526,-0.05041,0.00951,0.03902,0.09770,-0.01459,1.50073
2022,213500,한솔제지,KOSPI,577,4.30000,0.00022,0.03015,-0.03580,700.00000,-0.03580,-0.02878,-0.03559,-0.07521,-0.05153,-0.07500,-0.08243,-0.10354,-0.08222,-0.06318,-0.11872,-0.06297,-0.11265,-0.18174,-0.11245,-0.19856,-0.27175,-0.19838,600.00000,13956.59744,0.05016,0.00350,-0.03592,-0.04314,-0.02389,-0.07337,-0.15930,0.71378
2022,004150,한솔홀딩스,KOSPI,1160,3.56000,0.01643,0.04635,-0.02620,120.00000,-0.02620,-0.01918,-0.01020,-0.02473,-0.00106,-0.00871,-0.01301,-0.03413,0.00320,-0.02035,-0.07590,-0.00426,0.01751,-0.05158,0.03423,-0.08154,-0.15472,-0.06645,120.00000,3426.16818,0.03502,0.01608,0.01757,0.02949,0.02202,0.06051,-0.04017,0.74805
2022,004960,한신공영,KOSPI,1327,3.43000,-0.12556,-0.09564,-0.02350,300.00000,-0.02350,-0.01648,-0.14611,-0.01013,0.01355,-0.13442,-0.00452,-0.02564,-0.12951,0.03358,-0.02197,-0.09620,-0.03492,-0.10401,-0.15610,-0.15828,-0.23147,-0.26397,350.00000,8922.83715,0.03362,-0.12102,-0.10932,-0.10442,-0.07111,-0.13100,-0.23888,0.69896
2022,045100,한양이엔지,KOSDAQ,685,3.57000,-0.01292,0.01700,-0.03950,600.00000,-0.03950,-0.03248,-0.05191,-0.07565,-0.05197,-0.08759,-0.05272,-0.07384,-0.06496,-0.05409,-0.10964,-0.06632,-0.03294,-0.10203,-0.04543,-0.00978,-0.08296,-0.02257,550.00000,15207.08668,0.03946,-0.02188,-0.05756,-0.03493,-0.03629,-0.01540,0.00746,1.00113
2022,001750,한양증권,KOSPI,1330,9.72000,-0.02376,0.00617,-0.04760,800.00000,-0.04760,-0.04058,-0.07023,-0.06752,-0.04385,-0.08968,-0.02986,-0.05097,-0.05291,-0.00559,-0.06113,-0.02921,-0.00443,-0.07353,-0.02808,-0.02454,-0.09772,-0.04771,900.00000,9039.29651,0.08850,0.00130,-0.01815,0.01862,0.04231,0.04344,0.02381,0.53784
2022,018880,한온시스템,KOSPI,70,4.14000,-0.01492,0.01500,-0.05480,360.00000,-0.05480,-0.04778,-0.06890,-0.03369,-0.01002,-0.04811,0.01758,-0.00354,0.00239,0.09234,0.03680,0.07604,0.06550,-0.00359,0.04960,-0.00919,-0.08237,-0.02398,360.00000,8565.89412,0.04203,-0.03670,-0.01591,0.03460,0.10825,0.08181,0.00823,1.30392
2022,300720,한일시멘트,KOSPI,279,4.39000,0.02436,0.05428,-0.05160,580.00000,-0.05160,-0.04458,-0.02850,-0.14278,-0.11911,-0.12190,-0.10701,-0.12812,-0.08525,-0.07686,-0.13240,-0.05437,-0.06252,-0.13161,-0.03968,-0.05124,-0.12442,-0.02813,540.00000,12600.32449,0.04603,0.00709,-0.08631,-0.04966,-0.01878,-0.00409,0.00747,1.12099
2022,006390,한일현대시멘트,KOSPI,487,5.84000,-0.07066,-0.04074,-0.05240,600.00000,-0.05240,-0.04538,-0.11936,-0.09686,-0.07319,-0.16068,-0.04981,-0.07093,-0.11696,-0.03209,-0.08764,-0.10049,-0.07869,-0.14778,-0.14379,-0.12849,-0.20167,-0.19007,1200.00000,19096.00406,0.03142,-0.09613,-0.13745,-0.09372,-0.07726,-0.12056,-0.16684,1.66772
2022,051600,한전KPS,KOSPI,178,3.48000,0.02039,0.05032,-0.01140,1305.00000,-0.01140,-0.00438,0.00876,-0.08109,-0.05742,-0.06235,-0.02422,-0.04533,-0.00432,-0.02286,-0.07840,-0.00293,-0.07839,-0.14748,-0.05959,0.03938,-0.03380,0.06058,1199.00000,35156.65595,0.03712,0.03681,-0.03430,0.02374,0.02512,-0.03154,0.08863,0.30712
2022,003530,한화투자증권,KOSPI,379,7.58000,-0.03613,-0.00621,-0.03540,0.00000,-0.03540,-0.02838,-0.07026,-0.00407,0.01961,-0.04005,0.04899,0.02788,0.01109,0.26522,0.20967,0.21950,0.20592,0.13683,0.16235,0.05447,-0.01871,0.01637,200.00000,2543.17944,0.00000,-0.07361,-0.04340,0.00774,0.21615,0.15900,0.01302,
2022,101530,해태제과식품,KOSPI,956,3.13000,0.05177,0.08169,0.01340,200.00000,0.01340,0.02042,0.06586,-0.04486,-0.02118,0.00459,0.00726,-0.01385,0.05941,0.01326,-0.04228,0.06572,-0.02558,-0.09468,0.02486,-0.08815,-0.16134,-0.04095,200.00000,6720.56864,0.02976,0.08769,0.02641,0.08123,0.08754,0.04669,-0.01912,-0.45028
2022,039010,현대에이치티,KOSDAQ,1899,4.53000,-0.10979,-0.07987,-0.01450,130.00000,-0.01450,-0.00748,-0.12270,-0.02176,0.00192,-0.12916,-0.00149,-0.02261,-0.11112,0.37071,0.31517,0.22022,0.14834,0.07924,0.02226,0.25876,0.18558,0.12056,350.00000,6877.98497,0.01890,-0.11006,-0.11652,-0.09848,0.23286,0.03490,0.13320,0.76716
2022,001500,현대차증권,KOSPI,598,7.88000,-0.01771,0.01222,-0.05820,550.00000,-0.05820,-0.05118,-0.07488,-0.10022,-0.07655,-0.11615,-0.07307,-0.09418,-0.08948,-0.03697,-0.09252,-0.05403,-0.05804,-0.12714,-0.07472,-0.13929,-0.21247,-0.15453,800.00000,9972.52254,0.05515,-0.03157,-0.07284,-0.04617,-0.01072,-0.03142,-0.11122,1.05527
2022,011760,현대코퍼레이션,KOSPI,771,3.31000,-0.03301,-0.00309,-0.03990,600.00000,-0.03990,-0.03288,-0.07160,-0.09116,-0.06749,-0.12117,-0.07690,-0.09801,-0.10737,-0.06100,-0.11654,-0.09200,-0.08492,-0.15401,-0.11513,-0.09396,-0.16714,-0.12387,600.00000,17528.44373,0.03423,-0.04599,-0.09556,-0.08176,-0.06639,-0.08952,-0.09826,1.16564
2022,227840,현대코퍼레이션홀딩스,KOSPI,1495,4.57000,0.01806,0.04798,-0.04930,500.00000,-0.04930,-0.04228,-0.03213,-0.05379,-0.03011,-0.03670,-0.04932,-0.07044,-0.03216,-0.03121,-0.08676,-0.01372,-0.01712,-0.08622,0.00063,-0.04219,-0.11537,-0.02489,500.00000,11138.50450,0.04489,0.00250,-0.00207,0.00247,0.02091,0.03525,0.00974,1.09826
2022,126560,현대퓨처넷,KOSPI,671,3.50000,0.02715,0.05707,-0.03590,90.00000,-0.03590,-0.02888,-0.00973,-0.06988,-0.04621,-0.04463,0.00573,-0.01539,0.03303,0.03411,-0.02143,0.06218,0.10413,0.03504,0.13411,0.16076,0.08758,0.19227,90.00000,2641.23566,0.03407,0.01575,-0.01916,0.05851,0.08766,0.15958,0.21775,1.05356
2022,001450,현대해상,KOSPI,113,4.90000,0.01167,0.04160,-0.01470,1965.00000,-0.01470,-0.00768,-0.00320,-0.03278,-0.00911,-0.02149,-0.01637,-0.03749,-0.00489,0.00810,-0.04744,0.01987,0.16208,0.09299,0.17565,0.09480,0.02161,0.10758,1480.00000,30556.69152,0.06431,0.04786,0.02956,0.04616,0.07092,0.22670,0.15863,0.22859
2022,057050,현대홈쇼핑,KOSPI,365,4.83000,0.19055,0.22048,-0.06430,2600.00000,-0.06430,-0.05728,0.11400,-0.11172,-0.08804,0.05755,-0.07794,-0.09905,0.09777,-0.08474,-0.14029,0.08966,-0.12375,-0.19284,0.04322,-0.17450,-0.24768,-0.01720,2400.00000,59157.81414,0.04395,0.14783,0.09138,0.13160,0.12349,0.07705,0.01663,1.46302
2022,111110,호전실업,KOSPI,1717,3.03000,0.04264,0.07257,-0.01280,300.00000,-0.01280,-0.00578,0.02930,-0.09313,-0.06946,-0.05446,-0.06289,-0.08400,-0.02293,-0.02671,-0.08226,0.01479,-0.05574,-0.12483,-0.01547,-0.08579,-0.15897,-0.04680,250.00000,8602.67196,0.03487,0.05545,-0.02830,0.00323,0.04094,0.01068,-0.02065,0.36705
2022,002460,HS화성,KOSPI,1247,7.78000,-0.12442,-0.09450,-0.06220,500.00000,-0.06220,-0.05518,-0.17888,-0.03543,-0.01176,-0.15544,-0.01321,-0.03433,-0.13599,-0.03373,-0.08927,-0.15395,-0.09070,-0.15980,-0.20384,-0.13529,-0.20847,-0.24288,1000.00000,11254.23291,0.04443,-0.14465,-0.12121,-0.10175,-0.11972,-0.16960,-0.20864,1.40003
2022,006060,화승인더,KOSPI,821,4.66000,0.01483,0.04476,-0.02930,188.00000,-0.02930,-0.02228,-0.01490,-0.07443,-0.05075,-0.06070,-0.02678,-0.04790,-0.01235,0.00252,-0.05302,0.01739,-0.03788,-0.10697,-0.02361,-0.08055,-0.15373,-0.06691,188.00000,4094.16929,0.04592,0.02059,-0.02520,0.02315,0.05289,0.01189,-0.03141,0.63808
2022,000850,화천기공,KOSPI,1827,3.05000,-0.03983,-0.00990,-0.02220,2500.00000,-0.02220,-0.01518,-0.06114,-0.02691,-0.00324,-0.06567,-0.00948,-0.03060,-0.04893,0.00624,-0.04931,-0.03384,0.08872,0.01963,0.04536,0.15685,0.08367,0.11078,1000.00000,31481.00963,0.07941,0.00269,-0.00184,0.01490,0.02999,0.10919,0.17461,0.27955
2022,004800,효성,KOSPI,173,8.50000,0.00259,0.03252,-0.08340,4500.00000,-0.08340,-0.07638,-0.08102,-0.15121,-0.12754,-0.14901,-0.10160,-0.12271,-0.09927,-0.09374,-0.14929,-0.09139,-0.12228,-0.19137,-0.12000,-0.14048,-0.21366,-0.13825,6500.00000,76668.86487,0.05869,-0.03472,-0.10271,-0.05296,-0.04509,-0.07369,-0.09195,1.42093
2022,298020,효성티앤씨,KOSPI,179,14.01000,0.04893,0.07885,-0.02800,10000.00000,-0.02800,-0.02098,0.01956,-0.10943,-0.08575,-0.06585,-0.00273,-0.02385,0.04606,0.05194,-0.00360,0.10341,0.22252,0.15343,0.28234,0.16378,0.09060,0.22072,50000.00000,374349.52977,0.02671,0.03881,-0.04661,0.06531,0.12266,0.30158,0.23997,1.04818
2022,081660,미스토홀딩스,KOSPI,149,3.03000,0.05716,0.08709,-0.04010,1580.00000,-0.04010,-0.03308,0.01477,-0.04297,-0.01930,0.01174,-0.00872,-0.02983,0.04795,0.07127,0.01573,0.13251,0.10274,0.03364,0.16578,0.00284,-0.07034,0.06016,1000.00000,34889.87434,0.04529,0.04973,0.04670,0.08291,0.16747,0.20074,0.09513,0.88550
2022,079980,휴비스,KOSPI,986,5.81000,-0.03090,-0.00097,-0.01000,0.00000,-0.01000,-0.00298,-0.04059,-0.03990,-0.01623,-0.06957,-0.01088,-0.03199,-0.04144,0.00400,-0.05154,-0.02702,-0.03994,-0.10903,-0.06960,-0.02880,-0.10198,-0.05881,300.00000,5003.96931,0.00000,-0.04394,-0.07292,-0.04479,-0.03037,-0.07295,-0.06216,
2022,010240,흥국,KOSDAQ,1734,3.13000,-0.07525,-0.04533,-0.01350,220.00000,-0.01350,-0.00648,-0.08773,0.02375,0.04742,-0.05329,0.02373,0.00262,-0.05330,0.06774,0.01219,-0.01261,0.07786,0.00876,-0.00325,0.03194,-0.04124,-0.04572,200.00000,5908.94225,0.03723,-0.05959,-0.02514,-0.02516,0.01554,0.02490,-0.01757,0.36259
2023,095570,AJ네트웍스,KOSPI,932,6.25000,0.16437,0.14273,-0.02490,270.00000,-0.02490,-0.02502,0.13538,0.04957,0.03251,0.22209,-0.01794,-0.03809,0.14348,-0.04972,-0.05550,0.10647,-0.04275,-0.06042,0.11459,0.00396,-0.03458,0.16898,270.00000,5030.07638,0.05368,0.17744,0.26415,0.18555,0.14853,0.15665,0.21105,0.46388
2023,027410,BGF,KOSPI,571,3.04000,0.07886,0.05722,-0.02690,120.00000,-0.02690,-0.02702,0.04984,-0.06401,-0.08107,0.00980,-0.03703,-0.05719,0.03891,-0.06139,-0.06716,0.01263,-0.00494,-0.02261,0.07353,-0.01665,-0.05519,0.06090,110.00000,3903.76588,0.03074,0.07249,0.03245,0.06156,0.03529,0.09618,0.08356,0.87509
2023,282330,BGF리테일,KOSPI,131,3.02000,-0.00675,-0.02839,-0.04530,4100.00000,-0.04530,-0.04542,-0.05174,0.02073,0.00367,0.01384,0.04509,0.02493,0.03804,0.08374,0.07797,0.07643,-0.03571,-0.05338,-0.04222,-0.12094,-0.15948,-0.12687,4100.00000,134845.37393,0.03041,-0.02937,0.03621,0.06041,0.09880,-0.01985,-0.10450,1.48988
2023,138930,BNK금융지주,KOSPI,134,8.72000,-0.00145,-0.02309,-0.01120,510.00000,-0.01120,-0.01132,-0.01263,-0.03491,-0.05197,-0.03631,-0.01815,-0.03831,-0.01957,0.00843,0.00266,0.00697,0.07848,0.06081,0.07692,0.11884,0.08030,0.11722,625.00000,7157.04121,0.07126,0.04430,0.02062,0.03736,0.06391,0.13385,0.17415,0.15717
2023,000480,CR홀딩스,KOSPI,623,6.76000,0.00153,-0.02011,-0.03750,410.00000,-0.03750,-0.03762,-0.03603,-0.05241,-0.06947,-0.05097,-0.07038,-0.09054,-0.06897,-0.12426,-0.13004,-0.12292,-0.05970,-0.07737,-0.05827,-0.08062,-0.11916,-0.07922,450.00000,6666.96349,0.06150,0.01265,-0.00229,-0.02029,-0.07425,-0.00959,-0.03054,0.60978
2023,016610,DB증권,KOSPI,1032,4.30000,-0.03175,-0.05339,-0.00130,200.00000,-0.00130,-0.00142,-0.03301,-0.00924,-0.02630,-0.04070,0.00377,-0.01638,-0.02810,-0.00267,-0.00845,-0.03434,0.14879,0.13111,0.11231,0.15667,0.11813,0.11994,170.00000,3827.94682,0.05225,0.00784,0.00015,0.01275,0.00651,0.15316,0.16080,0.02488
2023,005830,DB손해보험,KOSPI,64,5.50000,-0.01214,-0.03378,-0.00360,5300.00000,-0.00360,-0.00372,-0.01570,-0.04354,-0.06060,-0.05515,-0.04465,-0.06480,-0.05624,-0.02540,-0.03118,-0.03723,0.11255,0.09487,0.09904,0.22128,0.18274,0.20645,4600.00000,82621.03589,0.06415,0.03522,-0.00423,-0.00532,0.01369,0.14996,0.25737,0.05612
2023,139130,iM금융지주,KOSPI,197,7.65000,-0.00141,-0.02304,-0.01060,550.00000,-0.01060,-0.01072,-0.01199,-0.04125,-0.05831,-0.04260,-0.02718,-0.04734,-0.02855,0.01282,0.00704,0.01140,0.08706,0.06939,0.08554,0.03180,-0.00675,0.03035,650.00000,8484.79059,0.06482,0.03950,0.00889,0.02294,0.06289,0.13702,0.08183,0.16353
2023,007340,DN오토모티브,KOSPI,345,3.70000,0.06207,0.04043,-0.01950,3000.00000,-0.01950,-0.01962,0.04136,0.12828,0.11122,0.19831,0.16027,0.14011,0.23229,0.25920,0.25342,0.33736,0.19251,0.17484,0.26653,0.18551,0.14697,0.25910,2500.00000,71761.37087,0.04181,0.07338,0.23033,0.26430,0.36937,0.29855,0.29111,0.46645
2023,017940,E1,KOSPI,474,5.85000,0.09935,0.07772,-0.08880,5150.00000,-0.08880,-0.08892,0.00173,-0.10942,-0.12648,-0.02094,-0.13153,-0.15169,-0.04524,-0.12858,-0.13435,-0.04200,-0.05172,-0.06939,0.04250,-0.01335,-0.05189,0.08468,3600.00000,67652.61008,0.07612,0.06278,0.04012,0.01581,0.01905,0.10355,0.14573,1.16651
2023,078930,GS,KOSPI,93,6.05000,0.03154,0.00990,-0.05870,2500.00000,-0.05870,-0.05882,-0.02901,-0.04697,-0.06403,-0.01691,-0.05300,-0.07315,-0.02313,-0.01880,-0.02458,0.01214,0.07391,0.05624,0.10778,0.16541,0.12687,0.20217,2500.00000,42625.67896,0.05865,0.01726,0.02936,0.02314,0.05841,0.15405,0.24844,1.00085
2023,006360,GS건설,KOSPI,206,8.02000,-0.01480,-0.03644,-0.06070,0.00000,-0.06070,-0.06082,-0.07460,-0.10453,-0.12159,-0.11779,-0.07195,-0.09210,-0.08568,-0.06953,-0.07530,-0.08330,-0.04089,-0.05856,-0.05509,-0.05647,-0.09501,-0.07044,1300.00000,15969.51849,0.00000,-0.07795,-0.12114,-0.08903,-0.08665,-0.05844,-0.07379,
2023,297890,HB솔루션,KOSDAQ,626,3.34000,0.13439,0.11275,-0.00200,30.00000,-0.00200,-0.00212,0.13212,0.09993,0.08287,0.24775,0.01943,-0.00073,0.15643,0.37813,0.37235,0.56333,-0.22660,-0.24427,-0.12266,-0.00410,-0.04264,0.12974,150.00000,5094.56312,0.00589,0.13375,0.24938,0.15806,0.56496,-0.12103,0.13137,0.33964
2023,012630,HDC,KOSPI,486,3.67000,0.04687,0.02524,-0.01820,300.00000,-0.01820,-0.01832,0.02782,-0.04762,-0.06468,-0.00298,-0.07439,-0.09455,-0.03100,-0.04209,-0.04787,0.00281,0.14013,0.12246,0.19357,0.12897,0.09043,0.18189,250.00000,7131.29220,0.04207,0.06006,0.02926,0.00124,0.03505,0.22581,0.21413,0.43263
2023,294870,IPARK현대산업개발,KOSPI,250,3.89000,-0.02862,-0.05026,-0.03540,700.00000,-0.03540,-0.03552,-0.06301,-0.04006,-0.05712,-0.06754,-0.00926,-0.02942,-0.03762,0.17107,0.16529,0.13755,0.28454,0.26686,0.24777,0.19302,0.15447,0.15887,600.00000,14982.65046,0.04672,-0.02684,-0.03136,-0.00144,0.17372,0.28394,0.19504,0.75769
2023,267250,HD현대,KOSPI,77,7.63000,0.06632,0.04468,-0.05130,3700.00000,-0.05130,-0.05142,0.01162,-0.02497,-0.04203,0.03969,-0.00006,-0.02022,0.06625,0.04337,0.03759,0.11257,0.06057,0.04290,0.13091,0.07613,0.03759,0.14750,4600.00000,64286.66839,0.05755,0.05696,0.08503,0.11159,0.15791,0.17625,0.19284,0.89133
2023,267270,HD건설기계,KOSPI,268,3.60000,0.07090,0.04926,-0.02110,700.00000,-0.02110,-0.02122,0.04830,-0.08836,-0.10542,-0.02372,-0.04429,-0.06444,0.02347,-0.02688,-0.03265,0.04212,0.00946,-0.00821,0.08103,0.09396,0.05542,0.17152,1750.00000,52057.65204,0.01345,0.05633,-0.01569,0.03150,0.05014,0.08906,0.17955,1.56917
2023,042670,HD현대인프라코어,KOSPI,181,3.07000,0.04865,0.02701,-0.02200,110.00000,-0.02200,-0.02212,0.02558,-0.09293,-0.10999,-0.04880,-0.06969,-0.08984,-0.02442,-0.06363,-0.06941,-0.01808,-0.04524,-0.06291,0.00121,0.03035,-0.00819,0.08048,240.00000,8197.92429,0.01342,0.03358,-0.04080,-0.01642,-0.01007,0.00921,0.08848,1.63958
2023,060980,HL홀딩스,KOSPI,584,6.01000,0.01784,-0.00380,-0.02800,2000.00000,-0.02800,-0.02812,-0.01066,-0.03250,-0.04956,-0.01524,-0.00302,-0.02317,0.01477,-0.03254,-0.03832,-0.01529,0.01482,-0.00285,0.03292,0.04882,0.01028,0.06753,2000.00000,33871.44582,0.05905,0.03594,0.03136,0.06137,0.03132,0.07952,0.11413,0.47420
2023,011200,HMM,KOSPI,37,7.75000,0.25093,0.22929,0.00720,700.00000,0.00720,0.00708,0.25993,0.06033,0.04327,0.32640,0.06544,0.04528,0.33279,0.01540,0.00962,0.27019,-0.05222,-0.06989,0.18560,-0.19972,-0.23827,0.00109,1200.00000,19369.19902,0.03614,0.28716,0.35362,0.36001,0.29741,0.21283,0.02831,-0.19923
2023,036640,HRS,KOSDAQ,1644,3.82000,0.06503,0.04339,-0.03410,200.00000,-0.03410,-0.03422,0.02871,-0.04307,-0.06013,0.01916,-0.04836,-0.06852,0.01353,-0.07167,-0.07744,-0.01130,-0.04831,-0.06598,0.01358,0.01817,-0.02037,0.08438,200.00000,5576.07147,0.03587,0.05571,0.04616,0.04052,0.01569,0.04057,0.11137,0.95072
2023,175330,JB금융지주,KOSPI,149,8.04000,0.04053,0.01889,0.01760,855.00000,0.01760,0.01748,0.05884,0.01762,0.00056,0.05886,-0.01006,-0.03021,0.03007,0.00277,-0.00301,0.04341,0.25927,0.24160,0.31031,0.22245,0.18390,0.27199,835.00000,10806.48596,0.07912,0.12243,0.12244,0.09365,0.10700,0.37389,0.33557,-0.22245
2023,234080,JW생명과학,KOSPI,905,3.95000,0.04276,0.02112,-0.03480,500.00000,-0.03480,-0.03492,0.00647,-0.03254,-0.04961,0.00882,-0.05382,-0.07397,-0.01336,-0.07039,-0.07617,-0.03064,-0.02879,-0.04647,0.01274,-0.04400,-0.08254,-0.00312,500.00000,13199.49845,0.03788,0.03517,0.03752,0.01534,-0.00194,0.04143,0.02558,0.91869
2023,105560,KB금융,KOSPI,18,5.63000,0.00196,-0.01967,-0.00380,3060.00000,-0.00380,-0.00392,-0.00185,-0.02282,-0.03988,-0.02090,-0.02857,-0.04872,-0.02666,0.02490,0.01913,0.02691,0.18874,0.17107,0.19107,0.31461,0.27607,0.31719,2950.00000,52500.68390,0.05828,0.04411,0.02506,0.01930,0.07287,0.23703,0.36315,0.06520
2023,024120,KB오토시스,KOSDAQ,2117,3.28000,0.07214,0.05050,-0.02140,150.00000,-0.02140,-0.02152,0.04919,-0.03671,-0.05378,0.03277,-0.06623,-0.08639,0.00113,-0.10602,-0.11180,-0.04153,-0.10298,-0.12065,-0.03827,-0.09475,-0.13329,-0.02944,150.00000,4903.06460,0.03059,0.07172,0.05531,0.02366,-0.01900,-0.01574,-0.00691,0.69950
2023,002380,KCC,KOSPI,161,3.84000,0.09098,0.06934,-0.01320,8000.00000,-0.01320,-0.01332,0.07658,-0.00451,-0.02157,0.08606,-0.05495,-0.07510,0.03103,-0.04398,-0.04976,0.04300,0.14935,0.13168,0.25392,0.18705,0.14851,0.29505,8000.00000,227286.94029,0.03520,0.10300,0.11249,0.05746,0.06942,0.28034,0.32148,0.37502
2023,344820,KCC글라스,KOSPI,351,5.79000,-0.00504,-0.02668,-0.01580,2200.00000,-0.01580,-0.01592,-0.02076,-0.03032,-0.04738,-0.03521,-0.02549,-0.04565,-0.03041,-0.04243,-0.04820,-0.04725,0.02536,0.00769,0.02019,0.00492,-0.03362,-0.00014,2400.00000,41241.82632,0.05334,0.02102,0.00657,0.01137,-0.00547,0.06197,0.04164,0.29619
2023,092220,KEC,KOSPI,668,4.18000,0.08071,0.05907,-0.00900,20.00000,-0.00900,-0.00912,0.07098,0.02191,0.00485,0.10439,0.08762,0.06747,0.17541,0.12181,0.11603,0.21235,-0.04047,-0.05814,0.03698,-0.05215,-0.09070,0.02435,60.00000,1551.25765,0.01289,0.07854,0.11195,0.18296,0.21991,0.04453,0.03190,0.69807
2023,046440,KG파이낸셜,KOSDAQ,877,4.10000,0.06352,0.04188,-0.04560,220.00000,-0.04560,-0.04572,0.01502,-0.07539,-0.09245,-0.01667,-0.03674,-0.05690,0.02444,-0.08047,-0.08625,-0.02207,-0.02614,-0.04381,0.03572,-0.07878,-0.11732,-0.02027,220.00000,5706.67137,0.03855,0.04428,0.01260,0.05370,0.00720,0.06498,0.00900,1.18284
2023,035600,KG이니시스,KOSDAQ,582,3.29000,0.01818,-0.00345,-0.04120,420.00000,-0.04120,-0.04132,-0.02376,-0.05985,-0.07691,-0.04276,0.00159,-0.01857,0.01980,-0.00886,-0.01463,0.00917,0.04283,0.02516,0.06180,-0.03964,-0.07818,-0.02217,400.00000,12379.14504,0.03393,0.00159,-0.01740,0.04515,0.03452,0.08715,0.00318,1.21434
2023,025000,KPX케미칼,KOSPI,862,6.24000,0.02376,0.00212,-0.04100,3000.00000,-0.04100,-0.04112,-0.01822,-0.05203,-0.06909,-0.02951,-0.04966,-0.06982,-0.02709,-0.05845,-0.06423,-0.03609,0.01349,-0.00418,0.03757,0.03231,-0.00623,0.05684,2750.00000,45117.50663,0.06649,0.03469,0.02339,0.02582,0.01682,0.09047,0.10974,0.61661
2023,044450,KSS해운,KOSPI,883,3.92000,0.06045,0.03881,-0.01580,350.00000,-0.01580,-0.01592,0.04369,-0.03902,-0.05609,0.01907,0.02427,0.00412,0.08619,-0.00411,-0.00988,0.05609,-0.06422,-0.08189,-0.00765,-0.11585,-0.15439,-0.06240,350.00000,9468.29966,0.03697,0.07162,0.04699,0.11411,0.08402,0.02028,-0.03448,0.42743
2023,030200,KT,KOSPI,47,5.84000,0.05661,0.03497,-0.05500,1960.00000,-0.05500,-0.05512,-0.00150,-0.05501,-0.07208,-0.00152,-0.05354,-0.07370,0.00004,-0.01841,-0.02419,0.03715,0.07477,0.05710,0.13561,0.09047,0.05193,0.15220,1960.00000,35461.61477,0.05527,0.04191,0.04189,0.04345,0.08056,0.17902,0.19561,0.99510
2023,033780,KT&G,KOSPI,32,5.67000,0.03050,0.00886,-0.05720,5200.00000,-0.05720,-0.05732,-0.02845,-0.02310,-0.04016,0.00670,-0.03853,-0.05869,-0.00921,-0.03307,-0.03884,-0.00358,0.00976,-0.00791,0.04056,0.03310,-0.00544,0.06461,5000.00000,90872.79412,0.05722,0.01661,0.05176,0.03585,0.04148,0.08562,0.10967,0.99960
2023,058850,KTcs,KOSPI,1133,3.42000,0.05688,0.03525,-0.02560,100.00000,-0.02560,-0.02572,0.02983,0.01086,-0.00620,0.06836,0.02443,0.00428,0.08270,0.07017,0.06439,0.13104,0.04071,0.02304,0.09991,-0.05101,-0.08955,0.00297,120.00000,3708.35610,0.02697,0.04929,0.08783,0.10217,0.15050,0.11937,0.02244,0.94934
2023,058860,KTis,KOSPI,1439,3.96000,0.02306,0.00142,-0.03230,120.00000,-0.03230,-0.03242,-0.00999,-0.00648,-0.02355,0.01643,-0.00010,-0.02026,0.02296,-0.03395,-0.03973,-0.01168,-0.00642,-0.02409,0.01649,-0.04043,-0.07898,-0.01831,120.00000,3100.18039,0.03871,0.01941,0.04582,0.05235,0.01772,0.04589,0.01109,0.83447
2023,122450,KX,KOSDAQ,812,3.29000,0.01767,-0.00397,-0.01350,200.00000,-0.01350,-0.01362,0.00393,-0.02688,-0.04394,-0.00969,-0.04042,-0.06058,-0.02347,-0.05588,-0.06166,-0.03920,-0.05497,-0.07264,-0.03827,-0.07419,-0.11273,-0.05783,167.00000,5165.66945,0.03872,0.03333,0.01971,0.00594,-0.00980,-0.00887,-0.02843,0.34868
2023,093050,LF,KOSPI,493,5.06000,-0.00287,-0.02450,-0.03990,700.00000,-0.03990,-0.04002,-0.04265,-0.05952,-0.07658,-0.06222,-0.05956,-0.07971,-0.06225,-0.08424,-0.09001,-0.08686,-0.05078,-0.06846,-0.05350,0.13182,0.09328,0.12858,700.00000,13794.35168,0.05075,-0.00307,-0.02264,-0.02267,-0.04728,-0.01392,0.16816,0.78628
2023,003550,LG,KOSPI,24,3.57000,0.04973,0.02809,-0.05890,3100.00000,-0.05890,-0.05902,-0.01210,-0.09741,-0.11447,-0.05252,-0.13592,-0.15607,-0.09295,-0.16535,-0.17113,-0.12385,0.05759,0.03991,0.11018,0.00998,-0.02857,0.06020,3000.00000,88212.56719,0.03514,0.01428,-0.02614,-0.06657,-0.09747,0.13656,0.08658,1.67604
2023,032640,LG유플러스,KOSPI,82,6.19000,-0.00092,-0.02255,-0.03530,650.00000,-0.03530,-0.03542,-0.03618,-0.04097,-0.05803,-0.04185,-0.04864,-0.06880,-0.04951,-0.03825,-0.04402,-0.03913,-0.03253,-0.05020,-0.03342,-0.04207,-0.08061,-0.04295,650.00000,10491.19108,0.06196,0.01288,0.00721,-0.00045,0.00994,0.01565,0.00612,0.56975
2023,037560,LG헬로비전,KOSPI,736,3.57000,0.02843,0.00679,-0.01730,120.00000,-0.01730,-0.01742,0.01064,-0.01290,-0.02996,0.01516,-0.01148,-0.03163,0.01662,0.11866,0.11289,0.15046,0.05804,0.04037,0.08811,0.02061,-0.01794,0.04962,120.00000,3456.89686,0.03471,0.03665,0.04117,0.04264,0.17648,0.11413,0.07564,0.49837
2023,108320,LX세미콘,KOSPI,202,5.23000,0.04329,0.02165,-0.02790,1800.00000,-0.02790,-0.02802,0.01418,-0.09138,-0.10844,-0.05204,-0.10132,-0.12147,-0.06241,-0.08016,-0.08594,-0.04034,-0.14477,-0.16244,-0.10774,-0.11458,-0.15312,-0.07625,4500.00000,89766.91059,0.02005,0.02780,-0.03843,-0.04880,-0.02673,-0.09413,-0.06263,1.39139
2023,001120,LX인터내셔널,KOSPI,229,10.08000,0.07244,0.05081,-0.07520,1200.00000,-0.07520,-0.07532,-0.00821,-0.14419,-0.16125,-0.08220,-0.16919,-0.18934,-0.10900,-0.15985,-0.16563,-0.09899,-0.16290,-0.18057,-0.10226,-0.16286,-0.20140,-0.10222,3000.00000,31917.90721,0.03760,0.02025,-0.05374,-0.08055,-0.07053,-0.07380,-0.07376,2.00019
2023,383800,LX홀딩스,KOSPI,396,4.23000,-0.01773,-0.03937,-0.02360,270.00000,-0.02360,-0.02372,-0.04091,-0.03628,-0.05334,-0.05337,-0.05162,-0.07178,-0.06844,-0.05717,-0.06294,-0.07388,-0.01273,-0.03040,-0.03023,-0.02660,-0.06514,-0.04385,310.00000,7198.66613,0.03751,-0.01253,-0.02499,-0.04006,-0.04550,-0.00185,-0.01547,0.62922
2023,005940,NH투자증권,KOSPI,103,6.82000,-0.00195,-0.02358,-0.00290,800.00000,-0.00290,-0.00302,-0.00484,-0.01757,-0.03463,-0.01948,-0.03221,-0.05236,-0.03409,-0.00686,-0.01264,-0.00880,0.11730,0.09963,0.11513,0.20632,0.16778,0.20397,700.00000,10243.96103,0.07809,0.05788,0.04323,0.02863,0.05392,0.17785,0.26669,0.03713
2023,034310,NICE,KOSPI,432,3.09000,0.01063,-0.01101,-0.00520,451.00000,-0.00520,-0.00532,0.00537,-0.05593,-0.07299,-0.04589,-0.07977,-0.09993,-0.06999,-0.03962,-0.04540,-0.02942,-0.02027,-0.03794,-0.00985,-0.11251,-0.15106,-0.10308,410.00000,13409.60987,0.03363,0.03047,-0.02079,-0.04489,-0.00432,0.01525,-0.07798,0.15461
2023,030190,NICE평가정보,KOSPI,402,4.12000,0.06238,0.04074,-0.02300,410.00000,-0.02300,-0.02312,0.03795,-0.01357,-0.03063,0.04797,-0.00948,-0.02964,0.05231,0.03660,0.03082,0.10126,0.11999,0.10232,0.18985,0.08120,0.04266,0.14864,370.00000,9540.79559,0.04297,0.07095,0.08097,0.08531,0.13427,0.22286,0.18165,0.53522
2023,010950,S-Oil,KOSPI,51,8.06000,0.03498,0.01334,-0.02410,1700.00000,-0.02410,-0.02422,0.01003,-0.02976,-0.04682,0.00418,-0.06240,-0.08255,-0.02960,-0.03672,-0.04250,-0.00303,0.03127,0.01360,0.06734,0.10653,0.06799,0.14523,5500.00000,70624.87813,0.02407,0.02705,0.02119,-0.01259,0.01398,0.08435,0.16224,1.00121
2023,034120,SBS,KOSPI,448,3.87000,0.07738,0.05574,0.10050,500.00000,0.10050,0.10038,0.18566,0.23329,0.21623,0.32872,-0.01629,-0.03645,0.05983,-0.12758,-0.13335,-0.06007,-0.10263,-0.12030,-0.03319,-0.02373,-0.06227,0.05182,1000.00000,27839.27285,0.01796,0.19750,0.34056,0.07167,-0.04822,-0.02135,0.06366,-5.59569
2023,005090,SGC에너지,KOSPI,479,5.89000,-0.02067,-0.04231,-0.05310,1700.00000,-0.05310,-0.05322,-0.07267,-0.08139,-0.09845,-0.10038,-0.11329,-0.13345,-0.13162,-0.17164,-0.17742,-0.18876,-0.17341,-0.19108,-0.19050,-0.20704,-0.24558,-0.22343,1700.00000,28265.82948,0.06014,-0.02514,-0.05285,-0.08409,-0.14123,-0.14296,-0.17590,0.88289
2023,009160,SIMPAC,KOSPI,798,5.54000,0.11925,0.09762,-0.02100,100.00000,-0.02100,-0.02112,0.09575,-0.01600,-0.03306,0.10135,-0.02094,-0.04110,0.09581,-0.04190,-0.04767,0.07236,0.03598,0.01831,0.15953,0.23786,0.19932,0.38548,200.00000,4040.62694,0.02475,0.11334,0.11893,0.11340,0.08995,0.17711,0.40307,0.84853
2023,034730,SK,KOSPI,31,3.06000,0.06957,0.04794,0.00690,5000.00000,0.00690,0.00678,0.07695,-0.02631,-0.04337,0.04143,-0.06621,-0.08637,-0.00124,-0.08451,-0.09029,-0.02082,0.06023,0.04256,0.13400,0.05829,0.01974,0.13191,5000.00000,174766.66165,0.02861,0.09781,0.06228,0.01961,0.00003,0.15485,0.15277,-0.24118
2023,018670,SK가스,KOSPI,200,4.24000,0.00370,-0.01794,-0.02860,8000.00000,-0.02860,-0.02872,-0.02500,-0.04618,-0.06324,-0.04265,-0.02661,-0.04677,-0.02301,-0.03188,-0.03766,-0.02830,0.00324,-0.01443,0.00695,-0.02285,-0.06139,-0.01923,6500.00000,153869.26790,0.05199,0.01563,-0.00202,0.01763,0.01234,0.04759,0.02140,0.55008
2023,006120,SK디스커버리,KOSPI,319,4.20000,-0.01471,-0.03635,-0.02510,1700.00000,-0.02510,-0.02522,-0.03945,-0.02004,-0.03710,-0.03446,-0.03511,-0.05526,-0.04931,-0.07400,-0.07978,-0.08763,0.12784,0.11016,0.11124,0.12160,0.08306,0.10510,1700.00000,39880.58745,0.04263,-0.00673,-0.00175,-0.01659,-0.05492,0.14395,0.13781,0.58883
2023,096770,SK이노베이션,KOSPI,22,4.08000,-0.03694,-0.05857,0.00940,0.00000,0.00940,0.00928,-0.02789,-0.03130,-0.04836,-0.06709,-0.09586,-0.11602,-0.12926,-0.15971,-0.16549,-0.19075,-0.13935,-0.15703,-0.17114,-0.12431,-0.16285,-0.15666,5840.00000,137850.06240,0.00000,-0.03124,-0.07044,-0.13261,-0.19410,-0.17449,-0.16001,
2023,017670,SK텔레콤,KOSPI,34,6.36000,-0.04223,-0.06387,-0.01500,3540.00000,-0.01500,-0.01512,-0.05660,-0.01296,-0.03002,-0.05464,-0.01187,-0.03203,-0.05360,-0.00799,-0.01376,-0.04988,0.04630,0.02863,0.00211,0.08222,0.04368,0.03652,3320.00000,49996.73159,0.07080,-0.00005,0.00191,0.00295,0.00667,0.05866,0.09307,0.21185
2023,003570,SNT다이내믹스,KOSPI,439,3.40000,-0.01860,-0.04024,-0.00690,700.00000,-0.00690,-0.00702,-0.02537,0.00213,-0.01493,-0.01651,0.02018,0.00002,0.00121,-0.02066,-0.02644,-0.03888,0.21007,0.19240,0.18757,0.15951,0.12097,0.13794,500.00000,14432.37025,0.04850,0.01231,0.02118,0.03889,-0.00119,0.22525,0.17563,0.14226
2023,064960,SNT모티브,KOSPI,359,3.66000,-0.01142,-0.03305,-0.01850,1600.00000,-0.01850,-0.01862,-0.02971,-0.03008,-0.04714,-0.04115,-0.01628,-0.03644,-0.02752,-0.00347,-0.00925,-0.01485,-0.00224,-0.01991,-0.01364,0.04757,0.00902,0.03561,1600.00000,43216.68633,0.03702,-0.00174,-0.01318,0.00046,0.01312,0.01434,0.06358,0.49969
2023,100840,SNT에너지,KOSPI,1083,3.77000,0.03051,0.00888,-0.00920,900.00000,-0.00920,-0.00932,0.02103,0.01596,-0.00111,0.04695,0.02049,0.00034,0.05163,-0.07788,-0.08366,-0.04975,0.03869,0.02102,0.07038,0.09340,0.05486,0.12676,800.00000,21867.62091,0.04116,0.05250,0.07842,0.08310,-0.01828,0.10185,0.15823,0.22354
2023,036530,SNT홀딩스,KOSPI,687,4.09000,-0.00276,-0.02440,0.00000,800.00000,0.00000,-0.00012,-0.00276,0.01578,-0.00128,0.01298,0.01224,-0.00792,0.00944,0.07138,0.06561,0.06842,0.22813,0.21045,0.22473,0.29269,0.25414,0.28911,700.00000,17067.61211,0.04687,0.03354,0.04928,0.04574,0.10473,0.26103,0.32542,
2023,032540,TJ미디어,KOSDAQ,1699,3.97000,0.11392,0.09229,-0.05260,320.00000,-0.05260,-0.05272,0.05533,-0.06349,-0.08055,0.04320,-0.06352,-0.08367,0.04317,-0.11765,-0.12343,-0.01713,-0.04980,-0.06747,0.05846,-0.07153,-0.11007,0.03425,230.00000,6453.46902,0.04959,0.09393,0.08180,0.08177,0.02147,0.09706,0.07285,1.06079
2023,069260,TKG휴켐스,KOSPI,286,4.71000,0.06583,0.04419,-0.05740,1000.00000,-0.05740,-0.05752,0.00465,-0.08609,-0.10315,-0.02593,-0.10155,-0.12171,-0.04241,-0.09938,-0.10516,-0.04009,-0.11698,-0.13466,-0.05886,-0.11878,-0.15732,-0.06077,1000.00000,22629.07401,0.04419,0.03869,0.00811,-0.00837,-0.00606,-0.02482,-0.02673,1.29891
2023,002900,TYM,KOSPI,813,5.87000,0.06633,0.04470,0.00370,160.00000,0.00370,0.00358,0.07028,0.03860,0.02154,0.10750,0.14152,0.12136,0.21724,0.04801,0.04224,0.11753,0.01869,0.00102,0.08627,0.01857,-0.01998,0.08613,300.00000,5449.74382,0.02936,0.09177,0.12899,0.23873,0.13902,0.10775,0.10762,-0.12603
2023,057030,YBM넷,KOSDAQ,1829,3.41000,0.18866,0.16703,-0.04400,150.00000,-0.04400,-0.04412,0.13636,0.08217,0.06511,0.28634,0.02108,0.00093,0.21372,-0.02097,-0.02674,0.16374,-0.13299,-0.15066,0.03059,-0.22654,-0.26508,-0.08062,150.00000,5228.72766,0.02869,0.15728,0.30726,0.23464,0.18466,0.05151,-0.05970,1.53376
2023,051390,YW,KOSDAQ,2208,3.77000,-0.00736,-0.02900,-0.03160,200.00000,-0.03160,-0.03172,-0.03873,-0.03157,-0.04863,-0.03870,-0.02011,-0.04027,-0.02732,-0.06067,-0.06645,-0.06759,-0.03773,-0.05540,-0.04481,-0.04160,-0.08015,-0.04866,150.00000,3949.48377,0.05064,0.00076,0.00079,0.01217,-0.02810,-0.00532,-0.00917,0.62402
2023,039240,경남스틸,KOSDAQ,1675,4.23000,0.05223,0.03059,-0.03560,120.00000,-0.03560,-0.03572,0.01477,-0.04336,-0.06042,0.00661,-0.03098,-0.05114,0.01963,-0.06181,-0.06759,-0.01281,-0.06173,-0.07940,-0.01272,0.03131,-0.00723,0.08518,130.00000,3233.79853,0.03711,0.04281,0.03465,0.04767,0.01523,0.01532,0.11322,0.95936
2023,002100,경농,KOSPI,892,3.83000,-0.01833,-0.03996,-0.01360,450.00000,-0.01360,-0.01372,-0.03168,-0.00971,-0.02677,-0.02786,-0.00582,-0.02597,-0.02404,-0.02051,-0.02628,-0.03846,-0.02553,-0.04320,-0.04339,-0.01676,-0.05530,-0.03478,400.00000,10252.44848,0.04389,0.00210,0.00592,0.00975,-0.00468,-0.00960,-0.00099,0.30985
2023,267290,경동도시가스,KOSPI,1329,4.38000,0.01739,-0.00425,-0.04370,875.00000,-0.04370,-0.04382,-0.02707,-0.04556,-0.06262,-0.02897,-0.05348,-0.07363,-0.03702,-0.06622,-0.07200,-0.04998,-0.04516,-0.06283,-0.02856,-0.04177,-0.08031,-0.02510,875.00000,20324.53794,0.04305,0.00600,0.00411,-0.00395,-0.01691,0.00451,0.00797,1.01507
2023,011040,경동제약,KOSDAQ,912,6.17000,0.04778,0.02614,-0.03090,400.00000,-0.03090,-0.03102,0.01540,-0.03223,-0.04929,0.01401,-0.02346,-0.04362,0.02319,-0.07927,-0.08504,-0.03528,-0.05553,-0.07320,-0.01041,-0.03488,-0.07343,0.01123,400.00000,6792.72160,0.05889,0.06187,0.06047,0.06966,0.01119,0.03606,0.05769,0.52474
2023,013580,계룡건설,KOSPI,1273,3.55000,0.04826,0.02663,-0.03520,400.00000,-0.03520,-0.03532,0.01136,-0.05817,-0.07523,-0.01272,-0.03574,-0.05590,0.01080,-0.07620,-0.08197,-0.03161,-0.02536,-0.04304,0.02167,-0.03607,-0.07461,0.01045,500.00000,14764.25404,0.02709,0.03093,0.00685,0.03037,-0.01204,0.04124,0.03002,1.29925
2023,049720,고려신용정보,KOSDAQ,1232,3.61000,0.04713,0.02549,-0.01670,380.00000,-0.01670,-0.01682,0.02964,0.03962,0.02256,0.08861,0.04369,0.02353,0.09288,0.06333,0.05755,0.11344,0.11238,0.09471,0.16481,0.11029,0.07175,0.16262,330.00000,9572.06196,0.03970,0.05987,0.11885,0.12311,0.14367,0.19504,0.19285,0.42067
2023,010130,고려아연,KOSPI,39,4.07000,0.01746,-0.00418,-0.00900,15000.00000,-0.00900,-0.00912,0.00830,-0.02504,-0.04210,-0.00802,-0.06004,-0.08020,-0.04363,-0.07599,-0.08177,-0.05986,-0.08596,-0.10364,-0.07001,-0.07991,-0.11845,-0.06385,20000.00000,499978.80654,0.03000,0.03033,0.01401,-0.02160,-0.03783,-0.04798,-0.04182,0.29999
2023,215000,골프존,KOSDAQ,395,5.04000,0.03243,0.01080,-0.00110,4500.00000,-0.00110,-0.00122,0.03130,-0.07480,-0.09186,-0.04479,-0.08456,-0.10471,-0.05487,-0.13669,-0.14247,-0.10870,-0.16405,-0.18173,-0.13694,-0.08698,-0.12552,-0.05737,4500.00000,92181.47413,0.04882,0.06925,-0.00684,-0.01692,-0.07075,-0.09899,-0.01942,0.02253
2023,121440,골프존홀딩스,KOSDAQ,1024,4.12000,-0.02523,-0.04687,-0.01300,167.00000,-0.01300,-0.01312,-0.03791,-0.04407,-0.06113,-0.06819,-0.01415,-0.03431,-0.03903,-0.06213,-0.06790,-0.08579,-0.00132,-0.01899,-0.02652,0.03366,-0.00489,0.00757,163.00000,3856.47873,0.04330,-0.00462,-0.03491,-0.00574,-0.05251,0.00676,0.04086,0.30020
2023,037710,광주신세계,KOSPI,778,7.15000,0.02267,0.00103,-0.03660,2200.00000,-0.03660,-0.03672,-0.01476,-0.05089,-0.06796,-0.02938,-0.05555,-0.07571,-0.03414,-0.07147,-0.07724,-0.05042,-0.04118,-0.05885,-0.01945,-0.02062,-0.05916,0.00158,2200.00000,31466.69141,0.06992,0.04104,0.02642,0.02165,0.00538,0.03635,0.05738,0.52349
2023,030610,교보증권,KOSPI,390,4.00000,-0.00412,-0.02576,-0.00500,250.00000,-0.00500,-0.00512,-0.00910,-0.02308,-0.04014,-0.02711,-0.01912,-0.03927,-0.02316,-0.04197,-0.04775,-0.04592,0.04237,0.02470,0.03807,0.07232,0.03378,0.06790,200.00000,4979.38109,0.05021,0.03002,0.01202,0.01596,-0.00680,0.07720,0.10702,0.09959
2023,007690,국도화학,KOSPI,560,3.58000,0.07289,0.05126,-0.04050,1200.00000,-0.04050,-0.04062,0.02944,-0.04406,-0.06113,0.02562,-0.06072,-0.08087,0.00775,-0.05109,-0.05687,0.01808,-0.07148,-0.08915,-0.00379,-0.10593,-0.14447,-0.04075,1400.00000,41956.78596,0.02860,0.05029,0.04646,0.02860,0.03892,0.01705,-0.01991,1.41604
2023,043650,국순당,KOSDAQ,1503,3.76000,0.07379,0.05215,-0.01500,105.00000,-0.01500,-0.01512,0.05768,0.12691,0.10985,0.21006,0.02676,0.00661,0.10253,0.03004,0.02427,0.10605,0.01678,-0.00090,0.09180,-0.04326,-0.08180,0.02734,210.00000,5997.22452,0.01751,0.06914,0.22153,0.11399,0.11751,0.10326,0.03880,0.85675
2023,083420,그린케미칼,KOSPI,1028,3.28000,-0.05006,-0.07170,0.00600,230.00000,0.00600,0.00588,-0.04436,-0.01053,-0.02759,-0.06006,0.11074,0.09058,0.05513,0.09121,0.08543,0.03658,0.06277,0.04510,0.00957,0.18728,0.14874,0.12784,230.00000,6661.16402,0.03453,-0.01850,-0.03420,0.08099,0.06244,0.03543,0.15370,-0.17377
2023,014530,극동유화,KOSPI,1059,4.29000,-0.04059,-0.06222,-0.04250,200.00000,-0.04250,-0.04262,-0.08136,-0.07154,-0.08860,-0.10922,-0.03579,-0.05595,-0.07493,-0.11970,-0.12548,-0.15543,-0.12424,-0.14192,-0.15979,-0.14004,-0.17859,-0.17494,200.00000,4472.79560,0.04471,-0.04688,-0.07474,-0.04045,-0.12095,-0.12531,-0.14047,0.95047
2023,002990,금호건설,KOSPI,902,9.17000,0.01821,-0.00343,-0.05230,0.00000,-0.05230,-0.05242,-0.03504,-0.09737,-0.11443,-0.08093,-0.09556,-0.11571,-0.07909,-0.09376,-0.09953,-0.07725,-0.08645,-0.10412,-0.06982,-0.18557,-0.22411,-0.17074,500.00000,5551.84785,0.00000,-0.03839,-0.08428,-0.08244,-0.08060,-0.07317,-0.17409,
2023,011780,금호석유화학,KOSPI,98,4.22000,0.07658,0.05495,-0.05010,2900.00000,-0.05010,-0.05022,0.02265,-0.08574,-0.10280,-0.01572,-0.11765,-0.13781,-0.05008,-0.16395,-0.16973,-0.09992,0.02089,0.00322,0.09907,0.05570,0.01716,0.13655,5400.00000,137761.77949,0.02105,0.03710,-0.00127,-0.03562,-0.08547,0.11353,0.15101,2.37995
2023,000270,기아,KOSPI,9,4.07000,0.12101,0.09937,0.00730,5600.00000,0.00730,0.00718,0.12919,-0.04878,-0.06584,0.06633,-0.08308,-0.10324,0.02787,-0.01987,-0.02564,0.09874,0.16902,0.15135,0.31048,0.17942,0.14088,0.32214,3500.00000,96401.34621,0.05809,0.17499,0.11212,0.07367,0.14453,0.35627,0.36793,-0.12567
2023,024110,기업은행,KOSPI,43,8.11000,-0.00849,-0.03013,0.00090,984.00000,0.00090,0.00078,-0.00760,-0.02133,-0.03839,-0.02964,-0.01619,-0.03634,-0.02454,0.01440,0.00862,0.00579,0.14654,0.12887,0.13681,0.26074,0.22219,0.25003,960.00000,11736.71186,0.08384,0.05998,0.03794,0.04304,0.07336,0.20439,0.31761,-0.01073
2023,089600,KT나스미디어,KOSDAQ,795,3.41000,0.07323,0.05160,0.00910,700.00000,0.00910,0.00898,0.08300,0.01595,-0.00111,0.09035,0.01588,-0.00427,0.09028,0.09986,0.09408,0.18040,0.04492,0.02725,0.12144,-0.06198,-0.10052,0.00671,700.00000,22031.20536,0.03177,0.10653,0.11388,0.11381,0.20393,0.14497,0.03024,-0.28641
2023,092730,네오팜,KOSDAQ,965,3.06000,0.12697,0.10533,0.00580,750.00000,0.00580,0.00568,0.13350,0.04453,0.02747,0.17715,0.11825,0.09809,0.26023,0.06006,0.05429,0.19466,0.04832,0.03065,0.18142,-0.06039,-0.09894,0.05891,700.00000,25780.30077,0.02909,0.15477,0.19841,0.28149,0.21592,0.20268,0.08017,-0.19937
2023,000320,노루홀딩스,KOSPI,1076,4.15000,-0.01320,-0.03484,-0.03620,500.00000,-0.03620,-0.03632,-0.04892,-0.05227,-0.06933,-0.06478,-0.05811,-0.07827,-0.07054,-0.10598,-0.11175,-0.11778,0.02423,0.00655,0.01071,-0.01112,-0.04966,-0.02417,500.00000,11889.16477,0.04206,-0.01669,-0.03255,-0.03832,-0.08555,0.04294,0.00806,0.86078
2023,072710,농심홀딩스,KOSPI,642,3.84000,0.02134,-0.00030,-0.02710,2500.00000,-0.02710,-0.02722,-0.00634,-0.04664,-0.06370,-0.02629,-0.05266,-0.07282,-0.03245,-0.06009,-0.06587,-0.04004,-0.00748,-0.02516,0.01369,0.03172,-0.00683,0.05373,2500.00000,66493.21408,0.03760,0.02212,0.00216,-0.00399,-0.01158,0.04215,0.08219,0.72079
2023,270870,뉴트리,KOSDAQ,1932,3.60000,0.02014,-0.00150,-0.01130,0.00000,-0.01130,-0.01142,0.00861,0.01547,-0.00159,0.03592,-0.00425,-0.02440,0.01581,0.00420,-0.00158,0.02442,0.11996,0.10229,0.14251,0.24273,0.20419,0.26776,250.00000,7084.28705,0.00000,0.00526,0.03257,0.01246,0.02107,0.13916,0.26441,
2023,030210,다올투자증권,KOSPI,776,3.72000,-0.01490,-0.03654,-0.01510,150.00000,-0.01510,-0.01522,-0.02978,-0.05031,-0.06737,-0.06446,-0.03534,-0.05549,-0.04971,-0.13361,-0.13938,-0.14652,-0.12618,-0.14385,-0.13920,-0.14127,-0.17981,-0.15406,150.00000,3972.16765,0.03776,-0.00118,-0.03586,-0.02111,-0.11792,-0.11060,-0.12547,0.39986
2023,023590,다우기술,KOSPI,311,3.40000,0.03280,0.01116,-0.02630,700.00000,-0.02630,-0.02642,0.00564,-0.02204,-0.03910,0.01004,-0.01551,-0.03567,0.01678,-0.03300,-0.03877,-0.00128,0.13192,0.11425,0.16905,0.15910,0.12056,0.19712,600.00000,18225.90421,0.03841,0.03478,0.03918,0.04592,0.02787,0.19819,0.22626,0.68477
2023,008060,대덕,KOSPI,851,6.23000,0.00936,-0.01228,-0.02010,400.00000,-0.02010,-0.02022,-0.01093,-0.01077,-0.02783,-0.00151,-0.01547,-0.03563,-0.00626,-0.03090,-0.03667,-0.02183,-0.01236,-0.03004,-0.00312,0.03681,-0.00173,0.04652,400.00000,6480.63097,0.06172,0.03794,0.04735,0.04261,0.02704,0.04575,0.09538,0.32565
2023,001680,대상,KOSPI,342,4.05000,0.07292,0.05129,-0.03770,800.00000,-0.03770,-0.03782,0.03247,-0.05695,-0.07401,0.01182,-0.11163,-0.13179,-0.04685,-0.10350,-0.10928,-0.03813,-0.06847,-0.08614,-0.00054,-0.07232,-0.11086,-0.00467,800.00000,21193.55631,0.03775,0.06106,0.04041,-0.01826,-0.00954,0.02805,0.02392,0.99875
2023,117580,대성에너지,KOSPI,827,3.04000,-0.04240,-0.06403,0.00130,250.00000,0.00130,0.00118,-0.04115,0.16399,0.14693,0.11464,0.22244,0.20228,0.17061,0.17424,0.16846,0.12445,0.08252,0.06485,0.03662,0.05941,0.02086,0.01449,250.00000,7875.03110,0.03175,-0.01764,0.13815,0.19412,0.14796,0.06013,0.03800,-0.04095
2023,003540,대신증권,KOSPI,329,8.32000,0.00538,-0.01626,-0.01240,1200.00000,-0.01240,-0.01252,-0.00709,-0.03794,-0.05500,-0.03277,-0.02822,-0.04838,-0.02299,0.02213,0.01635,0.02762,0.12279,0.10512,0.12883,0.10212,0.06358,0.10805,1200.00000,14500.63361,0.08276,0.05957,0.03389,0.04367,0.09429,0.19549,0.17471,0.14984
2023,290120,DH오토리드,KOSDAQ,2178,5.43000,0.06382,0.04218,-0.00890,0.00000,-0.00890,-0.00902,0.05435,-0.00130,-0.01836,0.06244,-0.02041,-0.04057,0.04210,-0.07518,-0.08096,-0.01616,-0.10313,-0.12080,-0.04590,-0.19640,-0.23495,-0.14512,200.00000,3918.30344,0.00000,0.05100,0.05909,0.03875,-0.01951,-0.04925,-0.14847,
2023,015230,대창단조,KOSPI,1014,3.30000,0.02317,0.00153,-0.02580,180.00000,-0.02580,-0.02592,-0.00323,-0.04354,-0.06060,-0.02139,-0.10324,-0.12340,-0.08247,-0.09021,-0.09599,-0.06913,-0.07918,-0.09685,-0.05784,-0.09848,-0.13702,-0.07759,200.00000,6201.01201,0.02903,0.01798,-0.00018,-0.06126,-0.04793,-0.03664,-0.05639,0.88881
2023,084010,대한제강,KOSPI,627,5.89000,0.00154,-0.02009,-0.03010,500.00000,-0.03010,-0.03022,-0.02860,-0.03848,-0.05554,-0.03699,-0.04219,-0.06235,-0.04071,-0.05949,-0.06527,-0.05804,0.00240,-0.01528,0.00394,0.01166,-0.02688,0.01323,780.00000,13263.23621,0.03770,-0.00006,-0.00845,-0.01217,-0.02950,0.03249,0.04177,0.79845
2023,001790,대한제당,KOSPI,662,3.68000,0.01698,-0.00466,-0.05120,115.00000,-0.05120,-0.05132,-0.03509,-0.03608,-0.05314,-0.01972,0.00769,-0.01246,0.02480,-0.00878,-0.01455,0.00805,-0.01945,-0.03712,-0.00280,-0.05111,-0.08965,-0.03500,120.00000,3316.23121,0.03468,-0.00910,0.00627,0.05079,0.03404,0.02319,-0.00901,1.47644
2023,003490,대한항공,KOSPI,49,3.34000,0.06903,0.04739,-0.02290,750.00000,-0.02290,-0.02302,0.04455,-0.03958,-0.05664,0.02672,-0.04804,-0.06820,0.01767,-0.05846,-0.06423,0.00654,-0.05855,-0.07622,0.00644,-0.09167,-0.13021,-0.02897,750.00000,24005.09757,0.03124,0.06763,0.04980,0.04075,0.02962,0.02952,-0.00589,0.73296
2023,016090,대현,KOSPI,1574,5.29000,0.00021,-0.02142,-0.03610,100.00000,-0.03610,-0.03622,-0.03590,-0.03996,-0.05702,-0.03975,-0.03620,-0.05635,-0.03599,-0.05913,-0.06491,-0.05893,-0.04478,-0.06246,-0.04458,-0.05011,-0.08866,-0.04991,110.00000,2079.83683,0.04808,0.00143,-0.00243,0.00133,-0.02161,-0.00725,-0.01259,0.75082
2023,067990,도이치모터스,KOSDAQ,1081,7.27000,0.05661,0.03497,-0.04970,370.00000,-0.04970,-0.04982,0.00409,-0.06888,-0.08594,-0.01618,-0.10140,-0.12156,-0.05054,-0.09749,-0.10327,-0.04641,0.01341,-0.00426,0.07078,0.10522,0.06668,0.16778,360.00000,5232.15910,0.07072,0.06057,0.04030,0.00594,0.01007,0.12725,0.22426,0.70281
2023,002150,도화엔지니어링,KOSPI,703,3.44000,-0.01868,-0.04031,-0.00750,280.00000,-0.00750,-0.00762,-0.02604,-0.01870,-0.03576,-0.03702,-0.01615,-0.03631,-0.03453,-0.03741,-0.04319,-0.05539,-0.03363,-0.05130,-0.05167,-0.03119,-0.06973,-0.04928,280.00000,7987.52626,0.03505,0.00027,-0.01072,-0.00822,-0.02908,-0.02537,-0.02298,0.21395
2023,001230,동국홀딩스,KOSPI,669,5.53000,-0.01895,-0.04059,-0.01920,600.00000,-0.01920,-0.01932,-0.03779,-0.05413,-0.07119,-0.07206,-0.07331,-0.09347,-0.09088,-0.16353,-0.16931,-0.17939,-0.05878,-0.07645,-0.07661,-0.07443,-0.11297,-0.09197,500.00000,8870.24504,0.06764,0.01609,-0.01818,-0.03700,-0.12551,-0.02274,-0.03809,0.28385
2023,007590,동방아그로,KOSPI,1641,3.97000,0.02235,0.00072,-0.01400,300.00000,-0.01400,-0.01412,0.00804,-0.01866,-0.03572,0.00328,-0.01553,-0.03569,0.00647,-0.00308,-0.00885,0.01921,-0.01555,-0.03322,0.00645,-0.02023,-0.05877,0.00167,250.00000,6437.98589,0.04660,0.04411,0.03935,0.04255,0.05528,0.04253,0.03775,0.30044
2023,005960,동부건설,KOSPI,1190,8.38000,0.05216,0.03052,-0.05250,300.00000,-0.05250,-0.05262,-0.00308,-0.11612,-0.13318,-0.07002,-0.10013,-0.12028,-0.05319,-0.15428,-0.16006,-0.11017,-0.16858,-0.18625,-0.12521,-0.19874,-0.23728,-0.15694,500.00000,6277.79516,0.04779,0.03400,-0.03294,-0.01611,-0.07309,-0.08814,-0.11987,1.09861
2023,026960,동서,KOSPI,162,3.98000,0.01790,-0.00373,-0.03160,780.00000,-0.03160,-0.03172,-0.01426,-0.06750,-0.08457,-0.05081,-0.07556,-0.09571,-0.05900,-0.08198,-0.08775,-0.06554,-0.05416,-0.07183,-0.03722,-0.07769,-0.11623,-0.06118,730.00000,18670.11617,0.04178,0.01773,-0.01881,-0.02701,-0.03355,-0.00523,-0.02918,0.75638
2023,102260,동성케미컬,KOSPI,839,4.47000,0.03356,0.01193,-0.02810,200.00000,-0.02810,-0.02822,0.00452,-0.04425,-0.06131,-0.01217,-0.05396,-0.07412,-0.02221,-0.05175,-0.05752,-0.01992,-0.00623,-0.02390,0.02712,0.06057,0.02203,0.09617,200.00000,4624.43678,0.04325,0.03776,0.02107,0.01103,0.01331,0.06036,0.12940,0.64973
2023,028100,동아지질,KOSPI,980,3.83000,-0.01522,-0.03686,0.01560,500.00000,0.01560,0.01548,0.00014,-0.00308,-0.02014,-0.01825,0.00933,-0.01083,-0.00604,0.04116,0.03538,0.02531,0.06989,0.05222,0.05360,0.03087,-0.00768,0.01517,500.00000,12856.09388,0.03889,0.02969,0.01130,0.02351,0.05486,0.08316,0.04473,-0.40111
2023,282690,동아타이어,KOSPI,1036,8.23000,-0.00263,-0.02427,-0.00580,1000.00000,-0.00580,-0.00592,-0.00841,-0.01080,-0.02787,-0.01341,-0.03384,-0.05400,-0.03638,-0.02144,-0.02722,-0.02401,0.10985,0.09218,0.10693,-0.00073,-0.03927,-0.00335,1000.00000,12118.72134,0.08252,0.05805,0.05305,0.03008,0.04244,0.17339,0.06311,0.07029
2023,001520,동양,KOSPI,787,3.94000,0.01683,-0.00480,-0.02330,40.00000,-0.02330,-0.02342,-0.00686,-0.05427,-0.07133,-0.03835,-0.05731,-0.07747,-0.04144,-0.10775,-0.11352,-0.09273,-0.03981,-0.05748,-0.02365,-0.04265,-0.08119,-0.02653,40.00000,1032.31871,0.03875,0.02257,-0.00891,-0.01201,-0.06330,0.00578,0.00290,0.60133
2023,013120,동원개발,KOSDAQ,648,4.88000,-0.01053,-0.03217,-0.01540,80.00000,-0.01540,-0.01552,-0.02577,-0.04473,-0.06179,-0.05479,-0.05088,-0.07103,-0.06087,-0.07567,-0.08145,-0.08541,-0.08492,-0.10259,-0.09456,-0.16201,-0.20055,-0.17084,160.00000,3244.15255,0.02466,-0.00826,-0.03728,-0.04336,-0.06790,-0.07705,-0.15332,0.62450
2023,006040,동원산업,KOSPI,186,3.36000,0.02145,-0.00018,-0.01350,1100.00000,-0.01350,-0.01362,0.00766,-0.04644,-0.06350,-0.02598,-0.05540,-0.07556,-0.03513,0.04645,0.04068,0.06891,0.13346,0.11579,0.15778,0.17675,0.13821,0.20200,1100.00000,33440.47566,0.03289,0.03214,-0.00151,-0.01066,0.09338,0.18226,0.22648,0.41041
2023,030720,동원수산,KOSPI,2364,3.37000,-0.03628,-0.05792,-0.00700,0.00000,-0.00700,-0.00712,-0.04303,0.00412,-0.01294,-0.03231,0.02644,0.00628,-0.01080,-0.02112,-0.02690,-0.05663,-0.06303,-0.08071,-0.09703,-0.05875,-0.09729,-0.09289,250.00000,7149.25320,0.00000,-0.04638,-0.03566,-0.01415,-0.05998,-0.10038,-0.09624,
2023,109860,동일금속,KOSDAQ,1709,4.54000,0.02257,0.00094,-0.01220,400.00000,-0.01220,-0.01232,0.01010,0.04439,0.02733,0.06796,0.03780,0.01765,0.06123,0.02123,0.01545,0.04428,0.02222,0.00455,0.04529,0.03237,-0.00617,0.05568,400.00000,9009.45759,0.04440,0.04431,0.10217,0.09544,0.07849,0.07950,0.08989,0.27479
2023,004890,동일산업,KOSPI,1379,6.50000,0.03243,0.01079,-0.02100,1000.00000,-0.02100,-0.02112,0.01075,-0.02841,-0.04547,0.00310,-0.04198,-0.06213,-0.01091,-0.11445,-0.12022,-0.08573,-0.02631,-0.04398,0.00527,-0.07782,-0.11636,-0.04791,3000.00000,47650.60932,0.02099,0.02515,0.01750,0.00350,-0.07133,0.01967,-0.03351,1.00066
2023,068930,디지털대성,KOSDAQ,1008,3.24000,-0.02916,-0.05080,-0.01500,200.00000,-0.01500,-0.01512,-0.04372,-0.02651,-0.04357,-0.05490,-0.02653,-0.04669,-0.05492,-0.04655,-0.05232,-0.07435,0.03373,0.01606,0.00359,0.04368,0.00513,0.01324,200.00000,5992.83896,0.03337,-0.01884,-0.03001,-0.03003,-0.04947,0.02847,0.03813,0.44946
2023,171120,라이온켐텍,KOSDAQ,1312,5.98000,0.01342,-0.00821,-0.00440,100.00000,-0.00440,-0.00452,0.00896,-0.03534,-0.05240,-0.02239,0.05311,0.03295,0.06724,0.00444,-0.00134,0.01792,0.01924,0.00156,0.03292,-0.07205,-0.11060,-0.05960,200.00000,3389.37381,0.02950,0.03057,-0.00078,0.08885,0.03953,0.05453,-0.03799,0.14913
2023,115390,락앤락,KOSPI,700,30.80000,0.09620,0.07456,-0.10790,0.00000,-0.10790,-0.10802,-0.02208,-0.15548,-0.17254,-0.07424,-0.14538,-0.16554,-0.06316,-0.16980,-0.17557,-0.08993,-0.05189,-0.06956,0.03932,-0.07790,-0.11644,0.01081,1953.00000,6950.90564,0.00000,-0.02543,-0.07759,-0.06651,-0.09328,0.03597,0.00746,
2023,038390,레드캡투어,KOSDAQ,1236,5.94000,0.05555,0.03391,-0.02880,900.00000,-0.02880,-0.02892,0.02515,-0.03061,-0.04767,0.02323,-0.02935,-0.04951,0.02456,-0.02495,-0.03072,0.02921,-0.03799,-0.05566,0.01544,-0.02743,-0.06597,0.02660,900.00000,15993.10914,0.05627,0.06940,0.06749,0.06882,0.07347,0.05970,0.07085,0.51178
2023,228850,레이언스,KOSDAQ,1121,3.28000,0.02955,0.00792,-0.01700,100.00000,-0.01700,-0.01712,0.01205,-0.02557,-0.04263,0.00322,-0.03739,-0.05754,-0.00894,-0.03749,-0.04327,-0.00905,-0.03640,-0.05408,-0.00793,-0.04383,-0.08237,-0.01558,300.00000,9416.62988,0.01062,0.01768,0.00886,-0.00330,-0.00341,-0.00229,-0.00994,1.60083
2023,089860,롯데렌탈,KOSPI,256,3.30000,0.03145,0.00982,-0.01250,1200.00000,-0.01250,-0.01262,0.01856,-0.05870,-0.07576,-0.02909,-0.06407,-0.08422,-0.03463,-0.05331,-0.05908,-0.02353,-0.01970,-0.03738,0.01113,-0.00728,-0.04583,0.02394,900.00000,28130.54976,0.04266,0.05130,0.00364,-0.00189,0.00921,0.04387,0.05668,0.29303
2023,023530,롯데쇼핑,KOSPI,143,4.31000,0.05880,0.03717,-0.06670,3800.00000,-0.06670,-0.06682,-0.01182,-0.12843,-0.14549,-0.07718,-0.13827,-0.15843,-0.08760,-0.09754,-0.10331,-0.04447,-0.05438,-0.07205,0.00123,-0.09271,-0.13126,-0.03936,3300.00000,81068.40856,0.04687,0.02449,-0.04088,-0.05130,-0.00816,0.03753,-0.00306,1.42296
2023,004000,롯데정밀화학,KOSPI,191,6.06000,0.08823,0.06660,-0.06840,2000.00000,-0.06840,-0.06852,0.01380,-0.12870,-0.14576,-0.05182,-0.18759,-0.20774,-0.11590,-0.22649,-0.23227,-0.15824,-0.25415,-0.27182,-0.18834,-0.24705,-0.28559,-0.18062,3500.00000,62851.76970,0.03182,0.03737,-0.02825,-0.09233,-0.13467,-0.16477,-0.15705,2.14953
2023,004990,롯데지주,KOSPI,113,5.36000,0.02683,0.00520,-0.05910,1500.00000,-0.05910,-0.05922,-0.03385,-0.12875,-0.14581,-0.10537,-0.11306,-0.13322,-0.08926,-0.11664,-0.12242,-0.09294,-0.01395,-0.03162,0.01251,-0.02123,-0.05978,0.00503,1500.00000,28735.98027,0.05220,0.00696,-0.06456,-0.04845,-0.05213,0.05332,0.04584,1.13220
2023,012700,리드코프,KOSDAQ,1099,13.51000,0.08281,0.06117,-0.06400,200.00000,-0.06400,-0.06412,0.01351,-0.08748,-0.10454,-0.01191,-0.12948,-0.14964,-0.05739,-0.13580,-0.14158,-0.06424,-0.09049,-0.10816,-0.01517,-0.12179,-0.16033,-0.04906,800.00000,6411.89978,0.03119,0.03655,0.01113,-0.03435,-0.04120,0.00787,-0.02603,2.05181
2023,072870,메가스터디,KOSDAQ,1203,9.32000,0.04237,0.02074,-0.06300,850.00000,-0.06300,-0.06312,-0.02330,-0.08346,-0.10052,-0.04463,-0.09631,-0.11647,-0.05802,-0.09547,-0.10125,-0.05714,-0.07940,-0.09707,-0.04039,-0.05370,-0.09224,-0.01360,1050.00000,11743.46465,0.07238,0.03459,0.01326,-0.00014,0.00074,0.01750,0.04428,0.87040
2023,215200,메가스터디교육,KOSDAQ,347,3.67000,0.08737,0.06574,-0.01770,2000.00000,-0.01770,-0.01782,0.06813,-0.00005,-0.01711,0.08732,-0.03056,-0.05071,0.05415,-0.01460,-0.02038,0.07150,0.00298,-0.01469,0.09062,-0.10144,-0.13998,-0.02293,2100.00000,62220.35760,0.03214,0.09197,0.11117,0.07799,0.09534,0.11446,0.00091,0.55065
2023,241770,메카로,KOSDAQ,1635,5.36000,0.03535,0.01372,0.00460,0.00000,0.00460,0.00448,0.04012,0.06492,0.04786,0.10256,0.02949,0.00933,0.06588,0.05914,0.05336,0.09658,0.05787,0.04020,0.09527,0.00081,-0.03774,0.03619,455.00000,8788.91066,0.00000,0.03677,0.09921,0.06253,0.09323,0.09192,0.03284,
2023,009580,무림P&P,KOSPI,922,4.75000,-0.00156,-0.02320,-0.00630,100.00000,-0.00630,-0.00642,-0.00785,-0.00941,-0.02647,-0.01096,-0.01101,-0.03117,-0.01256,-0.01095,-0.01672,-0.01249,-0.01570,-0.03337,-0.01724,-0.02835,-0.06689,-0.02987,150.00000,3152.95885,0.03172,0.01563,0.01253,0.01092,0.01099,0.00624,-0.00639,0.19864
2023,033920,무학,KOSPI,1115,4.31000,0.03183,0.01019,-0.03090,230.00000,-0.03090,-0.03102,-0.00006,-0.03636,-0.05342,-0.00569,-0.07807,-0.09823,-0.04873,-0.11442,-0.12020,-0.08624,-0.07829,-0.09596,-0.04895,-0.07287,-0.11142,-0.04337,230.00000,5506.26798,0.04177,0.03193,0.02630,-0.01674,-0.05425,-0.01696,-0.01138,0.73976
2023,003650,미창석유,KOSPI,1212,3.27000,-0.04173,-0.06337,-0.00680,2800.00000,-0.00680,-0.00692,-0.04825,-0.01908,-0.03614,-0.06001,-0.00134,-0.02150,-0.04302,0.01493,0.00916,-0.02742,0.09667,0.07900,0.05090,0.05144,0.01290,0.00756,2500.00000,73262.06382,0.03822,-0.01927,-0.03103,-0.01404,0.00156,0.07989,0.03654,0.17792
2023,377740,바이오노트,KOSPI,471,11.69000,0.05732,0.03569,-0.06210,200.00000,-0.06210,-0.06222,-0.00834,-0.04279,-0.05985,0.01208,-0.02023,-0.04039,0.03593,-0.05061,-0.05639,0.00381,-0.00100,-0.01867,0.05627,0.01683,-0.02172,0.07511,490.00000,4431.89631,0.04513,0.02649,0.04691,0.07076,0.03864,0.09110,0.10994,1.37610
2023,093190,빅솔론,KOSDAQ,1459,7.42000,0.08148,0.05985,-0.03430,200.00000,-0.03430,-0.03442,0.04439,-0.06348,-0.08054,0.01283,-0.07377,-0.09393,0.00170,-0.06847,-0.07425,0.00743,-0.05970,-0.07738,0.01691,-0.06487,-0.10342,0.01132,400.00000,5830.09479,0.03430,0.07006,0.03850,0.02737,0.03311,0.04259,0.03699,0.99986
2023,072950,빛샘전자,KOSDAQ,2331,3.68000,0.00755,-0.01409,-0.02070,70.00000,-0.02070,-0.02082,-0.01331,-0.02833,-0.04539,-0.02100,0.31227,0.29212,0.32218,0.23619,0.23041,0.24552,0.36439,0.34672,0.37469,0.26645,0.22791,0.27601,168.00000,4599.67899,0.01522,-0.00378,-0.01147,0.33170,0.25504,0.38422,0.28554,1.36019
2023,143240,사람인,KOSDAQ,934,4.19000,0.06056,0.03892,-0.02030,500.00000,-0.02030,-0.02042,0.03903,0.01928,0.00222,0.08100,0.02494,0.00478,0.08701,0.01423,0.00846,0.07565,-0.00834,-0.02601,0.05172,0.02286,-0.01568,0.08480,700.00000,17718.17424,0.02822,0.05955,0.10153,0.10754,0.09618,0.07224,0.10533,0.71936
2023,032830,삼성생명,KOSPI,23,4.29000,0.04422,0.02259,-0.06160,3700.00000,-0.06160,-0.06172,-0.02010,-0.10396,-0.12103,-0.06434,-0.13544,-0.15560,-0.09721,-0.12725,-0.13302,-0.08865,0.25998,0.24231,0.31570,0.28733,0.24879,0.34426,3000.00000,73022.63991,0.05067,0.01942,-0.02482,-0.05769,-0.04913,0.35521,0.38378,1.21573
2023,016360,삼성증권,KOSPI,100,4.34000,0.03575,0.01411,-0.06160,2200.00000,-0.06160,-0.06172,-0.02806,-0.09615,-0.11321,-0.06384,-0.10353,-0.12368,-0.07148,-0.10719,-0.11297,-0.07528,-0.01877,-0.03644,0.01631,-0.00062,-0.03917,0.03510,1700.00000,40570.67101,0.05423,0.01447,-0.02132,-0.02895,-0.03275,0.05883,0.07762,1.13598
2023,029780,삼성카드,KOSPI,94,7.58000,-0.01970,-0.04134,-0.00620,2500.00000,-0.00620,-0.00632,-0.02578,-0.02003,-0.03709,-0.03934,-0.02456,-0.04472,-0.04378,0.00181,-0.00397,-0.01793,0.11750,0.09983,0.09549,0.19173,0.15319,0.16825,2500.00000,32331.77332,0.07732,0.03629,0.02273,0.01829,0.04414,0.15755,0.23032,0.08018
2023,000810,삼성화재,KOSPI,27,5.31000,-0.00771,-0.02935,-0.00390,16000.00000,-0.00390,-0.00402,-0.01158,-0.03881,-0.05587,-0.04623,-0.01369,-0.03385,-0.02130,-0.06605,-0.07183,-0.07326,0.13729,0.11962,0.12852,0.18969,0.15114,0.18051,13800.00000,257882.27861,0.06204,0.03756,0.00291,0.02784,-0.02412,0.17766,0.22965,0.06286
2023,272550,삼양패키징,KOSPI,762,4.73000,0.02461,0.00297,-0.02340,500.00000,-0.02340,-0.02352,0.00063,-0.02269,-0.03975,0.00136,0.04688,0.02673,0.07264,0.03961,0.03383,0.06519,0.09608,0.07841,0.12305,0.10478,0.06624,0.13196,750.00000,16246.41666,0.03078,0.02332,0.02405,0.09533,0.08788,0.14574,0.15465,0.76033
2023,000070,삼양홀딩스,KOSPI,374,5.04000,0.00857,-0.01307,-0.01710,3500.00000,-0.01710,-0.01722,-0.00868,-0.03859,-0.05565,-0.03035,-0.03575,-0.05591,-0.02749,-0.09013,-0.09591,-0.08233,0.00976,-0.00791,0.01841,0.03082,-0.00772,0.03965,3500.00000,70039.52395,0.04997,0.03025,0.00857,0.01143,-0.04341,0.05734,0.07858,0.34219
2023,005680,삼영전자,KOSPI,1056,3.68000,0.08356,0.06193,-0.03620,300.00000,-0.03620,-0.03632,0.04434,0.07250,0.05544,0.16212,0.06459,0.04443,0.15355,0.11451,0.10873,0.20764,0.11306,0.09539,0.20607,0.09032,0.05178,0.18143,300.00000,8833.39378,0.03396,0.06972,0.18751,0.17893,0.23302,0.23145,0.20681,1.06590
2023,002290,삼일기업공사,KOSDAQ,2136,3.03000,0.02655,0.00491,-0.01890,175.00000,-0.01890,-0.01902,0.00714,0.01056,-0.00650,0.03739,-0.02486,-0.04501,0.00103,-0.02486,-0.03064,0.00103,-0.13695,-0.15462,-0.11404,-0.13328,-0.17183,-0.11028,125.00000,4234.92232,0.04132,0.03875,0.06900,0.03264,0.03264,-0.08243,-0.07867,0.45737
2023,037460,삼지전자,KOSDAQ,1192,5.40000,0.05278,0.03115,-0.05360,450.00000,-0.05360,-0.05372,-0.00365,-0.07299,-0.09005,-0.02407,-0.05474,-0.07490,-0.00485,-0.07869,-0.08446,-0.03006,-0.03190,-0.04957,0.01920,-0.03878,-0.07732,0.01195,450.00000,8773.18044,0.05129,0.03640,0.01598,0.03519,0.00998,0.05924,0.05200,1.04498
2023,005500,삼진제약,KOSPI,634,3.64000,0.00675,-0.01488,-0.03390,800.00000,-0.03390,-0.03402,-0.02737,-0.05420,-0.07126,-0.04781,-0.05195,-0.07211,-0.04554,-0.07215,-0.07792,-0.06588,-0.07447,-0.09214,-0.06822,-0.07448,-0.11302,-0.06822,800.00000,22126.47474,0.03616,-0.00014,-0.02057,-0.01831,-0.03864,-0.04098,-0.04099,0.93761
2023,004690,삼천리,KOSPI,509,3.12000,-0.02083,-0.04247,-0.01170,3000.00000,-0.01170,-0.01182,-0.03229,-0.00960,-0.02666,-0.03024,-0.02017,-0.04033,-0.04058,-0.05944,-0.06522,-0.07904,0.07865,0.06098,0.05619,0.04249,0.00395,0.02077,3000.00000,94150.83999,0.03186,-0.00868,-0.00663,-0.01697,-0.05543,0.07979,0.04438,0.36719
2023,010960,삼호개발,KOSPI,1639,5.51000,0.01898,-0.00265,-0.03270,190.00000,-0.03270,-0.03282,-0.01434,-0.04842,-0.06548,-0.03036,-0.04986,-0.07002,-0.03183,-0.07837,-0.08415,-0.06087,-0.05839,-0.07607,-0.04052,-0.04292,-0.08146,-0.02475,190.00000,3513.73942,0.05407,0.02806,0.01204,0.01057,-0.01848,0.00188,0.01765,0.60473
2023,000390,SP삼화,KOSPI,990,3.79000,0.04386,0.02222,-0.03630,400.00000,-0.03630,-0.03642,0.00597,-0.07397,-0.09104,-0.03336,-0.08702,-0.10718,-0.04698,-0.12603,-0.13181,-0.08770,-0.03315,-0.05083,0.00925,0.26734,0.22880,0.32293,250.00000,6885.60550,0.05809,0.05176,0.01243,-0.00118,-0.04190,0.05505,0.36872,0.62487
2023,093920,서원인텍,KOSDAQ,1397,6.80000,0.02210,0.00047,-0.03000,400.00000,-0.03000,-0.03012,-0.00856,-0.03654,-0.05360,-0.01524,-0.05163,-0.07178,-0.03066,-0.04843,-0.05421,-0.02740,-0.03664,-0.05431,-0.01535,-0.03989,-0.07843,-0.01867,400.00000,6012.38030,0.06653,0.04438,0.03769,0.02227,0.02553,0.03759,0.03427,0.45093
2023,011370,서한,KOSDAQ,1535,5.21000,0.05842,0.03678,-0.01180,30.00000,-0.01180,-0.01192,0.04593,-0.04037,-0.05743,0.01569,-0.04241,-0.06257,0.01353,-0.09849,-0.10426,-0.04582,-0.14091,-0.15858,-0.09072,-0.16748,-0.20602,-0.11884,50.00000,1015.75918,0.02953,0.06757,0.03733,0.03517,-0.02418,-0.06908,-0.09721,0.39953
2023,035890,서희건설,KOSDAQ,615,3.27000,-0.02298,-0.04462,0.00970,45.00000,0.00970,0.00958,-0.01350,0.00072,-0.01634,-0.02228,-0.00967,-0.02983,-0.03243,-0.08314,-0.08892,-0.10421,-0.08151,-0.09918,-0.10262,-0.00650,-0.04504,-0.02933,45.00000,1344.52087,0.03347,0.01146,0.00269,-0.00747,-0.07925,-0.07765,-0.00436,-0.28982
2023,003080,SB성보,KOSPI,2003,4.57000,0.02869,0.00705,-0.03950,135.00000,-0.03950,-0.03962,-0.01195,-0.02803,-0.04509,-0.00015,-0.02145,-0.04161,0.00662,-0.04130,-0.04708,-0.01380,-0.05282,-0.07049,-0.02565,-0.05116,-0.08970,-0.02394,135.00000,3038.78742,0.04443,0.02229,0.03409,0.04085,0.02043,0.00859,0.01029,0.88913
2023,011560,세보엠이씨,KOSDAQ,1564,5.66000,0.03382,0.01218,-0.04160,550.00000,-0.04160,-0.04172,-0.00919,-0.07008,-0.08714,-0.03863,-0.07434,-0.09450,-0.04304,-0.08407,-0.08985,-0.05310,-0.03372,-0.05140,-0.00105,0.04376,0.00522,0.07906,500.00000,9132.67863,0.06022,0.03841,0.00897,0.00456,-0.00550,0.04655,0.12666,0.69076
2023,001430,세아베스틸지주,KOSPI,281,4.88000,0.04868,0.02704,-0.06200,1200.00000,-0.06200,-0.06212,-0.01634,-0.08127,-0.09833,-0.03654,-0.14144,-0.16160,-0.09965,-0.18199,-0.18777,-0.14217,0.00801,-0.00966,0.05708,-0.11237,-0.15091,-0.06916,1200.00000,25787.23178,0.04653,0.01968,-0.00052,-0.06363,-0.10615,0.09310,-0.03314,1.33234
2023,306200,세아제강,KOSPI,532,4.60000,0.08644,0.06481,-0.04940,8000.00000,-0.04940,-0.04952,0.03277,-0.08041,-0.09747,-0.00092,-0.10933,-0.12949,-0.03234,-0.12195,-0.12773,-0.04605,-0.07039,-0.08806,0.00997,-0.00960,-0.04814,0.07602,6000.00000,141709.92941,0.05645,0.07718,0.04349,0.01207,-0.00164,0.05438,0.12043,0.87506
2023,019440,세아특수강,KOSPI,1292,6.96000,0.00358,-0.01806,-0.03820,1000.00000,-0.03820,-0.03832,-0.03476,-0.05343,-0.07049,-0.05005,-0.04366,-0.06382,-0.04024,-0.07479,-0.08057,-0.07148,-0.04832,-0.06599,-0.04492,-0.04502,-0.08356,-0.04160,1000.00000,14419.18360,0.06935,0.02056,0.00527,0.01508,-0.01616,0.01040,0.01372,0.55081
2023,075580,세진중공업,KOSPI,723,3.21000,-0.02888,-0.05052,0.00000,200.00000,0.00000,-0.00012,-0.02888,0.05392,0.03686,0.02348,0.04954,0.02938,0.01922,0.21509,0.20931,0.17999,0.38295,0.36528,0.34300,0.39184,0.35330,0.35164,150.00000,4537.92105,0.04407,0.00505,0.05741,0.05316,0.21393,0.37694,0.38557,
2023,126720,수산인더스트리,KOSPI,684,3.05000,-0.02544,-0.04707,-0.01670,800.00000,-0.01670,-0.01682,-0.04171,-0.03405,-0.05111,-0.05862,-0.03309,-0.05324,-0.05768,-0.01902,-0.02479,-0.04397,0.08299,0.06532,0.05545,0.22894,0.19039,0.19768,600.00000,19171.74226,0.04173,-0.00976,-0.02667,-0.02573,-0.01202,0.08740,0.22963,0.40021
2023,053210,스카이라이프,KOSPI,667,5.79000,0.02500,0.00337,-0.04680,350.00000,-0.04680,-0.04692,-0.02297,-0.07424,-0.09130,-0.05109,-0.07898,-0.09914,-0.05595,-0.10010,-0.10588,-0.07760,-0.09831,-0.11598,-0.07576,-0.09030,-0.12884,-0.06756,350.00000,6196.03764,0.05649,0.02147,-0.00666,-0.01152,-0.03316,-0.03132,-0.02312,0.82850
2023,330730,스톤브릿지벤처스,KOSDAQ,1854,10.38000,0.42181,0.40017,0.03650,300.00000,0.03650,0.03638,0.47371,0.01646,-0.00060,0.44521,-0.06930,-0.08946,0.32328,-0.10408,-0.10986,0.27383,-0.20997,-0.22764,0.12327,-0.12149,-0.16003,0.24908,400.00000,5479.04092,0.05475,0.51668,0.48818,0.36625,0.31680,0.16625,0.29205,-0.66662
2023,026890,스틱인베스트먼트,KOSPI,699,3.03000,0.07408,0.05245,-0.01690,250.00000,-0.01690,-0.01702,0.05593,-0.02543,-0.04249,0.04677,-0.00712,-0.02728,0.06643,-0.04786,-0.05363,0.02268,-0.00981,-0.02748,0.06355,0.09440,0.05585,0.17547,200.00000,7089.64730,0.03526,0.08241,0.07325,0.09291,0.04916,0.09003,0.20195,0.47926
2023,029530,신도리코,KOSPI,588,4.50000,0.00160,-0.02003,-0.01800,1500.00000,-0.01800,-0.01812,-0.01643,-0.02088,-0.03794,-0.01932,-0.01795,-0.03811,-0.01638,0.01941,0.01363,0.02104,0.12565,0.10798,0.12746,0.23795,0.19940,0.23993,1500.00000,33386.73965,0.04493,0.01823,0.01534,0.01828,0.05570,0.16212,0.27459,0.40064
2023,004970,신라교역,KOSPI,1166,5.62000,0.00575,-0.01589,-0.02910,500.00000,-0.02910,-0.02922,-0.02352,-0.05481,-0.07187,-0.04938,-0.04800,-0.06815,-0.04252,-0.06926,-0.07503,-0.06391,-0.01667,-0.03434,-0.01102,0.00226,-0.03629,0.00802,500.00000,8947.93817,0.05588,0.02040,-0.00545,0.00140,-0.01998,0.03290,0.05194,0.52077
2023,035510,신세계 I&C,KOSPI,866,4.06000,0.00745,-0.01419,-0.02420,350.00000,-0.02420,-0.02432,-0.01693,-0.05650,-0.07356,-0.04947,0.00963,-0.01053,0.01715,0.06368,0.05791,0.07160,0.00823,-0.00944,0.01574,-0.03109,-0.06963,-0.02388,500.00000,12406.97948,0.02821,0.00358,-0.02896,0.03766,0.09212,0.03626,-0.00336,0.85785
2023,031430,신세계인터내셔날,KOSPI,381,3.04000,0.11922,0.09759,-0.01580,400.00000,-0.01580,-0.01592,0.10154,-0.07393,-0.09099,0.03648,-0.08636,-0.10652,0.02256,-0.13141,-0.13719,-0.02785,-0.10080,-0.11848,0.00640,-0.01277,-0.05132,0.10493,500.00000,18408.27659,0.02173,0.11657,0.05151,0.03760,-0.01282,0.02143,0.11996,0.72713
2023,009270,신원,KOSPI,1205,7.66000,0.05892,0.03728,-0.02320,70.00000,-0.02320,-0.02332,0.03435,-0.00139,-0.01845,0.05745,-0.03983,-0.05999,0.01674,-0.07028,-0.07606,-0.01550,-0.07293,-0.09060,-0.01830,-0.05919,-0.09773,-0.00376,100.00000,1382.40325,0.05064,0.07384,0.09693,0.05623,0.02399,0.02119,0.03573,0.45817
2023,138070,신진에스엠,KOSDAQ,2148,3.50000,0.02101,-0.00062,-0.02570,50.00000,-0.02570,-0.02582,-0.00523,-0.05815,-0.07521,-0.03835,-0.04445,-0.06461,-0.02437,-0.08558,-0.09136,-0.06637,-0.07340,-0.09107,-0.05393,0.00693,-0.03161,0.02809,100.00000,2917.18051,0.01714,0.00592,-0.02720,-0.01322,-0.05522,-0.04278,0.03924,1.49943
2023,055550,신한지주,KOSPI,20,5.60000,0.05952,0.03788,-0.00260,2100.00000,-0.00260,-0.00272,0.05676,-0.05751,-0.07457,-0.00141,-0.06269,-0.08284,-0.00690,0.01788,0.01211,0.07847,0.07400,0.05633,0.13792,0.20177,0.16323,0.27330,2065.00000,39069.76760,0.05375,0.09889,0.04071,0.03523,0.12059,0.18004,0.31542,0.04837
2023,003410,쌍용C&E,KOSPI,112,7.30000,-0.04640,-0.06803,-0.01040,280.00000,-0.01040,-0.01052,-0.05631,-0.04527,-0.06233,-0.08956,-0.04359,-0.06375,-0.08796,-0.00688,-0.01266,-0.05296,0.21202,0.19435,0.15579,0.21916,0.18061,0.16259,440.00000,5747.74383,0.04871,-0.01845,-0.05170,-0.05010,-0.01510,0.19365,0.20045,0.21349
2023,352700,씨앤투스,KOSDAQ,1530,7.30000,-0.02664,-0.04828,-0.01440,50.00000,-0.01440,-0.01452,-0.04066,-0.02601,-0.04308,-0.05196,-0.02740,-0.04755,-0.05331,-0.17026,-0.17604,-0.19237,-0.18616,-0.20383,-0.20784,-0.06507,-0.10361,-0.08998,260.00000,3466.75152,0.01442,-0.03181,-0.04311,-0.04446,-0.18352,-0.19899,-0.08113,0.99842
2023,096530,씨젠,KOSDAQ,236,3.74000,0.06569,0.04405,-0.00440,800.00000,-0.00440,-0.00452,0.06100,0.02412,0.00705,0.09138,0.02855,0.00839,0.09611,0.04167,0.03589,0.11009,0.10106,0.08339,0.17338,0.09677,0.05823,0.16881,800.00000,22795.40523,0.03509,0.08734,0.11773,0.12245,0.13643,0.19972,0.19515,0.12537
2023,101240,씨큐브,KOSDAQ,2153,3.68000,0.02350,0.00186,0.00710,0.00000,0.00710,0.00698,0.03076,0.01114,-0.00592,0.03490,0.02537,0.00522,0.04947,0.00913,0.00336,0.03284,-0.01140,-0.02907,0.01183,-0.03890,-0.07745,-0.01632,180.00000,5006.23755,0.00000,0.02741,0.03155,0.04612,0.02949,0.00848,-0.01967,
2023,267850,아시아나IDT,KOSPI,1103,3.55000,0.35721,0.33558,0.00730,500.00000,0.00730,0.00718,0.36712,-0.00943,-0.02649,0.34441,0.03295,0.01279,0.40193,0.00368,-0.00210,0.36221,-0.05916,-0.07684,0.27691,-0.10630,-0.14484,0.21294,500.00000,19115.67149,0.02616,0.38590,0.36319,0.42070,0.38098,0.29569,0.23172,-0.27909
2023,122900,아이마켓코리아,KOSPI,692,7.23000,0.05662,0.03498,-0.02390,600.00000,-0.02390,-0.02402,0.03136,-0.05244,-0.06950,0.00121,-0.04790,-0.06805,0.00601,-0.05357,-0.05934,0.00001,-0.00450,-0.02217,0.05187,-0.00669,-0.04523,0.04955,600.00000,8768.59713,0.06843,0.08590,0.05574,0.06055,0.05455,0.10640,0.10408,0.34928
2023,161000,애경케미칼,KOSPI,362,4.27000,0.19486,0.17322,0.02410,250.00000,0.02410,0.02398,0.22365,0.04362,0.02656,0.24698,-0.11373,-0.13389,0.05897,-0.15475,-0.16052,0.00996,-0.07609,-0.09376,0.10395,-0.13072,-0.16926,0.03867,550.00000,15390.45247,0.01624,0.23405,0.25737,0.06936,0.02035,0.11434,0.04906,-1.48364
2023,137310,에스디바이오센서,KOSPI,201,8.71000,0.00339,-0.01824,-0.00960,0.00000,-0.00960,-0.00972,-0.00624,0.01238,-0.00468,0.01582,0.02202,0.00186,0.02549,-0.07526,-0.08103,-0.07212,0.07387,0.05620,0.07752,0.06050,0.02196,0.06410,990.00000,11404.81191,0.00000,-0.00959,0.01247,0.02214,-0.07547,0.07417,0.06075,
2023,031330,에스에이엠티,KOSDAQ,683,8.17000,0.02319,0.00155,-0.03470,200.00000,-0.03470,-0.03482,-0.01232,-0.03472,-0.05178,-0.01234,-0.03994,-0.06010,-0.01768,-0.03119,-0.03696,-0.00872,-0.05373,-0.07140,-0.03178,0.08181,0.04327,0.10689,230.00000,2880.46047,0.06943,0.04308,0.04305,0.03771,0.04667,0.02361,0.16229,0.49976
2023,012750,에스원,KOSPI,136,4.15000,0.02832,0.00669,-0.04680,2700.00000,-0.04680,-0.04692,-0.01980,-0.08883,-0.10589,-0.06303,-0.10984,-0.13000,-0.08463,-0.12117,-0.12695,-0.09628,-0.04533,-0.06301,-0.01830,-0.01952,-0.05807,0.00825,2500.00000,61947.15335,0.04359,0.01372,-0.02950,-0.05111,-0.06276,0.01523,0.04177,1.07375
2023,306040,에스제이그룹,KOSDAQ,1606,5.52000,0.05181,0.03018,-0.00840,250.00000,-0.00840,-0.00852,0.04298,-0.02945,-0.04651,0.02084,-0.03792,-0.05808,0.01193,-0.08509,-0.09086,-0.03768,-0.15328,-0.17095,-0.10941,-0.15224,-0.19078,-0.10831,500.00000,9527.28715,0.02624,0.06183,0.03969,0.03078,-0.01883,-0.09056,-0.08946,0.32012
2023,069510,에스텍,KOSDAQ,1497,3.28000,0.02632,0.00468,-0.08090,500.00000,-0.08090,-0.08102,-0.05671,-0.11183,-0.12889,-0.08846,-0.08517,-0.10533,-0.06109,-0.09058,-0.09635,-0.06664,-0.07449,-0.09216,-0.05014,-0.08720,-0.12575,-0.06318,300.00000,9387.05002,0.05326,-0.01500,-0.04675,-0.01938,-0.02493,-0.00842,-0.02147,1.51882
2023,098660,에스티오,KOSDAQ,2418,4.61000,-0.03352,-0.05515,-0.05420,110.00000,-0.05420,-0.05432,-0.08590,-0.06070,-0.07777,-0.09219,-0.06935,-0.08950,-0.10054,-0.06713,-0.07290,-0.09839,-0.07802,-0.09569,-0.10892,-0.09316,-0.13170,-0.12356,110.00000,2306.13853,0.04770,-0.04890,-0.05518,-0.06354,-0.06139,-0.07192,-0.08655,1.13630
2023,021080,에이티넘인베스트,KOSDAQ,1159,5.02000,-0.02518,-0.04682,-0.01370,120.00000,-0.01370,-0.01382,-0.03854,0.12522,0.10816,0.09689,0.11490,0.09475,0.08683,0.03427,0.02849,0.00822,0.09088,0.07321,0.06341,0.00837,-0.03018,-0.01703,150.00000,2912.80155,0.04120,-0.00703,0.12839,0.11833,0.03973,0.09491,0.01448,0.33254
2023,244920,에이플러스에셋,KOSPI,1525,4.63000,0.00919,-0.01244,-0.00570,200.00000,-0.00570,-0.00582,0.00344,-0.05844,-0.07550,-0.04978,-0.06532,-0.08548,-0.05673,-0.07685,-0.08263,-0.06837,-0.07693,-0.09461,-0.06845,-0.08963,-0.12817,-0.08126,200.00000,4359.36682,0.04588,0.03890,-0.01432,-0.02127,-0.03290,-0.03299,-0.04580,0.12424
2023,230360,에코마케팅,KOSDAQ,651,3.38000,0.10778,0.08614,-0.01180,200.00000,-0.01180,-0.01192,0.09471,-0.00882,-0.02588,0.09801,-0.01467,-0.03483,0.09152,-0.03044,-0.03621,0.07406,0.02555,0.00788,0.13609,0.29761,0.25906,0.43746,310.00000,10160.08581,0.01968,0.10801,0.11131,0.10483,0.08737,0.14939,0.45076,0.59945
2023,067570,엔브이에이치코리아,KOSDAQ,1395,4.62000,0.12880,0.10717,-0.03580,150.00000,-0.03580,-0.03592,0.08839,-0.09368,-0.11074,0.02306,-0.11072,-0.13088,0.00382,-0.13963,-0.14541,-0.02882,-0.09029,-0.10796,0.02688,-0.13302,-0.17156,-0.02135,120.00000,2931.95233,0.05116,0.12832,0.06299,0.04375,0.01111,0.06681,0.01858,0.69976
2023,073110,엘엠에스,KOSDAQ,2093,3.31000,0.40463,0.38300,-0.02820,200.00000,-0.02820,-0.02832,0.36502,-0.06107,-0.07813,0.31886,-0.10107,-0.12123,0.26267,-0.13862,-0.14440,0.20992,-0.25879,-0.27646,0.04113,-0.27421,-0.31275,0.01947,200.00000,8487.21231,0.02356,0.38161,0.33544,0.27925,0.22650,0.05772,0.03606,1.19670
2023,169330,엠브레인,KOSDAQ,2004,5.25000,-0.05572,-0.07735,0.00000,120.00000,0.00000,-0.00012,-0.05572,0.00174,-0.01532,-0.05407,0.01480,-0.00536,-0.04174,-0.02127,-0.02705,-0.07580,-0.02146,-0.03913,-0.07598,-0.03959,-0.07813,-0.09310,170.00000,3057.67978,0.03925,-0.02586,-0.02422,-0.01189,-0.04595,-0.04613,-0.06325,
2023,347890,엠엑스온,KOSDAQ,1211,3.18000,-0.00775,-0.02939,-0.01660,220.00000,-0.01660,-0.01672,-0.02422,-0.03836,-0.05542,-0.04581,-0.01529,-0.03544,-0.02292,0.06149,0.05572,0.05327,-0.00493,-0.02261,-0.01265,-0.02293,-0.06147,-0.03050,250.00000,7800.70530,0.02820,-0.00371,-0.02530,-0.00241,0.07378,0.00786,-0.00999,0.58860
2023,111770,영원무역,KOSPI,154,3.50000,0.07419,0.05255,-0.03940,1300.00000,-0.03940,-0.03952,0.03186,-0.06173,-0.07880,0.00787,-0.07345,-0.09360,-0.00471,-0.10208,-0.10785,-0.03546,0.00332,-0.01435,0.07775,-0.13956,-0.17810,-0.07573,1530.00000,46957.30076,0.02768,0.05193,0.02794,0.01536,-0.01539,0.09782,-0.05565,1.42317
2023,009970,영원무역홀딩스,KOSPI,247,3.94000,0.03249,0.01086,-0.02380,3970.00000,-0.02380,-0.02392,0.00792,-0.06010,-0.07716,-0.02956,-0.06130,-0.08146,-0.03080,-0.09010,-0.09587,-0.06053,0.17137,0.15370,0.20943,0.10377,0.06523,0.13964,3050.00000,79926.61619,0.04967,0.04659,0.00911,0.00787,-0.02186,0.24810,0.17831,0.47916
2023,036560,KZ정밀,KOSDAQ,901,3.13000,0.02182,0.00018,-0.03980,600.00000,-0.03980,-0.03992,-0.01885,-0.06660,-0.08366,-0.04623,-0.07425,-0.09440,-0.05405,-0.07649,-0.08227,-0.05634,-0.05579,-0.07346,-0.03518,-0.05518,-0.09372,-0.03456,400.00000,13058.41846,0.04595,0.01667,-0.01071,-0.01852,-0.02082,0.00034,0.00096,0.86621
2023,006740,블루산업개발,KOSPI,1172,25.75000,-0.05115,-0.07279,-0.02090,40.00000,-0.02090,-0.02102,-0.07099,-0.03827,-0.05533,-0.08746,-0.05922,-0.07938,-0.10735,-0.18457,-0.19035,-0.22628,-0.24388,-0.26156,-0.28256,-0.26310,-0.30164,-0.30080,779.00000,2870.48854,0.01393,-0.06255,-0.07903,-0.09891,-0.21784,-0.27412,-0.29236,1.49983
2023,053280,예스24,KOSDAQ,1387,4.50000,0.08794,0.06630,-0.00310,200.00000,-0.00310,-0.00322,0.08457,-0.00619,-0.02325,0.08120,-0.02168,-0.04184,0.06435,-0.01027,-0.01604,0.07677,0.01335,-0.00432,0.10246,-0.01479,-0.05333,0.07185,200.00000,4835.29208,0.04136,0.11621,0.11285,0.09599,0.10841,0.13411,0.10350,0.07495
2023,015360,INVENI,KOSPI,870,7.12000,0.00999,-0.01165,-0.06350,8750.00000,-0.06350,-0.06362,-0.05415,-0.06485,-0.08191,-0.05551,-0.06766,-0.08781,-0.05834,-0.05356,-0.05934,-0.04411,0.08042,0.06275,0.09121,0.13281,0.09427,0.14413,2500.00000,35463.06210,0.24674,0.15124,0.14988,0.14704,0.16128,0.29660,0.34951,0.25736
2023,001800,오리온홀딩스,KOSPI,266,4.55000,0.00650,-0.01514,-0.04450,750.00000,-0.04450,-0.04462,-0.03829,-0.09217,-0.10923,-0.08627,-0.08061,-0.10077,-0.07464,-0.11736,-0.12314,-0.11162,-0.05999,-0.07766,-0.05388,-0.08259,-0.12113,-0.07662,700.00000,15484.59207,0.04844,-0.00066,-0.04865,-0.03701,-0.07400,-0.01626,-0.03900,0.91875
2023,241790,티이엠씨씨엔에스,KOSDAQ,1299,3.44000,0.04835,0.02671,0.00630,200.00000,0.00630,0.00618,0.05495,-0.00311,-0.02017,0.04508,-0.03601,-0.05617,0.01059,-0.02989,-0.03566,0.01702,-0.06588,-0.08355,-0.02072,-0.07532,-0.11386,-0.03061,420.00000,12799.56537,0.01563,0.06482,0.05495,0.02046,0.02688,-0.01085,-0.02074,-0.40319
2023,122990,와이솔,KOSDAQ,887,3.42000,0.05468,0.03304,-0.01040,250.00000,-0.01040,-0.01052,0.04371,0.01414,-0.00292,0.06959,0.00636,-0.01380,0.06138,0.00903,0.00326,0.06420,-0.08679,-0.10446,-0.03686,0.07013,0.03159,0.12864,250.00000,7709.63001,0.03243,0.06779,0.09368,0.08547,0.08829,-0.01278,0.15273,0.32072
2023,155650,와이엠씨,KOSDAQ,1448,4.64000,0.07804,0.05640,-0.02930,200.00000,-0.02930,-0.02942,0.04645,-0.05516,-0.07222,0.01857,-0.04312,-0.06327,0.03155,-0.08086,-0.08664,-0.00914,-0.13244,-0.15011,-0.06474,-0.17377,-0.21231,-0.10929,250.00000,5808.38413,0.03443,0.07223,0.04435,0.05734,0.01664,-0.03896,-0.08351,0.85093
2023,019210,와이지-원,KOSDAQ,1015,5.32000,0.06926,0.04763,-0.03150,280.00000,-0.03150,-0.03162,0.03558,-0.06959,-0.08665,-0.00515,0.01333,-0.00682,0.08352,0.06793,0.06215,0.14190,0.01476,-0.00291,0.08504,-0.02837,-0.06691,0.03893,300.00000,6029.68588,0.04644,0.07152,0.03079,0.11946,0.17783,0.12098,0.07487,0.67834
2023,316140,우리금융지주,KOSPI,42,8.68000,-0.00149,-0.02313,-0.00850,1000.00000,-0.00850,-0.00862,-0.00998,-0.03928,-0.05634,-0.04071,-0.03540,-0.05556,-0.03684,0.01000,0.00423,0.00850,0.14920,0.13153,0.14749,0.12388,0.08534,0.12221,1130.00000,12999.03563,0.07693,0.05175,0.02102,0.02490,0.07023,0.20922,0.18394,0.11049
2023,073560,우리손에프앤지,KOSDAQ,1428,3.25000,-0.00069,-0.02233,-0.01040,25.00000,-0.01040,-0.01052,-0.01108,-0.00063,-0.01769,-0.00132,-0.00916,-0.02932,-0.00985,-0.02741,-0.03318,-0.02808,-0.05884,-0.07652,-0.05949,-0.01118,-0.04972,-0.01186,50.00000,1537.40120,0.01626,-0.00068,0.00909,0.00056,-0.01767,-0.04909,-0.00145,0.63956
2023,095720,웅진씽크빅,KOSPI,614,4.01000,-0.05851,-0.08014,-0.01360,0.00000,-0.01360,-0.01372,-0.07131,0.01353,-0.00353,-0.04576,-0.02917,-0.04933,-0.08597,-0.02705,-0.03282,-0.08397,-0.04068,-0.05836,-0.09681,-0.08137,-0.11992,-0.13512,110.00000,2582.65235,0.00000,-0.07466,-0.04911,-0.08932,-0.08732,-0.10016,-0.13847,
2023,008370,원풍,KOSDAQ,2131,4.66000,0.03131,0.00967,-0.02710,220.00000,-0.02710,-0.02722,0.00336,-0.04182,-0.05889,-0.01182,-0.05075,-0.07090,-0.02103,-0.06317,-0.06895,-0.03384,-0.04506,-0.06273,-0.01516,-0.06654,-0.10508,-0.03731,200.00000,4426.22040,0.04970,0.04206,0.02687,0.01767,0.00486,0.02354,0.00139,0.54523
2023,044340,위닉스,KOSDAQ,982,3.92000,0.04518,0.02354,-0.02620,300.00000,-0.02620,-0.02632,0.01779,-0.01108,-0.02814,0.03360,-0.02238,-0.04253,0.02179,-0.04678,-0.05256,-0.00372,-0.15630,-0.17398,-0.11819,-0.13786,-0.17641,-0.09892,400.00000,10665.07665,0.02813,0.03824,0.05404,0.04224,0.01673,-0.09774,-0.07847,0.93142
2023,136540,윈스테크넷,KOSDAQ,1029,4.12000,0.02956,0.00793,-0.02720,500.00000,-0.02720,-0.02732,0.00156,-0.03839,-0.05545,-0.00996,-0.00867,-0.02882,0.02064,0.06508,0.05930,0.09657,0.02677,0.00910,0.05712,0.03405,-0.00449,0.06462,500.00000,12494.72012,0.04002,0.03207,0.02055,0.05115,0.12707,0.08763,0.09512,0.67971
2023,077500,유니퀘스트,KOSPI,1343,3.77000,0.08663,0.06500,0.07450,200.00000,0.07450,0.07438,0.16759,0.01893,0.00187,0.10720,0.07089,0.05073,0.16367,0.63932,0.63355,0.78135,0.44213,0.42445,0.56706,0.37578,0.33723,0.49497,200.00000,5764.64058,0.03469,0.19359,0.13320,0.18967,0.80735,0.59306,0.52097,-2.14733
2023,003470,유안타증권,KOSPI,421,4.26000,-0.01180,-0.03343,-0.01760,180.00000,-0.01760,-0.01772,-0.02919,-0.03525,-0.05231,-0.04663,-0.02942,-0.04958,-0.04088,-0.04905,-0.05483,-0.06027,0.05280,0.03513,0.04038,0.06275,0.02420,0.05021,110.00000,2551.69585,0.07054,0.02714,0.00969,0.01545,-0.00394,0.09671,0.10654,0.24950
2023,023410,유진기업,KOSDAQ,711,4.84000,0.02547,0.00384,-0.04170,170.00000,-0.04170,-0.04182,-0.01729,-0.06254,-0.07961,-0.03867,-0.06110,-0.08126,-0.03719,-0.05974,-0.06552,-0.03579,0.04840,0.03072,0.07510,0.02469,-0.01385,0.05079,170.00000,3601.86273,0.04720,0.01929,-0.00209,-0.00061,0.00079,0.11168,0.08737,0.88352
2023,214320,이노션,KOSPI,492,10.62000,0.05158,0.02994,-0.01170,1175.00000,-0.01170,-0.01182,0.03927,-0.02816,-0.04522,0.02196,-0.04462,-0.06477,0.00466,0.00936,0.00358,0.06142,0.02336,0.00569,0.07614,0.05389,0.01535,0.10825,2150.00000,21288.98467,0.05519,0.08262,0.06530,0.04800,0.10476,0.11948,0.15159,0.21198
2023,041520,이엘씨,KOSDAQ,1657,4.34000,0.07218,0.05054,-0.02290,300.00000,-0.02290,-0.02302,0.04763,-0.03773,-0.05479,0.03172,-0.09700,-0.11716,-0.03182,-0.13209,-0.13787,-0.06944,-0.13886,-0.15653,-0.07670,0.02968,-0.00887,0.10400,300.00000,7411.37708,0.04048,0.07852,0.06262,-0.00093,-0.03855,-0.04581,0.13489,0.56574
2023,005950,이수화학,KOSPI,569,3.26000,-0.12981,-0.15145,0.01570,0.00000,0.01570,0.01558,-0.11615,0.04118,0.02412,-0.09397,-0.00154,-0.02170,-0.13115,-0.05998,-0.06575,-0.18200,0.03953,0.02186,-0.09541,0.02692,-0.01162,-0.10638,500.00000,13346.47297,0.00000,-0.11950,-0.09732,-0.13450,-0.18535,-0.09876,-0.10973,
2023,067010,이씨에스,KOSDAQ,2194,3.20000,-0.04406,-0.06570,-0.00280,120.00000,-0.00280,-0.00292,-0.04674,0.00420,-0.01286,-0.04005,0.01531,-0.00485,-0.02943,0.07658,0.07081,0.02915,0.03453,0.01686,-0.01106,0.02911,-0.00943,-0.01623,120.00000,3584.76684,0.03347,-0.02177,-0.01508,-0.00446,0.05412,0.01391,0.00874,0.08364
2023,123570,이엠넷,KOSDAQ,1927,3.12000,0.29283,0.27119,-0.03490,50.00000,-0.03490,-0.03502,0.24771,-0.04569,-0.06275,0.23376,-0.10598,-0.12614,0.15581,-0.09412,-0.09990,0.17115,-0.02440,-0.04207,0.26128,0.01842,-0.02013,0.31664,90.00000,3729.30827,0.01341,0.25570,0.24175,0.16380,0.17914,0.26927,0.32463,2.60306
2023,216050,인크로스,KOSDAQ,1214,3.76000,0.05023,0.02860,-0.02390,321.00000,-0.02390,-0.02402,0.02513,-0.04326,-0.06032,0.00480,0.08649,0.06633,0.14106,0.04421,0.03844,0.09667,0.00742,-0.01026,0.05802,-0.06871,-0.10725,-0.02193,389.00000,10865.43908,0.02954,0.04678,0.02644,0.16271,0.11831,0.07967,-0.00029,0.80898
2023,129260,인터지스,KOSPI,1796,4.83000,-0.02029,-0.04193,-0.02050,100.00000,-0.02050,-0.02062,-0.04037,-0.04724,-0.06430,-0.06657,0.04306,0.02290,0.02189,-0.02275,-0.02853,-0.04258,-0.02883,-0.04651,-0.04854,-0.03910,-0.07764,-0.05859,120.00000,2434.06419,0.04108,-0.00897,-0.03516,0.05330,-0.01117,-0.01713,-0.02719,0.49898
2023,003120,일성아이에스,KOSPI,674,18.67000,0.27072,0.24909,-0.12840,1500.00000,-0.12840,-0.12852,0.10756,-0.18349,-0.20055,0.03756,-0.22749,-0.24764,-0.01835,-0.22010,-0.22587,-0.00896,-0.15604,-0.17371,0.07244,-0.20745,-0.24599,0.00711,4005.00000,27258.98967,0.05503,0.15077,0.08076,0.02486,0.03424,0.11565,0.05032,2.33337
2023,003200,일신방직,KOSPI,889,5.69000,0.03512,0.01349,-0.00110,100.00000,-0.00110,-0.00122,0.03398,-0.03951,-0.05657,-0.00578,-0.03629,-0.05645,-0.00244,-0.07370,-0.07948,-0.04117,-0.01332,-0.03099,0.02134,-0.00007,-0.03861,0.03505,500.00000,9095.98119,0.01099,0.03993,0.00018,0.00351,-0.03522,0.02729,0.04100,0.10006
2023,015860,일진홀딩스,KOSPI,954,3.90000,0.02083,-0.00081,-0.00760,150.00000,-0.00760,-0.00772,0.01307,-0.05721,-0.07427,-0.03757,-0.06102,-0.08117,-0.04146,-0.05463,-0.06040,-0.03494,0.05473,0.03706,0.07670,0.12850,0.08995,0.15200,150.00000,3926.26701,0.03820,0.04204,-0.00860,-0.01249,-0.00597,0.10567,0.18097,0.19893
2023,317400,자이에스앤디,KOSPI,915,5.85000,0.02336,0.00172,-0.03810,150.00000,-0.03810,-0.03822,-0.01563,-0.07243,-0.08949,-0.05077,-0.06292,-0.08308,-0.04103,-0.12856,-0.13434,-0.10821,-0.12280,-0.14047,-0.10231,-0.18750,-0.22604,-0.16852,300.00000,5247.98808,0.02858,0.00520,-0.02994,-0.02020,-0.08738,-0.08148,-0.14769,1.33299
2023,208140,정다운,KOSDAQ,1583,3.59000,0.01427,-0.00736,-0.01770,300.00000,-0.01770,-0.01782,-0.00368,-0.07271,-0.08977,-0.05947,-0.08686,-0.10702,-0.07383,-0.11176,-0.11754,-0.09909,-0.06927,-0.08694,-0.05599,0.07037,0.03183,0.08565,100.00000,2825.27035,0.10618,0.08280,0.02701,0.01265,-0.01260,0.03049,0.17213,0.16669
2023,147830,제룡산업,KOSDAQ,1694,3.70000,-0.06300,-0.08464,-0.04870,200.00000,-0.04870,-0.04882,-0.10863,-0.03024,-0.04730,-0.09134,-0.05002,-0.07017,-0.10987,-0.09351,-0.09929,-0.15062,-0.10813,-0.12581,-0.16432,-0.01438,-0.05293,-0.07648,150.00000,3798.63744,0.05265,-0.06744,-0.05015,-0.06868,-0.10943,-0.12313,-0.03529,0.92497
2023,194370,제이에스코퍼레이션,KOSPI,857,5.25000,0.07809,0.05645,-0.00690,900.00000,-0.00690,-0.00702,0.07065,-0.01768,-0.03474,0.05903,0.01496,-0.00520,0.09421,0.14309,0.13732,0.23235,0.05890,0.04123,0.14159,-0.01398,-0.05253,0.06301,850.00000,17454.74091,0.05156,0.11092,0.09930,0.13448,0.27262,0.18186,0.10328,0.13382
2023,094970,제이엠티,KOSDAQ,1945,3.98000,0.08229,0.06065,-0.00370,50.00000,-0.00370,-0.00382,0.07829,0.08961,0.07255,0.17928,0.11287,0.09271,0.20445,0.13010,0.12432,0.22310,0.27135,0.25368,0.37597,0.68366,0.64512,0.82221,150.00000,4078.98690,0.01226,0.08531,0.18630,0.21147,0.23012,0.38299,0.82923,0.30185
2023,030000,제일기획,KOSPI,141,5.88000,0.03977,0.01814,-0.06630,1110.00000,-0.06630,-0.06642,-0.02917,-0.07124,-0.08830,-0.03430,-0.10172,-0.12188,-0.06599,-0.07809,-0.08387,-0.04143,-0.09221,-0.10988,-0.05611,-0.08234,-0.12089,-0.04585,1150.00000,20335.67046,0.05458,0.01366,0.00852,-0.02316,0.00140,-0.01328,-0.00302,1.21464
2023,013890,지누스,KOSPI,649,3.37000,0.01840,-0.00324,-0.01370,90.00000,-0.01370,-0.01382,0.00444,-0.02440,-0.04146,-0.00645,-0.07546,-0.09562,-0.05845,-0.17710,-0.18287,-0.16196,-0.06506,-0.08273,-0.04786,-0.12297,-0.16151,-0.10684,530.00000,16016.31943,0.00562,0.00585,-0.00504,-0.05705,-0.16055,-0.04645,-0.10543,2.43804
2023,036890,진성티이씨,KOSDAQ,834,3.01000,0.05311,0.03147,0.01050,200.00000,0.01050,0.01038,0.06417,-0.04381,-0.06087,0.00698,-0.04766,-0.06782,0.00292,-0.07426,-0.08003,-0.02509,-0.10659,-0.12426,-0.05914,-0.05060,-0.08915,-0.00018,300.00000,10496.12556,0.01905,0.07694,0.01975,0.01569,-0.01232,-0.04637,0.01259,-0.55105
2023,100250,진양홀딩스,KOSPI,986,6.19000,0.02328,0.00165,-0.02720,200.00000,-0.02720,-0.02732,-0.00455,-0.05006,-0.06712,-0.02794,-0.04244,-0.06260,-0.02015,-0.07431,-0.08008,-0.05276,-0.03658,-0.05425,-0.01415,-0.00165,-0.04020,0.02159,200.00000,3306.24299,0.06049,0.04327,0.01989,0.02768,-0.00493,0.03368,0.06942,0.44965
2023,004650,창해에탄올,KOSDAQ,1598,5.12000,0.00498,-0.01665,-0.01730,600.00000,-0.01730,-0.01742,-0.01240,-0.04893,-0.06599,-0.04419,-0.06222,-0.08238,-0.05755,-0.05703,-0.06280,-0.05233,-0.04271,-0.06038,-0.03794,-0.06304,-0.10159,-0.05838,500.00000,9814.27921,0.06114,0.03597,0.00418,-0.00918,-0.00396,0.01043,-0.01001,0.28298
2023,039420,케이엘넷,KOSDAQ,1952,3.09000,0.03474,0.01310,-0.01310,80.00000,-0.01310,-0.01322,0.02118,-0.02621,-0.04327,0.00762,-0.02057,-0.04072,0.01346,0.03175,0.02598,0.06759,0.03359,0.01592,0.06950,0.00747,-0.03108,0.04246,80.00000,2678.93502,0.02986,0.04310,0.02953,0.03537,0.08951,0.09141,0.06438,0.43868
2023,381970,KG모빌리티플랫폼,KOSPI,406,6.79000,0.05718,0.03554,-0.01440,760.00000,-0.01440,-0.01452,0.04195,-0.04305,-0.06011,0.01166,-0.06587,-0.08603,-0.01247,-0.05231,-0.05809,0.00187,0.04734,0.02967,0.10723,0.18835,0.14980,0.25629,760.00000,11832.89542,0.06423,0.09294,0.06265,0.03852,0.05286,0.15821,0.30728,0.22420
2023,003690,코리안리,KOSPI,240,5.56000,-0.07751,-0.09915,0.00000,540.00000,0.00000,-0.00012,-0.07751,-0.03654,-0.05360,-0.11122,-0.01549,-0.03565,-0.09181,0.01675,0.01097,-0.06206,0.10943,0.09176,0.02344,0.14574,0.10720,0.05694,430.00000,7134.35264,0.07569,-0.01683,-0.05054,-0.03112,-0.00138,0.08412,0.11762,
2023,029960,코엔텍,KOSDAQ,554,7.05000,0.01275,-0.00889,-0.03620,500.00000,-0.03620,-0.03632,-0.02391,-0.04734,-0.06440,-0.03519,-0.04449,-0.06464,-0.03230,-0.08493,-0.09071,-0.07327,-0.06255,-0.08022,-0.05060,-0.04448,-0.08302,-0.03229,500.00000,7182.61629,0.06961,0.03163,0.02035,0.02324,-0.01773,0.00494,0.02325,0.52002
2023,002020,코오롱,KOSPI,847,3.17000,0.01152,-0.01012,-0.00910,550.00000,-0.00910,-0.00922,0.00231,-0.04493,-0.06199,-0.03392,-0.04433,-0.06449,-0.03332,-0.09225,-0.09803,-0.08179,-0.01815,-0.03583,-0.00685,-0.01350,-0.05205,-0.00214,550.00000,17550.00407,0.03134,0.02548,-0.01076,-0.01016,-0.05863,0.01632,0.02102,0.29037
2023,003070,코오롱글로벌,KOSPI,832,3.37000,-0.00923,-0.03086,-0.01020,400.00000,-0.01020,-0.01032,-0.01933,-0.08767,-0.10474,-0.09609,-0.08341,-0.10357,-0.09187,-0.20078,-0.20656,-0.20816,-0.16933,-0.18700,-0.17700,-0.23744,-0.27598,-0.24448,400.00000,11759.90537,0.03401,0.00609,-0.07067,-0.06644,-0.18273,-0.15157,-0.21905,0.29988
2023,120110,코오롱인더,KOSPI,224,3.02000,0.05125,0.02962,-0.03090,1300.00000,-0.03090,-0.03102,0.01877,-0.00443,-0.02149,0.04660,-0.07076,-0.09092,-0.02314,-0.10608,-0.11186,-0.06027,-0.12504,-0.14271,-0.08019,-0.16158,-0.20012,-0.11861,1300.00000,45252.61393,0.02873,0.03972,0.06755,-0.00218,-0.03931,-0.05924,-0.09766,1.07562
2023,052330,코텍,KOSDAQ,1528,4.00000,0.07384,0.05220,-0.02380,200.00000,-0.02380,-0.02392,0.04828,-0.01625,-0.03331,0.05639,-0.02205,-0.04221,0.05016,-0.03548,-0.04126,0.03574,0.05092,0.03325,0.12852,0.12674,0.08819,0.20993,250.00000,6711.49040,0.02980,0.07014,0.07825,0.07202,0.05760,0.15038,0.23179,0.79867
2023,192400,쿠쿠홀딩스,KOSPI,384,4.91000,0.03923,0.01760,-0.03190,1100.00000,-0.03190,-0.03202,0.00608,-0.06445,-0.08151,-0.02774,-0.06626,-0.08642,-0.02963,-0.08107,-0.08685,-0.04502,-0.03713,-0.05480,0.00065,0.09056,0.05201,0.13334,800.00000,16932.49522,0.06496,0.05769,0.02387,0.02198,0.00659,0.05226,0.18495,0.49104
2023,284740,쿠쿠홈시스,KOSPI,423,3.05000,-0.04803,-0.06967,-0.01140,800.00000,-0.01140,-0.01152,-0.05888,-0.03882,-0.05588,-0.08498,-0.04573,-0.06589,-0.09157,-0.08462,-0.09040,-0.12859,-0.07111,-0.08878,-0.11572,0.02740,-0.01114,-0.02195,700.00000,21848.48080,0.03662,-0.03126,-0.05736,-0.06394,-0.10096,-0.08810,0.00568,0.31134
2023,405100,큐알티,KOSDAQ,962,3.06000,-0.06486,-0.08650,0.00610,480.00000,0.00610,0.00598,-0.05916,0.06805,0.05098,-0.00123,0.09063,0.07047,0.01989,0.82545,0.81967,0.70704,1.54087,1.52320,1.37606,1.23428,1.19574,1.08936,480.00000,14668.80850,0.03272,-0.03483,0.02310,0.04422,0.73138,1.40040,1.11369,-0.18642
2023,096240,크레버스,KOSDAQ,910,10.23000,-0.01974,-0.04137,-0.04760,2000.00000,-0.04760,-0.04772,-0.06640,-0.04695,-0.06401,-0.06576,-0.04869,-0.06885,-0.06747,-0.05609,-0.06186,-0.07472,0.00904,-0.00863,-0.01087,0.08513,0.04658,0.06371,1800.00000,17248.05536,0.11596,0.02835,0.02899,0.02728,0.02003,0.08387,0.15846,0.41050
2023,039490,키움증권,KOSPI,127,3.25000,0.09422,0.07259,-0.03470,3000.00000,-0.03470,-0.03482,0.05625,-0.06539,-0.08245,0.02267,-0.08222,-0.10238,0.00425,-0.08116,-0.08693,0.00542,0.22382,0.20614,0.33913,0.23572,0.19718,0.35215,3000.00000,101005.09521,0.02970,0.07803,0.04445,0.02603,0.02719,0.36090,0.37393,1.16829
2023,015890,태경산업,KOSPI,920,4.44000,-0.00311,-0.02475,-0.02670,270.00000,-0.02670,-0.02682,-0.02973,-0.05344,-0.07050,-0.05638,-0.07272,-0.09288,-0.07561,-0.09208,-0.09786,-0.09491,-0.09792,-0.11559,-0.10072,-0.09328,-0.13182,-0.09610,300.00000,6735.73695,0.04008,0.00083,-0.02582,-0.04505,-0.06434,-0.07016,-0.06554,0.66609
2023,009410,태영건설,KOSPI,1160,6.11000,-0.18858,-0.21021,-0.19570,0.00000,-0.19570,-0.19582,-0.34737,0.03334,0.01628,-0.16153,0.02000,-0.00016,-0.17235,-0.20068,-0.20646,-0.35142,-0.19406,-0.21173,-0.34604,-0.22761,-0.26615,-0.37327,225.00000,2988.05926,0.00000,-0.35072,-0.16488,-0.17570,-0.35477,-0.34939,-0.37662,
2023,124560,태웅로직스,KOSDAQ,1239,4.43000,0.04303,0.02140,-0.01420,70.00000,-0.01420,-0.01432,0.02822,-0.01151,-0.02858,0.03103,0.27023,0.25008,0.32490,0.04794,0.04217,0.09304,-0.04563,-0.06330,-0.00456,-0.07793,-0.11647,-0.03824,150.00000,3531.72110,0.01982,0.04164,0.04444,0.33832,0.10646,0.00886,-0.02483,0.71643
2023,055490,테이팩스,KOSPI,1168,3.03000,-0.03193,-0.05357,-0.00170,300.00000,-0.00170,-0.00182,-0.03358,-0.04872,-0.06578,-0.07910,-0.06088,-0.08104,-0.09087,-0.12355,-0.12933,-0.15154,-0.18970,-0.20737,-0.21558,-0.13384,-0.17238,-0.16150,900.00000,28754.49182,0.01043,-0.02810,-0.07362,-0.08540,-0.14606,-0.21010,-0.15602,0.16294
2023,204610,티쓰리,KOSDAQ,1548,4.25000,-0.12459,-0.14623,-0.01210,60.00000,-0.01210,-0.01222,-0.13518,0.02100,0.00394,-0.10621,0.00974,-0.01042,-0.11607,0.02834,0.02257,-0.09978,0.06961,0.05194,-0.06365,0.11597,0.07743,-0.02307,60.00000,1235.87268,0.04855,-0.09746,-0.06849,-0.07834,-0.06205,-0.02593,0.01465,0.24923
2023,363280,티와이홀딩스,KOSPI,759,3.00000,-0.10008,-0.12172,-0.07110,0.00000,-0.07110,-0.07122,-0.16407,-0.01997,-0.03703,-0.11805,-0.02215,-0.04231,-0.12001,-0.13318,-0.13895,-0.21993,-0.15192,-0.16959,-0.23679,-0.29634,-0.33488,-0.36676,150.00000,4499.58937,0.00000,-0.16742,-0.12140,-0.12336,-0.22328,-0.24014,-0.37011,
2023,091700,파트론,KOSDAQ,433,3.51000,-0.02702,-0.04865,-0.02410,250.00000,-0.02410,-0.02422,-0.05046,-0.01328,-0.03034,-0.03994,-0.03730,-0.05746,-0.06331,-0.02171,-0.02749,-0.04814,-0.04593,-0.06360,-0.07170,-0.05677,-0.09531,-0.08225,300.00000,8316.10787,0.03006,-0.02838,-0.01786,-0.04123,-0.02606,-0.04962,-0.06017,0.80167
2023,028670,팬오션,KOSPI,128,3.31000,-0.18239,-0.20403,-0.02030,85.00000,-0.02030,-0.02042,-0.19899,-0.01495,-0.03201,-0.19462,-0.02850,-0.04866,-0.20569,-0.02179,-0.02756,-0.20021,0.22148,0.20381,-0.00131,0.15263,0.11408,-0.05761,150.00000,3705.16438,0.02294,-0.18293,-0.17856,-0.18964,-0.18415,0.01475,-0.04155,0.88488
2023,189690,포시에스,KOSDAQ,1814,3.74000,-0.08211,-0.10374,0.04070,100.00000,0.04070,0.04058,-0.04475,0.08752,0.07045,-0.00178,0.14664,0.12648,0.05249,0.49283,0.48706,0.37026,0.20575,0.18808,0.10675,0.22823,0.18969,0.12738,100.00000,2454.25580,0.04075,-0.01363,0.02934,0.08361,0.40138,0.13787,0.15850,-0.99888
2023,007330,푸른저축은행,KOSDAQ,1201,7.28000,0.03026,0.00863,-0.07170,650.00000,-0.07170,-0.07182,-0.04361,-0.07815,-0.09521,-0.05026,-0.07817,-0.09832,-0.05027,-0.10862,-0.11439,-0.08164,0.02747,0.00980,0.05857,0.01677,-0.02177,0.04754,650.00000,9198.76766,0.07066,0.01282,0.00617,0.00616,-0.02521,0.11500,0.10397,1.01469
2023,093380,풍강,KOSDAQ,2314,3.40000,-0.00014,-0.02178,0.00260,200.00000,0.00260,0.00248,0.00246,-0.00003,-0.01709,-0.00017,-0.00004,-0.02020,-0.00019,-0.03397,-0.03975,-0.03411,-0.02344,-0.04111,-0.02358,-0.06405,-0.10260,-0.06419,130.00000,3822.98020,0.05232,0.04336,0.04074,0.04072,0.00680,0.01733,-0.02328,-0.04970
2023,005810,풍산홀딩스,KOSPI,549,3.64000,0.05031,0.02868,-0.03070,1400.00000,-0.03070,-0.03082,0.01807,-0.01342,-0.03048,0.03622,-0.02943,-0.04959,0.01940,-0.06006,-0.06584,-0.01277,0.13856,0.12089,0.19584,0.18268,0.14413,0.24218,1300.00000,37511.15813,0.03732,0.04629,0.06444,0.04762,0.01545,0.22407,0.27040,0.82257
2023,075130,플랜티넷,KOSDAQ,2290,4.19000,0.03569,0.01405,-0.02830,100.00000,-0.02830,-0.02842,0.00638,-0.03436,-0.05142,0.00010,-0.05062,-0.07078,-0.01674,0.01002,0.00424,0.04607,0.00197,-0.01571,0.03773,-0.02848,-0.06702,0.00619,100.00000,2471.81373,0.04046,0.03726,0.03098,0.01414,0.07694,0.06860,0.03707,0.69952
2023,051380,피씨디렉트,KOSDAQ,2133,4.47000,0.24719,0.22555,0.01790,100.00000,0.01790,0.01778,0.26951,0.00952,-0.00754,0.25905,-0.08963,-0.10979,0.13540,-0.11719,-0.12296,0.10103,-0.17575,-0.19342,0.02799,-0.16261,-0.20115,0.04438,300.00000,8370.36991,0.01195,0.27627,0.26581,0.14215,0.10779,0.03475,0.05113,-1.49830
2023,128660,피제이메탈,KOSDAQ,1579,3.66000,0.02723,0.00560,-0.03560,150.00000,-0.03560,-0.03572,-0.00934,-0.05010,-0.06716,-0.02423,-0.05527,-0.07542,-0.02954,-0.09877,-0.10455,-0.07423,-0.11065,-0.12832,-0.08643,-0.06838,-0.10692,-0.04301,135.00000,3788.97625,0.03959,0.02081,0.00591,0.00060,-0.04409,-0.05629,-0.01286,0.89925
2023,086790,하나금융지주,KOSPI,29,8.04000,0.04324,0.02161,-0.01500,3400.00000,-0.01500,-0.01512,0.02760,-0.04491,-0.06197,-0.00361,-0.04611,-0.06626,-0.00486,0.03197,0.02619,0.07659,0.25882,0.24115,0.31326,0.35527,0.31672,0.41387,3350.00000,43468.52004,0.07822,0.09042,0.05921,0.05797,0.13942,0.37608,0.47670,0.19177
2023,293480,하나제약,KOSPI,788,3.76000,0.04634,0.02470,-0.01970,510.00000,-0.01970,-0.01982,0.02573,0.00009,-0.01697,0.04644,-0.00700,-0.02716,0.03901,-0.03728,-0.04306,0.00733,-0.03657,-0.05424,0.00807,-0.02395,-0.06249,0.02128,510.00000,14192.36105,0.03593,0.05278,0.07349,0.06606,0.03438,0.03513,0.04833,0.54821
2023,000080,하이트진로,KOSPI,184,4.30000,0.05654,0.03491,-0.05780,950.00000,-0.05780,-0.05792,-0.00452,-0.04921,-0.06627,0.00455,-0.06638,-0.08654,-0.01359,-0.05983,-0.06560,-0.00666,-0.13287,-0.15054,-0.08384,-0.11569,-0.15423,-0.06568,950.00000,23342.26333,0.04070,0.02656,0.03563,0.01749,0.02442,-0.05276,-0.03460,1.42019
2023,071050,한국금융지주,KOSPI,104,3.84000,0.05338,0.03175,-0.04910,2650.00000,-0.04910,-0.04922,0.00166,-0.13623,-0.15329,-0.09012,-0.10930,-0.12946,-0.06176,-0.07111,-0.07688,-0.02152,0.09377,0.07610,0.15216,0.08902,0.05048,0.14715,2300.00000,63093.20538,0.04200,0.03384,-0.05794,-0.02957,0.01066,0.18434,0.17934,1.16901
2023,002960,한국쉘석유,KOSPI,618,7.44000,0.00398,-0.01766,-0.07000,25000.00000,-0.07000,-0.07012,-0.06630,-0.06788,-0.08494,-0.06417,-0.06790,-0.08806,-0.06419,-0.06990,-0.07568,-0.06620,-0.02444,-0.04211,-0.02056,0.04141,0.00287,0.04555,18000.00000,242897.54569,0.10292,0.01742,0.01955,0.01953,0.01752,0.06316,0.12927,0.68011
2023,000240,한국앤컴퍼니,KOSPI,207,4.45000,0.14999,0.12836,-0.08750,700.00000,-0.08750,-0.08762,0.04937,-0.10718,-0.12424,0.02674,-0.09335,-0.11351,0.04264,-0.08140,-0.08718,0.05638,0.00335,-0.01433,0.15384,-0.02524,-0.06378,0.12097,650.00000,16797.67226,0.04167,0.08127,0.05865,0.07454,0.08829,0.18575,0.15287,2.09971
2023,123890,한국자산신탁,KOSPI,489,6.73000,-0.01525,-0.03689,-0.01240,220.00000,-0.01240,-0.01252,-0.02746,-0.03411,-0.05117,-0.04884,-0.03102,-0.05118,-0.04580,-0.02944,-0.03521,-0.04424,0.04523,0.02756,0.02929,-0.01694,-0.05548,-0.03193,220.00000,3219.08311,0.06834,0.02700,0.00562,0.00867,0.01023,0.08376,0.02254,0.18144
2023,000970,한국주철관,KOSPI,1096,5.81000,0.02752,0.00588,-0.03530,400.00000,-0.03530,-0.03542,-0.00875,-0.08763,-0.10469,-0.06253,-0.08191,-0.10207,-0.05665,-0.11154,-0.11732,-0.08710,-0.08770,-0.10537,-0.06260,-0.07756,-0.11610,-0.05218,400.00000,7074.12970,0.05654,0.03573,-0.01804,-0.01216,-0.04261,-0.01811,-0.00769,0.62429
2023,104700,한국철강,KOSPI,702,4.64000,0.03409,0.01245,-0.01200,400.00000,-0.01200,-0.01212,0.02168,-0.06450,-0.08156,-0.03261,-0.03603,-0.05619,-0.00317,-0.04347,-0.04925,-0.01087,0.05249,0.03482,0.08836,0.38938,0.35084,0.43674,300.00000,6685.91575,0.05983,0.06894,0.01466,0.04409,0.03640,0.13563,0.48400,0.20058
2023,023760,한국캐피탈,KOSDAQ,973,4.80000,0.02571,0.00407,-0.02170,28.00000,-0.02170,-0.02182,0.00345,0.00163,-0.01543,0.02738,0.00997,-0.01018,0.03594,0.00810,0.00232,0.03401,0.06979,0.05212,0.09730,0.02802,-0.01053,0.05445,28.00000,598.33013,0.04680,0.03969,0.06362,0.07218,0.07025,0.13354,0.09069,0.46371
2023,054040,한국컴퓨터,KOSDAQ,1633,4.63000,0.02962,0.00798,-0.04860,300.00000,-0.04860,-0.04872,-0.02042,0.03411,0.01705,0.06475,0.03423,0.01407,0.06487,-0.01621,-0.02199,0.01293,0.21940,0.20173,0.25552,0.17804,0.13950,0.21294,250.00000,5559.51078,0.05396,0.02188,0.10705,0.10717,0.05523,0.29782,0.25524,0.90064
2023,024720,콜마홀딩스,KOSPI,720,4.14000,0.11597,0.09434,-0.03090,180.00000,-0.03090,-0.03102,0.08149,-0.02225,-0.03931,0.09115,-0.00746,-0.02762,0.10765,-0.02228,-0.02805,0.09111,-0.07911,-0.09678,0.02769,0.03721,-0.00133,0.15750,300.00000,8086.75275,0.02226,0.09697,0.10663,0.12313,0.10659,0.04317,0.17298,1.38823
2023,034830,한국토지신탁,KOSPI,628,7.33000,-0.00543,-0.02707,-0.02790,70.00000,-0.02790,-0.02802,-0.03318,-0.07471,-0.09177,-0.07974,-0.09448,-0.11464,-0.09940,-0.11500,-0.12078,-0.11981,-0.11593,-0.13360,-0.12073,-0.15095,-0.18949,-0.15556,90.00000,1221.15911,0.05732,0.01196,-0.03460,-0.05426,-0.07466,-0.07559,-0.11042,0.48672
2023,052600,한네트,KOSDAQ,2096,3.23000,0.09050,0.06886,-0.02570,150.00000,-0.02570,-0.02582,0.06247,0.00192,-0.01514,0.09259,0.01376,-0.00639,0.10551,-0.06740,-0.07317,0.01700,-0.09111,-0.10879,-0.00886,-0.08913,-0.12768,-0.00670,150.00000,5064.24092,0.02962,0.08418,0.11430,0.12722,0.03871,0.01285,0.01501,0.86767
2023,002390,한독,KOSPI,997,3.11000,0.07450,0.05287,-0.00720,300.00000,-0.00720,-0.00732,0.06677,0.00871,-0.00835,0.08386,0.02031,0.00015,0.09632,-0.03096,-0.03674,0.04123,0.00167,-0.01601,0.07629,0.03204,-0.00651,0.10893,400.00000,13819.98311,0.02171,0.08178,0.09888,0.11134,0.05625,0.09131,0.12394,0.33168
2023,020000,한섬,KOSPI,455,3.95000,0.04369,0.02205,-0.03990,750.00000,-0.03990,-0.04002,0.00205,0.01401,-0.00305,0.05831,0.00545,-0.01471,0.04938,-0.11396,-0.11974,-0.07525,-0.02050,-0.03817,0.02229,0.00876,-0.02978,0.05283,750.00000,19816.87212,0.03785,0.03071,0.08698,0.07804,-0.04658,0.05096,0.08150,1.05426
2023,016450,한세예스24홀딩스,KOSPI,931,5.11000,0.04295,0.02131,-0.04120,250.00000,-0.04120,-0.04132,-0.00002,-0.06872,-0.08578,-0.02872,-0.09812,-0.11828,-0.05939,-0.12160,-0.12737,-0.08387,-0.07940,-0.09707,-0.03985,-0.05680,-0.09535,-0.01629,250.00000,5102.49970,0.04900,0.03808,0.00938,-0.02129,-0.04577,-0.00175,0.02181,0.84089
2023,213500,한솔제지,KOSPI,773,6.74000,0.02510,0.00346,-0.01500,500.00000,-0.01500,-0.01512,0.00972,-0.01593,-0.03299,0.00877,-0.01887,-0.03903,0.00575,-0.01988,-0.02566,0.00472,0.00754,-0.01013,0.03283,-0.02065,-0.05919,0.00393,700.00000,10646.42499,0.04696,0.04610,0.04516,0.04213,0.04110,0.06921,0.04031,0.31939
2023,004960,한신공영,KOSPI,1650,4.08000,-0.01915,-0.04079,-0.00550,100.00000,-0.00550,-0.00562,-0.02455,-0.01509,-0.03215,-0.03396,-0.00270,-0.02285,-0.02180,-0.02918,-0.03496,-0.04778,-0.01681,-0.03448,-0.03564,-0.06803,-0.10658,-0.08588,300.00000,7212.10218,0.01387,-0.01617,-0.02558,-0.01342,-0.03940,-0.02726,-0.07750,0.39667
2023,045100,한양이엔지,KOSDAQ,704,3.94000,0.04656,0.02493,-0.02380,600.00000,-0.02380,-0.02392,0.02165,-0.03138,-0.04844,0.01372,-0.01884,-0.03900,0.02685,0.02129,0.01551,0.06884,0.00509,-0.01258,0.05189,0.19060,0.15205,0.24603,600.00000,15937.51030,0.03765,0.05015,0.04222,0.05535,0.09734,0.08039,0.27453,0.63219
2023,018880,한온시스템,KOSPI,91,4.97000,0.00822,-0.01341,-0.03010,316.00000,-0.03010,-0.03022,-0.02212,-0.04527,-0.06233,-0.03742,-0.07136,-0.09151,-0.06372,-0.14660,-0.15238,-0.13958,-0.13687,-0.15454,-0.12977,-0.19432,-0.23287,-0.18770,360.00000,7303.02476,0.04327,0.01113,-0.00417,-0.03046,-0.10633,-0.09652,-0.15444,0.69564
2023,300720,한일시멘트,KOSPI,282,4.58000,0.05199,0.03035,-0.02630,800.00000,-0.02630,-0.02642,0.02432,-0.09598,-0.11304,-0.04898,-0.11243,-0.13259,-0.06629,-0.14318,-0.14896,-0.09864,-0.09459,-0.11226,-0.04752,-0.05692,-0.09546,-0.00789,580.00000,13322.08097,0.06005,0.07177,-0.00153,-0.01884,-0.05119,-0.00007,0.03956,0.43796
2023,006390,한일현대시멘트,KOSPI,641,3.83000,0.02364,0.00201,-0.02430,700.00000,-0.02430,-0.02442,-0.00123,-0.05921,-0.07627,-0.03697,-0.04788,-0.06804,-0.02537,-0.07525,-0.08103,-0.05339,-0.05093,-0.06861,-0.02850,-0.06977,-0.10831,-0.04777,600.00000,16036.16712,0.04365,0.03235,-0.00339,0.00821,-0.01981,0.00508,-0.01420,0.55668
2023,003300,한일홀딩스,KOSPI,553,6.95000,0.04244,0.02080,-0.06000,800.00000,-0.06000,-0.06012,-0.02011,-0.07510,-0.09216,-0.03585,-0.08591,-0.10606,-0.04711,-0.10160,-0.10738,-0.06348,0.06171,0.04404,0.10676,0.07941,0.04086,0.12521,800.00000,11999.26985,0.06667,0.03294,0.01720,0.00594,-0.01043,0.15982,0.17827,0.89995
2023,051600,한전KPS,KOSPI,180,3.75000,0.03441,0.01277,-0.04720,2158.00000,-0.04720,-0.04732,-0.01442,-0.07505,-0.09211,-0.04322,-0.07093,-0.09108,-0.03896,-0.04451,-0.05029,-0.01163,0.03204,0.01437,0.06755,0.01153,-0.02701,0.04634,1305.00000,35997.39843,0.05995,0.03295,0.00414,0.00841,0.03573,0.11492,0.09371,0.78734
2023,130660,한전산업,KOSPI,794,3.13000,0.01783,-0.00380,-0.01750,297.00000,-0.01750,-0.01762,0.00002,-0.01343,-0.03049,0.00417,0.01228,-0.00788,0.03033,0.01360,0.00782,0.03167,0.05010,0.03243,0.06882,0.00025,-0.03829,0.01809,228.00000,7414.24999,0.04006,0.03056,0.03471,0.06087,0.06221,0.09936,0.04863,0.43687
2023,101530,해태제과식품,KOSPI,1105,3.73000,0.03191,0.01027,-0.02890,200.00000,-0.02890,-0.02902,0.00209,-0.02343,-0.04049,0.00773,-0.02340,-0.04355,0.00776,-0.06140,-0.06717,-0.03145,-0.02330,-0.04098,0.00786,0.00560,-0.03294,0.03768,200.00000,5533.01647,0.03615,0.02932,0.03496,0.03499,-0.00422,0.03509,0.06491,0.79952
2023,214180,헥토이노베이션,KOSDAQ,1001,3.17000,0.12398,0.10235,-0.00130,360.00000,-0.00130,-0.00142,0.12252,-0.03149,-0.04855,0.08859,-0.04500,-0.06515,0.07341,-0.04422,-0.04999,0.07428,-0.08524,-0.10291,0.02818,-0.08792,-0.12646,0.02516,420.00000,14891.87087,0.02417,0.13962,0.10569,0.09051,0.09138,0.04528,0.04227,0.05378
2023,234340,헥토파이낸셜,KOSDAQ,1138,3.17000,0.67910,0.65746,-0.02080,350.00000,-0.02080,-0.02092,0.64418,0.00381,-0.01325,0.68550,0.02077,0.00062,0.71398,-0.11716,-0.12294,0.48237,-0.19478,-0.21245,0.35205,-0.32906,-0.36760,0.12657,500.00000,26484.24435,0.01322,0.65201,0.69333,0.72181,0.49021,0.35988,0.13440,1.57392
2023,086280,현대글로비스,KOSPI,58,3.28000,0.08686,0.06522,0.00110,6300.00000,0.00110,0.00098,0.08805,-0.05129,-0.06835,0.03111,-0.07463,-0.09479,0.00574,-0.11178,-0.11755,-0.03463,-0.00218,-0.01985,0.08449,-0.01771,-0.05626,0.06760,5700.00000,188874.52971,0.03336,0.11292,0.05598,0.03061,-0.00976,0.10936,0.09247,-0.03298
2023,005440,현대지에프홀딩스,KOSPI,365,5.53000,0.00533,-0.01631,-0.04840,200.00000,-0.04840,-0.04852,-0.04333,-0.08502,-0.10208,-0.08014,-0.09291,-0.11307,-0.08808,-0.07588,-0.08166,-0.07096,0.11396,0.09629,0.11989,0.12842,0.08988,0.13443,210.00000,3817.69429,0.05239,-0.00236,-0.03917,-0.04711,-0.02999,0.16086,0.17540,0.92388
2023,005380,현대차,KOSPI,7,3.80000,0.07881,0.05717,-0.00150,11400.00000,-0.00150,-0.00162,0.07719,-0.05775,-0.07482,0.01650,-0.06420,-0.08436,0.00954,-0.05755,-0.06332,0.01672,0.20010,0.18243,0.29468,0.22804,0.18950,0.32482,7000.00000,198727.48717,0.05736,0.12237,0.06168,0.05472,0.06190,0.33986,0.37000,0.02615
2023,001500,현대차증권,KOSPI,701,6.35000,0.00466,-0.01698,-0.01380,400.00000,-0.01380,-0.01392,-0.00921,-0.04355,-0.06061,-0.03910,-0.02524,-0.04540,-0.02070,-0.04019,-0.04597,-0.03572,0.05293,0.03526,0.05784,0.06578,0.02723,0.07074,550.00000,8701.76703,0.04597,0.02633,-0.00356,0.01484,-0.00018,0.09338,0.10628,0.30021
2023,011760,현대코퍼레이션,KOSPI,786,3.28000,0.04002,0.01838,-0.02310,600.00000,-0.02310,-0.02322,0.01600,-0.02826,-0.04532,0.01063,-0.03459,-0.05475,0.00405,-0.05961,-0.06539,-0.02198,-0.02998,-0.04765,0.00884,-0.06581,-0.10435,-0.02842,600.00000,19024.76113,0.03154,0.03933,0.03396,0.02738,0.00135,0.03218,-0.00509,0.73245
2023,227840,현대코퍼레이션홀딩스,KOSPI,1515,4.62000,0.03421,0.01258,-0.04020,500.00000,-0.04020,-0.04032,-0.00736,-0.05814,-0.07520,-0.02592,-0.05897,-0.07913,-0.02678,-0.05265,-0.05843,-0.02024,-0.01171,-0.02938,0.02210,-0.04037,-0.07891,-0.00754,500.00000,11192.79251,0.04467,0.02708,0.00852,0.00767,0.01420,0.05654,0.02690,0.89990
2023,001450,현대해상,KOSPI,115,6.30000,-0.00480,-0.02643,-0.01290,2063.00000,-0.01290,-0.01302,-0.01764,-0.03377,-0.05083,-0.03840,-0.03859,-0.05875,-0.04321,-0.02093,-0.02670,-0.02563,-0.00304,-0.02072,-0.00783,0.04215,0.00360,0.03715,1965.00000,31040.84946,0.06646,0.03524,0.01448,0.00967,0.02725,0.04505,0.09002,0.19410
2023,057050,현대홈쇼핑,KOSPI,417,6.03000,0.06031,0.03867,-0.06130,2800.00000,-0.06130,-0.06142,-0.00469,-0.05900,-0.07606,-0.00224,-0.09182,-0.11198,-0.03705,-0.09402,-0.09979,-0.03938,0.01000,-0.00767,0.07091,0.11195,0.07340,0.17901,2600.00000,45718.12882,0.06124,0.04378,0.04622,0.01141,0.00909,0.11938,0.22747,1.00090
2023,111110,호전실업,KOSPI,1750,3.80000,0.02536,0.00373,-0.03090,300.00000,-0.03090,-0.03102,-0.00632,-0.05197,-0.06903,-0.02792,-0.04459,-0.06474,-0.02035,-0.05804,-0.06382,-0.03415,-0.09516,-0.11284,-0.07221,-0.10617,-0.14472,-0.08350,300.00000,8094.98593,0.03706,0.02168,0.00008,0.00765,-0.00615,-0.04421,-0.05550,0.83378
2023,002460,HS화성,KOSPI,1414,4.71000,0.05651,0.03487,-0.02410,500.00000,-0.02410,-0.02422,0.03105,-0.06418,-0.08124,-0.01130,-0.06235,-0.08251,-0.00937,-0.06692,-0.07270,-0.01420,-0.02753,-0.04520,0.02743,-0.10524,-0.14379,-0.05468,500.00000,11215.59354,0.04458,0.06541,0.02306,0.02500,0.02017,0.06179,-0.02032,0.54059
2023,006060,화승인더,KOSPI,936,5.35000,0.00850,-0.01313,-0.01970,188.00000,-0.01970,-0.01982,-0.01137,-0.06900,-0.08606,-0.06109,-0.08732,-0.10748,-0.07956,-0.05360,-0.05937,-0.04555,-0.09851,-0.11618,-0.09085,-0.02064,-0.05918,-0.01232,188.00000,3543.89454,0.05305,0.03016,-0.01956,-0.03803,-0.00402,-0.04932,0.02921,0.37135
2023,127980,화인써키트,KOSDAQ,1597,6.45000,0.04857,0.02693,0.00250,400.00000,0.00250,0.00238,0.05119,0.03379,0.01673,0.08400,0.03381,0.01365,0.08401,0.11026,0.10448,0.16418,0.04767,0.03000,0.09855,0.02890,-0.00965,0.07887,490.00000,7965.84635,0.05021,0.09032,0.12313,0.12315,0.20331,0.13769,0.11800,-0.04979
2023,000850,화천기공,KOSPI,1822,7.60000,0.00617,-0.01546,-0.03470,1300.00000,-0.03470,-0.03482,-0.02874,-0.07097,-0.08803,-0.06524,-0.05893,-0.07909,-0.05312,-0.07108,-0.07686,-0.06535,-0.01212,-0.02979,-0.00602,0.00442,-0.03412,0.01062,2500.00000,33097.82973,0.03928,0.00114,-0.03536,-0.02324,-0.03547,0.02386,0.04050,0.88346
2023,004800,효성,KOSPI,195,6.58000,-0.00131,-0.02295,-0.08780,3000.00000,-0.08780,-0.08792,-0.08900,-0.09940,-0.11646,-0.10058,-0.09935,-0.11951,-0.10053,-0.10532,-0.11110,-0.10649,-0.13180,-0.14947,-0.13294,-0.15818,-0.19672,-0.15928,4500.00000,68299.44821,0.04392,-0.05519,-0.06677,-0.06672,-0.07268,-0.09913,-0.12547,1.99890
2023,298050,HS효성첨단소재,KOSPI,165,3.80000,0.06204,0.04040,-0.05130,6500.00000,-0.05130,-0.05142,0.00756,-0.09788,-0.11494,-0.04191,-0.14914,-0.16930,-0.09635,-0.18740,-0.19317,-0.13698,-0.18495,-0.20262,-0.13439,-0.19806,-0.23661,-0.14831,15000.00000,419226.36093,0.01550,0.01732,-0.03215,-0.08659,-0.12721,-0.12462,-0.13855,3.30866
2023,081660,미스토홀딩스,KOSPI,133,4.13000,0.00275,-0.01888,0.00650,1090.00000,0.00650,0.00638,0.00927,0.00122,-0.01584,0.00398,0.02209,0.00193,0.02490,0.04693,0.04115,0.04981,0.04838,0.03071,0.05126,0.00529,-0.03325,0.00806,1580.00000,38362.01075,0.02841,0.02996,0.02467,0.04559,0.07050,0.07195,0.02875,-0.22876
2023,005010,휴스틸,KOSPI,681,6.97000,0.00205,-0.01959,-0.01790,250.00000,-0.01790,-0.01802,-0.01589,-0.05171,-0.06877,-0.04976,-0.02690,-0.04705,-0.02490,-0.05169,-0.05746,-0.04974,-0.02103,-0.03870,-0.01902,0.00385,-0.03470,0.00591,350.00000,5031.81549,0.04968,0.02280,-0.01108,0.01378,-0.01106,0.01966,0.04459,0.36028
2023,010240,흥국,KOSDAQ,1811,3.70000,0.01516,-0.00647,-0.01990,240.00000,-0.01990,-0.02002,-0.00504,-0.03639,-0.05345,-0.02178,-0.05450,-0.07465,-0.04016,-0.10255,-0.10832,-0.08894,-0.05435,-0.07202,-0.04001,-0.07078,-0.10932,-0.05669,220.00000,6036.11423,0.03976,0.02525,0.00851,-0.00987,-0.05865,-0.00972,-0.02640,0.50049
2024,095570,AJ네트웍스,KOSPI,768,5.73000,-0.00628,-0.01620,-0.05660,270.00000,-0.05660,-0.04122,-0.06252,-0.08755,-0.12481,-0.09328,-0.10894,-0.14791,-0.11453,-0.19218,-0.20017,-0.19725,-0.17397,-0.21843,-0.17916,-0.20581,-0.22572,-0.21080,270.00000,4682.45599,0.05766,-0.01709,-0.04785,-0.06910,-0.15182,-0.13373,-0.16537,0.98158
2024,027410,BGF,KOSPI,541,3.36000,-0.02224,-0.03216,-0.00860,130.00000,-0.00860,0.00678,-0.03065,-0.00140,-0.03866,-0.02361,-0.01135,-0.05032,-0.03334,-0.05275,-0.06074,-0.07382,-0.04135,-0.08581,-0.06267,-0.02261,-0.04252,-0.04435,120.00000,3491.98641,0.03723,-0.00251,0.00453,-0.00519,-0.04567,-0.03453,-0.01621,0.23101
2024,282330,BGF리테일,KOSPI,156,3.79000,-0.02578,-0.03570,-0.02660,4100.00000,-0.02660,-0.01122,-0.05170,-0.00476,-0.04202,-0.03042,-0.02462,-0.06359,-0.04977,-0.04355,-0.05154,-0.06821,-0.05568,-0.10014,-0.08003,-0.02436,-0.04427,-0.04952,4100.00000,105390.24677,0.03890,-0.02214,-0.00086,-0.02020,-0.03864,-0.05047,-0.01996,0.68375
2024,138930,BNK금융지주,KOSPI,105,4.83000,0.00287,-0.00705,-0.01610,650.00000,-0.01610,-0.00072,-0.01328,-0.00951,-0.04678,-0.00667,0.05470,0.01572,0.05772,0.13964,0.13164,0.14290,0.01522,-0.02924,0.01813,-0.01322,-0.03312,-0.01039,510.00000,10589.28175,0.06138,0.03530,0.04191,0.10630,0.19148,0.06671,0.03819,0.26229
2024,001040,CJ,KOSPI,115,3.13000,0.06326,0.05334,-0.00780,3000.00000,-0.00780,0.00758,0.05496,-0.04203,-0.07929,0.01857,-0.06757,-0.10654,-0.00858,-0.07741,-0.08540,-0.01905,-0.01094,-0.05540,0.05162,0.17599,0.15609,0.25038,3000.00000,101909.71965,0.02944,0.07652,0.04013,0.01297,0.00251,0.07318,0.27194,0.26497
2024,016610,DB증권,KOSPI,751,3.88000,0.04658,0.03666,-0.03700,400.00000,-0.03700,-0.02162,0.00785,-0.02777,-0.06503,0.01751,-0.03146,-0.07044,0.01365,0.00367,-0.00432,0.05042,0.08522,0.04076,0.13576,0.01120,-0.00870,0.05830,200.00000,5394.71787,0.07415,0.06723,0.07689,0.07302,0.10979,0.19514,0.11768,0.49901
2024,005830,DB손해보험,KOSPI,57,4.85000,-0.03561,-0.04553,-0.01140,6800.00000,-0.01140,0.00398,-0.04661,-0.04650,-0.08377,-0.08046,-0.12915,-0.16812,-0.16017,-0.06170,-0.06969,-0.09512,-0.12904,-0.17350,-0.16006,-0.15358,-0.17349,-0.18372,5300.00000,105386.40261,0.06452,0.00463,-0.02922,-0.10893,-0.04388,-0.10882,-0.13249,0.17668
2024,139130,iM금융지주,KOSPI,179,6.20000,-0.04847,-0.05838,-0.01420,500.00000,-0.01420,0.00118,-0.06198,-0.01409,-0.05136,-0.06188,0.02613,-0.01285,-0.02361,0.08063,0.07264,0.02826,0.08430,0.03985,0.03175,0.07237,0.05246,0.02039,550.00000,8441.01657,0.05923,-0.01522,-0.01511,0.02315,0.07502,0.07851,0.06716,0.23972
2024,007340,DN오토모티브,KOSPI,235,3.25000,0.00644,-0.00347,-0.01880,1000.00000,-0.01880,-0.00342,-0.01248,0.02259,-0.01468,0.02917,0.01876,-0.02021,0.02532,0.12091,0.11292,0.12813,0.14780,0.10334,0.15520,0.12083,0.10092,0.12805,600.00000,18580.46474,0.05382,0.02970,0.07136,0.06750,0.17031,0.19738,0.17023,0.34931
2024,017940,E1,KOSPI,404,6.98000,-0.04061,-0.05053,-0.02970,3450.00000,-0.02970,-0.01432,-0.06911,-0.01978,-0.05705,-0.05959,-0.04092,-0.07989,-0.07987,-0.09598,-0.10397,-0.13269,-0.13130,-0.17576,-0.16658,-0.14824,-0.16814,-0.18283,5150.00000,70785.66287,0.04874,-0.03122,-0.02171,-0.04199,-0.09481,-0.12870,-0.14495,0.60937
2024,383220,F&F,KOSPI,146,3.18000,0.00927,-0.00064,-0.00740,1700.00000,-0.00740,0.00798,0.00181,0.12775,0.09048,0.13821,0.11846,0.07949,0.12883,0.16835,0.16036,0.17919,0.27575,0.23129,0.28758,0.15170,0.13179,0.16238,1700.00000,53954.94329,0.03151,0.02511,0.16151,0.15214,0.20249,0.31088,0.18568,0.23486
2024,114090,GKL,KOSPI,310,3.01000,-0.03236,-0.04227,-0.02560,282.00000,-0.02560,-0.01022,-0.05713,0.02468,-0.01259,-0.00848,0.03434,-0.00463,0.00087,0.01767,0.00967,-0.01526,-0.01328,-0.05774,-0.04521,-0.04308,-0.06298,-0.07404,353.00000,11348.09810,0.02485,-0.03946,0.00919,0.01855,0.00241,-0.02754,-0.05637,1.03018
2024,078930,GS,KOSPI,91,5.98000,-0.01923,-0.02914,-0.02800,2700.00000,-0.02800,-0.01262,-0.04669,-0.04020,-0.07746,-0.05865,-0.03901,-0.07798,-0.05748,-0.07205,-0.08004,-0.08989,-0.12936,-0.17382,-0.14610,-0.09022,-0.11013,-0.10772,2500.00000,41002.20075,0.06585,0.00567,-0.00630,-0.00512,-0.03753,-0.09374,-0.05536,0.42521
2024,083450,GST,KOSDAQ,658,3.57000,0.18064,0.17073,-0.01390,300.00000,-0.01390,0.00148,0.16423,0.07131,0.03405,0.26484,0.09366,0.05469,0.29123,0.01372,0.00573,0.19684,0.23713,0.19268,0.46061,0.11653,0.09663,0.31822,500.00000,16535.61981,0.01814,0.17623,0.27684,0.30323,0.20884,0.47261,0.33022,0.76615
2024,089470,HDC현대EP,KOSPI,1237,3.85000,-0.00833,-0.01824,-0.01520,140.00000,-0.01520,0.00018,-0.02340,-0.02492,-0.06218,-0.03304,-0.02766,-0.06663,-0.03576,-0.05812,-0.06611,-0.06596,-0.02066,-0.06512,-0.02882,-0.04412,-0.06402,-0.05208,140.00000,3606.08389,0.03882,0.00609,-0.00354,-0.00626,-0.03647,0.00067,-0.02258,0.39152
2024,294870,IPARK현대산업개발,KOSPI,199,3.39000,-0.12053,-0.13045,-0.00990,700.00000,-0.00990,0.00548,-0.12924,0.00209,-0.03517,-0.11869,-0.07393,-0.11290,-0.18555,-0.11366,-0.12166,-0.22049,-0.00464,-0.04910,-0.12461,0.15599,0.13608,0.01666,700.00000,18160.13980,0.03855,-0.09998,-0.08943,-0.15629,-0.19123,-0.09535,0.04592,0.25684
2024,267250,HD현대,KOSPI,60,4.76000,0.06155,0.05163,-0.02910,3600.00000,-0.02910,-0.01372,0.03066,-0.00254,-0.03980,0.05885,0.00587,-0.03310,0.06778,-0.00265,-0.01064,0.05874,-0.08129,-0.12575,-0.02474,-0.10431,-0.12422,-0.04919,3700.00000,82515.26476,0.04363,0.06422,0.09241,0.10134,0.09230,0.00882,-0.01563,0.66700
2024,060980,HL홀딩스,KOSPI,526,5.80000,0.01432,0.00441,-0.01430,2000.00000,-0.01430,0.00108,-0.00018,-0.02143,-0.05869,-0.00741,-0.00278,-0.04175,0.01151,-0.01699,-0.02498,-0.00291,0.05021,0.00575,0.06526,-0.01416,-0.03407,-0.00004,2000.00000,34976.65699,0.05718,0.04484,0.03761,0.05653,0.04211,0.11028,0.04499,0.25008
2024,011200,HMM,KOSPI,25,3.90000,0.00308,-0.00684,-0.02720,600.00000,-0.02720,-0.01182,-0.02420,0.04726,0.01000,0.05049,0.03289,-0.00608,0.03608,0.01952,0.01152,0.02266,0.14603,0.10157,0.14956,0.14038,0.12048,0.14390,700.00000,18004.02074,0.03333,0.00064,0.07534,0.06092,0.04750,0.17441,0.16874,0.81618
2024,036640,HRS,KOSDAQ,1567,4.06000,-0.03346,-0.04338,-0.03150,400.00000,-0.03150,-0.01612,-0.06391,0.01044,-0.02682,-0.02337,0.00938,-0.02959,-0.02439,-0.05458,-0.06257,-0.08621,0.02630,-0.01815,-0.00804,0.03350,0.01359,-0.00108,200.00000,4761.28116,0.08401,0.00382,0.04436,0.04333,-0.01849,0.05969,0.06664,0.37495
2024,002460,HS화성,KOSPI,1428,5.46000,0.09286,0.08295,-0.03000,500.00000,-0.03000,-0.01462,0.06008,-0.00594,-0.04321,0.08637,-0.03686,-0.07583,0.05258,-0.05782,-0.06582,0.02967,-0.08099,-0.12544,0.00436,-0.05181,-0.07171,0.03625,500.00000,10007.91478,0.04996,0.09899,0.12529,0.09149,0.06859,0.04327,0.07516,0.60047
2024,298050,HS효성첨단소재,KOSPI,300,3.85000,0.08715,0.07723,-0.04850,6500.00000,-0.04850,-0.03312,0.03442,0.02184,-0.01543,0.11089,0.01421,-0.02476,0.10260,-0.07174,-0.07974,0.00915,0.00353,-0.04093,0.09099,-0.02524,-0.04515,0.05970,6500.00000,183544.63652,0.03541,0.06103,0.13750,0.12921,0.03576,0.11760,0.08631,1.36953
2024,175330,JB금융지주,KOSPI,94,4.34000,-0.15716,-0.16708,-0.01510,995.00000,-0.01510,0.00028,-0.16989,-0.02170,-0.05896,-0.17545,0.04569,0.00672,-0.11865,0.17521,0.16721,-0.00949,0.04857,0.00412,-0.11622,0.09784,0.07793,-0.07470,855.00000,16604.31531,0.05992,-0.12254,-0.12810,-0.07130,0.03786,-0.06888,-0.02736,0.25199
2024,234080,JW생명과학,KOSPI,867,4.36000,-0.00775,-0.01766,-0.02370,500.00000,-0.02370,-0.00832,-0.03126,-0.03684,-0.07410,-0.04430,-0.04552,-0.08449,-0.05291,-0.09481,-0.10280,-0.10182,-0.07628,-0.12074,-0.08344,-0.01835,-0.03826,-0.02596,500.00000,11379.04940,0.04394,0.00256,-0.01048,-0.01909,-0.06800,-0.04961,0.00787,0.53937
2024,096760,JW홀딩스,KOSPI,775,3.66000,0.07317,0.06326,-0.02110,115.00000,-0.02110,-0.00572,0.05053,-0.00969,-0.04695,0.06278,-0.02268,-0.06165,0.04883,-0.03264,-0.04064,0.03814,-0.00192,-0.04638,0.07111,-0.01979,-0.03970,0.05193,105.00000,3078.77617,0.03735,0.07878,0.09103,0.07708,0.06639,0.09937,0.08018,0.56489
2024,105560,KB금융,KOSPI,8,3.18000,-0.11120,-0.12112,-0.00580,3174.00000,-0.00580,0.00958,-0.11636,0.00124,-0.03602,-0.11010,0.03875,-0.00022,-0.07676,0.03890,0.03091,-0.07663,-0.08844,-0.13289,-0.18980,-0.06862,-0.08853,-0.17219,3060.00000,85525.88054,0.03711,-0.08831,-0.08205,-0.04872,-0.04858,-0.16176,-0.14415,0.15629
2024,002380,KCC,KOSPI,138,3.31000,-0.03729,-0.04721,0.00220,10000.00000,0.00220,0.01758,-0.03517,0.02374,-0.01352,-0.01444,0.05382,0.01485,0.01452,0.05578,0.04779,0.01641,0.13316,0.08870,0.09090,0.12857,0.10867,0.08648,8000.00000,232678.65817,0.04298,-0.00216,0.01857,0.04753,0.04942,0.12391,0.11949,-0.05119
2024,344820,KCC글라스,KOSPI,353,5.70000,-0.01169,-0.02161,-0.00920,1800.00000,-0.00920,0.00618,-0.02078,-0.02490,-0.06216,-0.03630,-0.03278,-0.07176,-0.04409,-0.06296,-0.07096,-0.07392,-0.18236,-0.22682,-0.19192,-0.18352,-0.20342,-0.19306,2200.00000,38145.24086,0.04719,0.01579,0.00027,-0.00752,-0.03735,-0.15535,-0.15649,0.19496
2024,036670,삼양케이씨아이,KOSDAQ,1623,3.66000,-0.00003,-0.00994,-0.03070,250.00000,-0.03070,-0.01532,-0.03073,-0.04818,-0.08544,-0.04820,-0.03359,-0.07256,-0.03361,-0.05990,-0.06789,-0.05992,-0.08765,-0.13211,-0.08767,-0.10087,-0.12077,-0.10089,250.00000,6830.42071,0.03660,-0.00311,-0.02059,-0.00600,-0.03231,-0.06006,-0.07328,0.83878
2024,009440,KC그린홀딩스,KOSPI,2480,4.94000,-0.16791,-0.17783,-0.08790,0.00000,-0.08790,-0.07252,-0.24105,0.07601,0.03875,-0.10466,0.06544,0.02647,-0.11345,0.15105,0.14305,-0.04223,-0.04980,-0.09426,-0.20935,-0.10201,-0.12192,-0.25279,50.00000,842.19652,0.00000,-0.24440,-0.10801,-0.11680,-0.04558,-0.21270,-0.25614,
2024,046440,KG파이낸셜,KOSDAQ,885,4.79000,0.06185,0.05194,-0.04410,220.00000,-0.04410,-0.02872,0.01502,-0.01653,-0.05379,0.04430,-0.01248,-0.05145,0.04860,-0.11085,-0.11884,-0.05585,-0.09968,-0.14414,-0.04399,-0.17755,-0.19746,-0.12668,220.00000,4876.98174,0.04511,0.04984,0.07911,0.08341,-0.02104,-0.00918,-0.09187,0.97761
2024,016380,KG스틸,KOSPI,334,3.02000,-0.13299,-0.14291,-0.03480,250.00000,-0.03480,-0.01942,-0.16316,0.01747,-0.01979,-0.11784,0.01560,-0.02337,-0.11947,-0.00358,-0.01157,-0.13610,0.06441,0.01995,-0.07715,0.02432,0.00441,-0.11191,200.00000,5741.78684,0.04354,-0.12968,-0.08436,-0.08598,-0.10261,-0.04366,-0.07842,0.79926
2024,035600,KG이니시스,KOSDAQ,665,4.56000,0.04243,0.03252,-0.05930,500.00000,-0.05930,-0.04392,-0.01938,-0.07484,-0.11211,-0.03558,-0.07893,-0.11790,-0.03985,-0.12880,-0.13680,-0.09184,-0.11737,-0.16182,-0.07991,-0.12562,-0.14552,-0.08851,420.00000,9601.36322,0.05208,0.02132,0.00512,0.00086,-0.05113,-0.03921,-0.04781,1.13872
2024,001390,KG케미칼,KOSPI,639,3.04000,-0.03518,-0.04509,-0.04200,130.00000,-0.04200,-0.02662,-0.07570,0.00529,-0.03197,-0.03007,-0.00394,-0.04292,-0.03898,-0.05003,-0.05803,-0.08345,0.01046,-0.03400,-0.02509,-0.04750,-0.06741,-0.08100,120.00000,3808.51593,0.03413,-0.05017,-0.00454,-0.01345,-0.05792,0.00044,-0.05548,1.23044
2024,060720,KH바텍,KOSDAQ,816,4.85000,0.02662,0.01671,-0.04250,330.00000,-0.04250,-0.02712,-0.01701,-0.01769,-0.05496,0.00846,0.09447,0.05550,0.12361,0.12987,0.12188,0.15995,0.10614,0.06168,0.13558,0.02005,0.00015,0.04721,400.00000,8466.98096,0.03897,0.01261,0.03808,0.15323,0.18957,0.16521,0.07683,1.09044
2024,001940,KISCO홀딩스,KOSPI,540,4.25000,0.04457,0.03465,-0.07670,1800.00000,-0.07670,-0.06132,-0.03555,-0.13092,-0.16818,-0.09219,-0.13764,-0.17661,-0.09921,-0.17736,-0.18535,-0.14069,-0.12861,-0.17306,-0.08977,-0.12794,-0.14785,-0.08908,900.00000,22120.27528,0.08137,0.02994,-0.02670,-0.03372,-0.07520,-0.02428,-0.02359,0.94257
2024,025000,KPX케미칼,KOSPI,756,6.67000,0.01801,0.00809,-0.04150,3250.00000,-0.04150,-0.02612,-0.02424,-0.05137,-0.08864,-0.03429,-0.06121,-0.10018,-0.04430,-0.08427,-0.09226,-0.06778,-0.04283,-0.08729,-0.02559,-0.06339,-0.08329,-0.04652,3000.00000,45787.43313,0.07098,0.03246,0.02241,0.01240,-0.01108,0.03111,0.01018,0.58467
2024,092230,KPX홀딩스,KOSPI,718,6.29000,-0.02519,-0.03511,-0.03320,4250.00000,-0.03320,-0.01782,-0.05755,-0.03690,-0.07416,-0.06116,-0.04239,-0.08136,-0.06651,-0.04436,-0.05236,-0.06843,0.01452,-0.02994,-0.01103,0.01636,-0.00355,-0.00924,3500.00000,54242.25743,0.07835,0.00538,0.00178,-0.00358,-0.00550,0.05190,0.05369,0.42373
2024,044450,KSS해운,KOSPI,803,4.01000,0.01737,0.00745,-0.03610,400.00000,-0.03610,-0.02072,-0.01936,-0.02132,-0.05858,-0.00432,-0.05057,-0.08954,-0.03408,-0.05832,-0.06631,-0.04196,0.00483,-0.03962,0.02229,-0.01774,-0.03765,-0.00068,350.00000,8879.78169,0.04505,0.01540,0.03044,0.00068,-0.00720,0.05705,0.03408,0.80140
2024,030200,KT,KOSPI,39,4.02000,-0.06747,-0.07738,-0.01100,2000.00000,-0.01100,0.00438,-0.07772,-0.03625,-0.07352,-0.10128,-0.03520,-0.07417,-0.10029,0.03075,0.02275,-0.03879,0.04832,0.00387,-0.02240,0.07050,0.05060,-0.00172,1960.00000,45466.78402,0.04399,-0.04386,-0.06741,-0.06643,-0.00493,0.01146,0.03214,0.25007
2024,033780,KT&G,KOSPI,26,4.27000,-0.10268,-0.11260,-0.01560,5400.00000,-0.01560,-0.00022,-0.11668,-0.02742,-0.06469,-0.12729,-0.00270,-0.04167,-0.10510,0.03563,0.02764,-0.07070,-0.08872,-0.13318,-0.18229,-0.06461,-0.08451,-0.16065,5200.00000,109275.63509,0.04942,-0.07822,-0.08883,-0.06665,-0.03225,-0.14383,-0.12220,0.31569
2024,058850,KTcs,KOSPI,1178,3.47000,-0.05361,-0.06352,-0.04030,100.00000,-0.04030,-0.02492,-0.09175,0.01456,-0.02270,-0.03983,0.05482,0.01585,-0.00173,0.00164,-0.00636,-0.05206,0.01459,-0.02987,-0.03980,-0.06044,-0.08035,-0.11081,100.00000,2727.35426,0.03667,-0.06408,-0.01216,0.02594,-0.02439,-0.01213,-0.08314,1.09912
2024,058860,KTis,KOSPI,1424,4.47000,0.02041,0.01049,-0.04930,120.00000,-0.04930,-0.03392,-0.02990,-0.00185,-0.03912,0.01852,-0.01840,-0.05737,0.00164,-0.02211,-0.03010,-0.00215,-0.03113,-0.07559,-0.01136,-0.09850,-0.11841,-0.08010,120.00000,2739.35590,0.04381,0.00381,0.05223,0.03535,0.03156,0.02235,-0.04639,1.12542
2024,122450,KX,KOSDAQ,1025,6.01000,0.00903,-0.00089,-0.07140,190.00000,-0.07140,-0.05602,-0.06302,-0.08920,-0.12646,-0.08098,-0.10559,-0.14456,-0.09752,-0.16071,-0.16870,-0.15313,0.07292,0.02847,0.08261,0.15765,0.13775,0.16810,200.00000,3357.82568,0.05658,-0.01850,-0.03646,-0.05300,-0.10861,0.12713,0.21262,1.26184
2024,309960,LB인베스트먼트,KOSDAQ,1508,5.38000,-0.12758,-0.13750,-0.04470,200.00000,-0.04470,-0.02932,-0.16658,-0.00167,-0.03893,-0.12904,-0.02168,-0.06065,-0.14650,-0.08475,-0.09274,-0.20152,0.16333,0.11887,0.01490,0.08310,0.06320,-0.05509,200.00000,3243.17864,0.06167,-0.11776,-0.08022,-0.09767,-0.15270,0.06372,-0.00626,0.72485
2024,093050,LF,KOSPI,424,4.46000,-0.00500,-0.01491,-0.00510,700.00000,-0.00510,0.01028,-0.01007,0.02630,-0.01097,0.02117,-0.00191,-0.04089,-0.00690,0.03399,0.02600,0.02882,0.02899,-0.01547,0.02385,-0.06384,-0.08374,-0.06851,700.00000,15616.65118,0.04482,0.02450,0.05574,0.02767,0.06340,0.05842,-0.03394,0.11378
2024,003550,LG,KOSPI,41,4.14000,-0.01073,-0.02065,-0.00940,3100.00000,-0.00940,0.00598,-0.02003,0.00682,-0.03045,-0.00399,-0.01884,-0.05781,-0.02937,-0.03089,-0.03888,-0.04129,-0.10932,-0.15378,-0.11888,-0.12286,-0.14276,-0.13227,3100.00000,74075.75131,0.04185,0.01202,0.02807,0.00269,-0.00924,-0.08682,-0.10021,0.22462
2024,032640,LG유플러스,KOSPI,71,5.61000,-0.07233,-0.08225,-0.00740,650.00000,-0.00740,0.00798,-0.07920,-0.02799,-0.06526,-0.09830,-0.03437,-0.07334,-0.10422,-0.06770,-0.07569,-0.13513,-0.02311,-0.06757,-0.09377,-0.04176,-0.06166,-0.11107,650.00000,10748.40034,0.06047,-0.03138,-0.05049,-0.05641,-0.08732,-0.04596,-0.06325,0.12237
2024,037560,LG헬로비전,KOSPI,811,4.72000,-0.01980,-0.02972,-0.03410,0.00000,-0.03410,-0.01872,-0.05323,-0.00200,-0.03926,-0.02176,0.01201,-0.02696,-0.00803,-0.05407,-0.06206,-0.07280,-0.04001,-0.08447,-0.05902,-0.08197,-0.10188,-0.10015,120.00000,2492.02963,0.00000,-0.05658,-0.02511,-0.01138,-0.07615,-0.06237,-0.10350,
2024,108320,LX세미콘,KOSPI,269,3.33000,0.08890,0.07898,-0.03740,2400.00000,-0.03740,-0.02202,0.04817,0.01863,-0.01863,0.10918,-0.00518,-0.04415,0.08326,-0.05460,-0.06259,0.02944,0.00686,-0.03760,0.09637,-0.08157,-0.10148,0.00007,1800.00000,58859.20326,0.04078,0.07932,0.14033,0.11441,0.06059,0.12751,0.03122,0.91722
2024,001120,LX인터내셔널,KOSPI,232,4.20000,-0.01586,-0.02578,-0.02850,2000.00000,-0.02850,-0.01312,-0.04391,-0.04266,-0.07993,-0.05785,-0.09778,-0.13675,-0.11209,-0.14953,-0.15752,-0.16302,-0.08912,-0.13358,-0.10357,-0.10704,-0.12695,-0.12121,1200.00000,28118.19086,0.07113,0.01291,-0.00103,-0.05527,-0.10620,-0.04675,-0.06438,0.40068
2024,108670,LX하우시스,KOSPI,566,4.78000,-0.08002,-0.08993,-0.02140,1000.00000,-0.02140,-0.00602,-0.09970,-0.00460,-0.04187,-0.08425,-0.01363,-0.05260,-0.09255,-0.09913,-0.10712,-0.17121,-0.08528,-0.12974,-0.15847,-0.11575,-0.13566,-0.18651,1700.00000,32719.08218,0.03056,-0.07720,-0.06175,-0.07005,-0.14871,-0.13596,-0.16400,0.70019
2024,383800,LX홀딩스,KOSPI,395,3.94000,0.02333,0.01341,-0.02430,290.00000,-0.02430,-0.00892,-0.00154,-0.02724,-0.06450,-0.00454,-0.04147,-0.08044,-0.01911,-0.04426,-0.05225,-0.02196,-0.05547,-0.09993,-0.03344,-0.07973,-0.09963,-0.05826,270.00000,7012.65863,0.04135,0.03010,0.02709,0.01253,0.00968,-0.00180,-0.02662,0.58761
2024,005940,NH투자증권,KOSPI,80,6.01000,0.06166,0.05174,-0.01340,950.00000,-0.01340,0.00198,0.04743,-0.04872,-0.08599,0.00993,-0.05161,-0.09058,0.00687,0.00708,-0.00091,0.06918,0.05492,0.01047,0.11997,-0.02418,-0.04409,0.03599,800.00000,14131.90898,0.06722,0.10095,0.06345,0.06039,0.12270,0.17349,0.08951,0.19933
2024,034310,NICE,KOSPI,455,4.06000,0.03427,0.02435,-0.04090,500.00000,-0.04090,-0.02552,-0.00803,-0.04792,-0.08518,-0.01529,-0.06184,-0.10081,-0.02969,-0.08441,-0.09240,-0.05303,-0.01136,-0.05581,0.02252,-0.04871,-0.06862,-0.01612,451.00000,11489.02819,0.04352,0.02543,0.01818,0.00378,-0.01956,0.05599,0.01735,0.93980
2024,030190,NICE평가정보,KOSPI,311,3.40000,0.05119,0.04127,-0.02050,460.00000,-0.02050,-0.00512,0.02964,-0.06391,-0.10117,-0.01599,-0.05374,-0.09271,-0.00530,-0.03783,-0.04582,0.01142,0.02523,-0.01923,0.07771,-0.03784,-0.05775,0.01141,410.00000,12676.08946,0.03629,0.05699,0.01136,0.02205,0.03877,0.10506,0.03876,0.56491
2024,008260,NI스틸,KOSPI,1330,3.42000,-0.02862,-0.03854,-0.02960,100.00000,-0.02960,-0.01422,-0.05737,-0.01555,-0.05281,-0.04373,-0.01000,-0.04897,-0.03834,-0.03254,-0.04053,-0.06023,-0.05341,-0.09787,-0.08050,-0.07186,-0.09177,-0.09843,125.00000,3550.35872,0.02817,-0.03690,-0.02325,-0.01786,-0.03975,-0.06003,-0.07795,1.05091
2024,456040,OCI,KOSPI,380,3.23000,-0.00962,-0.01953,-0.03920,2200.00000,-0.03920,-0.02382,-0.04844,0.01132,-0.02595,0.00159,0.02758,-0.01140,0.01769,0.05678,0.04878,0.04661,-0.03783,-0.08229,-0.04708,-0.09995,-0.11986,-0.10861,2000.00000,61324.10108,0.03587,-0.02144,0.02859,0.04469,0.07362,-0.02008,-0.08161,1.09268
2024,010060,OCI홀딩스,KOSPI,223,5.55000,0.05709,0.04717,-0.05560,2200.00000,-0.05560,-0.04022,-0.00168,0.13190,0.09464,0.19652,0.23051,0.19154,0.30076,0.23707,0.22908,0.30770,0.23546,0.19100,0.30599,0.04480,0.02489,0.10445,3300.00000,62854.00792,0.03500,0.02458,0.22278,0.32702,0.33396,0.33226,0.13071,1.58849
2024,005490,POSCO홀딩스,KOSPI,13,3.54000,-0.09404,-0.10395,-0.00980,10000.00000,-0.00980,0.00558,-0.10291,0.02537,-0.01189,-0.07105,0.01355,-0.02542,-0.08176,-0.02927,-0.03726,-0.12055,0.04715,0.00269,-0.05132,0.09207,0.07217,-0.01062,10000.00000,255922.08149,0.03907,-0.07321,-0.04134,-0.05205,-0.09085,-0.02162,0.01908,0.25080
2024,034120,SBS,KOSPI,612,3.26000,0.62860,0.61868,-0.13200,0.00000,-0.13200,-0.11662,0.41362,-0.03608,-0.07334,0.56984,0.00985,-0.02912,0.64464,-0.20051,-0.20851,0.30204,-0.10609,-0.15055,0.45581,-0.24591,-0.26582,0.22810,500.00000,24978.48508,0.00000,0.41027,0.56649,0.64129,0.29869,0.45246,0.22475,
2024,005090,SGC에너지,KOSPI,504,6.67000,0.04336,0.03344,-0.05640,1700.00000,-0.05640,-0.04102,-0.01549,-0.07517,-0.11243,-0.03507,-0.06771,-0.10668,-0.02728,-0.12966,-0.13765,-0.09192,-0.13910,-0.18356,-0.10177,-0.18794,-0.20784,-0.15273,1700.00000,26592.33003,0.06393,0.03525,0.01567,0.02345,-0.04119,-0.05104,-0.10199,0.88224
2024,033530,SJG세종,KOSPI,1240,3.61000,-0.00959,-0.01951,-0.03530,150.00000,-0.03530,-0.01992,-0.04455,-0.01465,-0.05192,-0.02411,-0.02077,-0.05974,-0.03016,-0.05960,-0.06759,-0.06862,0.01947,-0.02499,0.00969,-0.00719,-0.02710,-0.01672,150.00000,4115.26364,0.03645,-0.01707,0.00338,-0.00268,-0.04113,0.03718,0.01077,0.96846
2024,034730,SK,KOSPI,48,3.66000,0.00046,-0.00946,-0.01170,7000.00000,-0.01170,0.00368,-0.01124,0.02631,-0.01095,0.02679,0.04983,0.01086,0.05032,0.01537,0.00738,0.01584,0.01964,-0.02482,0.02011,-0.05269,-0.07260,-0.05225,5000.00000,136675.02147,0.05122,0.02873,0.06677,0.09030,0.05582,0.06009,-0.01228,0.22844
2024,018670,SK가스,KOSPI,148,3.69000,-0.06679,-0.07670,-0.00250,8000.00000,-0.00250,0.01288,-0.06912,0.11359,0.07633,0.03922,0.07659,0.03762,0.00469,0.06418,0.05619,-0.00689,0.16032,0.11587,0.08283,0.20249,0.18259,0.12218,8000.00000,202322.71689,0.03954,-0.03902,0.06932,0.03479,0.02321,0.11293,0.15228,0.06323
2024,001740,SK네트웍스,KOSPI,251,4.60000,-0.00820,-0.01811,-0.03360,300.00000,-0.03360,-0.01822,-0.04152,-0.00814,-0.04540,-0.01627,-0.01509,-0.05406,-0.02316,-0.05690,-0.06489,-0.06463,0.00117,-0.04329,-0.00704,-0.04860,-0.06851,-0.05640,200.00000,4312.18729,0.06957,0.01398,0.03924,0.03234,-0.00913,0.04847,-0.00090,0.48296
2024,006120,SK디스커버리,KOSPI,323,4.62000,0.09374,0.08383,-0.02240,1700.00000,-0.02240,-0.00702,0.06924,-0.07585,-0.11311,0.01078,-0.11185,-0.15082,-0.02859,-0.13547,-0.14346,-0.05442,-0.14157,-0.18603,-0.06110,-0.01978,-0.03968,0.07211,1700.00000,40245.99326,0.04224,0.10163,0.04317,0.00379,-0.02204,-0.02871,0.10450,0.53030
2024,210980,SK디앤디,KOSPI,1080,10.65000,0.02271,0.01279,-0.04170,600.00000,-0.04170,-0.02632,-0.01994,-0.04046,-0.07772,-0.01867,-0.06124,-0.10021,-0.03992,-0.17319,-0.18119,-0.15442,0.05237,0.00791,0.07627,0.05343,0.03352,0.07735,800.00000,7682.33239,0.07810,0.04279,0.04406,0.02280,-0.09169,0.13899,0.14008,0.53392
2024,017670,SK텔레콤,KOSPI,36,5.77000,-0.07651,-0.08643,-0.00710,3540.00000,-0.00710,0.00828,-0.08307,-0.01588,-0.05314,-0.09118,-0.02117,-0.06014,-0.09607,-0.01425,-0.02224,-0.08967,-0.01213,-0.05659,-0.08772,-0.02271,-0.04262,-0.09749,3540.00000,56657.52548,0.06248,-0.03356,-0.04167,-0.04656,-0.04017,-0.03821,-0.04798,0.11364
2024,003570,SNT다이내믹스,KOSPI,338,3.56000,-0.03087,-0.04078,-0.02570,1300.00000,-0.02570,-0.01032,-0.05577,0.06693,0.02967,0.03400,0.07997,0.04100,0.04664,0.20087,0.19288,0.16381,0.66888,0.62442,0.61737,0.61113,0.59123,0.56140,700.00000,19055.99215,0.06822,-0.00141,0.08836,0.10100,0.21817,0.67173,0.61577,0.37672
2024,064960,SNT모티브,KOSPI,358,3.87000,-0.01467,-0.02459,-0.00860,937.00000,-0.00860,0.00678,-0.02315,0.00111,-0.03615,-0.01358,0.09924,0.06027,0.08311,0.13562,0.12763,0.11895,0.09529,0.05083,0.07921,0.17561,0.15571,0.15836,1600.00000,40736.96401,0.02300,-0.00704,0.00253,0.09922,0.13506,0.09532,0.17447,0.37389
2024,100840,SNT에너지,KOSPI,529,5.33000,0.41974,0.40983,-0.03130,500.00000,-0.03130,-0.01592,0.37531,0.00008,-0.03718,0.41986,0.01464,-0.02433,0.44053,0.21256,0.20456,0.72152,0.34982,0.30536,0.91640,0.29188,0.27198,0.83414,900.00000,23973.15677,0.02086,0.38960,0.43415,0.45482,0.73582,0.93069,0.84844,1.50072
2024,036530,SNT홀딩스,KOSPI,497,3.50000,0.04348,0.03356,-0.04190,1600.00000,-0.04190,-0.02652,-0.00024,-0.05034,-0.08760,-0.00905,-0.07764,-0.11661,-0.03754,0.10673,0.09873,0.15485,0.34983,0.30537,0.40852,0.38957,0.36967,0.44999,800.00000,23850.97124,0.06708,0.05316,0.04436,0.01587,0.20825,0.46192,0.50340,0.62460
2024,005610,삼립,KOSPI,470,3.61000,0.08897,0.07905,-0.01950,1800.00000,-0.01950,-0.00412,0.06773,0.05843,0.02117,0.15260,-0.03320,-0.07218,0.05281,-0.09861,-0.10660,-0.01841,-0.03232,-0.07678,0.05377,0.19044,0.17054,0.29636,1700.00000,51281.06861,0.03510,0.09408,0.17894,0.07916,0.00793,0.08012,0.32270,0.55554
2024,069260,TKG휴켐스,KOSPI,301,5.41000,-0.00274,-0.01265,-0.04720,1000.00000,-0.04720,-0.03182,-0.04981,-0.06076,-0.09802,-0.06333,-0.06891,-0.10788,-0.07146,-0.11342,-0.12141,-0.11585,-0.12699,-0.17145,-0.12938,-0.15252,-0.17242,-0.15484,1000.00000,18433.71427,0.05425,-0.00726,-0.02079,-0.02892,-0.07330,-0.08684,-0.11229,0.87007
2024,002900,TYM,KOSPI,812,3.66000,0.00466,-0.00526,-0.01710,110.00000,-0.01710,-0.00172,-0.01252,0.02721,-0.01005,0.03200,0.09665,0.05768,0.10176,0.12294,0.11495,0.12817,0.09458,0.05012,0.09967,0.00475,-0.01515,0.00943,160.00000,4391.94311,0.02505,0.00532,0.04984,0.11959,0.14601,0.11751,0.02727,0.68275
2024,057030,YBM넷,KOSDAQ,1917,4.45000,0.33676,0.32685,-0.04440,100.00000,-0.04440,-0.02902,0.27741,-0.00561,-0.04288,0.32926,-0.05442,-0.09339,0.26401,-0.05987,-0.06786,0.25673,-0.12974,-0.17420,0.16333,-0.16954,-0.18944,0.11013,150.00000,4505.94411,0.02219,0.29284,0.34469,0.27944,0.27216,0.17875,0.12556,2.00064
2024,035250,강원랜드,KOSPI,92,5.17000,-0.07438,-0.08429,-0.03000,1170.00000,-0.03000,-0.01462,-0.10214,-0.00843,-0.04569,-0.08218,0.00292,-0.03605,-0.07167,-0.02158,-0.02957,-0.09435,-0.04321,-0.08767,-0.11438,0.00194,-0.01797,-0.07258,930.00000,16650.49261,0.07027,-0.04605,-0.02608,-0.01557,-0.03825,-0.05828,-0.01649,0.42694
2024,039240,경남스틸,KOSDAQ,1611,4.15000,0.65460,0.64468,-0.03970,120.00000,-0.03970,-0.02432,0.58891,0.11891,0.08165,0.85135,0.26504,0.22607,1.09313,0.06466,0.05667,0.76158,-0.06186,-0.10632,0.55224,0.07289,0.05298,0.77519,120.00000,4784.37330,0.02508,0.60678,0.86922,1.11100,0.77945,0.57011,0.79306,1.58283
2024,002100,경농,KOSPI,877,4.91000,-0.00779,-0.01771,-0.01320,450.00000,-0.01320,0.00218,-0.02089,-0.00330,-0.04057,-0.01107,-0.01096,-0.04993,-0.01867,-0.00114,-0.00913,-0.00893,-0.00224,-0.04670,-0.01001,-0.03421,-0.05411,-0.04173,450.00000,9093.54210,0.04949,0.01762,0.02744,0.01985,0.02959,0.02850,-0.00322,0.26674
2024,267290,경동도시가스,KOSPI,1290,4.73000,-0.00712,-0.01704,-0.03320,875.00000,-0.03320,-0.01782,-0.04009,-0.03544,-0.07270,-0.04230,-0.04143,-0.08040,-0.04825,-0.04789,-0.05588,-0.05467,-0.04569,-0.09015,-0.05249,-0.04894,-0.06885,-0.05572,875.00000,18367.19651,0.04764,-0.00313,-0.00535,-0.01130,-0.01772,-0.01554,-0.01876,0.69690
2024,011040,경동제약,KOSDAQ,845,6.60000,0.04457,0.03466,-0.04420,300.00000,-0.04420,-0.02882,-0.00160,-0.01416,-0.05143,0.02978,-0.04417,-0.08314,-0.00157,-0.07736,-0.08535,-0.03623,-0.08835,-0.13280,-0.04771,-0.12444,-0.14434,-0.08541,400.00000,6330.75325,0.04739,0.03514,0.06652,0.03517,0.00051,-0.01097,-0.04867,0.93273
2024,013580,계룡건설,KOSPI,1230,3.06000,-0.00005,-0.00997,-0.01380,400.00000,-0.01380,0.00158,-0.01385,-0.01608,-0.05334,-0.01613,-0.04435,-0.08332,-0.04439,-0.07884,-0.08683,-0.07888,0.00676,-0.03770,0.00671,-0.00710,-0.02701,-0.00715,400.00000,13071.22868,0.03060,0.00869,0.00641,-0.02186,-0.05634,0.02925,0.01539,0.45096
2024,049720,고려신용정보,KOSDAQ,1041,3.69000,0.00887,-0.00105,-0.02790,450.00000,-0.02790,-0.01252,-0.01928,-0.02688,-0.06414,-0.01825,-0.04706,-0.08603,-0.03860,-0.05862,-0.06661,-0.05027,-0.05869,-0.10315,-0.05034,-0.07025,-0.09016,-0.06200,380.00000,10389.45764,0.04331,0.01402,0.01505,-0.00531,-0.01698,-0.01705,-0.02871,0.64415
2024,215000,골프존,KOSDAQ,430,6.25000,-0.00715,-0.01707,-0.07410,4000.00000,-0.07410,-0.05872,-0.08072,-0.04194,-0.07921,-0.04879,-0.09656,-0.13553,-0.10302,-0.19874,-0.20673,-0.20447,-0.18318,-0.22763,-0.18902,-0.13983,-0.15973,-0.14598,4500.00000,71484.99272,0.05596,-0.03673,-0.00481,-0.05904,-0.16048,-0.14503,-0.10199,1.32426
2024,121440,골프존홀딩스,KOSDAQ,1003,4.62000,0.01378,0.00386,-0.03820,250.00000,-0.03820,-0.02282,-0.02495,-0.03407,-0.07134,-0.02077,-0.02854,-0.06751,-0.01516,-0.07497,-0.08297,-0.06223,-0.03814,-0.08260,-0.02489,0.19906,0.17915,0.21558,167.00000,3664.51251,0.06822,0.02941,0.03360,0.03921,-0.00787,0.02948,0.26994,0.55994
2024,366030,나인앤컴퍼니,KOSDAQ,1494,3.10000,-0.05426,-0.06418,-0.03150,90.00000,-0.03150,-0.01612,-0.08405,0.03819,0.00093,-0.01814,0.02729,-0.01168,-0.02845,0.25843,0.25044,0.19015,0.31613,0.27167,0.24472,0.10964,0.08974,0.04943,120.00000,3660.92682,0.02458,-0.06660,-0.00069,-0.01100,0.20760,0.26216,0.06688,1.28132
2024,037710,광주신세계,KOSPI,725,7.50000,-0.00007,-0.00999,-0.02730,2200.00000,-0.02730,-0.01192,-0.02737,-0.02046,-0.05772,-0.02052,-0.01521,-0.05418,-0.01528,-0.01529,-0.02328,-0.01536,0.02553,-0.01893,0.02546,-0.07660,-0.09650,-0.07666,2200.00000,29331.26499,0.07501,0.03274,0.03958,0.04482,0.04474,0.08556,-0.01656,0.36397
2024,030610,교보증권,KOSPI,345,4.50000,0.01420,0.00428,-0.01070,500.00000,-0.01070,0.00468,0.00335,-0.00709,-0.04435,0.00701,-0.03379,-0.07276,-0.02008,-0.04988,-0.05787,-0.03639,0.19702,0.15256,0.21401,0.03381,0.01390,0.04848,250.00000,5634.42775,0.08874,0.07507,0.07873,0.05165,0.03534,0.28574,0.12021,0.12058
2024,339770,교촌에프앤비,KOSPI,690,3.04000,0.19067,0.18075,-0.03060,100.00000,-0.03060,-0.01522,0.15423,-0.04925,-0.08651,0.13203,-0.05608,-0.09505,0.12390,-0.14264,-0.15064,0.02083,-0.03889,-0.08335,0.14436,-0.00493,-0.02483,0.18480,300.00000,11750.02558,0.00851,0.15808,0.13588,0.12775,0.02468,0.14821,0.18865,3.59551
2024,007690,국도화학,KOSPI,646,4.08000,0.04413,0.03422,0.01300,600.00000,0.01300,0.02838,0.05771,0.06027,0.02301,0.10707,-0.01960,-0.05857,0.02367,-0.03416,-0.04215,0.00847,0.06664,0.02219,0.11372,0.00328,-0.01663,0.04756,1200.00000,30709.83811,0.01954,0.07089,0.12025,0.03685,0.02164,0.12690,0.06074,-0.66538
2024,204020,그리티,KOSDAQ,1847,3.45000,0.01563,0.00571,-0.03060,110.00000,-0.03060,-0.01522,-0.01545,0.01366,-0.02361,0.02950,-0.02707,-0.06604,-0.01187,-0.07460,-0.08259,-0.06013,-0.05776,-0.10222,-0.04304,-0.07818,-0.09809,-0.06378,100.00000,2943.85159,0.03737,0.01281,0.05776,0.01639,-0.03187,-0.01478,-0.03552,0.81893
2024,083420,그린케미칼,KOSPI,1232,4.74000,0.36763,0.35771,-0.04970,240.00000,-0.04970,-0.03432,0.29966,0.05577,0.01851,0.44391,0.14617,0.10719,0.56753,-0.00136,-0.00935,0.36578,0.00621,-0.03825,0.37612,-0.13238,-0.15229,0.18658,230.00000,6636.17885,0.03617,0.32690,0.47115,0.59478,0.39302,0.40337,0.21382,1.37424
2024,014530,극동유화,KOSPI,1162,5.59000,0.02941,0.01949,-0.04610,200.00000,-0.04610,-0.03072,-0.01805,-0.04605,-0.08331,-0.01800,-0.05149,-0.09047,-0.02360,-0.06915,-0.07715,-0.04178,-0.07878,-0.12324,-0.05169,-0.09368,-0.11359,-0.06703,200.00000,3683.03954,0.05430,0.02454,0.02459,0.01899,0.00081,-0.00909,-0.02444,0.84894
2024,282720,금양그린파워,KOSDAQ,1192,3.00000,-0.05915,-0.06906,-0.03720,0.00000,-0.03720,-0.02182,-0.09415,-0.00732,-0.04458,-0.06603,0.03944,0.00047,-0.02204,-0.04249,-0.05048,-0.09912,-0.02223,-0.06668,-0.08006,-0.12307,-0.14298,-0.17494,300.00000,9408.53982,0.00000,-0.09750,-0.06938,-0.02539,-0.10247,-0.08341,-0.17829,
2024,036190,금화피에스시,KOSDAQ,1017,5.12000,0.00201,-0.00790,-0.03340,1400.00000,-0.03340,-0.01802,-0.03145,-0.03141,-0.06868,-0.02947,-0.00782,-0.04679,-0.00582,-0.02740,-0.03539,-0.02544,-0.00974,-0.05420,-0.00774,0.00414,-0.01577,0.00616,1300.00000,25441.72471,0.05503,0.01175,0.01374,0.03738,0.01776,0.03546,0.04936,0.60697
2024,420770,기가비스,KOSDAQ,578,3.26000,0.02255,0.01264,-0.01990,800.00000,-0.01990,-0.00452,0.00220,0.09763,0.06037,0.12239,0.21506,0.17609,0.24246,0.10944,0.10144,0.13446,0.15941,0.11495,0.18556,0.03425,0.01434,0.05757,800.00000,25093.28391,0.03188,0.02582,0.14601,0.26608,0.15808,0.20918,0.08120,0.62420
2024,092440,기신정기,KOSPI,1668,4.85000,-0.01632,-0.02624,0.01230,120.00000,0.01230,0.02768,-0.00422,0.04306,0.00580,0.02604,0.02865,-0.01032,0.01186,0.01852,0.01053,0.00190,-0.01221,-0.05666,-0.02833,-0.07593,-0.09583,-0.09101,120.00000,2433.84464,0.04930,0.03414,0.06440,0.05023,0.04026,0.01003,-0.05265,-0.24947
2024,000270,기아,KOSPI,9,6.03000,0.10770,0.09778,-0.01940,6500.00000,-0.01940,-0.00402,0.08621,-0.03697,-0.07423,0.06674,0.03693,-0.00204,0.14861,-0.06604,-0.07403,0.03454,-0.09327,-0.13773,0.00438,-0.09408,-0.11399,0.00348,5600.00000,102870.59992,0.06319,0.13631,0.11685,0.19871,0.08465,0.05448,0.05358,0.30703
2024,024110,기업은행,KOSPI,40,6.61000,-0.01341,-0.02333,-0.01570,1065.00000,-0.01570,-0.00032,-0.02890,-0.01842,-0.05569,-0.03159,0.00405,-0.03493,-0.00942,0.03183,0.02384,0.01800,0.05443,0.00997,0.04029,-0.00614,-0.02605,-0.01947,984.00000,14686.91330,0.07251,0.02910,0.02641,0.04858,0.07599,0.09829,0.03853,0.21651
2024,089600,KT나스미디어,KOSDAQ,937,4.84000,0.03669,0.02678,-0.07000,700.00000,-0.07000,-0.05462,-0.03588,-0.04936,-0.08662,-0.01448,-0.05862,-0.09759,-0.02407,-0.09853,-0.10652,-0.06545,-0.06048,-0.10494,-0.02601,-0.05368,-0.07358,-0.01895,700.00000,14993.47180,0.04669,0.00027,0.02167,0.01207,-0.02930,0.01014,0.01719,1.49935
2024,092730,네오팜,KOSDAQ,820,6.20000,0.01554,0.00562,-0.04070,600.00000,-0.04070,-0.02532,-0.02579,-0.06914,-0.10641,-0.05468,-0.09271,-0.13168,-0.07861,-0.11462,-0.12261,-0.10086,-0.06263,-0.10709,-0.04806,0.09516,0.07526,0.11218,750.00000,12284.73948,0.04884,0.01218,-0.01671,-0.04065,-0.06289,-0.01009,0.15015,0.83331
2024,092790,넥스틸,KOSPI,697,7.45000,-0.10540,-0.11532,-0.08570,250.00000,-0.08570,-0.07032,-0.18207,-0.09398,-0.13124,-0.18947,-0.08930,-0.12827,-0.18529,0.05347,0.04548,-0.05757,0.68357,0.63911,0.50612,0.48817,0.46827,0.33132,700.00000,8405.63751,0.02974,-0.16026,-0.16766,-0.16348,-0.03575,0.52793,0.35313,2.88145
2024,090350,노루페인트,KOSPI,972,4.02000,0.02104,0.01113,-0.04000,350.00000,-0.04000,-0.02462,-0.01980,-0.04003,-0.07730,-0.01983,-0.04120,-0.08017,-0.02103,-0.11034,-0.11834,-0.09162,-0.10088,-0.14534,-0.08196,-0.07776,-0.09767,-0.05835,325.00000,8254.71205,0.04240,0.01272,0.01269,0.01149,-0.05910,-0.04944,-0.02583,0.94340
2024,000320,노루홀딩스,KOSPI,911,3.82000,0.00395,-0.00597,-0.01520,550.00000,-0.01520,0.00018,-0.01131,-0.03420,-0.07147,-0.03039,-0.01367,-0.05264,-0.00977,-0.02048,-0.02847,-0.01661,0.03508,-0.00938,0.03917,0.04651,0.02660,0.05064,500.00000,13140.71938,0.04185,0.02075,0.00167,0.02229,0.01545,0.07123,0.08270,0.36316
2024,285490,노바텍,KOSDAQ,1067,3.73000,0.13808,0.12816,-0.02690,1409.00000,-0.02690,-0.01152,0.10746,0.05122,0.01395,0.19636,0.18305,0.14408,0.34640,0.26366,0.25567,0.43815,0.15408,0.10962,0.31343,0.08176,0.06185,0.23112,500.00000,15255.71170,0.09236,0.18225,0.27115,0.42119,0.51293,0.38821,0.30591,0.29126
2024,072710,농심홀딩스,KOSPI,584,3.79000,-0.00296,-0.01288,-0.02280,2500.00000,-0.02280,-0.00742,-0.02569,-0.03350,-0.07076,-0.03636,-0.03960,-0.07857,-0.04245,-0.03954,-0.04753,-0.04239,-0.02863,-0.07309,-0.03151,0.00009,-0.01981,-0.00287,2500.00000,65767.65476,0.03801,0.00311,-0.00756,-0.01364,-0.01358,-0.00270,0.02594,0.59980
2024,030210,다올투자증권,KOSPI,980,5.74000,0.26582,0.25591,0.10730,150.00000,0.10730,0.12268,0.40164,-0.06334,-0.10060,0.18565,-0.10859,-0.14756,0.12837,-0.14328,-0.15127,0.08446,-0.18713,-0.23159,0.02895,-0.07819,-0.09809,0.16685,150.00000,3307.89763,0.04535,0.43666,0.22066,0.16339,0.11947,0.06396,0.20186,-2.36625
2024,023590,다우기술,KOSPI,282,3.83000,-0.01437,-0.02428,-0.01280,1400.00000,-0.01280,0.00258,-0.02698,0.01456,-0.02271,-0.00002,0.00339,-0.03558,-0.01102,-0.02260,-0.03059,-0.03664,0.14123,0.09678,0.12484,0.10971,0.08980,0.09376,700.00000,18014.16563,0.07772,0.03541,0.06238,0.05138,0.02576,0.18724,0.15616,0.16470
2024,008060,대덕,KOSPI,739,5.97000,-0.00014,-0.01006,-0.00900,500.00000,-0.00900,0.00638,-0.00914,0.01192,-0.02534,0.01178,0.00898,-0.02999,0.00884,0.00302,-0.00497,0.00287,0.05526,0.01080,0.05511,0.09119,0.07129,0.09104,400.00000,6699.20344,0.07464,0.05065,0.07157,0.06863,0.06267,0.11490,0.15083,0.12059
2024,001680,대상,KOSPI,315,3.91000,-0.02363,-0.03355,-0.03610,850.00000,-0.03610,-0.02072,-0.05888,-0.04006,-0.07733,-0.06275,-0.06259,-0.10156,-0.08474,-0.07862,-0.08661,-0.10039,0.22191,0.17745,0.19303,0.17437,0.15446,0.14662,800.00000,19976.87453,0.04255,-0.02623,-0.03010,-0.05209,-0.06774,0.22568,0.17927,0.84843
2024,084690,대상홀딩스,KOSPI,593,3.23000,0.20961,0.19970,-0.02870,270.00000,-0.02870,-0.01332,0.17490,-0.00883,-0.04609,0.19893,0.03777,-0.00120,0.25530,0.00613,-0.00186,0.21703,0.19611,0.15165,0.44682,0.26335,0.24345,0.52817,270.00000,10111.31297,0.02670,0.19414,0.21817,0.27454,0.23627,0.46606,0.54741,1.07480
2024,003540,대신증권,KOSPI,270,7.04000,-0.02399,-0.03390,-0.01740,1200.00000,-0.01740,-0.00202,-0.04097,-0.04388,-0.08114,-0.06681,-0.04027,-0.07924,-0.06329,-0.00495,-0.01294,-0.02882,0.00393,-0.04052,-0.02015,-0.02259,-0.04250,-0.04604,1200.00000,16636.59088,0.07213,0.01670,-0.00914,-0.00562,0.02885,0.03752,0.01164,0.24123
2024,120240,대정화금,KOSDAQ,1458,3.57000,0.04180,0.03189,-0.02130,420.00000,-0.02130,-0.00592,0.01961,0.00465,-0.03261,0.04665,-0.01283,-0.05180,0.02844,-0.03783,-0.04582,0.00239,-0.02254,-0.06700,0.01832,-0.02918,-0.04908,0.01140,450.00000,13131.97577,0.03198,0.04332,0.07035,0.05215,0.02610,0.04203,0.03511,0.66598
2024,003310,대주산업,KOSDAQ,2042,3.13000,0.08272,0.07281,-0.02610,40.00000,-0.02610,-0.01072,0.05446,0.00418,-0.03308,0.08725,-0.00199,-0.04097,0.08056,0.04953,0.04153,0.13635,0.20504,0.16059,0.30473,0.24963,0.22972,0.35300,42.00000,1452.85336,0.02753,0.07440,0.10719,0.10050,0.15629,0.32467,0.37294,0.94799
2024,015230,대창단조,KOSPI,1052,3.55000,0.01161,0.00169,-0.03220,160.00000,-0.03220,-0.01682,-0.02097,-0.02146,-0.05872,-0.01010,-0.02144,-0.06041,-0.01009,-0.02155,-0.02954,-0.01019,-0.01347,-0.05793,-0.00202,-0.06602,-0.08593,-0.05518,180.00000,5129.27559,0.03119,0.00207,0.01294,0.01295,0.01285,0.02102,-0.03214,1.03227
2024,084010,대한제강,KOSPI,511,3.22000,0.07618,0.06626,-0.00240,500.00000,-0.00240,0.01298,0.07360,-0.02872,-0.06599,0.04527,-0.02027,-0.05924,0.05436,-0.00816,-0.01616,0.06740,-0.07586,-0.12032,-0.00546,-0.06875,-0.08865,0.00220,500.00000,16710.88755,0.02992,0.09556,0.06723,0.07633,0.08936,0.01650,0.02416,0.08021
2024,001790,대한제당,KOSPI,673,4.06000,-0.02116,-0.03108,-0.03240,120.00000,-0.03240,-0.01702,-0.05288,-0.03785,-0.07511,-0.05821,-0.04329,-0.08226,-0.06354,-0.05059,-0.05858,-0.07068,-0.04536,-0.08982,-0.06556,0.00149,-0.01842,-0.01971,115.00000,2772.57141,0.04328,-0.01961,-0.02494,-0.03027,-0.03741,-0.03230,0.01356,0.74859
2024,016090,대현,KOSPI,1398,4.63000,0.06249,0.05258,-0.00650,90.00000,-0.00650,0.00888,0.05559,-0.00873,-0.04599,0.05322,-0.01963,-0.05860,0.04164,0.00411,-0.00388,0.06686,-0.01134,-0.05579,0.05045,-0.12905,-0.14896,-0.07462,100.00000,2294.80360,0.03922,0.08542,0.08305,0.07147,0.09669,0.08028,-0.04480,0.16574
2024,298540,더네이쳐홀딩스,KOSDAQ,1037,3.96000,-0.06726,-0.07718,-0.00640,500.00000,-0.00640,0.00898,-0.07323,0.00740,-0.02987,-0.06036,0.02326,-0.01571,-0.04557,-0.02449,-0.03248,-0.09010,-0.02557,-0.07003,-0.09112,-0.03417,-0.05408,-0.09913,400.00000,9421.60750,0.05307,-0.03168,-0.01882,-0.00402,-0.04855,-0.04957,-0.05759,0.12060
2024,067990,도이치모터스,KOSDAQ,1074,7.93000,0.08900,0.07908,-0.09650,380.00000,-0.09650,-0.08112,-0.01609,-0.12210,-0.15937,-0.04397,-0.14080,-0.17977,-0.06434,-0.15446,-0.16245,-0.07921,-0.09448,-0.13894,-0.01389,-0.13378,-0.15368,-0.05669,370.00000,5081.07231,0.07479,0.04383,0.01595,-0.00442,-0.01929,0.04603,0.00323,1.29032
2024,002150,도화엔지니어링,KOSPI,728,4.09000,-0.01319,-0.02310,-0.03250,280.00000,-0.03250,-0.01712,-0.04526,-0.01928,-0.05655,-0.03222,-0.01038,-0.04935,-0.02343,-0.06059,-0.06858,-0.07298,-0.03552,-0.07998,-0.04824,-0.05034,-0.07025,-0.06287,280.00000,6755.68533,0.04145,-0.01355,-0.00050,0.00828,-0.04126,-0.01653,-0.03115,0.78414
2024,075970,동국알앤에스,KOSDAQ,2044,3.11000,0.03326,0.02335,-0.03760,80.00000,-0.03760,-0.02222,-0.00559,0.06966,0.03240,0.10524,0.12039,0.08142,0.15766,0.10714,0.09915,0.14397,-0.01884,-0.06330,0.01379,-0.09969,-0.11960,-0.06974,80.00000,2657.90717,0.03010,0.01652,0.12735,0.17977,0.16608,0.03591,-0.04763,1.24922
2024,460860,동국제강,KOSPI,456,8.36000,0.01081,0.00089,-0.04490,600.00000,-0.04490,-0.02952,-0.03458,-0.01893,-0.05619,-0.00832,-0.00112,-0.04010,0.00967,-0.02472,-0.03271,-0.01418,0.12195,0.07749,0.13407,0.04060,0.02070,0.05185,700.00000,8463.71946,0.07089,0.02205,0.04830,0.06630,0.04245,0.19070,0.10848,0.63337
2024,001230,동국홀딩스,KOSPI,717,8.11000,0.02997,0.02005,-0.02490,500.00000,-0.02490,-0.00952,0.00432,-0.02095,-0.05821,0.00839,-0.04059,-0.07956,-0.01184,-0.07472,-0.08271,-0.04699,-0.00523,-0.04969,0.02458,-0.07495,-0.09485,-0.04722,600.00000,7619.97665,0.06562,0.05648,0.06055,0.04032,0.00517,0.07674,0.00494,0.37947
2024,102260,동성케미컬,KOSPI,808,4.98000,-0.01104,-0.02095,-0.03430,50.00000,-0.03430,-0.01892,-0.04496,-0.05089,-0.08816,-0.06137,-0.05346,-0.09243,-0.06391,-0.03315,-0.04114,-0.04382,-0.02171,-0.06617,-0.03251,-0.06106,-0.08096,-0.07142,200.00000,3971.74329,0.01259,-0.03766,-0.05407,-0.05661,-0.03652,-0.02521,-0.06412,2.72462
2024,088130,동아엘텍,KOSDAQ,1695,3.77000,-0.07424,-0.08415,-0.00680,150.00000,-0.00680,0.00858,-0.08053,-0.00826,-0.04553,-0.08188,-0.04492,-0.08389,-0.11582,-0.13730,-0.14529,-0.20134,-0.13045,-0.17491,-0.19500,-0.20653,-0.22644,-0.26543,150.00000,3683.41470,0.04072,-0.04943,-0.05078,-0.08472,-0.17024,-0.16390,-0.23433,0.16698
2024,028100,동아지질,KOSPI,865,3.69000,0.00446,-0.00546,-0.00730,500.00000,-0.00730,0.00808,-0.00288,0.02650,-0.01077,0.03107,0.01410,-0.02487,0.01862,-0.01163,-0.01963,-0.00723,-0.00115,-0.04561,0.00330,-0.03576,-0.05566,-0.03146,500.00000,13610.50422,0.03674,0.02485,0.05880,0.04635,0.02050,0.03103,-0.00373,0.19871
2024,001520,동양,KOSPI,830,5.03000,-0.05020,-0.06011,-0.07410,0.00000,-0.07410,-0.05872,-0.12058,-0.07409,-0.11135,-0.12057,-0.06479,-0.10376,-0.11173,-0.09914,-0.10714,-0.14437,-0.15599,-0.20045,-0.19835,-0.26433,-0.28423,-0.30126,40.00000,755.30992,0.00000,-0.12393,-0.12392,-0.11508,-0.14772,-0.20170,-0.30461,
2024,082640,동양생명,KOSPI,254,6.87000,-0.21455,-0.22447,-0.00330,0.00000,-0.00330,0.01208,-0.21715,0.01412,-0.02314,-0.20346,0.01208,-0.02690,-0.20507,0.01756,0.00957,-0.20076,0.08005,0.03559,-0.15168,0.16823,0.14832,-0.08242,400.00000,4573.19646,0.00000,-0.22050,-0.20681,-0.20842,-0.20411,-0.15503,-0.08577,
2024,013120,동원개발,KOSDAQ,772,3.41000,0.04484,0.03492,-0.03670,80.00000,-0.03670,-0.02132,0.00649,-0.05093,-0.08819,-0.00838,-0.05916,-0.09813,-0.01698,-0.10405,-0.11204,-0.06388,-0.05315,-0.09761,-0.01069,-0.08406,-0.10396,-0.04299,80.00000,2451.22904,0.03264,0.03075,0.01589,0.00728,-0.03961,0.01357,-0.01873,1.12450
2024,018500,동원모빌리티,KOSPI,1960,4.47000,0.61297,0.60306,0.01220,50.00000,0.01220,0.02758,0.63265,0.23538,0.19812,0.99264,0.22987,0.19090,0.98375,0.05925,0.05126,0.70855,0.06371,0.01925,0.71573,0.06400,0.04409,0.71620,50.00000,1804.21970,0.02771,0.65275,1.01273,1.00384,0.72864,0.73582,0.73629,-0.44023
2024,111380,동인기연,KOSPI,1390,3.54000,0.24346,0.23354,-0.06670,620.00000,-0.06670,-0.05132,0.16052,-0.05456,-0.09182,0.17561,-0.13848,-0.17746,0.07126,-0.18325,-0.19124,0.01559,-0.14773,-0.19219,0.05976,-0.24491,-0.26482,-0.06108,560.00000,19670.47806,0.03152,0.18383,0.19893,0.09457,0.03891,0.08308,-0.03777,2.11616
2024,241560,두산밥캣,KOSPI,90,4.12000,0.16866,0.15874,-0.03860,1600.00000,-0.03860,-0.02322,0.12355,-0.08272,-0.11998,0.07199,-0.04626,-0.08523,0.11459,0.05181,0.04382,0.22921,-0.00133,-0.04578,0.16711,0.05848,0.03857,0.23700,1600.00000,45384.78506,0.03525,0.15002,0.09846,0.14107,0.25568,0.19358,0.26347,1.09491
2024,016740,두올,KOSPI,1294,3.56000,-0.04166,-0.05157,-0.03250,120.00000,-0.03250,-0.01712,-0.07280,-0.02476,-0.06202,-0.06538,-0.02939,-0.06837,-0.06983,-0.13790,-0.14590,-0.17382,0.00779,-0.03667,-0.03419,-0.03245,-0.05235,-0.07275,120.00000,3230.37615,0.03715,-0.04472,-0.03730,-0.04175,-0.14574,-0.00611,-0.04468,0.87489
2024,013570,디와이,KOSPI,1264,3.53000,-0.06354,-0.07346,-0.03020,120.00000,-0.03020,-0.01482,-0.09182,0.00745,-0.02981,-0.05656,0.02000,-0.01897,-0.04481,-0.04521,-0.05320,-0.10588,-0.02386,-0.06832,-0.08588,-0.04773,-0.06763,-0.10824,150.00000,3979.28987,0.03016,-0.06966,-0.03440,-0.02265,-0.08372,-0.06372,-0.08607,1.00145
2024,210540,디와이파워,KOSPI,1092,3.21000,-0.08307,-0.09299,-0.03230,350.00000,-0.03230,-0.01692,-0.11269,-0.00681,-0.04408,-0.08932,-0.00063,-0.03960,-0.08365,0.01691,0.00891,-0.06757,0.03019,-0.01427,-0.05539,0.02759,0.00768,-0.05777,400.00000,11425.91076,0.03063,-0.09012,-0.06675,-0.06108,-0.04500,-0.03283,-0.03521,1.05445
2024,105740,디케이락,KOSDAQ,1573,3.17000,-0.03945,-0.04937,-0.02900,250.00000,-0.02900,-0.01362,-0.06731,-0.01061,-0.04787,-0.04964,0.02105,-0.01792,-0.01923,0.05799,0.05000,0.01626,0.00912,-0.03534,-0.03069,-0.01605,-0.03595,-0.05486,250.00000,7575.31218,0.03300,-0.04274,-0.02507,0.00534,0.04082,-0.00612,-0.03029,0.87874
2024,171120,라이온켐텍,KOSDAQ,1470,4.02000,0.21702,0.20710,-0.16170,100.00000,-0.16170,-0.14632,0.02022,-0.18475,-0.22201,-0.00782,-0.16817,-0.20714,0.01235,-0.21616,-0.22415,-0.04605,-0.23946,-0.28392,-0.07441,-0.23778,-0.25769,-0.07237,100.00000,3027.40385,0.03303,0.04482,0.01677,0.03695,-0.02146,-0.04982,-0.04778,4.89531
2024,038390,레드캡투어,KOSDAQ,1640,9.97000,-0.02091,-0.03083,-0.03050,2300.00000,-0.03050,-0.01512,-0.05077,-0.03504,-0.07230,-0.05521,-0.01573,-0.05471,-0.03631,-0.01229,-0.02028,-0.03294,0.59619,0.55173,0.56282,0.06447,0.04456,0.04221,900.00000,8838.32929,0.26023,0.16603,0.16159,0.18049,0.18386,0.77962,0.25901,0.11720
2024,089860,롯데렌탈,KOSPI,225,3.88000,-0.00810,-0.01801,-0.02450,1200.00000,-0.02450,-0.00912,-0.03240,-0.02941,-0.06667,-0.03727,-0.06539,-0.10436,-0.07296,-0.08340,-0.09139,-0.09082,-0.05090,-0.09536,-0.05858,-0.05413,-0.07404,-0.06179,1200.00000,30677.37310,0.03912,-0.00266,-0.00753,-0.04321,-0.06108,-0.02884,-0.03205,0.62633
2024,023530,롯데쇼핑,KOSPI,172,6.64000,0.00356,-0.00636,-0.04180,3800.00000,-0.04180,-0.02642,-0.03839,-0.05929,-0.09655,-0.05594,-0.06620,-0.10517,-0.06288,-0.08530,-0.09329,-0.08204,0.08917,0.04471,0.09304,0.03317,0.01326,0.03685,3800.00000,57432.52463,0.06616,0.01423,-0.00332,-0.01025,-0.02942,0.14567,0.08947,0.63176
2024,286940,롯데이노베이트,KOSPI,596,5.03000,-0.02380,-0.03372,-0.02730,700.00000,-0.02730,-0.01192,-0.05045,0.05761,0.02035,0.03244,0.04988,0.01091,0.02490,-0.01565,-0.02364,-0.03907,-0.02146,-0.06592,-0.04475,-0.07146,-0.09136,-0.09356,1000.00000,19407.54165,0.03607,-0.02329,0.05960,0.05206,-0.01191,-0.01758,-0.06639,0.75689
2024,004000,롯데정밀화학,KOSPI,267,5.82000,0.15999,0.15007,-0.01760,1400.00000,-0.01760,-0.00222,0.13957,0.01130,-0.02596,0.17310,0.00247,-0.03650,0.16286,-0.02623,-0.03423,0.12956,-0.03005,-0.07451,0.12513,-0.08136,-0.10126,0.06562,2000.00000,39862.21709,0.03512,0.16594,0.19946,0.18922,0.15592,0.15149,0.09198,0.50113
2024,004990,롯데지주,KOSPI,136,7.18000,0.10764,0.09773,-0.04970,1200.00000,-0.04970,-0.03432,0.05259,-0.07565,-0.11291,0.02386,-0.09070,-0.12967,0.00719,-0.12301,-0.13100,-0.02861,-0.07110,-0.11556,0.02889,-0.06904,-0.08895,0.03117,1500.00000,23140.20561,0.05186,0.09312,0.06438,0.04771,0.01191,0.06941,0.07169,0.95839
2024,011170,롯데케미칼,KOSPI,119,5.43000,-0.05424,-0.06416,-0.00820,2000.00000,-0.00820,0.00718,-0.06200,-0.01156,-0.04882,-0.06517,-0.04921,-0.08818,-0.10079,-0.11313,-0.12112,-0.16123,-0.00007,-0.04453,-0.05431,0.07529,0.05538,0.01696,3500.00000,60960.42692,0.03281,-0.03759,-0.04077,-0.07638,-0.13683,-0.02991,0.04137,0.24994
2024,071840,롯데하이마트,KOSPI,907,4.05000,0.01202,0.00211,-0.02270,300.00000,-0.02270,-0.00732,-0.01095,0.00130,-0.03596,0.01334,0.09207,0.05310,0.10520,-0.02676,-0.03475,-0.01506,-0.00947,-0.05393,0.00244,-0.05479,-0.07470,-0.04343,300.00000,7496.47249,0.04002,0.01956,0.04385,0.13571,0.01545,0.03294,-0.01292,0.56723
2024,267980,매일유업,KOSDAQ,599,3.18000,-0.04905,-0.05896,-0.02650,1250.00000,-0.02650,-0.01112,-0.07425,-0.02643,-0.06369,-0.07418,-0.04314,-0.08212,-0.09007,-0.10311,-0.11111,-0.14710,-0.03906,-0.08352,-0.08619,0.00267,-0.01723,-0.04650,1200.00000,35885.05292,0.03483,-0.04813,-0.04806,-0.06396,-0.12098,-0.06008,-0.02038,0.76076
2024,067280,멀티캠퍼스,KOSDAQ,874,5.29000,0.00005,-0.00987,-0.02480,2100.00000,-0.02480,-0.00942,-0.02475,-0.03963,-0.07689,-0.03958,-0.04629,-0.08526,-0.04624,-0.03634,-0.04433,-0.03629,0.04628,0.00182,0.04633,0.08266,0.06275,0.08271,1600.00000,30247.16438,0.06943,0.03063,0.01580,0.00914,0.01909,0.10171,0.13809,0.35720
2024,072870,메가스터디,KOSDAQ,1102,7.49000,0.01123,0.00132,-0.05310,800.00000,-0.05310,-0.03772,-0.04246,-0.07059,-0.10786,-0.06015,-0.07233,-0.11130,-0.06191,-0.05329,-0.06128,-0.04265,-0.08610,-0.13055,-0.07583,-0.10360,-0.12350,-0.09353,850.00000,11475.94825,0.06971,0.01316,-0.00453,-0.00628,0.01297,-0.02020,-0.03790,0.76172
2024,215200,메가스터디교육,KOSDAQ,418,4.85000,0.11624,0.10632,-0.07280,1500.00000,-0.07280,-0.05742,0.03498,-0.10869,-0.14595,-0.00508,-0.12502,-0.16399,-0.02332,-0.16850,-0.17649,-0.07184,-0.17191,-0.21637,-0.07566,-0.05446,-0.07437,0.05544,2000.00000,46030.46378,0.03259,0.05920,0.01914,0.00090,-0.04762,-0.05144,0.07966,2.23401
2024,012690,모나리자,KOSPI,1259,4.87000,-0.06997,-0.07989,-0.00870,0.00000,-0.00870,0.00668,-0.07807,0.07521,0.03795,-0.00002,0.08226,0.04329,0.00653,0.03002,0.02203,-0.04205,0.00390,-0.04056,-0.06635,-0.01150,-0.03141,-0.08067,150.00000,2864.55429,0.00000,-0.08142,-0.00337,0.00318,-0.04540,-0.06970,-0.08402,
2024,009680,모토닉,KOSPI,610,5.20000,0.01596,0.00604,-0.04550,600.00000,-0.04550,-0.03012,-0.03027,-0.03743,-0.07469,-0.02206,-0.04536,-0.08433,-0.03012,-0.04542,-0.05341,-0.03018,0.03990,-0.00456,0.05649,0.04759,0.02768,0.06431,450.00000,8791.94752,0.06824,0.02412,0.03232,0.02426,0.02420,0.11088,0.11869,0.66672
2024,009580,무림P&P,KOSPI,969,3.85000,-0.00782,-0.01773,0.06020,100.00000,0.06020,0.07558,0.05191,0.11852,0.08126,0.10978,0.06020,0.02123,0.05191,0.01554,0.00755,0.00760,0.05628,0.01183,0.04803,0.17872,0.15882,0.16951,100.00000,2577.09470,0.03880,0.08139,0.13925,0.08139,0.03708,0.07750,0.19899,-1.55141
2024,009200,무림페이퍼,KOSPI,1535,3.75000,0.04256,0.03264,-0.01680,100.00000,-0.01680,-0.00142,0.02505,0.01202,-0.02524,0.05510,0.02647,-0.01250,0.07015,-0.04316,-0.05116,-0.00244,0.02400,-0.02046,0.06758,-0.02144,-0.04135,0.02021,75.00000,2085.12136,0.04796,0.06227,0.09232,0.10738,0.03478,0.10480,0.05743,0.35030
2024,033920,무학,KOSPI,913,3.77000,0.08176,0.07184,-0.04240,520.00000,-0.04240,-0.02702,0.03589,-0.02121,-0.05847,0.05882,-0.05761,-0.09658,0.01944,-0.07421,-0.08220,0.00148,-0.02428,-0.06874,0.05549,-0.00153,-0.02144,0.08010,230.00000,6599.57553,0.07879,0.09920,0.12212,0.08275,0.06479,0.11880,0.14341,0.53812
2024,003650,미창석유,KOSPI,997,3.11000,-0.00001,-0.00993,-0.01000,3000.00000,-0.01000,0.00538,-0.01001,-0.02329,-0.06056,-0.02330,-0.02215,-0.06112,-0.02216,-0.01883,-0.02682,-0.01884,0.00777,-0.03669,0.00776,0.10240,0.08250,0.10239,2800.00000,90031.00352,0.03332,0.01483,0.00154,0.00268,0.00600,0.03260,0.12723,0.30010
2024,377740,바이오노트,KOSPI,415,4.26000,0.03082,0.02091,-0.02270,200.00000,-0.02270,-0.00732,0.00742,0.06289,0.02562,0.09565,0.03090,-0.00807,0.06267,-0.00623,-0.01422,0.02440,-0.00311,-0.04757,0.02761,-0.03282,-0.05272,-0.00301,200.00000,4839.53650,0.04133,0.03903,0.12726,0.09428,0.05601,0.05922,0.02860,0.54929
2024,199730,바이오인프라,KOSDAQ,2295,8.84000,-0.04558,-0.05550,-0.02930,400.00000,-0.02930,-0.01392,-0.07354,0.02477,-0.01250,-0.02194,0.02628,-0.01269,-0.02050,-0.15730,-0.16529,-0.19571,-0.16631,-0.21077,-0.20431,0.01906,-0.00085,-0.02739,600.00000,6477.96990,0.06175,-0.02466,0.02695,0.02839,-0.14682,-0.15542,0.02150,0.47451
2024,007210,벽산,KOSPI,1147,3.19000,-0.00311,-0.01303,-0.02670,37.00000,-0.02670,-0.01132,-0.02973,-0.00524,-0.04251,-0.00834,0.00761,-0.03136,0.00447,0.00371,-0.00429,0.00058,0.15797,0.11352,0.15437,0.15002,0.13011,0.14644,60.00000,1875.02123,0.01973,-0.01639,0.00500,0.01782,0.01393,0.16771,0.15978,1.35306
2024,225530,HC보광산업,KOSDAQ,1121,8.24000,0.34223,0.33231,-0.00920,150.00000,-0.00920,0.00618,0.32988,0.00313,-0.03413,0.34643,0.09520,0.05623,0.47000,-0.02362,-0.03161,0.31053,-0.14648,-0.19094,0.14562,-0.11970,-0.13961,0.18156,300.00000,4886.74595,0.03070,0.35250,0.36904,0.49262,0.33315,0.16824,0.20418,0.29972
2024,001270,부국증권,KOSPI,637,5.74000,0.03431,0.02439,0.00180,1500.00000,0.00180,0.01718,0.03617,0.01847,-0.01879,0.05342,0.01288,-0.02609,0.04763,0.00921,0.00121,0.04383,-0.00753,-0.05198,0.02653,-0.01145,-0.03136,0.02247,1500.00000,27028.99105,0.05550,0.07977,0.09702,0.09123,0.08743,0.07012,0.06606,-0.03243
2024,026940,부국철강,KOSPI,2041,3.15000,0.05049,0.04058,-0.02400,75.00000,-0.02400,-0.00862,0.02528,-0.02982,-0.06708,0.01917,-0.00783,-0.04680,0.04227,-0.04591,-0.05390,0.00226,-0.03592,-0.08038,0.01276,-0.06801,-0.08792,-0.02095,75.00000,2501.16970,0.02999,0.04730,0.04119,0.06428,0.02428,0.03478,0.00107,0.80037
2024,005180,빙그레,KOSPI,313,3.59000,0.12668,0.11677,-0.01960,3300.00000,-0.01960,-0.00422,0.10460,-0.04037,-0.07763,0.08120,0.00732,-0.03165,0.13493,-0.08076,-0.08876,0.03569,0.18849,0.14403,0.33905,0.15916,0.13926,0.30601,2600.00000,81598.22904,0.04044,0.13546,0.11207,0.16579,0.06655,0.36991,0.33687,0.48464
2024,143240,사람인,KOSDAQ,922,3.41000,0.19019,0.18028,0.00340,500.00000,0.00340,0.01878,0.19424,0.01194,-0.02532,0.20440,0.02344,-0.01553,0.21809,-0.01261,-0.02060,0.17518,0.00338,-0.04108,0.19422,-0.10959,-0.12949,0.05976,500.00000,17451.48947,0.02865,0.21513,0.22529,0.23898,0.19607,0.21510,0.08065,-0.11867
2024,419120,산돌,KOSDAQ,2065,3.02000,-0.02180,-0.03171,-0.02740,180.00000,-0.02740,-0.01202,-0.04860,0.04961,0.01234,0.02673,0.04440,0.00543,0.02163,-0.01900,-0.02699,-0.04038,0.11637,0.07191,0.09204,0.19531,0.17540,0.16925,180.00000,5830.34301,0.03087,-0.02583,0.04950,0.04440,-0.01761,0.11481,0.19202,0.88751
2024,032830,삼성생명,KOSPI,15,3.45000,-0.06159,-0.07151,-0.03280,4500.00000,-0.03280,-0.01742,-0.09237,-0.07852,-0.11578,-0.13527,-0.06961,-0.10858,-0.12691,-0.08842,-0.09641,-0.14457,-0.14714,-0.19160,-0.19967,-0.16907,-0.18898,-0.22025,3700.00000,100640.87181,0.04471,-0.05789,-0.10080,-0.09243,-0.11009,-0.16519,-0.18577,0.73356
2024,016360,삼성증권,KOSPI,83,4.62000,0.00837,-0.00155,-0.08130,3500.00000,-0.08130,-0.06592,-0.07361,-0.07913,-0.11639,-0.07142,-0.10095,-0.13992,-0.09343,-0.04777,-0.05576,-0.03980,-0.06039,-0.10485,-0.05252,-0.05541,-0.07531,-0.04750,2200.00000,48017.63264,0.07289,-0.01530,-0.01310,-0.03511,0.01852,0.00579,0.01081,1.11538
2024,029780,삼성카드,KOSPI,73,5.85000,-0.04110,-0.05101,-0.02440,2800.00000,-0.02440,-0.00902,-0.06449,-0.02929,-0.06656,-0.06919,-0.03174,-0.07072,-0.07154,0.03656,0.02856,-0.00604,0.08786,0.04340,0.04315,-0.01952,-0.03943,-0.05981,2500.00000,40978.74176,0.06833,-0.01004,-0.01473,-0.01708,0.04841,0.09760,-0.00536,0.35710
2024,000810,삼성화재,KOSPI,20,4.08000,-0.05753,-0.06744,-0.01350,19000.00000,-0.01350,0.00188,-0.07025,-0.03252,-0.06978,-0.08817,-0.03115,-0.07012,-0.08688,0.00916,0.00117,-0.04889,0.03321,-0.01124,-0.02622,-0.02483,-0.04473,-0.08092,16000.00000,369597.97606,0.05141,-0.03011,-0.04803,-0.04674,-0.00875,0.01392,-0.04078,0.26261
2024,009300,삼아제약,KOSDAQ,1274,4.33000,-0.00353,-0.01344,-0.04640,800.00000,-0.04640,-0.03102,-0.04976,0.00696,-0.03030,0.00341,0.00524,-0.03373,0.00170,-0.07829,-0.08628,-0.08154,-0.06108,-0.10553,-0.06439,-0.06855,-0.08845,-0.07183,750.00000,17259.91425,0.04635,-0.01390,0.03927,0.03756,-0.04567,-0.02853,-0.03597,1.00108
2024,145990,삼양사,KOSPI,397,3.47000,-0.01994,-0.02986,-0.02730,1750.00000,-0.02730,-0.01192,-0.04670,-0.04350,-0.08077,-0.06258,-0.07583,-0.11481,-0.09426,-0.10823,-0.11623,-0.12602,-0.10129,-0.14575,-0.11921,-0.08020,-0.10011,-0.09854,1750.00000,49426.56981,0.03541,-0.02009,-0.03598,-0.06766,-0.09941,-0.09261,-0.07194,0.77105
2024,002170,SYTS,KOSPI,1030,3.00000,0.01607,0.00616,-0.02170,1500.00000,-0.02170,-0.00632,-0.00598,0.00593,-0.03134,0.02210,-0.00587,-0.04484,0.01011,-0.05507,-0.06306,-0.03988,-0.07872,-0.12318,-0.06391,-0.06699,-0.08690,-0.05200,1500.00000,50803.67724,0.02953,0.01565,0.04373,0.03174,-0.01825,-0.04228,-0.03037,0.73496
2024,000070,삼양홀딩스,KOSPI,367,5.14000,0.01320,0.00328,-0.04640,3500.00000,-0.04640,-0.03102,-0.03382,-0.06093,-0.09819,-0.04854,-0.08986,-0.12883,-0.07785,-0.09565,-0.10364,-0.08372,-0.12462,-0.16908,-0.11307,-0.15935,-0.17925,-0.14825,3500.00000,68991.91730,0.05073,0.00575,-0.00897,-0.03828,-0.04415,-0.07350,-0.10868,0.91464
2024,002810,삼영무역,KOSPI,705,4.62000,0.01755,0.00764,-0.03250,700.00000,-0.03250,-0.01712,-0.01552,-0.04304,-0.08031,-0.02624,-0.05369,-0.09267,-0.03708,-0.06356,-0.07156,-0.04713,0.01813,-0.02633,0.03600,0.00382,-0.01608,0.02145,600.00000,13214.98261,0.05297,0.02595,0.01522,0.00438,-0.00566,0.07747,0.06291,0.61355
2024,037460,삼지전자,KOSDAQ,1096,5.37000,0.07382,0.06390,-0.03110,450.00000,-0.03110,-0.01572,0.04042,-0.03549,-0.07276,0.03570,-0.01205,-0.05102,0.06088,0.02013,0.01214,0.09543,0.12470,0.08024,0.20772,0.04365,0.02374,0.12069,450.00000,8998.45665,0.05001,0.07938,0.07466,0.09983,0.13439,0.24668,0.15964,0.62189
2024,005500,삼진제약,KOSPI,657,4.26000,-0.00689,-0.01681,-0.02840,800.00000,-0.02840,-0.01302,-0.03509,-0.03540,-0.07267,-0.04205,-0.06320,-0.10217,-0.06966,-0.08417,-0.09216,-0.09048,-0.05678,-0.10124,-0.06328,-0.05842,-0.07833,-0.06491,800.00000,18649.94210,0.04290,-0.00216,-0.00911,-0.03672,-0.05754,-0.03034,-0.03197,0.66207
2024,004690,삼천리,KOSPI,502,3.31000,0.00227,-0.00764,-0.01650,3000.00000,-0.01650,-0.00112,-0.01426,0.00220,-0.03506,0.00448,0.00223,-0.03675,0.00451,-0.01642,-0.02441,-0.01418,-0.00644,-0.05090,-0.00418,-0.04505,-0.06496,-0.04288,3000.00000,90840.62429,0.03302,0.01033,0.02907,0.02909,0.01041,0.02041,-0.01829,0.49962
2024,038500,삼표시멘트,KOSDAQ,539,3.14000,-0.03630,-0.04622,-0.03100,110.00000,-0.03100,-0.01562,-0.06617,-0.03260,-0.06986,-0.06771,-0.01798,-0.05695,-0.05363,-0.01457,-0.02256,-0.05034,-0.00307,-0.04753,-0.03926,-0.01455,-0.03446,-0.05032,100.00000,3069.10922,0.03584,-0.03920,-0.04074,-0.02665,-0.02337,-0.01229,-0.02335,0.86493
2024,000390,SP삼화,KOSPI,893,6.16000,0.00770,-0.00222,-0.03670,350.00000,-0.03670,-0.02132,-0.02928,-0.03665,-0.07391,-0.02923,-0.03966,-0.07863,-0.03227,-0.07944,-0.08743,-0.07235,-0.05647,-0.10093,-0.04921,-0.09009,-0.10999,-0.08308,400.00000,6543.49777,0.05349,0.01262,0.01267,0.00963,-0.03045,-0.00731,-0.04118,0.68613
2024,041650,상신브레이크,KOSPI,1759,3.62000,-0.01332,-0.02324,-0.02840,100.00000,-0.02840,-0.01302,-0.04135,0.00498,-0.03229,-0.00841,0.01336,-0.02561,-0.00014,-0.04833,-0.05632,-0.06101,-0.01631,-0.06077,-0.02942,-0.00470,-0.02461,-0.01797,110.00000,2998.18725,0.03335,-0.01648,0.01645,0.02472,-0.03614,-0.00455,0.00690,0.85149
2024,017390,서울가스,KOSPI,660,4.33000,-0.00774,-0.01766,-0.02910,2500.00000,-0.02910,-0.01372,-0.03662,-0.03299,-0.07026,-0.04048,-0.04263,-0.08160,-0.05005,-0.06094,-0.06894,-0.06822,-0.04649,-0.09095,-0.05387,-0.05416,-0.07406,-0.06148,2250.00000,51560.68838,0.04849,0.00105,-0.00281,-0.01238,-0.03055,-0.01620,-0.02381,0.60017
2024,065710,서호전기,KOSDAQ,1235,6.65000,-0.05110,-0.06102,-0.03040,2500.00000,-0.03040,-0.01502,-0.07995,-0.02101,-0.05827,-0.07103,-0.05616,-0.09513,-0.10439,-0.06823,-0.07622,-0.11584,0.03030,-0.01415,-0.02234,0.12370,0.10380,0.06628,1500.00000,21403.74736,0.11680,0.01552,0.02443,-0.00893,-0.02038,0.07312,0.16175,0.26027
2024,004980,성신양회,KOSPI,829,4.50000,0.00368,-0.00623,-0.03330,350.00000,-0.03330,-0.01792,-0.02974,-0.04873,-0.08600,-0.04523,-0.03078,-0.06975,-0.02721,-0.02564,-0.03363,-0.02205,-0.05147,-0.09593,-0.04798,-0.10154,-0.12144,-0.09823,350.00000,7806.42271,0.04483,0.00484,-0.01065,0.00737,0.01253,-0.01340,-0.06365,0.74273
2024,148150,세경하이테크,KOSDAQ,782,5.15000,0.48104,0.47113,0.00350,100.00000,0.00350,0.01888,0.48623,0.03837,0.00111,0.53787,-0.03354,-0.07251,0.43137,-0.12992,-0.13791,0.28863,0.04061,-0.00385,0.54119,-0.19619,-0.21610,0.19048,300.00000,8627.43884,0.01159,0.49268,0.54433,0.43783,0.29508,0.54765,0.19693,-0.30196
2024,011560,세보엠이씨,KOSDAQ,1318,5.46000,0.08523,0.07531,-0.08780,550.00000,-0.08780,-0.07242,-0.01006,-0.04033,-0.07759,0.04146,-0.04861,-0.08758,0.03248,-0.08055,-0.08855,-0.00219,-0.08390,-0.12835,-0.00582,-0.08940,-0.10931,-0.01179,550.00000,10931.77499,0.05031,0.02916,0.08068,0.07169,0.03702,0.03339,0.02742,1.74511
2024,001430,세아베스틸지주,KOSPI,278,5.22000,-0.11959,-0.12950,-0.01980,1200.00000,-0.01980,-0.00442,-0.13702,-0.04936,-0.08662,-0.16304,-0.06956,-0.10853,-0.18083,-0.07784,-0.08583,-0.18812,-0.04184,-0.08629,-0.15642,-0.15224,-0.17215,-0.25362,1200.00000,20239.40931,0.05929,-0.09021,-0.11623,-0.13402,-0.14131,-0.10961,-0.20681,0.33395
2024,306200,세아제강,KOSPI,551,6.86000,0.02489,0.01497,-0.01260,7000.00000,-0.01260,0.00278,0.01197,0.02349,-0.01377,0.04896,0.00510,-0.03387,0.03012,0.21095,0.20295,0.24108,0.47795,0.43349,0.51473,0.57800,0.55809,0.61727,8000.00000,119520.38444,0.05857,0.05817,0.09516,0.07631,0.28728,0.56093,0.66347,0.21514
2024,126720,수산인더스트리,KOSPI,575,3.64000,-0.08192,-0.09183,-0.03230,800.00000,-0.03230,-0.01692,-0.11157,-0.02528,-0.06255,-0.10513,0.00254,-0.03643,-0.07958,0.02238,0.01438,-0.06137,0.00753,-0.03692,-0.07500,-0.05698,-0.07689,-0.13423,800.00000,20177.68671,0.03965,-0.08138,-0.07494,-0.04939,-0.03118,-0.04481,-0.10404,0.81467
2024,192440,슈피겐코리아,KOSDAQ,1171,3.49000,0.00596,-0.00396,-0.02840,462.00000,-0.02840,-0.01302,-0.02261,0.02758,-0.00969,0.03370,0.05259,0.01362,0.05887,0.03780,0.02980,0.04398,0.18491,0.14045,0.19197,0.29971,0.27980,0.30745,696.00000,20061.49716,0.02303,-0.00648,0.04983,0.07500,0.06011,0.20810,0.32358,1.23322
2024,330730,스톤브릿지벤처스,KOSDAQ,1684,7.72000,0.02584,0.01593,-0.05140,200.00000,-0.05140,-0.03602,-0.02688,-0.06149,-0.09875,-0.03724,-0.07282,-0.11179,-0.04885,-0.13540,-0.14339,-0.11305,0.00619,-0.03827,0.03219,-0.04900,-0.06890,-0.02442,300.00000,3986.44192,0.05017,0.01221,0.00186,-0.00976,-0.07396,0.07129,0.01468,1.02452
2024,352090,스톰테크,KOSDAQ,1503,9.30000,-0.01072,-0.02063,-0.03450,370.00000,-0.03450,-0.01912,-0.04485,-0.00779,-0.04505,-0.01842,0.00633,-0.03264,-0.00445,-0.05942,-0.06741,-0.06950,0.03178,-0.01268,0.02072,0.03821,0.01830,0.02708,300.00000,3191.23858,0.11594,0.04989,0.07632,0.09029,0.02524,0.11546,0.12182,0.29756
2024,026890,스틱인베스트먼트,KOSPI,536,3.02000,0.07720,0.06728,-0.02470,250.00000,-0.02470,-0.00932,0.05059,-0.02132,-0.05859,0.05423,-0.04824,-0.08721,0.02523,-0.07524,-0.08323,-0.00385,-0.15145,-0.19591,-0.08595,0.00868,-0.01122,0.08655,250.00000,8917.19433,0.02804,0.07096,0.07460,0.04560,0.01652,-0.06558,0.10692,0.88102
2024,029530,신도리코,KOSPI,485,3.95000,0.01183,0.00192,-0.01040,1500.00000,-0.01040,0.00498,0.00131,-0.01839,-0.05566,-0.00678,0.03232,-0.00665,0.04454,-0.01059,-0.01858,0.00112,-0.00135,-0.04581,0.01047,-0.00662,-0.02652,0.00514,1500.00000,38424.03367,0.03904,0.03099,0.02290,0.07422,0.03079,0.04014,0.03481,0.26641
2024,004970,신라교역,KOSPI,1040,5.42000,0.08335,0.07344,-0.05410,500.00000,-0.05410,-0.03872,0.02474,-0.10711,-0.14437,-0.03268,-0.13715,-0.17612,-0.06523,-0.17621,-0.18421,-0.10755,-0.15814,-0.20260,-0.08797,-0.13817,-0.15808,-0.06634,500.00000,9994.01857,0.05003,0.06372,0.00629,-0.02625,-0.06857,-0.04899,-0.02736,1.08135
2024,035510,신세계 I&C,KOSPI,1013,3.94000,0.69367,0.68375,0.00800,430.00000,0.00800,0.02338,0.70722,-0.04575,-0.08301,0.61619,0.00265,-0.03632,0.69816,-0.15673,-0.16473,0.42821,-0.17651,-0.22097,0.39472,-0.20770,-0.22760,0.34190,350.00000,15045.28709,0.02858,0.72805,0.63702,0.71899,0.44904,0.41555,0.36273,-0.27991
2024,031430,신세계인터내셔날,KOSPI,499,3.85000,0.00371,-0.00621,-0.03550,400.00000,-0.03550,-0.02012,-0.03193,0.00391,-0.03335,0.00763,0.02206,-0.01691,0.02585,-0.03826,-0.04626,-0.03470,-0.02862,-0.07308,-0.02502,-0.05549,-0.07540,-0.05199,400.00000,10428.11600,0.03836,-0.00282,0.03673,0.05495,-0.00560,0.00408,-0.02289,0.92550
2024,001720,신영증권,KOSPI,212,5.81000,-0.00004,-0.00996,-0.01550,4500.00000,-0.01550,-0.00012,-0.01554,-0.02457,-0.06183,-0.02461,-0.02194,-0.06091,-0.02198,-0.02852,-0.03652,-0.02857,0.09907,0.05461,0.09902,-0.04802,-0.06793,-0.04807,4500.00000,77449.19632,0.05810,0.03026,0.02120,0.02382,0.01724,0.14483,-0.00226,0.26677
2024,009270,신원,KOSPI,1161,5.75000,0.29472,0.28481,-0.07420,70.00000,-0.07420,-0.05882,0.19865,-0.02981,-0.06707,0.25613,-0.01572,-0.05469,0.27436,-0.13117,-0.13916,0.12490,-0.15278,-0.19724,0.09691,-0.14380,-0.16371,0.10854,70.00000,1576.18345,0.04441,0.23288,0.29035,0.30859,0.15912,0.13114,0.14276,1.67075
2024,055550,신한지주,KOSPI,11,3.96000,-0.07732,-0.08724,-0.01120,2160.00000,-0.01120,0.00418,-0.08766,0.00106,-0.03620,-0.07634,0.01233,-0.02664,-0.06595,0.02662,0.01863,-0.05276,-0.05630,-0.10076,-0.12928,-0.01667,-0.03657,-0.09270,2100.00000,48929.75199,0.04414,-0.05366,-0.04235,-0.03196,-0.01876,-0.09528,-0.05871,0.25371
2024,160980,싸이맥스,KOSDAQ,1469,4.27000,0.07208,0.06217,-0.00910,350.00000,-0.00910,0.00628,0.06233,0.09106,0.05380,0.16971,0.09791,0.05894,0.17705,0.06270,0.05471,0.13931,0.17163,0.12717,0.25608,0.18082,0.16092,0.26594,350.00000,8787.55396,0.03983,0.09267,0.20005,0.20739,0.16965,0.28642,0.29628,0.22848
2024,049960,쎌바이오텍,KOSDAQ,1134,3.28000,0.03701,0.02709,0.01050,450.00000,0.01050,0.02588,0.04789,-0.00561,-0.04287,0.03119,-0.01039,-0.04936,0.02623,-0.00394,-0.01194,0.03292,-0.05789,-0.10235,-0.02302,-0.11334,-0.13325,-0.08053,450.00000,14227.21574,0.03163,0.07130,0.05460,0.04964,0.05632,0.00039,-0.05712,-0.33197
2024,264660,씨앤지하이테크,KOSDAQ,1403,4.05000,-0.01701,-0.02693,-0.03220,100.00000,-0.03220,-0.01682,-0.04867,0.03122,-0.00604,0.01368,0.05512,0.01615,0.03717,0.11439,0.10639,0.09542,0.51944,0.47498,0.49359,0.37410,0.35419,0.35072,400.00000,9708.49895,0.01030,-0.04330,0.01904,0.04253,0.10079,0.49895,0.35608,3.12614
2024,096530,씨젠,KOSDAQ,218,3.37000,-0.01896,-0.02888,-0.02790,800.00000,-0.02790,-0.01252,-0.04633,0.17164,0.13438,0.14942,0.07079,0.03182,0.05048,-0.00641,-0.01440,-0.02525,0.03856,-0.00589,0.01887,-0.01257,-0.03247,-0.03129,800.00000,23288.69119,0.03435,-0.02062,0.17513,0.07619,0.00046,0.04458,-0.00558,0.81219
2024,002310,아세아제지,KOSPI,547,6.12000,-0.05569,-0.06561,-0.00940,220.00000,-0.00940,0.00598,-0.06457,-0.05482,-0.09209,-0.10746,0.00409,-0.03488,-0.05183,-0.00117,-0.00917,-0.05680,-0.05071,-0.09516,-0.10357,-0.10956,-0.12946,-0.15915,484.00000,7468.06385,0.02946,-0.04300,-0.08589,-0.03026,-0.03523,-0.08200,-0.13758,0.31909
2024,267850,아시아나IDT,KOSPI,894,3.14000,-0.21870,-0.22861,-0.02580,500.00000,-0.02580,-0.01042,-0.23885,-0.00578,-0.04304,-0.22321,-0.02586,-0.06483,-0.23890,-0.08453,-0.09252,-0.28474,-0.09252,-0.13698,-0.29098,-0.15201,-0.17191,-0.33746,500.00000,12441.16161,0.04019,-0.20820,-0.19256,-0.20825,-0.25409,-0.26033,-0.30681,0.64196
2024,122900,아이마켓코리아,KOSPI,627,7.19000,-0.02526,-0.03517,-0.01600,600.00000,-0.01600,-0.00062,-0.04085,-0.01719,-0.05445,-0.04201,-0.03323,-0.07220,-0.05764,-0.05541,-0.06340,-0.07926,-0.02954,-0.07400,-0.05405,-0.04668,-0.06658,-0.07076,600.00000,8134.16392,0.07376,0.01820,0.01704,0.00141,-0.02021,0.00500,-0.01170,0.21691
2024,010780,아이에스동서,KOSPI,340,7.04000,0.07782,0.06790,-0.04140,1000.00000,-0.04140,-0.02602,0.03320,-0.07623,-0.11349,-0.00434,-0.13754,-0.17651,-0.07043,-0.19109,-0.19909,-0.12815,-0.27004,-0.31450,-0.21324,-0.29579,-0.31570,-0.24099,1500.00000,22964.88160,0.04354,0.06669,0.02915,-0.03694,-0.09466,-0.17975,-0.20750,0.95075
2024,262840,아이퀘스트,KOSDAQ,2072,4.21000,0.00848,-0.00144,-0.04180,43.00000,-0.04180,-0.02642,-0.03368,0.02286,-0.01441,0.03153,-0.00212,-0.04109,0.00634,0.02090,0.01290,0.02955,-0.03960,-0.08406,-0.03146,-0.10012,-0.12002,-0.09249,100.00000,2395.43607,0.01795,-0.02184,0.04337,0.01818,0.04139,-0.01962,-0.08065,2.32859
2024,052460,아이크래프트,KOSDAQ,2356,3.90000,0.02205,0.01213,-0.04530,0.00000,-0.04530,-0.02992,-0.02425,0.17203,0.13477,0.19787,0.30326,0.26429,0.33200,0.14093,0.13294,0.16609,0.10010,0.05564,0.12436,0.06395,0.04405,0.08742,80.00000,2096.51498,0.00000,-0.02760,0.19452,0.32865,0.16274,0.12101,0.08407,
2024,013310,아진산업,KOSDAQ,1436,4.20000,0.04413,0.03421,-0.03220,100.00000,-0.03220,-0.01682,0.01051,0.02821,-0.00905,0.07359,0.08254,0.04357,0.13031,0.01201,0.00402,0.05667,0.09237,0.04792,0.14058,0.20280,0.18289,0.25587,100.00000,2486.01535,0.04023,0.04119,0.10427,0.16099,0.08735,0.17126,0.28655,0.80050
2024,260660,알리코제약,KOSDAQ,1950,3.77000,0.00998,0.00006,-0.03020,75.00000,-0.03020,-0.01482,-0.02052,0.04443,0.00717,0.05486,0.03729,-0.00168,0.04764,-0.02161,-0.02960,-0.01184,0.17827,0.13381,0.19003,0.33627,0.31636,0.34960,130.00000,3482.69221,0.02154,-0.00565,0.06973,0.06251,0.00302,0.20490,0.36447,1.40236
2024,018250,애경산업,KOSPI,510,4.21000,0.02607,0.01616,-0.01770,580.00000,-0.01770,-0.00232,0.00791,-0.08498,-0.12225,-0.06113,-0.10545,-0.14442,-0.08213,-0.16061,-0.16860,-0.13873,-0.01545,-0.05991,0.01022,0.02626,0.00635,0.05301,580.00000,14135.91352,0.04103,0.03927,-0.02977,-0.05077,-0.10737,0.04158,0.08437,0.43139
2024,161000,애경케미칼,KOSPI,494,3.24000,-0.03511,-0.04503,-0.04700,281.00000,-0.04700,-0.03162,-0.08046,-0.01209,-0.04936,-0.04678,-0.00947,-0.04844,-0.04425,-0.10886,-0.11685,-0.14015,-0.05387,-0.09833,-0.08709,-0.09561,-0.11552,-0.12736,250.00000,7445.13733,0.03774,-0.05188,-0.01820,-0.01567,-0.11157,-0.05851,-0.09878,1.24527
2024,031330,에스에이엠티,KOSDAQ,631,7.31000,0.04756,0.03764,-0.08380,200.00000,-0.08380,-0.06842,-0.04023,-0.06288,-0.10014,-0.01831,-0.08373,-0.12271,-0.04016,-0.11516,-0.12316,-0.07308,-0.05946,-0.10392,-0.01473,-0.05758,-0.07748,-0.01276,200.00000,2866.09818,0.06978,0.01546,0.03738,0.01553,-0.01740,0.04095,0.04293,1.20090
2024,060540,에스에이티,KOSDAQ,2234,3.56000,0.08534,0.07542,-0.02360,0.00000,-0.02360,-0.00822,0.05973,0.02360,-0.01367,0.11095,0.07417,0.03520,0.16584,-0.04125,-0.04924,0.04057,0.01651,-0.02795,0.10326,0.05100,0.03109,0.14069,50.00000,1524.35308,0.00000,0.05638,0.10760,0.16249,0.03722,0.09991,0.13734,
2024,012750,에스원,KOSPI,127,4.30000,-0.00147,-0.01138,-0.04940,2700.00000,-0.04940,-0.03402,-0.05079,-0.03671,-0.07397,-0.03812,-0.02241,-0.06138,-0.02384,-0.06714,-0.07513,-0.06851,-0.04167,-0.08612,-0.04307,-0.01771,-0.03762,-0.01915,2700.00000,62698.63049,0.04306,-0.01771,-0.00504,0.00924,-0.03542,-0.00999,0.01393,1.14715
2024,069510,에스텍,KOSDAQ,1245,4.76000,0.04588,0.03596,-0.05730,850.00000,-0.05730,-0.04192,-0.01405,-0.03457,-0.07183,0.00972,0.00547,-0.03350,0.05160,-0.00360,-0.01159,0.04211,0.04486,0.00040,0.09279,0.00319,-0.01671,0.04922,500.00000,10986.10322,0.07737,0.04805,0.07183,0.11371,0.10422,0.15490,0.11132,0.74059
2024,098660,에스티오,KOSDAQ,2274,4.02000,0.06045,0.05053,-0.00690,40.00000,-0.00690,0.00848,0.05313,-0.00870,-0.04596,0.05123,-0.04841,-0.08738,0.00911,-0.03987,-0.04786,0.01817,-0.11053,-0.15499,-0.05676,-0.23653,-0.25644,-0.19038,110.00000,2901.73007,0.01378,0.06145,0.05954,0.01743,0.02649,-0.04845,-0.18207,0.50055
2024,078520,에이블씨엔씨,KOSPI,856,20.10000,0.04637,0.03646,-0.05250,411.00000,-0.05250,-0.03712,-0.00856,-0.01617,-0.05343,0.02946,-0.04310,-0.08207,0.00128,-0.11304,-0.12103,-0.07190,-0.02558,-0.07004,0.01961,-0.12242,-0.14233,-0.08173,1427.00000,7428.73614,0.05533,0.03490,0.07291,0.04473,-0.02845,0.06307,-0.03827,0.94893
2024,357230,에이치피오,KOSDAQ,1247,3.68000,-0.06988,-0.07980,-0.01580,35.00000,-0.01580,-0.00042,-0.08458,0.02969,-0.00758,-0.04227,0.00993,-0.02904,-0.06064,-0.01569,-0.02368,-0.08448,0.02390,-0.02056,-0.04766,-0.02962,-0.04952,-0.09743,100.00000,2527.49471,0.01385,-0.07621,-0.03390,-0.05228,-0.07611,-0.03929,-0.08906,1.14098
2024,021080,에이티넘인베스트,KOSDAQ,1255,5.10000,-0.03400,-0.04392,-0.05050,70.00000,-0.05050,-0.03512,-0.08279,-0.01092,-0.04818,-0.04455,-0.02851,-0.06748,-0.06154,-0.10976,-0.11775,-0.14003,-0.08128,-0.12573,-0.11251,-0.08348,-0.10339,-0.11465,120.00000,2272.93614,0.03080,-0.06008,-0.02184,-0.03883,-0.11733,-0.08981,-0.09194,1.63976
2024,262260,에이프로,KOSDAQ,1563,3.58000,-0.10187,-0.11178,-0.01000,100.00000,-0.01000,0.00538,-0.11085,0.08972,0.05246,-0.02128,0.08585,0.04688,-0.02476,-0.05760,-0.06559,-0.15359,-0.02278,-0.06724,-0.12233,-0.02767,-0.04758,-0.12672,200.00000,5017.51089,0.01993,-0.09734,-0.00777,-0.01125,-0.14008,-0.10881,-0.11321,0.50175
2024,244920,에이플러스에셋,KOSPI,1299,4.20000,-0.03382,-0.04374,-0.03370,200.00000,-0.03370,-0.01832,-0.06638,-0.04462,-0.08189,-0.07693,-0.10652,-0.14549,-0.13674,-0.11949,-0.12749,-0.14927,-0.11846,-0.16292,-0.14827,-0.11190,-0.13181,-0.14194,200.00000,4600.85376,0.04347,-0.03296,-0.04351,-0.10331,-0.11585,-0.11485,-0.10851,0.77524
2024,448280,에코아이,KOSDAQ,998,3.16000,0.28871,0.27880,-0.07840,500.00000,-0.07840,-0.06302,0.18768,0.16414,0.12688,0.50024,0.11262,0.07365,0.43384,-0.04478,-0.05277,0.23101,-0.03679,-0.08124,0.24131,-0.03667,-0.05657,0.24146,500.00000,20391.04720,0.02452,0.20507,0.51764,0.45124,0.24841,0.25870,0.25886,3.19732
2024,067570,엔브이에이치코리아,KOSDAQ,1391,6.54000,0.11556,0.10565,-0.09380,150.00000,-0.09380,-0.07842,0.01092,-0.10162,-0.13888,0.00220,-0.10938,-0.14836,-0.00646,-0.14458,-0.15258,-0.04573,-0.16205,-0.20650,-0.06521,-0.13462,-0.15453,-0.03462,150.00000,2558.62839,0.05863,0.05717,0.04844,0.03978,0.00052,-0.01896,0.01163,1.60000
2024,347890,엠엑스온,KOSDAQ,1439,4.04000,-0.00358,-0.01350,-0.02030,220.00000,-0.02030,-0.00492,-0.02381,0.07002,0.03276,0.06619,0.04797,0.00900,0.04422,0.01294,0.00494,0.00931,-0.03315,-0.07761,-0.03662,-0.04223,-0.06214,-0.04566,220.00000,5426.05290,0.04055,0.00714,0.09714,0.07517,0.04026,-0.00566,-0.01471,0.50068
2024,111770,영원무역,KOSPI,160,3.17000,0.04032,0.03040,-0.02700,1400.00000,-0.02700,-0.01162,0.01223,-0.03402,-0.07128,0.00492,-0.04817,-0.08714,-0.00980,0.01398,0.00598,0.05486,0.09964,0.05518,0.14397,0.13224,0.11234,0.17789,1300.00000,42662.78265,0.03282,0.03664,0.02933,0.01461,0.07927,0.16839,0.20230,0.82278
2024,009970,영원무역홀딩스,KOSPI,222,4.62000,-0.02791,-0.03783,0.01560,5350.00000,0.01560,0.03098,-0.01275,-0.02980,-0.06707,-0.05689,-0.04184,-0.08081,-0.06858,-0.04182,-0.04982,-0.06857,0.06104,0.01658,0.03142,0.08712,0.06721,0.05677,3970.00000,83532.07576,0.06405,0.03808,-0.00605,-0.01775,-0.01774,0.08225,0.10761,-0.24357
2024,036560,KZ정밀,KOSDAQ,745,4.24000,-0.06211,-0.07203,-0.05650,800.00000,-0.05650,-0.04112,-0.11510,-0.04068,-0.07794,-0.10026,-0.07311,-0.11208,-0.13068,-0.12966,-0.13765,-0.18371,-0.19005,-0.23451,-0.24036,-0.19234,-0.21225,-0.24251,600.00000,13272.03092,0.06028,-0.06746,-0.05262,-0.08303,-0.13607,-0.19271,-0.19486,0.93734
2024,006740,블루산업개발,KOSPI,1895,3.32000,-0.04487,-0.05479,-0.00260,0.00000,-0.00260,0.01278,-0.04736,0.02531,-0.01196,-0.02070,-0.00777,-0.04674,-0.05229,-0.07641,-0.08440,-0.11785,-0.12854,-0.17300,-0.16765,-0.16685,-0.18675,-0.20423,40.00000,1150.75347,0.00000,-0.05071,-0.02405,-0.05564,-0.12120,-0.17100,-0.20758,
2024,053280,예스24,KOSDAQ,1107,3.71000,-0.10574,-0.11566,-0.04980,200.00000,-0.04980,-0.03442,-0.15028,-0.01158,-0.04884,-0.11610,-0.02920,-0.06818,-0.13186,-0.10505,-0.11305,-0.19969,-0.11418,-0.15864,-0.20785,-0.15178,-0.17168,-0.24147,200.00000,4820.78950,0.04149,-0.11853,-0.08435,-0.10011,-0.16794,-0.17610,-0.20972,1.20038
2024,015360,INVENI,KOSPI,587,17.29000,0.13017,0.12025,-0.11710,4000.00000,-0.11710,-0.10172,-0.00218,-0.14677,-0.18403,-0.03570,-0.13713,-0.17610,-0.02481,-0.12388,-0.13187,-0.00984,-0.14992,-0.19438,-0.03927,-0.18826,-0.20816,-0.08259,8750.00000,57194.66182,0.06994,0.05364,0.02011,0.03101,0.04598,0.01654,-0.02678,1.67437
2024,001800,오리온홀딩스,KOSPI,246,4.65000,-0.03282,-0.04273,-0.02760,800.00000,-0.02760,-0.01222,-0.05951,-0.03789,-0.07515,-0.06946,-0.04817,-0.08714,-0.07940,-0.04376,-0.05175,-0.07514,-0.03926,-0.08372,-0.07079,0.04777,0.02786,0.01338,750.00000,15599.74560,0.05128,-0.01947,-0.02942,-0.03937,-0.03510,-0.03075,0.05342,0.53819
2024,010470,오리콤,KOSDAQ,1593,4.10000,0.03483,0.02491,-0.03080,270.00000,-0.03080,-0.01542,0.00296,0.03086,-0.00640,0.06676,0.01169,-0.02728,0.04693,0.03793,0.02993,0.07408,0.11395,0.06949,0.15275,0.01878,-0.00112,0.05427,270.00000,6814.73728,0.03962,0.03313,0.09693,0.07710,0.10425,0.18292,0.08444,0.77738
2024,036220,오상헬스케어,KOSDAQ,967,17.86000,0.12124,0.11133,-0.12340,500.00000,-0.12340,-0.10802,-0.01712,0.03182,-0.00544,0.15693,0.38928,0.35030,0.55772,0.23396,0.22597,0.38357,0.19771,0.15326,0.34293,0.06189,0.04198,0.19063,2000.00000,12555.93490,0.03982,0.01322,0.18727,0.58806,0.41391,0.37327,0.22097,3.09880
2024,122990,와이솔,KOSDAQ,984,4.46000,-0.05155,-0.06147,-0.03770,500.00000,-0.03770,-0.02232,-0.08731,0.01316,-0.02410,-0.03907,-0.01514,-0.05411,-0.06591,-0.02258,-0.03057,-0.07297,0.21110,0.16664,0.14867,0.12068,0.10077,0.06290,250.00000,5316.41490,0.09405,-0.01109,0.03715,0.01031,0.00325,0.22488,0.13912,0.40086
2024,155650,와이엠씨,KOSDAQ,1726,5.81000,-0.00598,-0.01589,-0.02490,75.00000,-0.02490,-0.00952,-0.03073,0.02330,-0.01396,0.01719,0.00432,-0.03465,-0.00168,-0.04544,-0.05343,-0.05114,-0.00315,-0.04761,-0.00911,-0.04116,-0.06107,-0.04689,200.00000,3421.76345,0.02192,-0.01554,0.03238,0.01351,-0.03595,0.00608,-0.03170,1.13603
2024,019210,와이지-원,KOSDAQ,882,5.26000,-0.00010,-0.01001,-0.03760,160.00000,-0.03760,-0.02222,-0.03769,-0.03954,-0.07680,-0.03963,-0.04147,-0.08044,-0.04156,-0.04906,-0.05706,-0.04916,-0.04349,-0.08795,-0.04358,0.00741,-0.01249,0.00731,280.00000,5322.66896,0.03006,-0.01561,-0.01755,-0.01948,-0.02708,-0.02150,0.02939,1.25083
2024,316140,우리금융지주,KOSPI,38,5.98000,-0.06579,-0.07570,-0.01410,1200.00000,-0.01410,0.00128,-0.07896,-0.01102,-0.04828,-0.07608,-0.00582,-0.04479,-0.07122,-0.00202,-0.01001,-0.06767,0.04077,-0.00369,-0.02770,0.07610,0.05619,0.00530,1000.00000,15622.26356,0.07681,-0.01733,-0.01445,-0.00959,-0.00604,0.03394,0.06694,0.18356
2024,136540,윈스테크넷,KOSDAQ,914,3.93000,0.01960,0.00968,-0.02770,800.00000,-0.02770,-0.01232,-0.00864,-0.05397,-0.09123,-0.03543,-0.10859,-0.14757,-0.09112,-0.15808,-0.16607,-0.14158,-0.15719,-0.20165,-0.14068,-0.17185,-0.19175,-0.15561,500.00000,12971.99029,0.06167,0.04018,0.01340,-0.04230,-0.09276,-0.09185,-0.10679,0.44916
2024,077500,유니퀘스트,KOSPI,1281,3.98000,0.04970,0.03979,-0.03030,100.00000,-0.03030,-0.01492,0.01790,0.48467,0.44740,0.55846,0.45411,0.41514,0.52639,0.11140,0.10340,0.16664,0.17769,0.13323,0.23622,0.00348,-0.01643,0.05335,200.00000,5274.89286,0.01896,0.03059,0.57115,0.53908,0.17932,0.24891,0.06604,1.59829
2024,048430,유라테크,KOSDAQ,1663,3.02000,0.24621,0.23629,-0.02550,300.00000,-0.02550,-0.01012,0.21443,0.01144,-0.02582,0.26046,0.01781,-0.02116,0.26841,0.02936,0.02137,0.28280,0.07510,0.03064,0.33979,0.18092,0.16102,0.47167,190.00000,7840.36765,0.03826,0.24345,0.28948,0.29743,0.31182,0.36881,0.50070,0.66643
2024,089850,유비벨록스,KOSDAQ,1397,4.31000,-0.00783,-0.01774,-0.01710,0.00000,-0.01710,-0.00172,-0.02479,0.04032,0.00305,0.03217,0.01236,-0.02661,0.00443,-0.04974,-0.05774,-0.05718,-0.01411,-0.05857,-0.02182,-0.05577,-0.07567,-0.06316,280.00000,6445.66783,0.00000,-0.02814,0.02882,0.00108,-0.06053,-0.02517,-0.06651,
2024,264450,유비쿼스,KOSDAQ,1558,6.24000,0.03788,0.02797,-0.03180,170.00000,-0.03180,-0.01642,0.00488,-0.07552,-0.11278,-0.04050,-0.10861,-0.14759,-0.07484,-0.12277,-0.13076,-0.08953,-0.14745,-0.19191,-0.11515,-0.14854,-0.16844,-0.11628,510.00000,8482.71346,0.02004,0.01848,-0.02689,-0.06124,-0.07593,-0.10155,-0.10268,1.58677
2024,054930,유신,KOSDAQ,1675,3.13000,-0.00207,-0.01199,-0.04800,900.00000,-0.04800,-0.03262,-0.04997,0.00624,-0.03102,0.00416,0.02303,-0.01594,0.02091,-0.03760,-0.04559,-0.03959,-0.05220,-0.09666,-0.05417,-0.11281,-0.13272,-0.11465,750.00000,23911.98302,0.03764,-0.02148,0.03265,0.04940,-0.01110,-0.02568,-0.08616,1.27531
2024,003470,유안타증권,KOSPI,386,6.62000,-0.00002,-0.00993,-0.01470,200.00000,-0.01470,0.00068,-0.01472,-0.01476,-0.05202,-0.01478,-0.02396,-0.06293,-0.02398,-0.02401,-0.03200,-0.02402,-0.06650,-0.11096,-0.06652,-0.03535,-0.05526,-0.03537,180.00000,2718.98637,0.07356,0.04416,0.04410,0.03490,0.03485,-0.00764,0.02351,0.19985
2024,023410,유진기업,KOSDAQ,655,5.01000,0.00742,-0.00250,-0.02930,170.00000,-0.02930,-0.01392,-0.02210,-0.02485,-0.06212,-0.01762,-0.02341,-0.06238,-0.01616,-0.05415,-0.06214,-0.04713,-0.06142,-0.10588,-0.05446,-0.05558,-0.07549,-0.04857,170.00000,3418.39485,0.04973,0.01663,0.02110,0.02256,-0.00841,-0.01573,-0.00985,0.58917
2024,214320,이노션,KOSPI,285,5.85000,0.00255,-0.00737,-0.02580,1175.00000,-0.02580,-0.01042,-0.02332,-0.06600,-0.10327,-0.06362,-0.06847,-0.10744,-0.06610,-0.10171,-0.10970,-0.09942,-0.09294,-0.13740,-0.09063,-0.12471,-0.14461,-0.12248,1175.00000,20136.66441,0.05835,0.02270,-0.01761,-0.02008,-0.05340,-0.04462,-0.07646,0.44215
2024,452400,이닉스,KOSDAQ,1463,4.18000,-0.02002,-0.02993,-0.04100,200.00000,-0.04100,-0.02562,-0.06020,0.04114,0.00388,0.02030,0.08026,0.04129,0.05864,-0.07965,-0.08765,-0.09808,-0.01405,-0.05850,-0.03378,-0.11875,-0.13866,-0.13639,416.00000,9752.93939,0.02051,-0.04620,0.03430,0.07264,-0.08408,-0.01978,-0.12239,1.99935
2024,139480,이마트,KOSPI,163,3.11000,0.17414,0.16422,-0.09800,2000.00000,-0.09800,-0.08262,0.05908,-0.13371,-0.17097,0.01715,-0.12835,-0.16732,0.02344,-0.17470,-0.18270,-0.03099,0.00656,-0.03790,0.18185,0.06195,0.04204,0.24687,2000.00000,75507.46855,0.02649,0.07813,0.03621,0.04250,-0.01193,0.20090,0.26593,3.69987
2024,035810,이지홀딩스,KOSDAQ,846,4.20000,0.04347,0.03356,-0.06530,250.00000,-0.06530,-0.04992,-0.02467,-0.06698,-0.10425,-0.02642,-0.09880,-0.13777,-0.05962,-0.11558,-0.12357,-0.07713,-0.09707,-0.14153,-0.05781,0.00835,-0.01156,0.05219,120.00000,2981.35377,0.08385,0.04293,0.04117,0.00797,-0.00954,0.00978,0.11978,0.77873
2024,100030,인지소프트,KOSDAQ,1894,4.27000,0.00184,-0.00807,0.00530,0.00000,0.00530,0.02068,0.00715,0.00465,-0.03261,0.00651,-0.09891,-0.13788,-0.09725,-0.08147,-0.08946,-0.07978,-0.05549,-0.09994,-0.05375,-0.08165,-0.10156,-0.07996,728.00000,17080.59711,0.00000,0.00380,0.00316,-0.10060,-0.08313,-0.05710,-0.08331,
2024,023800,인지컨트롤스,KOSPI,1437,3.42000,0.00858,-0.00134,-0.03230,150.00000,-0.03230,-0.01692,-0.02400,-0.00859,-0.04585,-0.00008,-0.01035,-0.04932,-0.00186,-0.07156,-0.07955,-0.06359,-0.00040,-0.04486,0.00818,-0.03257,-0.05248,-0.02427,200.00000,5898.13193,0.02543,-0.00583,0.01808,0.01630,-0.04543,0.02635,-0.00610,1.27006
2024,216050,인크로스,KOSDAQ,1421,4.38000,0.03397,0.02405,-0.02240,242.00000,-0.02240,-0.00702,0.01081,-0.04869,-0.08596,-0.01638,-0.05660,-0.09557,-0.02456,-0.08038,-0.08837,-0.04914,-0.04212,-0.08658,-0.00958,-0.08840,-0.10830,-0.05743,321.00000,7577.71805,0.03194,0.03448,0.00729,-0.00089,-0.02547,0.01408,-0.03376,0.70141
2024,023810,인팩,KOSPI,1891,3.21000,0.04973,0.03981,-0.02890,180.00000,-0.02890,-0.01352,0.01939,-0.05103,-0.08829,-0.00383,-0.02391,-0.06288,0.02463,-0.03758,-0.04557,0.01029,-0.01202,-0.05648,0.03712,-0.04431,-0.06422,0.00322,180.00000,5886.34313,0.03058,0.04191,0.01869,0.04715,0.03281,0.05964,0.02574,0.94509
2024,101930,인화정공,KOSDAQ,641,8.06000,0.17395,0.16404,-0.02600,700.00000,-0.02600,-0.01062,0.14343,-0.10537,-0.14264,0.05025,-0.06579,-0.10476,0.09672,0.12966,0.12167,0.32617,0.03804,-0.00642,0.21860,0.03819,0.01829,0.21879,2250.00000,32771.61192,0.02136,0.15815,0.06497,0.11144,0.34089,0.23333,0.23351,1.21723
2024,094820,일진파워,KOSDAQ,1075,3.54000,-0.12218,-0.13210,-0.03300,330.00000,-0.03300,-0.01762,-0.15115,0.00242,-0.03485,-0.12006,0.12724,0.08827,-0.01048,0.10547,0.09748,-0.02960,0.08473,0.04027,-0.04780,0.03340,0.01350,-0.09286,330.00000,8183.06202,0.04033,-0.12038,-0.08929,0.02028,0.00117,-0.01703,-0.06209,0.81831
2024,015860,일진홀딩스,KOSPI,853,4.01000,0.04657,0.03665,-0.04340,150.00000,-0.04340,-0.02802,0.00114,-0.05497,-0.09224,-0.01097,-0.05489,-0.09386,-0.01088,-0.05738,-0.06538,-0.01349,-0.06756,-0.11202,-0.02414,-0.09313,-0.11304,-0.05091,150.00000,3914.83225,0.03832,0.03021,0.01810,0.01819,0.01558,0.00492,-0.02184,1.13269
2024,317400,자이에스앤디,KOSPI,1129,4.44000,-0.02799,-0.03790,-0.01670,150.00000,-0.01670,-0.00132,-0.04422,0.00464,-0.03262,-0.02348,-0.00150,-0.04047,-0.02945,-0.07596,-0.08395,-0.10182,-0.02876,-0.07322,-0.05594,-0.02581,-0.04571,-0.05307,150.00000,3283.83321,0.04568,-0.00892,0.01182,0.00585,-0.06653,-0.02065,-0.01778,0.36560
2024,079900,전진건설로봇,KOSPI,481,3.96000,0.37121,0.36129,-0.03850,1277.00000,-0.03850,-0.02312,0.31842,0.05209,0.01483,0.44263,0.18661,0.14764,0.62708,-0.00004,-0.00804,0.37115,0.42020,0.37574,0.94739,0.11805,0.09815,0.53308,1052.00000,36427.00240,0.03506,0.34472,0.46894,0.65339,0.39745,0.97370,0.55939,1.09823
2024,208140,정다운,KOSDAQ,1454,10.77000,0.06281,0.05289,-0.09460,250.00000,-0.09460,-0.07922,-0.03773,-0.11821,-0.15548,-0.06283,-0.14193,-0.18090,-0.08803,-0.15708,-0.16508,-0.10414,-0.18071,-0.22517,-0.12925,-0.12316,-0.14306,-0.06808,300.00000,2960.47367,0.08445,0.03036,0.00526,-0.01994,-0.03605,-0.06116,0.00001,1.12024
2024,040420,정상제이엘에스,KOSDAQ,1341,8.04000,0.01067,0.00075,-0.08110,530.00000,-0.08110,-0.06572,-0.07130,-0.09309,-0.13035,-0.08341,-0.09915,-0.13812,-0.08954,-0.14564,-0.15363,-0.13653,-0.14998,-0.19444,-0.14091,-0.15740,-0.17731,-0.14842,530.00000,6662.35242,0.07955,-0.00735,-0.01946,-0.02559,-0.07257,-0.07696,-0.08447,1.01947
2024,147830,제룡산업,KOSDAQ,1344,3.89000,0.11686,0.10695,-0.03480,200.00000,-0.03480,-0.01942,0.07800,-0.00173,-0.03899,0.11493,0.34854,0.30957,0.50614,0.11352,0.10552,0.24365,0.03159,-0.01286,0.15215,-0.07087,-0.09077,0.03771,200.00000,5742.23497,0.03483,0.10411,0.14105,0.53226,0.26976,0.17827,0.06383,0.99915
2024,137950,제이씨케미칼,KOSDAQ,1467,3.72000,-0.03347,-0.04338,0.00510,150.00000,0.00510,0.02048,-0.02854,0.04354,0.00628,0.00862,0.00506,-0.03391,-0.02857,-0.10651,-0.11451,-0.13642,-0.01032,-0.05478,-0.04344,-0.00658,-0.02648,-0.03982,150.00000,3897.31801,0.03849,0.00068,0.03783,0.00064,-0.10720,-0.01423,-0.01061,-0.13251
2024,194370,제이에스코퍼레이션,KOSPI,823,6.41000,0.05072,0.04080,-0.03730,500.00000,-0.03730,-0.02192,0.01153,-0.01553,-0.05280,0.03440,-0.04336,-0.08233,0.00517,-0.08748,-0.09547,-0.04120,0.01135,-0.03311,0.06265,0.17601,0.15611,0.23566,900.00000,14752.71569,0.03389,0.03685,0.05972,0.03049,-0.01588,0.08797,0.26098,1.10055
2024,030000,제일기획,KOSPI,143,6.11000,0.02255,0.01263,-0.07430,1230.00000,-0.07430,-0.05892,-0.05343,-0.07964,-0.11690,-0.05889,-0.07850,-0.11747,-0.05772,-0.07961,-0.08760,-0.05886,-0.04783,-0.09229,-0.02636,-0.02586,-0.04577,-0.00390,1110.00000,18576.54442,0.06621,-0.00076,-0.00622,-0.00506,-0.00619,0.02630,0.04877,1.12214
2024,004910,조광페인트,KOSPI,1645,3.42000,0.06165,0.05173,-0.02900,200.00000,-0.02900,-0.01362,0.03086,-0.05321,-0.09047,0.00516,-0.03382,-0.07279,0.02574,-0.07097,-0.07896,-0.01370,-0.06937,-0.11383,-0.01200,-0.11918,-0.13908,-0.06487,200.00000,6208.46493,0.03221,0.05476,0.02906,0.04965,0.01021,0.01190,-0.04097,0.90023
2024,003780,진양산업,KOSPI,1625,4.23000,0.54107,0.53115,0.00000,281.00000,0.00000,0.01538,0.54107,0.01315,-0.02411,0.56134,0.00330,-0.03567,0.54615,0.22956,0.22157,0.89484,-0.05941,-0.10387,0.44951,-0.16915,-0.18906,0.28040,250.00000,9107.96581,0.03085,0.56382,0.58409,0.56890,0.91759,0.47227,0.30315,
2024,010640,진양폴리,KOSPI,1855,4.31000,0.16912,0.15920,-0.00880,250.00000,-0.00880,0.00658,0.15883,0.01775,-0.01951,0.18987,0.02964,-0.00933,0.20376,0.10638,0.09839,0.29349,-0.10467,-0.14913,0.04674,-0.15344,-0.17334,-0.01027,250.00000,6781.41159,0.03687,0.18667,0.21771,0.23160,0.32133,0.07458,0.01757,0.23871
2024,078340,컴투스,KOSDAQ,348,5.32000,-0.01533,-0.02524,-0.03950,1300.00000,-0.03950,-0.02412,-0.05422,-0.03637,-0.07364,-0.05114,-0.06965,-0.10862,-0.08391,-0.03246,-0.04045,-0.04729,-0.05092,-0.09538,-0.06547,-0.15693,-0.17684,-0.16985,2600.00000,48123.13956,0.02701,-0.03472,-0.03164,-0.06441,-0.02779,-0.04597,-0.15035,1.46220
2024,381970,KG모빌리티플랫폼,KOSPI,342,5.76000,0.01442,0.00450,-0.02240,1150.00000,-0.02240,-0.00702,-0.00831,-0.05071,-0.08797,-0.03702,-0.02913,-0.06810,-0.01514,0.00897,0.00098,0.02352,-0.03437,-0.07883,-0.02045,-0.00439,-0.02430,0.00996,760.00000,13384.66981,0.08592,0.06103,0.03232,0.05420,0.09286,0.04889,0.07930,0.26071
2024,064820,케이프,KOSDAQ,892,5.23000,0.04183,0.03191,-0.02170,300.00000,-0.02170,-0.00632,0.01922,-0.04845,-0.08572,-0.00865,0.06528,0.02631,0.10984,0.16897,0.16098,0.21787,0.13367,0.08921,0.18109,0.01319,-0.00671,0.05557,300.00000,5976.07950,0.05020,0.05834,0.03047,0.14896,0.25699,0.22021,0.09469,0.43227
2024,024880,케이피에프,KOSDAQ,1624,4.04000,0.07420,0.06428,-0.02010,150.00000,-0.02010,-0.00472,0.05261,0.02373,-0.01354,0.09969,0.02113,-0.01784,0.09690,0.06245,0.05445,0.14128,0.04363,-0.00083,0.12106,0.01361,-0.00630,0.08881,150.00000,3988.35955,0.03761,0.08107,0.12815,0.12537,0.16975,0.14953,0.11728,0.53444
2024,052400,코나아이,KOSDAQ,760,3.46000,0.85897,0.84905,-0.02420,680.00000,-0.02420,-0.00882,0.81398,-0.03911,-0.07637,0.78627,-0.04831,-0.08728,0.76916,-0.20630,-0.21429,0.47546,0.05001,0.00555,0.95193,0.10006,0.08015,1.04497,500.00000,26863.66387,0.02531,0.83204,0.80434,0.78722,0.49353,0.96999,1.06304,0.95603
2024,003690,코리안리,KOSPI,173,6.66000,0.00105,-0.00886,0.00000,515.00000,0.00000,0.01538,0.00105,-0.00977,-0.04703,-0.00873,-0.00488,-0.04386,-0.00383,0.01136,0.00337,0.01243,-0.01322,-0.05768,-0.01218,-0.03922,-0.05912,-0.03821,540.00000,8116.65944,0.06345,0.05138,0.04160,0.04649,0.06275,0.03815,0.01212,
2024,029960,코엔텍,KOSDAQ,435,5.64000,0.02141,0.01149,-0.00550,0.00000,-0.00550,0.00988,0.01579,-0.00660,-0.04386,0.01467,-0.01326,-0.05224,0.00786,-0.02976,-0.03775,-0.00899,-0.02870,-0.07316,-0.00790,-0.01886,-0.03877,0.00215,500.00000,9055.04645,0.00000,0.01244,0.01132,0.00451,-0.01234,-0.01125,-0.00120,
2024,002020,코오롱,KOSPI,912,3.99000,0.06389,0.05397,-0.04780,550.00000,-0.04780,-0.03242,0.01303,-0.00485,-0.04211,0.05873,-0.00011,-0.03908,0.06377,-0.03071,-0.03870,0.03122,0.17284,0.12838,0.24777,0.44754,0.42763,0.54002,550.00000,14665.13387,0.03750,0.04141,0.08711,0.09215,0.05959,0.27615,0.56840,1.27453
2024,003070,코오롱글로벌,KOSPI,837,4.02000,-0.10541,-0.11533,-0.01240,400.00000,-0.01240,0.00298,-0.11650,0.02014,-0.01712,-0.08739,0.03358,-0.00539,-0.07537,-0.01384,-0.02183,-0.11779,0.01087,-0.03359,-0.09568,-0.02839,-0.04829,-0.13081,400.00000,8901.38591,0.04494,-0.08184,-0.05273,-0.04071,-0.08312,-0.06102,-0.09614,0.27594
2024,120110,코오롱인더,KOSPI,293,4.63000,0.04800,0.03808,-0.05610,1300.00000,-0.05610,-0.04072,-0.01079,-0.06117,-0.09844,-0.01611,-0.06962,-0.10859,-0.02496,-0.08664,-0.09463,-0.04279,0.17233,0.12787,0.22860,0.01926,-0.00064,0.06819,1300.00000,29425.50850,0.04418,0.02323,0.01792,0.00907,-0.00877,0.26263,0.10222,1.26982
2024,033290,로젠,KOSDAQ,1257,7.96000,0.07983,0.06992,-0.03000,0.00000,-0.03000,-0.01462,0.04744,-0.01163,-0.04890,0.06727,0.02295,-0.01602,0.10462,-0.03466,-0.04266,0.04240,-0.00727,-0.05172,0.07199,-0.07407,-0.09397,-0.00015,160.00000,2170.51638,0.00000,0.04409,0.06392,0.10127,0.03905,0.06864,-0.00350,
2024,192400,쿠쿠홀딩스,KOSPI,280,4.76000,0.04330,0.03339,-0.03940,1200.00000,-0.03940,-0.02402,0.00220,-0.05599,-0.09325,-0.01511,-0.05179,-0.09076,-0.01073,-0.06223,-0.07022,-0.02162,-0.09345,-0.13791,-0.05419,-0.07057,-0.09048,-0.03033,1100.00000,24109.94902,0.04977,0.04095,0.02364,0.02803,0.01713,-0.01544,0.00843,0.79161
2024,284740,쿠쿠홈시스,KOSPI,421,3.86000,0.02676,0.01684,-0.02350,1000.00000,-0.02350,-0.00812,0.00263,-0.04232,-0.07958,-0.01670,-0.04949,-0.08846,-0.02405,-0.09922,-0.10721,-0.07512,0.03975,-0.00471,0.06757,-0.01416,-0.03406,0.01222,800.00000,21279.97264,0.04699,0.03904,0.01971,0.01236,-0.03871,0.10398,0.04863,0.50008
2024,405100,큐알티,KOSDAQ,1077,4.21000,0.03086,0.02094,-0.01960,480.00000,-0.01960,-0.00422,0.01065,0.10449,0.06723,0.13857,0.11031,0.07134,0.14458,0.05932,0.05132,0.09200,0.09070,0.04624,0.12435,-0.03113,-0.05104,-0.00124,480.00000,11753.24727,0.04084,0.04185,0.16977,0.17578,0.12320,0.15555,0.02996,0.47992
2024,264900,크라운제과,KOSPI,1359,3.11000,-0.00264,-0.01256,-0.01750,280.00000,-0.01750,-0.00212,-0.02009,-0.01750,-0.05476,-0.02009,-0.02119,-0.06016,-0.02377,-0.03362,-0.04162,-0.03617,-0.00615,-0.05061,-0.00878,-0.00364,-0.02354,-0.00627,250.00000,8017.36171,0.03492,0.00610,0.00611,0.00242,-0.00998,0.01742,0.01993,0.50109
2024,096240,크레버스,KOSDAQ,915,12.83000,-0.02830,-0.03822,-0.02380,1500.00000,-0.02380,-0.00842,-0.05143,-0.02509,-0.06235,-0.05268,-0.01904,-0.05801,-0.04681,-0.08575,-0.09374,-0.11162,-0.00724,-0.05170,-0.03534,-0.08904,-0.10895,-0.11483,2000.00000,15147.25366,0.09903,0.02900,0.02775,0.03362,-0.03119,0.04509,-0.03440,0.24034
2024,015890,태경산업,KOSPI,1011,5.15000,-0.00974,-0.01965,-0.05010,250.00000,-0.05010,-0.03472,-0.05935,-0.03669,-0.07395,-0.04607,-0.04924,-0.08821,-0.05850,-0.06645,-0.07445,-0.07554,-0.08377,-0.12822,-0.09269,-0.08854,-0.10845,-0.09742,270.00000,5191.66933,0.04815,-0.02196,-0.00868,-0.02111,-0.03816,-0.05530,-0.06003,1.04041
2024,095610,테스,KOSDAQ,621,3.52000,0.12510,0.11519,-0.02810,600.00000,-0.02810,-0.01272,0.09349,0.06634,0.02908,0.19974,0.06381,0.02484,0.19690,0.06001,0.05201,0.19262,0.30956,0.26510,0.47339,0.34420,0.32430,0.51237,500.00000,15981.58374,0.03754,0.12190,0.22815,0.22531,0.22103,0.50180,0.54078,0.74847
2024,108230,톱텍,KOSDAQ,944,6.87000,0.12834,0.11842,-0.03450,150.00000,-0.03450,-0.01912,0.08941,-0.00803,-0.04530,0.11927,-0.03963,-0.07860,0.08362,-0.11881,-0.12680,-0.00572,-0.11262,-0.15708,0.00126,-0.13695,-0.15686,-0.02619,300.00000,4927.25244,0.03044,0.11182,0.14168,0.10603,0.01669,0.02367,-0.00378,1.13327
2024,204610,티쓰리,KOSDAQ,1429,4.13000,0.05232,0.04241,-0.00330,60.00000,-0.00330,0.01208,0.04885,0.03021,-0.00705,0.08411,0.09962,0.06065,0.15716,0.09770,0.08971,0.15514,0.16762,0.12316,0.22871,0.17956,0.15966,0.24128,60.00000,1528.80068,0.03925,0.07870,0.11397,0.18701,0.18499,0.25857,0.27114,0.08408
2024,425040,티이엠씨,KOSDAQ,965,9.15000,0.03518,0.02526,-0.01770,100.00000,-0.01770,-0.00232,0.01686,0.04151,0.00425,0.07816,0.04399,0.00502,0.08072,-0.06064,-0.06863,-0.02759,-0.01019,-0.05465,0.02463,-0.08475,-0.10466,-0.05255,700.00000,7919.41901,0.01263,0.02419,0.08549,0.08805,-0.02026,0.03196,-0.04522,1.40174
2024,241790,티이엠씨씨엔에스,KOSDAQ,2037,4.18000,-0.00939,-0.01931,-0.02850,150.00000,-0.02850,-0.01312,-0.03762,0.06105,0.02379,0.05109,0.06099,0.02202,0.05103,0.02420,0.01621,0.01458,0.20880,0.16434,0.19745,0.10341,0.08351,0.09305,200.00000,4739.75131,0.03165,-0.01420,0.07451,0.07445,0.03801,0.22087,0.11647,0.90055
2024,091700,파트론,KOSDAQ,447,3.46000,0.02778,0.01786,-0.04580,300.00000,-0.04580,-0.03042,-0.01929,-0.05659,-0.09385,-0.03038,-0.05524,-0.09421,-0.02899,-0.00529,-0.01329,0.02234,-0.05659,-0.10105,-0.03038,-0.07136,-0.09127,-0.04556,250.00000,7426.15071,0.04040,0.01153,0.00044,0.00183,0.05316,0.00045,-0.01474,1.13373
2024,058430,포스코스틸리온,KOSPI,863,5.30000,-0.02944,-0.03935,-0.03210,2160.00000,-0.03210,-0.01672,-0.06059,-0.01519,-0.05245,-0.04418,0.00345,-0.03552,-0.02609,-0.02185,-0.02984,-0.05064,0.23311,0.18865,0.19681,0.29561,0.27571,0.25747,1615.00000,29574.67974,0.07304,-0.00215,0.01426,0.03235,0.00780,0.25525,0.31591,0.43951
2024,007330,푸른저축은행,KOSDAQ,1116,7.36000,0.03725,0.02733,-0.06990,650.00000,-0.06990,-0.05452,-0.03526,-0.07642,-0.11368,-0.04202,-0.09060,-0.12957,-0.05673,-0.11468,-0.12267,-0.08170,-0.11255,-0.15701,-0.07949,-0.11032,-0.13022,-0.07718,650.00000,9160.47689,0.07096,0.02142,0.01466,-0.00005,-0.02502,-0.02281,-0.02050,0.98510
2024,005810,풍산홀딩스,KOSPI,522,5.69000,0.09555,0.08563,-0.03530,1400.00000,-0.03530,-0.01992,0.05687,-0.02783,-0.06509,0.06506,-0.00929,-0.04826,0.08537,-0.06512,-0.07311,0.02421,0.01071,-0.03375,0.10727,0.03095,0.01105,0.12946,1400.00000,26955.42000,0.05194,0.09746,0.10565,0.12596,0.06480,0.14786,0.17005,0.67966
2024,075130,플랜티넷,KOSDAQ,2283,4.93000,0.24622,0.23631,-0.06720,100.00000,-0.06720,-0.05182,0.16248,0.00197,-0.03530,0.24868,-0.04554,-0.08451,0.18947,-0.03756,-0.04556,0.19941,-0.01182,-0.05628,0.23149,0.03363,0.01372,0.28813,100.00000,2527.83780,0.03956,0.19260,0.27879,0.21959,0.22953,0.26161,0.31825,1.69871
2024,051380,피씨디렉트,KOSDAQ,2171,3.85000,-0.03472,-0.04464,-0.01800,50.00000,-0.01800,-0.00262,-0.05210,0.09171,0.05444,0.05380,0.06984,0.03087,0.03269,-0.01410,-0.02209,-0.04833,0.10353,0.05908,0.06521,0.01392,-0.00598,-0.02129,100.00000,2507.20868,0.01994,-0.03858,0.06732,0.04621,-0.03481,0.07874,-0.00777,0.90260
2024,128660,피제이메탈,KOSDAQ,1646,4.98000,0.02978,0.01986,-0.02900,150.00000,-0.02900,-0.01362,-0.00009,-0.02729,-0.06455,0.00168,-0.02076,-0.05973,0.00840,-0.04817,-0.05616,-0.01982,-0.01572,-0.06017,0.01359,-0.02055,-0.04045,0.00861,150.00000,3101.73449,0.04836,0.03747,0.03924,0.04596,0.01774,0.05115,0.04618,0.59967
2024,161580,필옵틱스,KOSDAQ,506,15.63000,0.16993,0.16001,-0.02140,0.00000,-0.02140,-0.00602,0.14489,0.13449,0.09723,0.32727,0.40953,0.37056,0.64904,0.53249,0.52450,0.79290,1.05294,1.00848,1.40178,0.76465,0.74474,1.06450,2502.00000,18727.78514,0.00000,0.14154,0.32392,0.64569,0.78955,1.39843,1.06115,
2024,086790,하나금융지주,KOSPI,21,5.45000,-0.06592,-0.07584,-0.01200,3600.00000,-0.01200,0.00338,-0.07713,-0.01032,-0.04758,-0.07556,-0.00519,-0.04416,-0.07077,0.01730,0.00930,-0.04977,0.01916,-0.02529,-0.04802,0.05333,0.03342,-0.01611,3400.00000,58272.61433,0.06178,-0.02822,-0.02665,-0.02186,-0.00085,0.00089,0.03280,0.19424
2024,293480,하나제약,KOSPI,815,4.62000,0.00465,-0.00526,-0.01710,510.00000,-0.01710,-0.00172,-0.01253,-0.01163,-0.04890,-0.00704,-0.05496,-0.09393,-0.05057,-0.08561,-0.09360,-0.08135,-0.07019,-0.11465,-0.06586,-0.06560,-0.08551,-0.06125,510.00000,11090.32013,0.04599,0.02303,0.02852,-0.01501,-0.04580,-0.03031,-0.02570,0.37185
2024,039130,하나투어,KOSPI,253,8.40000,-0.04543,-0.05534,-0.02290,2300.00000,-0.02290,-0.00752,-0.06729,-0.07219,-0.10946,-0.11434,-0.04579,-0.08476,-0.08913,-0.04758,-0.05557,-0.09085,-0.03530,-0.07976,-0.07912,-0.05455,-0.07445,-0.09749,5000.00000,56819.87710,0.04048,-0.03639,-0.08345,-0.05824,-0.05995,-0.04823,-0.06660,0.56573
2024,013030,하이록코리아,KOSDAQ,571,4.08000,0.03118,0.02126,-0.04330,1150.00000,-0.04330,-0.02792,-0.01347,-0.03578,-0.07304,-0.00572,0.00567,-0.03330,0.03702,0.06792,0.05992,0.10121,0.09414,0.04968,0.12825,0.04323,0.02333,0.07576,1050.00000,26537.63804,0.04333,0.01984,0.02759,0.07033,0.13452,0.16156,0.10907,0.99920
2024,126700,하이비젼시스템,KOSDAQ,707,3.13000,0.12091,0.11099,-0.01560,400.00000,-0.01560,-0.00022,0.10342,-0.01001,-0.04727,0.10969,-0.04079,-0.07976,0.07518,-0.09885,-0.10684,0.01011,-0.00054,-0.04500,0.12030,-0.08609,-0.10600,0.02441,500.00000,17905.85054,0.02234,0.11897,0.12523,0.09073,0.02566,0.13585,0.03996,0.69833
2024,000080,하이트진로,KOSPI,183,4.55000,-0.01201,-0.02193,-0.04600,700.00000,-0.04600,-0.03062,-0.05746,-0.04649,-0.08375,-0.05794,-0.07656,-0.11553,-0.08765,-0.08368,-0.09167,-0.09469,-0.08182,-0.12628,-0.09285,-0.05928,-0.07919,-0.07058,950.00000,20628.32694,0.03393,-0.03210,-0.03258,-0.06229,-0.06933,-0.06749,-0.04522,1.35558
2024,000140,하이트진로홀딩스,KOSPI,744,5.70000,0.00193,-0.00798,-0.04860,350.00000,-0.04860,-0.03322,-0.04676,-0.06518,-0.10244,-0.06337,-0.07342,-0.11239,-0.07162,-0.08490,-0.09289,-0.08313,-0.09933,-0.14378,-0.09759,-0.12404,-0.14395,-0.12235,550.00000,9667.77748,0.03620,-0.01948,-0.03609,-0.04435,-0.05585,-0.07031,-0.09507,1.34244
2024,004590,한국가구,KOSDAQ,1820,4.32000,0.00621,-0.00370,-0.02450,205.00000,-0.02450,-0.00912,-0.01844,-0.00616,-0.04342,0.00001,-0.02452,-0.06349,-0.01846,-0.03177,-0.03977,-0.02576,0.02707,-0.01739,0.03345,0.00499,-0.01492,0.01123,175.00000,4076.08990,0.05029,0.02076,0.03921,0.02074,0.01344,0.07264,0.05043,0.48714
2024,071050,한국금융지주,KOSPI,85,3.55000,-0.02950,-0.03942,-0.02620,3980.00000,-0.02620,-0.01082,-0.05493,0.02900,-0.00826,-0.00135,0.01798,-0.02099,-0.01205,0.07182,0.06383,0.04020,0.04284,-0.00162,0.01208,0.02636,0.00646,-0.00392,2650.00000,72445.83492,0.05494,-0.01180,0.04178,0.03108,0.08333,0.05520,0.03921,0.47690
2024,034950,한국기업평가,KOSDAQ,475,5.83000,0.00666,-0.00326,-0.01240,3954.00000,-0.01240,0.00298,-0.00582,-0.01004,-0.04730,-0.00345,0.01137,-0.02760,0.01811,0.02372,0.01573,0.03054,-0.01355,-0.05801,-0.00698,0.00247,-0.01744,0.00914,5131.00000,88596.32383,0.04463,0.02858,0.03096,0.05251,0.06494,0.02742,0.04355,0.27784
2024,010100,한국무브넥스,KOSPI,1386,3.13000,0.01095,0.00103,-0.05560,100.00000,-0.05560,-0.04022,-0.04526,-0.00458,-0.04185,0.00632,0.15315,0.11418,0.16578,0.85494,0.84695,0.87525,0.42538,0.38092,0.44099,0.33746,0.31755,0.35210,100.00000,3229.87303,0.03096,-0.02242,0.02916,0.18862,0.89809,0.46383,0.37495,1.79581
2024,002960,한국쉘석유,KOSPI,432,7.28000,0.01735,0.00743,-0.06720,27000.00000,-0.06720,-0.05182,-0.05102,-0.08008,-0.11734,-0.06412,-0.11158,-0.15056,-0.09617,-0.09993,-0.10793,-0.08432,-0.09720,-0.14166,-0.08153,-0.04290,-0.06281,-0.02630,25000.00000,349364.64079,0.07728,0.01102,-0.00208,-0.03414,-0.02229,-0.01950,0.03573,0.86953
2024,017890,한국알콜,KOSDAQ,851,3.32000,-0.02450,-0.03441,-0.01070,110.00000,-0.01070,0.00468,-0.03493,0.02509,-0.01217,-0.00002,0.02638,-0.01259,0.00124,-0.01308,-0.02107,-0.03726,0.01581,-0.02864,-0.00907,0.08021,0.06031,0.05375,285.00000,8374.06221,0.01314,-0.02717,0.00774,0.00900,-0.02949,-0.00131,0.06152,0.81457
2024,000240,한국앤컴퍼니,KOSPI,171,4.06000,0.02853,0.01861,-0.01690,1000.00000,-0.01690,-0.00152,0.01115,-0.04170,-0.07897,-0.01436,-0.02356,-0.06253,0.00430,-0.05857,-0.06656,-0.03171,-0.11110,-0.15555,-0.08574,-0.14091,-0.16081,-0.11640,700.00000,17733.27549,0.05639,0.05550,0.02999,0.04866,0.01265,-0.04138,-0.07204,0.29969
2024,123890,한국자산신탁,KOSPI,513,7.52000,-0.01363,-0.02354,-0.02600,100.00000,-0.02600,-0.01062,-0.03927,-0.02248,-0.05974,-0.03580,-0.03467,-0.07365,-0.04783,-0.03808,-0.04607,-0.05119,-0.12474,-0.16919,-0.13666,-0.17328,-0.19318,-0.18454,220.00000,2885.66742,0.03465,-0.01330,-0.00983,-0.02186,-0.02522,-0.11069,-0.15857,0.75027
2024,000970,한국주철관,KOSPI,1051,6.29000,0.02679,0.01688,-0.04750,400.00000,-0.04750,-0.03212,-0.02198,-0.05211,-0.08937,-0.02671,-0.06287,-0.10184,-0.03776,-0.07815,-0.08614,-0.05345,-0.06583,-0.11028,-0.04080,-0.05187,-0.07178,-0.02647,400.00000,6529.68733,0.06126,0.02650,0.02176,0.01071,-0.00498,0.00768,0.02201,0.77540
2024,104700,한국철강,KOSPI,493,4.52000,0.11071,0.10079,-0.12000,800.00000,-0.12000,-0.10462,-0.02257,-0.17690,-0.21416,-0.08578,-0.18503,-0.22400,-0.09481,-0.20740,-0.21539,-0.11965,-0.17684,-0.22129,-0.08570,-0.17990,-0.19980,-0.08910,400.00000,9829.29477,0.08139,0.04293,-0.02027,-0.02930,-0.05414,-0.02020,-0.02360,1.47439
2024,054040,한국컴퓨터,KOSDAQ,1574,6.02000,0.08222,0.07230,-0.07700,280.00000,-0.07700,-0.06162,-0.00111,-0.03891,-0.07617,0.04011,-0.06298,-0.10195,0.01406,-0.10291,-0.11091,-0.02916,-0.15390,-0.19836,-0.08434,-0.17980,-0.19970,-0.11236,300.00000,5393.11218,0.05192,0.03946,0.08069,0.05463,0.01142,-0.04377,-0.07179,1.48311
2024,161390,한국타이어앤테크놀로지,KOSPI,77,3.45000,0.03184,0.02192,-0.02450,2000.00000,-0.02450,-0.00912,0.00656,0.01150,-0.02577,0.04370,0.03848,-0.00049,0.07155,0.00375,-0.00425,0.03570,-0.03224,-0.07669,-0.00142,0.01266,-0.00725,0.04490,1300.00000,38880.84413,0.05144,0.04673,0.08387,0.11171,0.07587,0.03874,0.08507,0.47629
2024,034830,한국토지신탁,KOSPI,664,6.84000,0.02832,0.01841,-0.03990,70.00000,-0.03990,-0.02452,-0.01271,-0.04466,-0.08193,-0.01760,-0.05420,-0.09317,-0.02741,-0.06180,-0.06980,-0.03523,-0.05239,-0.09685,-0.02555,-0.05719,-0.07709,-0.03048,70.00000,1052.37791,0.06652,0.04022,0.03532,0.02551,0.01769,0.02737,0.02244,0.59986
2024,052600,한네트,KOSDAQ,1977,3.38000,0.01905,0.00913,-0.01550,180.00000,-0.01550,-0.00012,0.00325,0.04865,0.01139,0.06863,0.01661,-0.02236,0.03597,-0.07868,-0.08667,-0.06113,-0.07793,-0.12238,-0.06036,-0.09651,-0.11641,-0.07930,150.00000,4522.40078,0.03980,0.03357,0.09895,0.06629,-0.03081,-0.03004,-0.04898,0.38943
2024,092460,한라IMS,KOSDAQ,1132,3.95000,0.12654,0.11663,-0.04330,300.00000,-0.04330,-0.02792,0.07776,-0.03047,-0.06773,0.09222,-0.01412,-0.05309,0.11064,0.02091,0.01291,0.15010,0.01045,-0.03401,0.13831,-0.01988,-0.03978,0.10415,300.00000,8556.02998,0.03506,0.10408,0.11854,0.13695,0.17641,0.16463,0.13047,1.23492
2024,009240,한샘,KOSPI,214,8.35000,-0.02579,-0.03571,-0.07810,8530.00000,-0.07810,-0.06272,-0.10188,-0.09347,-0.13073,-0.11685,-0.10102,-0.13999,-0.12421,-0.14004,-0.14803,-0.16222,-0.13810,-0.18256,-0.16033,-0.22752,-0.24743,-0.24745,4500.00000,52502.13038,0.16247,0.03222,0.01725,0.00989,-0.02812,-0.02623,-0.11335,0.48071
2024,020000,한섬,KOSPI,527,5.01000,0.02745,0.01753,-0.03640,750.00000,-0.03640,-0.02102,-0.00995,-0.03645,-0.07371,-0.01000,-0.05720,-0.09617,-0.03133,-0.04934,-0.05734,-0.02325,0.01360,-0.03086,0.04142,0.01538,-0.00453,0.04324,750.00000,15380.94214,0.04876,0.02795,0.02790,0.00658,0.01465,0.07932,0.08115,0.74649
2024,105630,한세실업,KOSPI,372,3.53000,0.00976,-0.00016,-0.01750,500.00000,-0.01750,-0.00212,-0.00791,-0.04202,-0.07929,-0.03267,-0.05882,-0.09779,-0.04963,-0.11197,-0.11996,-0.10330,-0.18055,-0.22501,-0.17255,-0.22883,-0.24874,-0.22131,500.00000,14302.55105,0.03496,0.01831,-0.00645,-0.02341,-0.07708,-0.14633,-0.19508,0.50059
2024,016450,한세예스24홀딩스,KOSPI,900,5.68000,0.01348,0.00356,-0.05720,250.00000,-0.05720,-0.04182,-0.04449,-0.06842,-0.10569,-0.05587,-0.09090,-0.12987,-0.07864,-0.16726,-0.17525,-0.15603,-0.12688,-0.17134,-0.11512,-0.14379,-0.16370,-0.13225,250.00000,4460.73001,0.05604,-0.00043,-0.01180,-0.03458,-0.11197,-0.07105,-0.08819,1.02062
2024,009180,한솔로지스틱스,KOSPI,1828,4.71000,-0.00236,-0.01228,-0.02360,150.00000,-0.02360,-0.00822,-0.02591,0.00230,-0.03497,-0.00007,-0.01662,-0.05559,-0.01894,-0.02596,-0.03395,-0.02826,0.09656,0.05211,0.09397,-0.00716,-0.02707,-0.00951,100.00000,2118.12752,0.07082,0.03066,0.05649,0.03762,0.02830,0.15054,0.04705,0.33325
2024,213500,한솔제지,KOSPI,767,5.57000,-0.00891,-0.01882,-0.02360,500.00000,-0.02360,-0.00822,-0.03230,-0.01799,-0.05525,-0.02673,-0.02146,-0.06043,-0.03018,-0.05640,-0.06439,-0.06480,-0.02248,-0.06694,-0.03119,-0.09223,-0.11214,-0.10032,500.00000,8896.70559,0.05620,0.01190,0.01746,0.01402,-0.02061,0.01301,-0.05612,0.41992
2024,004150,한솔홀딩스,KOSPI,1378,4.26000,0.00425,-0.00566,-0.00850,120.00000,-0.00850,0.00688,-0.00428,0.01482,-0.02245,0.01913,0.02130,-0.01767,0.02564,-0.02542,-0.03342,-0.02128,0.04886,0.00441,0.05332,0.00027,-0.01964,0.00452,100.00000,2357.40176,0.05090,0.03543,0.05885,0.06536,0.01844,0.09304,0.04424,0.16698
2024,045100,한양이엔지,KOSDAQ,603,3.69000,0.04110,0.03119,-0.02770,650.00000,-0.02770,-0.01232,0.01226,0.00067,-0.03659,0.04180,-0.02587,-0.06484,0.01417,-0.06357,-0.07157,-0.02508,-0.00315,-0.04761,0.03782,-0.04678,-0.06669,-0.00760,600.00000,16928.50776,0.03840,0.04140,0.07094,0.04330,0.00405,0.06696,0.02153,0.72141
2024,001750,한양증권,KOSPI,1016,6.67000,0.10096,0.09104,-0.10000,950.00000,-0.10000,-0.08462,-0.00914,-0.12198,-0.15924,-0.03333,-0.12653,-0.16550,-0.03834,-0.10445,-0.11244,-0.01404,-0.07505,-0.11951,0.01833,-0.07358,-0.09349,0.01994,800.00000,13204.88529,0.07194,0.04838,0.02418,0.01917,0.04348,0.07584,0.07746,1.38999
2024,018880,한온시스템,KOSPI,139,7.96000,0.05025,0.04034,-0.03960,0.00000,-0.03960,-0.02422,0.00866,0.05857,0.02131,0.11177,0.05389,0.01492,0.10685,-0.00488,-0.01288,0.04512,0.02503,-0.01943,0.07653,-0.12980,-0.14970,-0.08607,316.00000,4169.34014,0.00000,0.00531,0.10842,0.10350,0.04177,0.07318,-0.08942,
2024,300720,한일시멘트,KOSPI,248,5.56000,0.13541,0.12550,-0.10220,1000.00000,-0.10220,-0.08682,0.01937,-0.09784,-0.13511,0.02432,-0.07339,-0.11236,0.05209,-0.07520,-0.08319,0.05003,-0.05432,-0.09878,0.07374,-0.03049,-0.05039,0.10080,800.00000,16336.88395,0.06121,0.06781,0.07276,0.10052,0.09846,0.12217,0.14923,1.66963
2024,006390,한일현대시멘트,KOSPI,638,4.99000,0.03701,0.02710,-0.07010,900.00000,-0.07010,-0.05472,-0.03568,-0.06121,-0.09847,-0.02646,-0.05719,-0.09616,-0.02229,-0.05516,-0.06315,-0.02019,-0.01391,-0.05837,0.02259,-0.01038,-0.03029,0.02625,700.00000,14547.29476,0.06187,0.01331,0.02253,0.02670,0.02880,0.07158,0.07524,1.13307
2024,003300,한일홀딩스,KOSPI,441,5.67000,0.08725,0.07733,-0.08610,930.00000,-0.08610,-0.07072,-0.00637,-0.09451,-0.13178,-0.01552,-0.08738,-0.12635,-0.00776,-0.09577,-0.10376,-0.01688,-0.08608,-0.13054,-0.00635,-0.09725,-0.11716,-0.01849,800.00000,15340.32338,0.06062,0.04157,0.03242,0.04018,0.03106,0.04159,0.02945,1.42022
2024,051600,한전KPS,KOSPI,141,4.61000,-0.00300,-0.01292,-0.04820,2469.00000,-0.04820,-0.03282,-0.05106,-0.06750,-0.10477,-0.07030,-0.07823,-0.11720,-0.08099,-0.00533,-0.01332,-0.00831,-0.08894,-0.13340,-0.09167,-0.12210,-0.14200,-0.12473,2158.00000,46670.78493,0.05290,-0.00965,-0.02890,-0.03959,0.03309,-0.05027,-0.08333,0.91111
2024,002320,한진,KOSPI,615,3.16000,0.04064,0.03072,-0.02330,600.00000,-0.02330,-0.00792,0.01639,-0.01360,-0.05086,0.02648,-0.02170,-0.06067,0.01805,-0.02875,-0.03674,0.01072,-0.01370,-0.05815,0.02638,-0.02377,-0.04368,0.01589,600.00000,19758.90526,0.03037,0.03873,0.04882,0.04039,0.03306,0.04872,0.03823,0.76730
2024,088350,한화생명,KOSPI,131,5.57000,-0.06107,-0.07099,-0.01190,0.00000,-0.01190,0.00348,-0.07225,-0.00200,-0.03926,-0.06295,-0.01196,-0.05093,-0.07230,-0.02760,-0.03560,-0.08699,0.01793,-0.02653,-0.04424,0.02213,0.00223,-0.04029,150.00000,2528.53107,0.00000,-0.07560,-0.06630,-0.07565,-0.09034,-0.04759,-0.04364,
2024,000370,한화손해보험,KOSPI,400,4.57000,-0.05163,-0.06155,-0.01930,0.00000,-0.01930,-0.00392,-0.06994,-0.00842,-0.04569,-0.05962,-0.01081,-0.04978,-0.06189,-0.03967,-0.04766,-0.08925,-0.05533,-0.09979,-0.10411,0.00027,-0.01964,-0.05138,200.00000,4150.39804,0.00000,-0.07329,-0.06297,-0.06524,-0.09260,-0.10746,-0.05473,
2024,195870,해성디에스,KOSPI,501,4.16000,0.13637,0.12645,-0.05080,800.00000,-0.05080,-0.03542,0.07864,0.01820,-0.01906,0.15705,0.08121,0.04224,0.22865,-0.05501,-0.06301,0.07385,0.20119,0.15673,0.36499,0.04275,0.02284,0.18494,900.00000,24584.82426,0.03254,0.10282,0.18123,0.25283,0.09803,0.38917,0.20912,1.56114
2024,034810,해성산업,KOSDAQ,821,3.79000,-0.00842,-0.01834,-0.02720,225.00000,-0.02720,-0.01182,-0.03539,0.00010,-0.03716,-0.00833,-0.00341,-0.04238,-0.01180,-0.02560,-0.03359,-0.03381,0.02380,-0.02066,0.01518,0.06641,0.04650,0.05742,225.00000,5886.66605,0.03822,-0.00641,0.02066,0.01719,-0.00482,0.04416,0.08641,0.71163
2024,101530,해태제과식품,KOSPI,941,3.50000,0.10710,0.09718,-0.06010,250.00000,-0.06010,-0.04472,0.04056,-0.03319,-0.07046,0.07035,-0.05841,-0.09738,0.04244,-0.10908,-0.11708,-0.01367,-0.04709,-0.09154,0.05497,0.04480,0.02489,0.15669,200.00000,6326.28092,0.03952,0.07064,0.10043,0.07252,0.01642,0.08505,0.18677,1.52084
2024,170030,현대공업,KOSDAQ,1616,3.96000,0.01602,0.00610,-0.04290,200.00000,-0.04290,-0.02752,-0.02757,0.00587,-0.03140,0.02198,0.01956,-0.01941,0.03589,-0.04478,-0.05278,-0.02948,0.07411,0.02965,0.09132,0.24969,0.22979,0.26971,200.00000,5131.40427,0.03898,0.00205,0.05160,0.06551,0.00014,0.12094,0.29933,1.10069
2024,086280,현대글로비스,KOSPI,52,5.12000,-0.03155,-0.04147,-0.01510,3700.00000,-0.01510,0.00028,-0.04617,0.08559,0.04832,0.05134,0.08473,0.04576,0.05051,0.21421,0.20622,0.17590,0.10721,0.06275,0.07228,-0.01272,-0.03263,-0.04387,6300.00000,119164.87354,0.03105,-0.02325,0.07425,0.07343,0.19882,0.09520,-0.02095,0.48632
2024,017800,현대엘리베이터,KOSPI,144,7.49000,0.09719,0.08727,-0.07850,5500.00000,-0.07850,-0.06312,0.01106,-0.16046,-0.19773,-0.07887,-0.14341,-0.18238,-0.06016,-0.14341,-0.15140,-0.06016,-0.04959,-0.09405,0.04278,-0.04456,-0.06446,0.04830,4000.00000,58594.83028,0.09386,0.08712,-0.00281,0.01590,0.01590,0.11884,0.12436,0.83631
2024,004020,현대제철,KOSPI,116,4.77000,0.01915,0.00923,-0.01170,750.00000,-0.01170,0.00368,0.00722,0.05612,0.01886,0.07635,0.02331,-0.01566,0.04290,0.03024,0.02224,0.04996,0.23395,0.18949,0.25757,0.15195,0.13204,0.17401,1000.00000,21365.78846,0.03510,0.03357,0.10269,0.06925,0.07631,0.28392,0.20035,0.33331
2024,005440,현대지에프홀딩스,KOSPI,287,3.88000,-0.01739,-0.02730,-0.01380,210.00000,-0.01380,0.00158,-0.03095,-0.04038,-0.07764,-0.05706,-0.05115,-0.09012,-0.06765,-0.05802,-0.06601,-0.07440,0.08138,0.03692,0.06258,0.02605,0.00615,0.00821,200.00000,5065.01713,0.04146,0.00078,-0.02534,-0.03592,-0.04267,0.09430,0.03994,0.33284
2024,005380,현대차,KOSPI,5,5.22000,-0.00440,-0.01431,-0.01150,12000.00000,-0.01150,0.00388,-0.01585,-0.02996,-0.06723,-0.03423,0.02063,-0.01834,0.01614,-0.07124,-0.07924,-0.07533,-0.12503,-0.16948,-0.12887,-0.08690,-0.10680,-0.09091,11400.00000,217430.46697,0.05519,0.02749,0.00911,0.05948,-0.03199,-0.08553,-0.04757,0.20837
2024,001500,현대차증권,KOSPI,704,5.27000,0.00800,-0.00192,-0.02220,180.00000,-0.02220,-0.00682,-0.01438,-0.03390,-0.07117,-0.02618,-0.03818,-0.07715,-0.03049,-0.05422,-0.06222,-0.04666,-0.10542,-0.14988,-0.09827,-0.18004,-0.19994,-0.17348,400.00000,7650.82812,0.02353,0.00217,-0.00962,-0.01393,-0.03011,-0.08171,-0.15693,0.94360
2024,227840,현대코퍼레이션홀딩스,KOSPI,1388,4.68000,0.00184,-0.00808,-0.03550,500.00000,-0.03550,-0.02012,-0.03373,-0.04390,-0.08116,-0.04214,-0.03927,-0.07824,-0.03750,-0.04769,-0.05568,-0.04594,-0.02229,-0.06675,-0.02049,-0.03077,-0.05067,-0.02898,500.00000,10703.41499,0.04671,0.00244,-0.00597,-0.00133,-0.00977,0.01568,0.00719,0.75994
2024,001450,현대해상,KOSPI,128,7.76000,-0.04321,-0.05312,-0.01380,0.00000,-0.01380,0.00158,-0.05641,-0.00790,-0.04516,-0.05077,0.01969,-0.01929,-0.02437,-0.05499,-0.06299,-0.09583,-0.12379,-0.16825,-0.16165,-0.12957,-0.14947,-0.16718,2063.00000,25436.36364,0.00000,-0.05976,-0.05412,-0.02772,-0.09918,-0.16500,-0.17053,
2024,057050,현대홈쇼핑,KOSPI,387,6.20000,0.05194,0.04202,-0.03890,2800.00000,-0.03890,-0.02352,0.01102,-0.06105,-0.09831,-0.01229,-0.07158,-0.11056,-0.02337,0.02937,0.02138,0.08283,0.07560,0.03114,0.13146,0.05133,0.03142,0.10593,2800.00000,47506.76673,0.05894,0.05753,0.03423,0.02315,0.12935,0.17797,0.15244,0.66000
2024,003010,혜인,KOSPI,1799,3.47000,0.01334,0.00342,-0.02820,180.00000,-0.02820,-0.01282,-0.01524,0.02514,-0.01212,0.03881,0.06738,0.02841,0.08162,-0.00716,-0.01515,0.00609,0.03309,-0.01137,0.04687,-0.03839,-0.05830,-0.02557,170.00000,4964.48044,0.03626,0.01209,0.06614,0.10894,0.03341,0.07419,0.00176,0.77777
2024,111110,호전실업,KOSPI,1669,4.05000,0.08915,0.07924,-0.03720,400.00000,-0.03720,-0.02182,0.04864,-0.00751,-0.04478,0.08097,-0.01873,-0.05770,0.06875,-0.09064,-0.09863,-0.00957,-0.05222,-0.09668,0.03228,-0.00388,-0.02379,0.08492,300.00000,8067.80147,0.04958,0.08723,0.11956,0.10735,0.02903,0.07087,0.12352,0.75031
2024,006060,화승인더,KOSPI,730,4.52000,0.10326,0.09334,-0.01420,200.00000,-0.01420,0.00118,0.08759,-0.02184,-0.05910,0.07917,0.02284,-0.01613,0.12845,0.00957,0.00158,0.11382,0.13702,0.09256,0.25443,0.04687,0.02696,0.15497,188.00000,4588.76971,0.04358,0.12111,0.11269,0.16198,0.14734,0.28795,0.18849,0.32580
2024,000850,화천기공,KOSPI,1869,4.98000,0.03081,0.02089,-0.03350,1050.00000,-0.03350,-0.01812,-0.00372,0.01103,-0.02623,0.04218,0.01475,-0.02422,0.04602,-0.02809,-0.03608,0.00186,0.07429,0.02983,0.10739,0.02767,0.00776,0.05933,1300.00000,26908.66270,0.03902,0.02594,0.07184,0.07568,0.03152,0.13705,0.08899,0.85851
2024,004800,효성,KOSPI,302,6.67000,0.12217,0.11226,-0.09010,3000.00000,-0.09010,-0.07472,0.02106,-0.08216,-0.11942,0.02997,-0.10304,-0.14201,0.00654,-0.11386,-0.12186,-0.00560,-0.09110,-0.13556,0.01994,-0.03174,-0.05165,0.08655,3000.00000,50472.51027,0.05944,0.06800,0.07691,0.05347,0.04133,0.06688,0.13349,1.51586
2024,094280,효성ITX,KOSPI,1062,6.05000,0.01210,0.00218,-0.02710,750.00000,-0.02710,-0.01172,-0.01533,-0.03828,-0.07554,-0.02664,-0.03986,-0.07883,-0.02824,-0.05506,-0.06306,-0.04363,-0.05658,-0.10104,-0.04517,-0.05842,-0.07832,-0.04702,750.00000,12546.67720,0.05978,0.03189,0.02058,0.01898,0.00359,0.00205,0.00020,0.45335
2024,298020,효성티앤씨,KOSPI,276,5.17000,0.24754,0.23762,-0.03310,10000.00000,-0.03310,-0.01772,0.20624,-0.03295,-0.07022,0.20643,-0.05787,-0.09684,0.17534,-0.10541,-0.11340,0.11603,-0.08876,-0.13322,0.13681,-0.09473,-0.11463,0.12936,10000.00000,241302.92861,0.04144,0.23795,0.23813,0.20705,0.14774,0.16852,0.16107,0.79871
2024,005010,휴스틸,KOSPI,743,6.24000,-0.03493,-0.04485,-0.01550,150.00000,-0.01550,-0.00012,-0.04989,0.02593,-0.01133,-0.00990,0.09831,0.05934,0.05995,0.12291,0.11491,0.08368,0.44888,0.40442,0.39827,0.32992,0.31002,0.28347,250.00000,3866.46962,0.03880,-0.02042,0.01957,0.08942,0.11315,0.42774,0.31294,0.39954
2025,095570,AJ네트웍스,KOSPI,943,5.83000,0.00853,-0.01864,-0.01070,330.00000,-0.01070,-0.01290,-0.00226,-0.00632,-0.01085,0.00215,-0.01910,-0.03041,-0.01074,0.01286,-0.06628,0.02150,0.10588,0.01323,0.11532,0.08229,0.01700,0.09152,270.00000,4670.72652,0.07065,0.05416,0.05858,0.04569,0.07792,0.17174,0.14794,0.15144
2025,006840,AK홀딩스,KOSPI,1337,4.45000,-0.01570,-0.04287,0.00000,0.00000,0.00000,-0.00220,-0.01570,-0.06221,-0.06674,-0.07694,-0.12097,-0.13228,-0.13477,-0.11531,-0.19445,-0.12920,-0.06992,-0.16256,-0.08452,-0.08006,-0.14534,-0.09450,400.00000,8847.64299,0.00000,-0.01905,-0.08029,-0.13812,-0.13255,-0.08787,-0.09785,
2025,027410,BGF,KOSPI,602,3.22000,-0.01002,-0.03719,-0.02500,130.00000,-0.02500,-0.02720,-0.03477,-0.04875,-0.05328,-0.05829,-0.04375,-0.05506,-0.05334,0.00018,-0.07896,-0.00984,0.07535,-0.01730,0.06457,0.13307,0.06778,0.12171,130.00000,3996.80163,0.03253,-0.01061,-0.03412,-0.02917,0.01432,0.08874,0.14588,0.76862
2025,282330,BGF리테일,KOSPI,205,3.79000,-0.00550,-0.03267,-0.01670,4100.00000,-0.01670,-0.01890,-0.02211,-0.05285,-0.05738,-0.05806,0.00750,-0.00381,0.00196,0.08549,0.00635,0.07952,0.10973,0.01709,0.10363,0.29366,0.22838,0.28655,4100.00000,107584.42339,0.03811,0.00678,-0.02917,0.03085,0.10842,0.13252,0.31544,0.43821
2025,138930,BNK금융지주,KOSPI,111,4.32000,0.06329,0.03612,0.00250,735.00000,0.00250,0.00030,0.06595,-0.02879,-0.03332,0.03268,-0.05198,-0.06329,0.00802,0.02428,-0.05487,0.08911,0.22997,0.13732,0.30781,0.11818,0.05290,0.18895,650.00000,15998.56422,0.04594,0.10146,0.06819,0.04353,0.12462,0.34333,0.22447,-0.05442
2025,000480,CR홀딩스,KOSPI,869,8.27000,0.02336,-0.00380,-0.03940,410.00000,-0.03940,-0.04160,-0.01696,-0.06601,-0.07054,-0.04419,-0.07089,-0.08219,-0.04918,-0.06801,-0.14716,-0.04624,-0.02464,-0.11729,-0.00185,-0.06016,-0.12545,-0.03821,410.00000,5073.51372,0.08081,0.04806,0.02083,0.01584,0.01878,0.06316,0.02681,0.48755
2025,005830,DB손해보험,KOSPI,70,5.46000,0.03291,0.00574,0.00310,7600.00000,0.00310,0.00090,0.03611,-0.03039,-0.03492,0.00152,-0.05220,-0.06350,-0.02100,0.06135,-0.01779,0.09628,0.45175,0.35910,0.49953,0.27360,0.20832,0.31552,6800.00000,128640.86318,0.05908,0.08274,0.04815,0.02563,0.14291,0.54616,0.36215,-0.05247
2025,016610,DB증권,KOSPI,557,3.81000,0.02856,0.00139,-0.00930,550.00000,-0.00930,-0.01150,0.01899,0.14258,0.13805,0.17521,0.04906,0.03775,0.07901,0.13805,0.05891,0.17055,0.34457,0.25192,0.38297,0.10675,0.04146,0.13835,400.00000,10798.50674,0.05093,0.05873,0.21494,0.11875,0.21029,0.42271,0.17809,0.18259
2025,007340,DN오토모티브,KOSPI,246,4.15000,0.01662,-0.01055,-0.01430,1000.00000,-0.01430,-0.01650,0.00208,-0.03467,-0.03920,-0.01863,-0.02845,-0.03976,-0.01231,0.04091,-0.03823,0.05821,0.08165,-0.01100,0.09962,0.55726,0.49198,0.58314,1000.00000,24496.82075,0.04082,0.03327,0.01255,0.01888,0.08940,0.13081,0.61432,0.35030
2025,017940,E1,KOSPI,464,4.17000,0.00466,-0.02251,-0.00240,4550.00000,-0.00240,-0.00460,0.00225,-0.02524,-0.02977,-0.02071,-0.03116,-0.04247,-0.02665,0.02904,-0.05011,0.03383,0.24715,0.15450,0.25296,0.20851,0.14323,0.21414,3450.00000,83119.08276,0.05474,0.04521,0.02226,0.01631,0.07679,0.29592,0.25710,0.04384
2025,078930,GS,KOSPI,102,4.79000,-0.05137,-0.07854,0.00930,3000.00000,0.00930,0.00710,-0.04255,0.06529,0.06076,0.01056,0.12137,0.11007,0.06377,0.19784,0.11869,0.13631,0.31755,0.22490,0.24987,0.19239,0.12711,0.13114,2700.00000,53471.84745,0.05610,0.00157,0.05468,0.10788,0.18042,0.29398,0.17526,-0.16576
2025,440290,HB인베스트먼트,KOSDAQ,1934,9.41000,0.11049,0.08332,-0.07630,120.00000,-0.07630,-0.07850,0.02576,-0.14616,-0.15068,-0.05182,-0.16223,-0.17353,-0.06966,-0.13754,-0.21669,-0.04225,-0.08245,-0.17510,0.01893,-0.13562,-0.20090,-0.04012,200.00000,2360.22830,0.05084,0.06542,-0.01215,-0.03000,-0.00259,0.05859,-0.00046,1.50071
2025,089470,HDC현대EP,KOSPI,1256,3.42000,0.04874,0.02157,-0.00820,160.00000,-0.00820,-0.01040,0.04014,-0.01275,-0.01728,0.03537,0.02578,0.01447,0.07577,0.09581,0.01666,0.14922,0.37084,0.27819,0.43766,0.10261,0.03732,0.15635,140.00000,4293.08091,0.03727,0.06832,0.06355,0.10395,0.17740,0.46584,0.18453,0.22002
2025,294870,IPARK현대산업개발,KOSPI,263,3.57000,0.05463,0.02746,0.00000,700.00000,0.00000,-0.00220,0.05463,-0.00476,-0.00929,0.04961,-0.00235,-0.01365,0.05215,0.03177,-0.04737,0.08814,0.09705,0.00440,0.15698,-0.01163,-0.07691,0.04236,700.00000,20679.00268,0.03385,0.07992,0.07490,0.07744,0.11343,0.18227,0.06765,
2025,060980,HL홀딩스,KOSPI,568,4.21000,-0.06427,-0.09144,-0.00230,2000.00000,-0.00230,-0.00450,-0.06642,-0.01476,-0.01929,-0.07808,0.02229,0.01099,-0.04341,0.02917,-0.04998,-0.03697,0.05610,-0.03655,-0.01177,-0.05862,-0.12390,-0.11912,2000.00000,44452.82230,0.04499,-0.03171,-0.04337,-0.00869,-0.00226,0.02294,-0.08440,0.05112
2025,011200,HMM,KOSPI,39,3.13000,0.06081,0.03364,0.00250,700.00000,0.00250,0.00030,0.06346,-0.01813,-0.02266,0.04158,0.02224,0.01093,0.08440,-0.01461,-0.09375,0.04532,0.20709,0.11444,0.28050,-0.03575,-0.10103,0.02289,600.00000,20335.00908,0.03442,0.08923,0.06735,0.11017,0.07109,0.30627,0.04866,-0.07263
2025,036640,HRS,KOSDAQ,1583,7.42000,0.01297,-0.01420,-0.03480,300.00000,-0.03480,-0.03700,-0.02228,-0.05860,-0.06313,-0.04639,-0.06241,-0.07371,-0.05024,-0.06608,-0.14523,-0.05397,-0.06993,-0.16258,-0.05787,-0.08081,-0.14609,-0.06889,400.00000,5460.76658,0.05494,0.02085,-0.00326,-0.00712,-0.01084,-0.01474,-0.02576,0.63345
2025,035000,HS애드,KOSPI,1176,6.21000,-0.02478,-0.05195,-0.00350,550.00000,-0.00350,-0.00570,-0.02820,-0.03022,-0.03475,-0.05425,-0.02435,-0.03566,-0.04853,-0.04762,-0.12677,-0.07122,-0.00466,-0.09731,-0.02933,-0.05913,-0.12442,-0.08245,550.00000,8637.19436,0.06368,0.02233,-0.00373,0.00199,-0.02070,0.02119,-0.03193,0.05496
2025,002460,HS화성,KOSPI,1326,4.22000,0.06749,0.04032,-0.07430,750.00000,-0.07430,-0.07650,-0.01183,-0.08939,-0.09392,-0.02793,-0.09408,-0.10538,-0.03294,-0.01415,-0.09330,0.05238,0.07527,-0.01738,0.14783,-0.09552,-0.16080,-0.03447,500.00000,12647.95885,0.05930,0.03499,0.01888,0.01388,0.09920,0.19465,0.01234,1.25299
2025,298050,HS효성첨단소재,KOSPI,342,3.30000,-0.03972,-0.06688,-0.02590,2500.00000,-0.02590,-0.02810,-0.06459,-0.05187,-0.05639,-0.08952,0.03228,0.02098,-0.00872,0.40936,0.33021,0.35338,0.21642,0.12377,0.16811,0.16350,0.09822,0.11729,6500.00000,189146.61673,0.01322,-0.05676,-0.08169,-0.00089,0.36121,0.17594,0.12512,1.95956
2025,015360,INVENI,KOSPI,641,6.36000,0.06820,0.04104,-0.01640,1080.00000,-0.01640,-0.01860,0.05068,-0.00137,-0.00590,0.06674,0.00458,-0.00672,0.07310,0.17877,0.09962,0.25917,0.12793,0.03528,0.20486,0.12934,0.06406,0.20637,4000.00000,67182.56821,0.01608,0.06093,0.07699,0.08335,0.26942,0.21511,0.21662,1.02018
2025,175330,JB금융지주,KOSPI,113,4.13000,0.08091,0.05374,0.00000,1140.00000,0.00000,-0.00220,0.08091,-0.04036,-0.04488,0.03729,-0.05778,-0.06908,0.01846,-0.08069,-0.15984,-0.00631,0.19592,0.10327,0.29268,0.14031,0.07503,0.23257,995.00000,26041.28378,0.04378,0.11459,0.07097,0.05214,0.02737,0.32636,0.26626,
2025,234080,JW생명과학,KOSPI,850,3.34000,-0.10440,-0.13157,-0.04400,550.00000,-0.04400,-0.04620,-0.14381,-0.06121,-0.06574,-0.15922,-0.06188,-0.07318,-0.15982,-0.05218,-0.13132,-0.15113,-0.02679,-0.11944,-0.12840,-0.06344,-0.12872,-0.16122,500.00000,13407.19104,0.04102,-0.11245,-0.12786,-0.12846,-0.11978,-0.09704,-0.12986,1.07258
2025,096760,JW홀딩스,KOSPI,770,3.13000,0.00125,-0.02592,-0.03130,215.00000,-0.03130,-0.03350,-0.03009,-0.04355,-0.04808,-0.04236,-0.05169,-0.06300,-0.05051,0.03798,-0.04116,0.03928,0.10191,0.00926,0.10328,0.07607,0.01079,0.07741,115.00000,3678.69848,0.05844,0.01600,0.00373,-0.00441,0.08537,0.14937,0.12351,0.53555
2025,344820,KCC글라스,KOSPI,567,6.56000,-0.02918,-0.05635,-0.00940,1600.00000,-0.00940,-0.01160,-0.03831,-0.03943,-0.04395,-0.06745,-0.02617,-0.03748,-0.05459,0.00959,-0.06955,-0.01987,0.04725,-0.04540,0.01669,-0.07288,-0.13816,-0.09993,1800.00000,26638.37245,0.06006,0.00916,-0.01999,-0.00713,0.02760,0.06415,-0.05247,0.15650
2025,046440,KG파이낸셜,KOSDAQ,1020,4.57000,0.02081,-0.00636,-0.04380,250.00000,-0.04380,-0.04600,-0.02390,-0.07021,-0.07474,-0.05086,-0.07330,-0.08460,-0.05401,0.09568,0.01653,0.11848,0.05092,-0.04172,0.07279,-0.03038,-0.09566,-0.01020,220.00000,4914.17814,0.05087,0.01579,-0.01118,-0.01432,0.15817,0.11248,0.02949,0.86096
2025,016380,KG스틸,KOSPI,476,4.62000,0.00561,-0.02156,-0.01470,300.00000,-0.01470,-0.01690,-0.00917,-0.05340,-0.05793,-0.04809,-0.03694,-0.04825,-0.03154,0.01641,-0.06273,0.02211,0.07365,-0.01900,0.07967,-0.04411,-0.10939,-0.03874,250.00000,5441.62325,0.05513,0.03412,-0.00480,0.01175,0.06541,0.12297,0.00455,0.26664
2025,035600,KG이니시스,KOSDAQ,726,4.66000,0.00954,-0.01762,-0.05270,600.00000,-0.05270,-0.05490,-0.04366,-0.06470,-0.06923,-0.05578,-0.08589,-0.09720,-0.07717,0.04253,-0.03662,0.05248,0.01678,-0.07587,0.02648,-0.07371,-0.13899,-0.06487,500.00000,10832.01749,0.05539,-0.00015,-0.01226,-0.03366,0.09599,0.07000,-0.02136,0.95141
2025,001940,KISCO홀딩스,KOSPI,626,6.92000,0.02321,-0.00396,-0.05260,1850.00000,-0.05260,-0.05480,-0.03061,-0.05831,-0.06284,-0.03645,-0.03954,-0.05084,-0.01724,-0.01696,-0.09610,0.00586,-0.05845,-0.15110,-0.03660,-0.06968,-0.13496,-0.04808,1800.00000,26615.35695,0.06951,0.02485,0.01900,0.03821,0.06132,0.01886,0.00737,0.75674
2025,025000,KPX케미칼,KOSPI,801,6.14000,-0.04813,-0.07529,-0.01050,3750.00000,-0.01050,-0.01270,-0.05812,-0.04206,-0.04659,-0.08817,-0.02522,-0.03652,-0.07213,0.01928,-0.05986,-0.02977,0.11205,0.01940,0.05854,0.02146,-0.04383,-0.02770,3250.00000,50384.20224,0.07443,0.00150,-0.02855,-0.01251,0.02984,0.11815,0.03191,0.14108
2025,092230,KPX홀딩스,KOSPI,707,5.81000,0.01791,-0.00925,-0.02680,5250.00000,-0.02680,-0.02900,-0.00937,-0.03346,-0.03799,-0.01615,-0.03202,-0.04333,-0.01468,0.00956,-0.06959,0.02764,0.10210,0.00945,0.12185,0.05108,-0.01420,0.06991,4250.00000,74460.16662,0.07051,0.04693,0.04015,0.04162,0.08394,0.17815,0.12621,0.38010
2025,044450,KSS해운,KOSPI,908,4.22000,-0.00192,-0.02909,-0.04230,450.00000,-0.04230,-0.04450,-0.04414,-0.07613,-0.08066,-0.07791,-0.08458,-0.09589,-0.08634,-0.06016,-0.13931,-0.06197,0.33869,0.24604,0.33612,0.15348,0.08820,0.15126,400.00000,9460.44909,0.04757,-0.00725,-0.04102,-0.04945,-0.02508,0.37301,0.18815,0.88928
2025,030200,KT,KOSPI,50,3.97000,0.05944,0.03228,-0.00750,2400.00000,-0.00750,-0.00970,0.05150,-0.01870,-0.02323,0.03963,-0.00753,-0.01884,0.05147,0.04683,-0.03232,0.10906,0.18006,0.08741,0.25021,0.13135,0.06607,0.19861,2000.00000,53372.54247,0.04497,0.08619,0.07432,0.08616,0.14375,0.28490,0.23330,0.16679
2025,033780,KT&G,KOSPI,41,3.71000,-0.00470,-0.03187,-0.00970,6000.00000,-0.00970,-0.01190,-0.01435,-0.01117,-0.01570,-0.01582,-0.00354,-0.01485,-0.00822,-0.00900,-0.08815,-0.01366,0.12080,0.02815,0.11554,0.09956,0.03428,0.09439,5400.00000,144868.84857,0.04142,0.01734,0.01587,0.02346,0.01803,0.14723,0.12608,0.23420
2025,058850,KTcs,KOSPI,1323,3.53000,0.06005,0.03288,-0.04000,100.00000,-0.04000,-0.04220,0.01764,-0.09506,-0.09959,-0.04072,-0.09004,-0.10134,-0.03540,-0.07517,-0.15431,-0.01963,-0.09855,-0.19120,-0.04442,-0.14018,-0.20546,-0.08855,100.00000,3002.96507,0.03330,0.04247,-0.01590,-0.01057,0.00519,-0.01960,-0.06373,1.20119
2025,058860,KTis,KOSPI,1512,4.39000,0.03452,0.00735,-0.02830,140.00000,-0.02830,-0.03050,0.00525,-0.05659,-0.06112,-0.02402,-0.06896,-0.08026,-0.03682,-0.02297,-0.10212,0.01076,0.01769,-0.07496,0.05282,-0.02651,-0.09179,0.00710,120.00000,2827.85064,0.04951,0.04378,0.01451,0.00172,0.04929,0.09135,0.04563,0.57163
2025,089600,KT나스미디어,KOSDAQ,1138,5.22000,-0.01310,-0.04027,-0.01890,700.00000,-0.01890,-0.02110,-0.03175,-0.05140,-0.05593,-0.06383,-0.07786,-0.08917,-0.08994,-0.08311,-0.16225,-0.09512,-0.06106,-0.15370,-0.07336,-0.13982,-0.20511,-0.15109,700.00000,13234.29389,0.05289,0.00965,-0.02243,-0.04855,-0.05372,-0.03196,-0.10970,0.35733
2025,122450,KX,KOSDAQ,1058,4.95000,-0.00009,-0.02726,-0.02600,0.00000,-0.02600,-0.02820,-0.02609,-0.06898,-0.07350,-0.06906,-0.09113,-0.10244,-0.09122,-0.09636,-0.17550,-0.09644,-0.11456,-0.20721,-0.11464,-0.19652,-0.26180,-0.19659,190.00000,3838.03733,0.00000,-0.02944,-0.07241,-0.09457,-0.09979,-0.11799,-0.19994,
2025,036560,KZ정밀,KOSDAQ,858,5.36000,0.07097,0.04380,-0.04380,800.00000,-0.04380,-0.04600,0.02406,-0.09890,-0.10343,-0.03495,-0.12454,-0.13585,-0.06241,-0.14625,-0.22540,-0.08567,-0.13082,-0.22347,-0.06913,-0.04066,-0.10595,0.02742,800.00000,15984.55965,0.05005,0.06305,0.00404,-0.02342,-0.04668,-0.03014,0.06641,0.87515
2025,309960,LB인베스트먼트,KOSDAQ,1301,3.77000,0.13941,0.11224,-0.09090,200.00000,-0.09090,-0.09310,0.03584,-0.12230,-0.12683,0.00006,-0.14702,-0.15833,-0.02811,0.00005,-0.07910,0.13946,0.09107,-0.00158,0.24318,-0.14704,-0.21232,-0.02812,200.00000,6044.62318,0.03309,0.06048,0.02470,-0.00346,0.16411,0.26782,-0.00348,2.74728
2025,093050,LF,KOSPI,489,3.95000,0.04858,0.02141,-0.01240,700.00000,-0.01240,-0.01460,0.03558,-0.05550,-0.06003,-0.00962,-0.05832,-0.06962,-0.01257,0.01218,-0.06697,0.06135,0.17176,0.07911,0.22868,0.30402,0.23873,0.36737,700.00000,18582.42432,0.03767,0.06410,0.01890,0.01595,0.08987,0.25720,0.39588,0.32917
2025,003550,LG,KOSPI,54,3.93000,0.03414,0.00698,0.00000,3100.00000,0.00000,-0.00220,0.03414,0.00867,0.00414,0.04311,0.01731,0.00600,0.05204,0.12137,0.04223,0.15966,0.25752,0.16487,0.30045,0.01572,-0.04956,0.05040,3100.00000,81573.61433,0.03800,0.06294,0.07191,0.08084,0.18846,0.32925,0.07920,
2025,032640,LG유플러스,KOSPI,89,4.32000,-0.00001,-0.02717,-0.01390,660.00000,-0.01390,-0.01610,-0.01391,-0.03922,-0.04375,-0.03923,-0.00472,-0.01603,-0.00473,0.06377,-0.01538,0.06376,0.06976,-0.02289,0.06976,0.03113,-0.03415,0.03112,650.00000,15046.21825,0.04386,0.01985,-0.00547,0.02903,0.09752,0.10352,0.06488,0.31688
2025,225190,LK삼양,KOSDAQ,1851,5.53000,0.10736,0.08019,0.00360,0.00000,0.00360,0.00140,0.11134,0.05790,0.05337,0.17147,-0.01487,-0.02617,0.09090,0.06152,-0.01762,0.17549,0.53807,0.44542,0.70320,0.32314,0.25786,0.46519,70.00000,1401.71883,0.00000,0.10799,0.16812,0.08755,0.17214,0.69985,0.46184,
2025,108320,LX세미콘,KOSPI,353,4.63000,-0.02688,-0.05405,-0.01690,1500.00000,-0.01690,-0.01910,-0.04332,0.02370,0.01918,-0.00381,0.02173,0.01042,-0.00573,0.08521,0.00606,0.05604,0.06135,-0.03130,0.03282,-0.03985,-0.10513,-0.06566,2400.00000,50442.63150,0.02974,-0.02152,0.01800,0.01607,0.07785,0.05463,-0.04385,0.56832
2025,001120,LX인터내셔널,KOSPI,275,6.34000,0.00953,-0.01764,0.00310,2000.00000,0.00310,0.00090,0.01266,0.02032,0.01579,0.03004,0.07524,0.06393,0.08548,0.15200,0.07286,0.16298,0.35590,0.26325,0.36882,0.42071,0.35543,0.43425,2000.00000,31846.33399,0.06280,0.06244,0.07982,0.13526,0.21276,0.41860,0.48403,-0.04936
2025,108670,LX하우시스,KOSPI,764,3.28000,-0.04935,-0.07652,-0.01030,0.00000,-0.01030,-0.01250,-0.05914,-0.03623,-0.04076,-0.08379,-0.02065,-0.03195,-0.06898,-0.01022,-0.08937,-0.05907,0.05531,-0.03734,0.00323,-0.04128,-0.10656,-0.08859,1000.00000,28983.19145,0.00000,-0.06249,-0.08714,-0.07233,-0.06242,-0.00012,-0.09194,
2025,383800,LX홀딩스,KOSPI,447,3.64000,0.01745,-0.00971,-0.01360,290.00000,-0.01360,-0.01580,0.00362,-0.01352,-0.01805,0.00370,-0.01729,-0.02860,-0.00014,0.06270,-0.01645,0.08125,0.06151,-0.03113,0.08004,-0.02611,-0.09139,-0.00911,290.00000,8106.09307,0.03578,0.03053,0.03062,0.02678,0.10816,0.10696,0.01781,0.38015
2025,005940,NH투자증권,KOSPI,80,4.60000,0.02192,-0.00525,0.01180,1300.00000,0.01180,0.00960,0.03398,0.00481,0.00028,0.02683,0.02377,0.01247,0.04621,0.18028,0.10114,0.20615,0.57838,0.48573,0.61298,0.40318,0.33789,0.43393,950.00000,21104.85508,0.06160,0.08274,0.07559,0.09498,0.25491,0.66174,0.48269,-0.19157
2025,034310,NICE,KOSPI,505,3.69000,0.00004,-0.02712,-0.03390,560.00000,-0.03390,-0.03610,-0.03386,-0.04333,-0.04785,-0.04328,-0.05889,-0.07019,-0.05885,-0.02058,-0.09972,-0.02053,0.06722,-0.02543,0.06727,-0.03770,-0.10299,-0.03766,500.00000,13550.72867,0.04133,-0.00225,-0.01167,-0.02724,0.01108,0.09888,-0.00605,0.82030
2025,008260,NI스틸,KOSPI,1511,3.00000,0.07201,0.04484,-0.01960,100.00000,-0.01960,-0.02180,0.05099,-0.05465,-0.05918,0.01342,-0.04772,-0.05902,0.02085,-0.02813,-0.10728,0.04185,0.02526,-0.06739,0.09909,-0.03773,-0.10301,0.03156,100.00000,3573.35169,0.02798,0.07132,0.03374,0.04118,0.06217,0.11941,0.05189,0.70038
2025,456040,OCI,KOSPI,484,3.69000,0.01340,-0.01377,-0.01490,0.00000,-0.01490,-0.01710,-0.00170,-0.07111,-0.07564,-0.05866,0.21053,0.19922,0.22675,0.17909,0.09995,0.19489,0.36475,0.27210,0.38303,0.55725,0.49197,0.57812,2200.00000,60419.50209,0.00000,-0.00505,-0.06201,0.22340,0.19154,0.37968,0.57477,
2025,005490,POSCO홀딩스,KOSPI,28,3.23000,-0.00482,-0.03199,0.01950,10000.00000,0.01950,0.01730,0.01458,0.00005,-0.00448,-0.00478,0.12002,0.10872,0.11462,0.22702,0.14788,0.22111,0.21582,0.12317,0.20996,0.07959,0.01430,0.07438,10000.00000,308104.51809,0.03246,0.03869,0.01933,0.13873,0.24522,0.23407,0.09849,-0.60080
2025,003080,SB성보,KOSPI,1940,4.66000,-0.00338,-0.03054,-0.03460,205.00000,-0.03460,-0.03680,-0.03786,-0.04320,-0.04773,-0.04643,-0.02408,-0.03538,-0.02737,-0.04834,-0.12749,-0.05155,-0.07431,-0.16696,-0.07743,-0.09174,-0.15702,-0.09480,135.00000,2887.21478,0.07100,0.01886,0.01029,0.02934,0.00517,-0.02071,-0.03808,0.48731
2025,005090,SGC에너지,KOSPI,669,7.31000,0.00842,-0.01875,-0.04480,1300.00000,-0.04480,-0.04700,-0.03676,-0.08531,-0.08984,-0.07761,-0.12581,-0.13712,-0.11845,-0.07057,-0.14972,-0.06275,1.02949,0.93684,1.04657,1.45596,1.39068,1.47664,1700.00000,23451.57072,0.05543,0.00679,-0.03406,-0.07491,-0.01920,1.09012,1.52018,0.80818
2025,009160,SIMPAC,KOSPI,678,4.00000,0.10602,0.07885,-0.07960,300.00000,-0.07960,-0.08180,0.01798,-0.12205,-0.12658,-0.02897,-0.08674,-0.09805,0.01009,-0.10396,-0.18310,-0.00895,-0.05057,-0.14321,0.05010,-0.10197,-0.16725,-0.00676,200.00000,5530.11243,0.05425,0.06053,0.01358,0.05263,0.03359,0.09264,0.03578,1.46732
2025,123700,SJM,KOSPI,1941,4.72000,0.06200,0.03483,-0.04950,205.00000,-0.04950,-0.05170,0.00943,-0.06085,-0.06538,-0.00263,-0.02397,-0.03528,0.03654,-0.04808,-0.12723,0.01094,-0.03536,-0.12800,0.02445,-0.11416,-0.17944,-0.05923,175.00000,3937.49610,0.05206,0.05013,0.03807,0.07723,0.05163,0.06515,-0.01854,0.95076
2025,018670,SK가스,KOSPI,184,3.35000,-0.04179,-0.06896,-0.00870,9000.00000,-0.00870,-0.01090,-0.05013,-0.00875,-0.01328,-0.05017,-0.01529,-0.02660,-0.05645,-0.00660,-0.08574,-0.04811,0.14616,0.05351,0.09826,0.17451,0.10923,0.12543,8000.00000,228826.03732,0.03933,-0.02020,-0.02025,-0.02652,-0.01819,0.12818,0.15535,0.22120
2025,001740,SK네트웍스,KOSPI,316,6.56000,-0.00864,-0.03581,-0.00880,250.00000,-0.00880,-0.01100,-0.01737,-0.03636,-0.04089,-0.04469,-0.02976,-0.04106,-0.03814,0.05633,-0.02281,0.04720,0.23425,0.14160,0.22358,0.08650,0.02122,0.07711,300.00000,4533.63943,0.05514,0.02593,-0.00139,0.00516,0.09050,0.26688,0.12041,0.15958
2025,210980,SK디앤디,KOSPI,857,4.75000,0.00791,-0.01926,-0.00080,200.00000,-0.00080,-0.00300,0.00710,0.03225,0.02772,0.04041,-0.00235,-0.01365,0.00554,-0.00781,-0.08696,0.00004,-0.00628,-0.09893,0.00158,0.01332,-0.05196,0.02134,600.00000,12731.49197,0.01571,0.01704,0.05035,0.01548,0.00998,0.01152,0.03128,0.05093
2025,017670,SK텔레콤,KOSPI,56,6.62000,-0.00736,-0.03452,0.00190,1660.00000,0.00190,-0.00030,-0.00547,0.00005,-0.00448,-0.00730,0.03394,0.02263,0.02633,0.29943,0.22029,0.28987,0.47250,0.37985,0.46167,0.43863,0.37335,0.42805,3540.00000,53081.00117,0.03127,0.01764,0.01580,0.04944,0.31298,0.48477,0.45116,-0.06076
2025,003570,SNT다이내믹스,KOSPI,247,3.07000,0.09788,0.07071,-0.00970,1800.00000,-0.00970,-0.01190,0.08723,0.03970,0.03517,0.14147,0.19771,0.18641,0.31495,0.13766,0.05851,0.24901,0.21719,0.12454,0.33633,0.03873,-0.02656,0.14040,1300.00000,46490.05647,0.03872,0.11664,0.17087,0.34435,0.27842,0.36574,0.16980,0.25053
2025,064960,SNT모티브,KOSPI,355,3.01000,0.10766,0.08049,-0.00580,1700.00000,-0.00580,-0.00800,0.10123,-0.04059,-0.04512,0.06269,0.07117,0.05986,0.18649,0.06380,-0.01534,0.17833,0.03912,-0.05353,0.15099,-0.07117,-0.13645,0.02883,937.00000,34480.87575,0.04930,0.13959,0.10105,0.22485,0.21669,0.18935,0.06719,0.11764
2025,005610,삼립,KOSPI,552,3.45000,0.02504,-0.00213,-0.01690,1000.00000,-0.01690,-0.01910,0.00771,-0.02804,-0.03257,-0.00370,-0.04478,-0.05609,-0.02087,-0.05219,-0.13134,-0.02846,-0.01104,-0.10369,0.01372,-0.07284,-0.13812,-0.04963,1800.00000,53480.16319,0.01870,0.02018,0.00877,-0.00840,-0.01599,0.02619,-0.03716,0.90381
2025,069260,TKG휴켐스,KOSPI,376,5.36000,0.02836,0.00119,-0.01830,1000.00000,-0.01830,-0.02050,0.00954,-0.06524,-0.06976,-0.03873,-0.03802,-0.04933,-0.01074,0.02552,-0.05363,0.05460,-0.01734,-0.10999,0.01052,-0.06274,-0.12803,-0.03617,1000.00000,19185.75446,0.05212,0.05028,0.00202,0.03000,0.09534,0.05127,0.00458,0.35110
2025,057030,YBM넷,KOSDAQ,2078,3.30000,0.01978,-0.00739,0.00320,100.00000,0.00320,0.00100,0.02304,-0.02266,-0.02719,-0.00334,-0.05975,-0.07105,-0.04115,-0.05817,-0.13731,-0.03954,-0.08888,-0.18153,-0.07086,-0.15218,-0.21746,-0.13541,100.00000,3090.23241,0.03236,0.04707,0.02069,-0.01713,-0.01552,-0.04683,-0.11138,-0.09889
2025,139130,iM금융지주,KOSPI,178,3.50000,0.08544,0.05828,-0.01220,700.00000,-0.01220,-0.01440,0.07220,-0.02638,-0.03091,0.05681,-0.06955,-0.08086,0.00995,-0.03810,-0.11725,0.04409,0.16581,0.07316,0.26543,0.07617,0.01089,0.16813,500.00000,15506.35655,0.04514,0.10704,0.09165,0.04479,0.07893,0.30027,0.20297,0.27025
2025,035250,강원랜드,KOSPI,128,6.50000,0.03068,0.00351,-0.00270,950.00000,-0.00270,-0.00490,0.02790,-0.01834,-0.02287,0.01178,-0.02970,-0.04101,0.00007,-0.05984,-0.13899,-0.03100,0.01089,-0.08176,0.04191,-0.08899,-0.15427,-0.06104,1170.00000,18552.26179,0.05121,0.06787,0.05175,0.04004,0.00898,0.08188,-0.02107,0.05273
2025,039240,경남스틸,KOSDAQ,1725,4.40000,0.02385,-0.00332,-0.01970,120.00000,-0.01970,-0.02190,0.00368,-0.03578,-0.04031,-0.01278,-0.04653,-0.05784,-0.02379,-0.01798,-0.09713,0.00544,-0.08051,-0.17316,-0.05858,-0.05721,-0.12249,-0.03472,120.00000,2792.32122,0.04297,0.03669,0.02022,0.00922,0.03845,-0.02558,-0.00172,0.45841
2025,002100,경농,KOSPI,1026,4.88000,0.02284,-0.00433,-0.01270,700.00000,-0.01270,-0.01490,0.00985,-0.03067,-0.03520,-0.00853,-0.04869,-0.05999,-0.02696,-0.03913,-0.11827,-0.01718,0.00957,-0.08308,0.03263,-0.00745,-0.07273,0.01522,450.00000,9431.93380,0.07422,0.06929,0.05091,0.03248,0.04226,0.09206,0.07466,0.17112
2025,267290,경동도시가스,KOSPI,1287,4.11000,0.00931,-0.01786,-0.03720,875.00000,-0.03720,-0.03940,-0.02824,-0.05585,-0.06038,-0.04706,-0.03729,-0.04860,-0.02833,-0.00470,-0.08385,0.00456,0.05588,-0.03677,0.06571,-0.00690,-0.07218,0.00235,875.00000,21487.76029,0.04072,0.00286,-0.01596,0.00277,0.03566,0.09681,0.03345,0.91354
2025,011040,경동제약,KOSDAQ,1023,5.07000,0.02883,0.00166,-0.04110,300.00000,-0.04110,-0.04330,-0.01346,-0.05096,-0.05549,-0.02360,-0.05916,-0.07047,-0.03204,-0.06397,-0.14312,-0.03699,-0.06887,-0.16152,-0.04203,-0.10335,-0.16863,-0.07750,300.00000,6087.74466,0.04928,0.02488,0.01474,0.00630,0.00135,-0.00369,-0.03916,0.83402
2025,049720,고려신용정보,KOSDAQ,1132,4.11000,-0.00082,-0.02798,-0.02830,500.00000,-0.02830,-0.03050,-0.02909,-0.07212,-0.07665,-0.07288,-0.08582,-0.09712,-0.08657,-0.08683,-0.16598,-0.08758,-0.05115,-0.14380,-0.05193,-0.06217,-0.12745,-0.06294,450.00000,10939.96480,0.04570,0.00622,-0.03756,-0.05125,-0.05226,-0.01661,-0.02762,0.61920
2025,215000,골프존,KOSDAQ,615,6.62000,0.01161,-0.01556,-0.05070,4000.00000,-0.05070,-0.05290,-0.03968,-0.09812,-0.10264,-0.08764,-0.10955,-0.12085,-0.09921,-0.01462,-0.09377,-0.00318,-0.13228,-0.22493,-0.12221,-0.20272,-0.26800,-0.19346,4000.00000,61124.46947,0.06544,0.01233,-0.03563,-0.04720,0.04883,-0.07020,-0.14145,0.77475
2025,121440,골프존홀딩스,KOSDAQ,895,4.80000,0.02682,-0.00035,-0.05980,250.00000,-0.05980,-0.06200,-0.03458,-0.13361,-0.13814,-0.11038,-0.14486,-0.15616,-0.12192,-0.13632,-0.21547,-0.11316,-0.02986,-0.12251,-0.00384,-0.10007,-0.16535,-0.07593,250.00000,5348.02416,0.04675,0.00161,-0.07418,-0.08572,-0.07696,0.03236,-0.03974,1.27925
2025,037710,광주신세계,KOSPI,824,7.15000,0.04714,0.01997,-0.01710,2400.00000,-0.01710,-0.01930,0.02923,-0.02329,-0.02782,0.02275,-0.04964,-0.06095,-0.00484,-0.03576,-0.11491,0.00969,0.19244,0.09979,0.24865,0.11783,0.05255,0.17053,2200.00000,32219.71998,0.07449,0.08890,0.08242,0.05483,0.06936,0.30832,0.23019,0.22957
2025,030610,교보증권,KOSPI,309,5.47000,0.07005,0.04288,-0.02970,550.00000,-0.02970,-0.03190,0.03827,-0.02463,-0.02916,0.04369,-0.02973,-0.04103,0.03824,0.17889,0.09975,0.26147,0.36087,0.26822,0.45620,0.17588,0.11060,0.25825,500.00000,9781.04966,0.05623,0.08249,0.08791,0.08246,0.30569,0.50042,0.30247,0.52818
2025,204020,그리티,KOSDAQ,2210,5.12000,0.08848,0.06131,-0.04910,115.00000,-0.04910,-0.05130,0.03504,-0.08974,-0.09427,-0.00920,-0.11113,-0.12244,-0.03249,-0.09836,-0.17751,-0.01858,-0.11532,-0.20797,-0.03704,-0.15556,-0.22084,-0.08084,110.00000,2338.53135,0.04918,0.07329,0.02905,0.00577,0.01967,0.00121,-0.04259,0.99845
2025,083420,그린케미칼,KOSPI,1090,3.52000,-0.03073,-0.05790,-0.00910,240.00000,-0.00910,-0.01130,-0.03955,-0.07717,-0.08170,-0.10553,-0.09385,-0.10515,-0.12170,-0.05010,-0.12924,-0.07929,-0.10133,-0.19398,-0.12895,-0.13455,-0.19983,-0.16115,240.00000,6608.64091,0.03632,-0.01218,-0.07816,-0.09432,-0.05192,-0.10158,-0.13378,0.25058
2025,014530,극동유화,KOSPI,1360,6.02000,0.04978,0.02262,-0.06160,200.00000,-0.06160,-0.06380,-0.01488,-0.05432,-0.05885,-0.00724,-0.03561,-0.04692,0.01240,-0.00977,-0.08891,0.03953,0.32280,0.23015,0.38866,0.08639,0.02111,0.14048,200.00000,3487.65244,0.05735,0.03028,0.03792,0.05756,0.08470,0.43382,0.18564,1.07420
2025,053260,금강철강,KOSDAQ,1693,3.69000,0.02471,-0.00246,-0.02760,170.00000,-0.02760,-0.02980,-0.00358,-0.05409,-0.05862,-0.03072,-0.06844,-0.07975,-0.04543,-0.06492,-0.14407,-0.04182,-0.01219,-0.10484,0.01222,0.05275,-0.01253,0.07876,150.00000,4165.47070,0.04081,0.02760,0.00046,-0.01425,-0.01064,0.04339,0.10994,0.67628
2025,036190,금화피에스시,KOSDAQ,1025,4.62000,0.01664,-0.01053,-0.03410,1600.00000,-0.03410,-0.03630,-0.01803,-0.05839,-0.06292,-0.04273,-0.00969,-0.02099,0.00679,0.07799,-0.00115,0.09593,0.12505,0.03240,0.14377,0.20786,0.14258,0.22796,1400.00000,30807.20521,0.05194,0.02256,-0.00214,0.04738,0.13652,0.18436,0.26855,0.65658
2025,000270,기아,KOSPI,10,5.70000,0.05004,0.02287,0.01090,6800.00000,0.01090,0.00870,0.06148,0.07934,0.07482,0.13335,0.19378,0.18248,0.25351,0.24958,0.17043,0.31210,0.52195,0.42930,0.59810,0.21206,0.14678,0.27270,6500.00000,119740.87276,0.05679,0.10617,0.17804,0.29821,0.35680,0.64280,0.31740,-0.19194
2025,024110,기업은행,KOSPI,42,5.18000,0.03164,0.00447,-0.00470,1048.00000,-0.00470,-0.00690,0.02679,-0.02113,-0.02566,0.00984,-0.02341,-0.03471,0.00749,0.02604,-0.05311,0.05850,0.18411,0.09146,0.22158,0.00718,-0.05811,0.03905,1065.00000,21210.38400,0.04941,0.06524,0.04829,0.04594,0.09695,0.26003,0.07750,0.09512
2025,190510,나무가,KOSDAQ,874,4.04000,0.12941,0.10224,-0.04460,728.00000,-0.04460,-0.04680,0.07904,0.34702,0.34249,0.52134,0.44890,0.43759,0.63640,0.32490,0.24575,0.49635,0.12926,0.03661,0.27540,-0.11582,-0.18111,-0.00140,650.00000,18171.23328,0.04006,0.10958,0.55188,0.66694,0.52690,0.30594,0.02914,1.11324
2025,036800,나이스정보통신,KOSDAQ,809,3.20000,-0.01769,-0.04486,-0.00600,1100.00000,-0.00600,-0.00820,-0.02358,0.00186,-0.00267,-0.01586,-0.05840,-0.06971,-0.07506,-0.04836,-0.12751,-0.06520,0.06597,-0.02668,0.04711,-0.01849,-0.08377,-0.03585,810.00000,24864.75751,0.04424,0.01049,0.01821,-0.04098,-0.03112,0.08119,-0.00177,0.13563
2025,212560,네오오토,KOSDAQ,1850,3.68000,0.54240,0.51524,0.10490,200.00000,0.10490,0.10270,0.70420,0.47196,0.46743,1.27036,0.21318,0.20188,0.87122,0.28598,0.20683,0.98350,0.10346,0.01081,0.70198,-0.13733,-0.20261,0.33059,200.00000,8382.63154,0.02386,0.72104,1.28719,0.88805,1.00033,0.71882,0.34742,-4.39669
2025,085910,네오티스,KOSDAQ,1675,3.59000,0.65346,0.62629,0.03150,200.00000,0.03150,0.02930,0.70555,-0.07933,-0.08386,0.52229,0.17153,0.16023,0.93708,0.30857,0.22942,1.16366,1.23200,1.13935,2.69052,1.17752,1.11223,2.60044,200.00000,9211.48999,0.02171,0.72056,0.53731,0.95210,1.17868,2.70554,2.61546,-1.45081
2025,092730,네오팜,KOSDAQ,697,3.07000,-0.02203,-0.04920,-0.03300,750.00000,-0.03300,-0.03520,-0.05430,-0.06803,-0.07256,-0.08856,-0.08902,-0.10033,-0.10909,-0.00797,-0.08711,-0.02982,-0.06084,-0.15349,-0.08153,-0.11263,-0.17791,-0.13217,600.00000,19113.46665,0.03924,-0.02445,-0.05872,-0.07924,0.00003,-0.05168,-0.10233,0.84099
2025,090350,노루페인트,KOSPI,1087,4.27000,0.07326,0.04609,-0.03750,400.00000,-0.03750,-0.03970,0.03302,-0.06825,-0.07278,0.00001,-0.06605,-0.07736,0.00237,-0.06037,-0.13952,0.00847,-0.01719,-0.10984,0.05481,-0.06386,-0.12914,0.00473,350.00000,8797.23275,0.04547,0.06813,0.03513,0.03749,0.04358,0.08993,0.03984,0.82474
2025,285490,노바텍,KOSDAQ,912,6.89000,0.10285,0.07568,-0.04660,2871.00000,-0.04660,-0.04880,0.05146,0.06880,0.06427,0.17872,-0.06428,-0.07558,0.03196,0.07335,-0.00580,0.18374,0.08207,-0.01058,0.19336,-0.08435,-0.14963,0.00983,1409.00000,22553.20644,0.12730,0.15580,0.28307,0.13630,0.28809,0.29770,0.11417,0.36607
2025,005250,녹십자홀딩스,KOSPI,378,3.09000,0.00809,-0.01907,-0.02940,300.00000,-0.02940,-0.03160,-0.02154,-0.03792,-0.04244,-0.03013,-0.08327,-0.09458,-0.07585,-0.04476,-0.12391,-0.03703,-0.05522,-0.14787,-0.04757,-0.18328,-0.24857,-0.17667,500.00000,16312.20167,0.01839,-0.00933,-0.01792,-0.06364,-0.02482,-0.03536,-0.16446,1.59860
2025,030210,다올투자증권,KOSPI,937,4.32000,0.03757,0.01040,-0.02360,240.00000,-0.02360,-0.02580,0.01308,-0.03327,-0.03780,0.00305,-0.04722,-0.05852,-0.01142,0.05980,-0.01935,0.09961,0.23506,0.14241,0.28146,0.07658,0.01129,0.11702,150.00000,3602.67587,0.06662,0.06609,0.05606,0.04159,0.15262,0.33447,0.17003,0.35426
2025,023590,다우기술,KOSPI,229,3.91000,0.03747,0.01030,0.05650,1800.00000,0.05650,0.05430,0.09609,0.06715,0.06262,0.10714,0.05102,0.03972,0.09041,0.38175,0.30260,0.43352,0.37916,0.28651,0.43084,0.16001,0.09473,0.20348,1400.00000,37147.32478,0.04846,0.13373,0.14478,0.12805,0.47117,0.46849,0.24112,-1.16601
2025,008060,대덕,KOSPI,648,4.84000,0.00002,-0.02714,-0.01160,1155.00000,-0.01160,-0.01380,-0.01158,-0.04438,-0.04891,-0.04435,-0.06264,-0.07395,-0.06262,-0.00941,-0.08855,-0.00938,0.12218,0.02953,0.12220,0.18624,0.12095,0.18627,500.00000,10330.83267,0.11180,0.07966,0.04688,0.02862,0.08185,0.21344,0.27750,0.10376
2025,001680,대상,KOSPI,390,4.03000,0.01408,-0.01308,-0.02100,850.00000,-0.02100,-0.02320,-0.00721,-0.05136,-0.05588,-0.03800,0.06778,0.05648,0.08282,0.02334,-0.05580,0.03776,0.02565,-0.06700,0.04010,-0.07007,-0.13536,-0.05698,850.00000,21388.86168,0.03974,0.02306,-0.00773,0.11309,0.06803,0.07037,-0.02671,0.52843
2025,117580,대성에너지,KOSPI,898,3.09000,0.00856,-0.01861,-0.01840,250.00000,-0.01840,-0.02060,-0.01000,-0.02571,-0.03023,-0.01737,-0.03552,-0.04682,-0.02726,-0.01594,-0.09508,-0.00752,0.27892,0.18627,0.28986,0.14670,0.08142,0.15652,250.00000,8159.85533,0.03064,0.01257,0.00520,-0.00469,0.01505,0.31243,0.17908,0.60057
2025,003540,대신증권,KOSPI,254,4.43000,0.01668,-0.01049,-0.00540,1200.00000,-0.00540,-0.00760,0.01119,-0.03434,-0.03887,-0.01824,-0.03799,-0.04930,-0.02194,0.06359,-0.01556,0.08133,0.50306,0.41041,0.52813,0.27994,0.21466,0.30129,1200.00000,27539.87666,0.04357,0.04470,0.01528,0.01157,0.11484,0.56164,0.33480,0.12393
2025,120240,대정화금,KOSDAQ,1526,3.22000,0.02510,-0.00206,-0.02390,475.00000,-0.02390,-0.02610,0.00060,-0.05004,-0.05457,-0.02619,-0.05002,-0.06133,-0.02618,-0.03206,-0.11121,-0.00777,0.00474,-0.08791,0.02996,0.02566,-0.03962,0.05141,420.00000,13370.91913,0.03552,0.02731,0.00051,0.00053,0.01894,0.05666,0.07811,0.67277
2025,023910,대한약품,KOSDAQ,1040,3.05000,0.02378,-0.00338,-0.02810,1000.00000,-0.02810,-0.03030,-0.00498,-0.06780,-0.07232,-0.04563,-0.07275,-0.08405,-0.05069,-0.05131,-0.13046,-0.02875,-0.00678,-0.09943,0.01684,-0.06294,-0.12822,-0.04065,900.00000,30209.99999,0.03310,0.01967,-0.02097,-0.02604,-0.00409,0.04150,-0.01600,0.84890
2025,084010,대한제강,KOSPI,610,3.04000,0.20494,0.17777,-0.03030,500.00000,-0.03030,-0.03250,0.16843,-0.19428,-0.19880,-0.02915,-0.17535,-0.18666,-0.00635,-0.20259,-0.28174,-0.03917,-0.08268,-0.17533,0.10531,-0.22882,-0.29411,-0.07078,500.00000,19818.05914,0.02523,0.18642,-0.01116,0.01164,-0.02118,0.12331,-0.05279,1.20097
2025,001790,대한제당,KOSPI,795,4.17000,0.03135,0.00418,-0.02860,120.00000,-0.02860,-0.03080,0.00185,-0.07907,-0.08360,-0.05020,-0.05390,-0.06520,-0.02424,-0.06228,-0.14143,-0.03289,-0.05059,-0.14324,-0.02083,-0.01675,-0.08203,0.01407,120.00000,2967.90003,0.04043,0.03270,-0.01935,0.00661,-0.00204,0.01002,0.04493,0.70735
2025,003490,대한항공,KOSPI,76,3.43000,0.04580,0.01864,-0.00220,750.00000,-0.00220,-0.00440,0.04350,-0.03286,-0.03739,0.01144,0.01089,-0.00042,0.05719,0.04147,-0.03767,0.08918,0.10283,0.01018,0.15334,0.03059,-0.03469,0.07780,750.00000,22867.41917,0.03280,0.06790,0.03583,0.08158,0.11357,0.17774,0.10219,0.06708
2025,016090,대현,KOSPI,1680,5.16000,0.00560,-0.02157,-0.03420,80.00000,-0.03420,-0.03640,-0.02879,-0.05301,-0.05754,-0.04771,-0.04387,-0.05518,-0.03852,-0.07128,-0.15042,-0.06608,-0.03836,-0.13101,-0.03298,-0.03554,-0.10082,-0.03014,90.00000,1753.95128,0.04561,0.00644,-0.01247,-0.00328,-0.03084,0.00226,0.00510,0.74981
2025,298540,더네이쳐홀딩스,KOSDAQ,1246,5.47000,0.00544,-0.02173,-0.04570,500.00000,-0.04570,-0.04790,-0.04051,-0.06632,-0.07085,-0.06124,-0.12402,-0.13532,-0.11925,-0.12828,-0.20743,-0.12354,-0.16776,-0.26041,-0.16324,-0.19623,-0.26152,-0.19186,500.00000,9190.46374,0.05440,0.00216,-0.01857,-0.07658,-0.08087,-0.12056,-0.14919,0.84001
2025,067990,도이치모터스,KOSDAQ,1229,8.10000,0.00434,-0.02283,-0.06160,390.00000,-0.06160,-0.06380,-0.05753,-0.09566,-0.10019,-0.09174,-0.10310,-0.11440,-0.09921,-0.07546,-0.15461,-0.07145,-0.08396,-0.17661,-0.07999,-0.07002,-0.13530,-0.06599,380.00000,4711.70584,0.08277,0.00915,-0.02506,-0.03253,-0.00478,-0.01331,0.00069,0.74421
2025,002150,도화엔지니어링,KOSPI,928,4.43000,0.02704,-0.00013,-0.00620,300.00000,-0.00620,-0.00840,0.02067,-0.05711,-0.06164,-0.03162,-0.05556,-0.06687,-0.03003,-0.05096,-0.13011,-0.02530,-0.00782,-0.10047,0.01901,-0.04487,-0.11015,-0.01904,280.00000,6491.45358,0.04621,0.05642,0.00413,0.00572,0.01045,0.05476,0.01671,0.13416
2025,005160,동국산업,KOSDAQ,1111,4.42000,-0.03745,-0.06462,-0.03000,145.00000,-0.03000,-0.03220,-0.06632,-0.09367,-0.09819,-0.12761,-0.07951,-0.09081,-0.11398,-0.00549,-0.08463,-0.04273,0.00336,-0.08929,-0.03421,0.11117,0.04589,0.06956,130.00000,2831.03656,0.05122,-0.02634,-0.08763,-0.07400,-0.00275,0.00577,0.10954,0.58573
2025,460850,동국씨엠,KOSPI,1097,9.23000,0.00372,-0.02345,-0.01290,300.00000,-0.01290,-0.01510,-0.00923,-0.05886,-0.06338,-0.05535,-0.06804,-0.07935,-0.06457,-0.05333,-0.13248,-0.04981,0.08094,-0.01171,0.08496,-0.02396,-0.08925,-0.02033,500.00000,5437.28149,0.05517,0.03410,-0.01202,-0.02124,-0.00648,0.12829,0.02300,0.23380
2025,075970,동국알앤에스,KOSDAQ,2204,3.49000,0.01966,-0.00751,-0.01920,80.00000,-0.01920,-0.02140,0.00008,-0.00219,-0.00672,0.01743,-0.04707,-0.05838,-0.02833,-0.04708,-0.12622,-0.02834,-0.04904,-0.14169,-0.03034,-0.06819,-0.13347,-0.04986,80.00000,2337.33505,0.03423,0.02569,0.04303,-0.00273,-0.00273,-0.00473,-0.02426,0.56096
2025,460860,동국제강,KOSPI,585,7.22000,0.03506,0.00789,-0.02910,400.00000,-0.02910,-0.03130,0.00494,-0.08260,-0.08713,-0.05044,-0.05351,-0.06481,-0.02033,-0.06391,-0.14306,-0.03109,0.09057,-0.00208,0.12881,0.03609,-0.02919,0.07241,600.00000,8601.57937,0.04650,0.04093,-0.01444,0.01566,0.00490,0.16480,0.10841,0.62576
2025,001230,동국홀딩스,KOSPI,848,6.70000,0.01999,-0.00717,-0.01050,10.00000,-0.01050,-0.01270,0.00928,-0.08274,-0.08726,-0.06440,-0.06823,-0.07953,-0.04960,-0.04077,-0.11992,-0.02159,0.28664,0.19400,0.31237,0.27466,0.20938,0.30014,500.00000,7611.89852,0.00131,0.00705,-0.06663,-0.05184,-0.02383,0.31013,0.29791,7.99249
2025,005960,동부건설,KOSPI,1283,3.64000,0.04541,0.01824,-0.03480,300.00000,-0.03480,-0.03700,0.00903,-0.06085,-0.06538,-0.01820,-0.05217,-0.06347,-0.00913,-0.05060,-0.12975,-0.00749,0.54384,0.45119,0.61394,0.35584,0.29055,0.41740,200.00000,5743.99582,0.05223,0.04986,0.02263,0.03170,0.03334,0.65478,0.45824,0.66630
2025,026960,동서,KOSPI,152,3.25000,0.05461,0.02744,-0.03810,1140.00000,-0.03810,-0.04030,0.01443,-0.12804,-0.13257,-0.08043,-0.10034,-0.11164,-0.05121,-0.10378,-0.18293,-0.05484,-0.07111,-0.16376,-0.02038,-0.05381,-0.11909,-0.00214,890.00000,28880.04224,0.03947,0.04447,-0.05038,-0.02116,-0.02480,0.00966,0.02790,0.96520
2025,088130,동아엘텍,KOSDAQ,1811,3.89000,0.03105,0.00389,-0.02010,150.00000,-0.02010,-0.02230,0.01033,-0.06526,-0.06979,-0.03623,-0.07905,-0.09035,-0.05045,0.00132,-0.07782,0.03242,1.46715,1.37450,1.54376,0.70567,0.64038,0.75863,150.00000,3975.78798,0.03773,0.03890,-0.00767,-0.02188,0.06098,1.57233,0.78720,0.53276
2025,028100,동아지질,KOSPI,931,3.15000,0.07988,0.05271,0.02510,600.00000,0.02510,0.02290,0.10698,-0.00062,-0.00514,0.07921,0.00165,-0.00966,0.08165,0.00993,-0.06922,0.09060,0.01577,-0.07688,0.09691,0.00929,-0.05599,0.08991,500.00000,17140.88199,0.03500,0.13324,0.10547,0.10792,0.11686,0.12317,0.11617,-0.71706
2025,060380,동양에스텍,KOSDAQ,2402,3.23000,0.02204,-0.00513,-0.01710,50.00000,-0.01710,-0.01930,0.00456,-0.06136,-0.06589,-0.04068,-0.08848,-0.09978,-0.06839,-0.08356,-0.16271,-0.06336,-0.11185,-0.20450,-0.09228,-0.12971,-0.19499,-0.11053,50.00000,1582.10477,0.03160,0.02795,-0.01729,-0.04500,-0.03998,-0.06889,-0.08714,0.54108
2025,013120,동원개발,KOSDAQ,840,3.04000,0.06079,0.03362,-0.00360,90.00000,-0.00360,-0.00580,0.05697,-0.04114,-0.04567,0.01715,0.01245,0.00114,0.07399,0.06427,-0.01488,0.12897,0.08752,-0.00513,0.15363,0.02867,-0.03661,0.09120,80.00000,2791.55295,0.03224,0.08090,0.04107,0.09792,0.15289,0.17755,0.11513,0.11166
2025,018500,동원모빌리티,KOSPI,1888,3.80000,0.04178,0.01462,0.01020,50.00000,0.01020,0.00800,0.05241,0.00511,0.00058,0.04711,0.16705,0.15575,0.21582,0.17240,0.09325,0.22139,0.13306,0.04041,0.18040,0.12803,0.06275,0.17516,50.00000,1370.76874,0.03648,0.07992,0.07462,0.24333,0.24890,0.20791,0.20267,-0.27964
2025,111380,동인기연,KOSPI,1617,4.51000,0.01796,-0.00920,-0.01930,680.00000,-0.01930,-0.02150,-0.00168,-0.02637,-0.03090,-0.00888,-0.04214,-0.05344,-0.02493,0.03490,-0.04425,0.05349,0.08009,-0.01256,0.09949,-0.01884,-0.08412,-0.00121,620.00000,13994.17255,0.04859,0.03608,0.02888,0.01283,0.09124,0.13725,0.03654,0.39719
2025,016740,두올,KOSPI,1419,3.20000,0.02257,-0.00460,-0.02610,120.00000,-0.02610,-0.02830,-0.00412,0.02876,0.02424,0.05198,0.02611,0.01480,0.04926,0.06402,-0.01512,0.08803,0.16198,0.06933,0.18820,0.16326,0.09798,0.18951,120.00000,3834.62516,0.03129,0.01900,0.07510,0.07239,0.11116,0.21132,0.21263,0.83403
2025,024090,디씨엠,KOSPI,1196,6.37000,0.03182,0.00466,-0.02470,820.00000,-0.02470,-0.02690,0.00634,-0.09420,-0.09873,-0.06538,-0.09342,-0.10473,-0.06457,-0.08406,-0.16320,-0.05491,-0.04457,-0.13722,-0.01417,-0.05948,-0.12476,-0.02954,800.00000,12958.55101,0.06328,0.05652,-0.01519,-0.01439,-0.00473,0.03602,0.02064,0.39034
2025,068930,디지털대성,KOSDAQ,929,6.49000,0.00911,-0.01806,0.00510,520.00000,0.00510,0.00290,0.01425,-0.01547,-0.01999,-0.00650,0.00140,-0.00991,0.01051,0.01956,-0.05959,0.02884,0.13548,0.04283,0.14582,0.08145,0.01617,0.09130,500.00000,7774.31556,0.06689,0.06749,0.04674,0.06375,0.08208,0.19906,0.14453,-0.07625
2025,038390,레드캡투어,KOSDAQ,985,19.73000,0.03346,0.00630,-0.03320,800.00000,-0.03320,-0.03540,-0.00085,-0.07974,-0.08426,-0.04894,-0.07146,-0.08277,-0.04039,0.02056,-0.05858,0.05471,-0.04143,-0.13408,-0.00935,-0.13446,-0.19975,-0.10550,2300.00000,12047.46666,0.06640,0.05198,0.00389,0.01244,0.10754,0.04348,-0.05267,0.49997
2025,089860,롯데렌탈,KOSPI,285,3.74000,-0.00131,-0.02848,-0.02030,1200.00000,-0.02030,-0.02250,-0.02158,-0.06704,-0.07157,-0.06826,-0.03898,-0.05029,-0.04024,-0.07019,-0.14934,-0.07141,0.02963,-0.06302,0.02828,-0.04523,-0.11051,-0.04648,1200.00000,32043.57543,0.03745,0.00675,-0.03993,-0.01191,-0.04307,0.05662,-0.01815,0.54207
2025,023530,롯데쇼핑,KOSPI,197,5.31000,0.02797,0.00080,-0.01090,4000.00000,-0.01090,-0.01310,0.01676,-0.04904,-0.05356,-0.02244,-0.00551,-0.01682,0.02230,0.04203,-0.03712,0.07117,0.41113,0.31849,0.45060,0.47216,0.40688,0.51333,3800.00000,73564.39226,0.05437,0.05941,0.02021,0.06495,0.11382,0.49325,0.55598,0.20046
2025,286940,롯데이노베이트,KOSPI,725,3.57000,0.02064,-0.00653,-0.01500,700.00000,-0.01500,-0.01720,0.00533,-0.04511,-0.04964,-0.02541,0.04532,0.03401,0.06690,0.05778,-0.02136,0.07961,0.12525,0.03260,0.14847,-0.00028,-0.06556,0.02035,700.00000,20012.55161,0.03498,0.03157,0.00084,0.09314,0.10586,0.17472,0.04660,0.42884
2025,004000,롯데정밀화학,KOSPI,282,3.07000,-0.00644,-0.03361,-0.00660,1500.00000,-0.00660,-0.00880,-0.01300,-0.05623,-0.06075,-0.06230,-0.01549,-0.02679,-0.02183,0.06928,-0.00987,0.06239,0.08776,-0.00489,0.08075,0.07706,0.01178,0.07012,1400.00000,45308.94049,0.03311,0.01166,-0.03765,0.00283,0.08705,0.10541,0.09478,0.19936
2025,004990,롯데지주,KOSPI,142,4.37000,0.00717,-0.02000,-0.03440,1250.00000,-0.03440,-0.03660,-0.02748,-0.07230,-0.07683,-0.06565,-0.02154,-0.03285,-0.01453,0.09952,0.02038,0.10740,0.21887,0.12622,0.22761,-0.01264,-0.07792,-0.00556,1200.00000,27656.74241,0.04520,0.00741,-0.03077,0.02036,0.14229,0.26249,0.02932,0.76111
2025,071840,롯데하이마트,KOSPI,1032,3.95000,0.01440,-0.01277,-0.01430,300.00000,-0.01430,-0.01650,-0.00011,-0.05060,-0.05512,-0.03692,-0.07263,-0.08394,-0.05928,-0.05837,-0.13751,-0.04481,0.07794,-0.01471,0.09347,0.00802,-0.05726,0.02254,300.00000,7704.30547,0.03894,0.02949,-0.00733,-0.02969,-0.01521,0.12306,0.05213,0.36724
2025,042500,링네트,KOSDAQ,1569,6.00000,-0.00507,-0.03224,-0.04770,300.00000,-0.04770,-0.04990,-0.05253,-0.05018,-0.05471,-0.05500,-0.07023,-0.08153,-0.07494,-0.03997,-0.11911,-0.04484,-0.06506,-0.15771,-0.06980,-0.03734,-0.10262,-0.04222,240.00000,3979.71188,0.07538,0.00789,0.00543,-0.01452,0.01559,-0.00938,0.01820,0.63277
2025,267980,매일유업,KOSDAQ,772,3.56000,0.01424,-0.01293,-0.01260,1300.00000,-0.01260,-0.01480,0.00146,-0.04781,-0.05234,-0.03425,-0.03652,-0.04782,-0.02280,-0.00554,-0.08469,0.00862,0.08438,-0.00827,0.09982,-0.02229,-0.08757,-0.00836,1250.00000,35612.44479,0.03650,0.02900,-0.00672,0.00474,0.03615,0.12736,0.01917,0.34517
2025,067280,멀티캠퍼스,KOSDAQ,999,6.49000,0.03243,0.00526,-0.05090,1350.00000,-0.05090,-0.05310,-0.02012,-0.09282,-0.09735,-0.06340,-0.08829,-0.09960,-0.05873,-0.11516,-0.19430,-0.08646,-0.14822,-0.24086,-0.12059,-0.18105,-0.24634,-0.15450,2100.00000,33406.83502,0.04041,0.01072,-0.03256,-0.02789,-0.05563,-0.08975,-0.12366,1.25956
2025,072870,메가스터디,KOSDAQ,1228,6.96000,-0.00002,-0.02719,-0.03220,1320.00000,-0.03220,-0.03440,-0.03222,-0.06429,-0.06882,-0.06431,-0.06074,-0.07205,-0.06076,-0.04593,-0.12508,-0.04595,-0.01015,-0.10280,-0.01017,0.05424,-0.01104,0.05422,800.00000,11494.03396,0.11484,0.06159,0.02949,0.03305,0.04786,0.08364,0.14803,0.28038
2025,215200,메가스터디교육,KOSDAQ,544,3.39000,-0.02053,-0.04770,-0.02650,3000.00000,-0.02650,-0.02870,-0.04649,-0.06116,-0.06569,-0.08044,-0.09471,-0.10601,-0.11330,0.06555,-0.01359,0.04367,0.08515,-0.00750,0.06287,0.14048,0.07520,0.11706,1500.00000,43339.18255,0.06922,0.00872,-0.02523,-0.05809,0.09888,0.11808,0.17227,0.38283
2025,408920,메쎄이상,KOSDAQ,1247,3.27000,0.04910,0.02193,-0.00620,120.00000,-0.00620,-0.00840,0.04259,0.02814,0.02362,0.07862,-0.05755,-0.06886,-0.01128,0.05312,-0.02603,0.10482,0.06850,-0.02415,0.12096,-0.04064,-0.10592,0.00646,100.00000,3208.24890,0.03740,0.07089,0.10692,0.01701,0.13312,0.14926,0.03476,0.16576
2025,009680,모토닉,KOSPI,717,5.54000,0.05275,0.02558,-0.07190,790.00000,-0.07190,-0.07410,-0.02295,-0.11307,-0.11760,-0.06629,-0.10603,-0.11734,-0.05888,-0.10088,-0.18003,-0.05346,-0.05699,-0.14964,-0.00725,-0.07629,-0.14157,-0.02756,600.00000,11401.58584,0.06929,0.03232,-0.01102,-0.00361,0.00181,0.04802,0.02770,1.03769
2025,009580,무림P&P,KOSPI,1107,3.91000,0.00006,-0.02711,-0.00780,125.00000,-0.00780,-0.01000,-0.00774,-0.04679,-0.05132,-0.04673,-0.05650,-0.06781,-0.05645,-0.06612,-0.14527,-0.06607,-0.02899,-0.12164,-0.02893,0.03742,-0.02786,0.03748,100.00000,2557.69013,0.04887,0.03025,-0.00874,-0.01845,-0.02807,0.00906,0.07548,0.15960
2025,009200,무림페이퍼,KOSPI,1620,4.96000,0.01242,-0.01475,-0.01470,125.00000,-0.01470,-0.01690,-0.00246,-0.04840,-0.05293,-0.03658,-0.06365,-0.07495,-0.05202,-0.06320,-0.14234,-0.05156,-0.00492,-0.09756,0.00744,-0.01947,-0.08475,-0.00729,100.00000,2041.16599,0.06124,0.04599,0.01188,-0.00356,-0.00311,0.05590,0.04117,0.24004
2025,033920,무학,KOSPI,870,6.38000,0.05161,0.02444,-0.02680,566.00000,-0.02680,-0.02900,0.02343,0.01168,0.00715,0.06389,0.05019,0.03888,0.10439,0.03872,-0.04042,0.09233,0.13079,0.03814,0.18915,-0.02666,-0.09195,0.02357,520.00000,8571.12407,0.06604,0.07594,0.11641,0.15691,0.14485,0.24166,0.07609,0.40584
2025,134380,미원화학,KOSPI,982,4.50000,0.06853,0.04136,-0.04110,450.00000,-0.04110,-0.04330,0.02461,0.02007,0.01554,0.08997,0.01898,0.00768,0.08881,0.03054,-0.04861,0.10116,0.14741,0.05476,0.22603,0.24839,0.18311,0.33394,4000.00000,94980.02636,0.00474,0.02527,0.09063,0.08947,0.10181,0.22669,0.33460,8.67484
2025,377740,바이오노트,KOSPI,462,3.55000,-0.00364,-0.03080,-0.01600,228.00000,-0.01600,-0.01820,-0.01958,-0.01778,-0.02231,-0.02135,-0.07644,-0.08774,-0.07980,-0.02647,-0.10561,-0.03000,-0.00842,-0.10107,-0.01203,-0.09929,-0.16457,-0.10256,200.00000,5613.32016,0.04062,0.01144,0.00966,-0.04878,0.00101,0.01899,-0.07155,0.39392
2025,046310,백금T&A,KOSDAQ,1994,3.01000,0.10369,0.07652,-0.04770,100.00000,-0.04770,-0.04990,0.05104,0.08454,0.08001,0.19700,0.23026,0.21895,0.35782,0.02319,-0.05596,0.12928,-0.10915,-0.20180,-0.01678,-0.22093,-0.28621,-0.14015,100.00000,3666.74422,0.02727,0.07077,0.21672,0.37754,0.14900,0.00295,-0.12043,1.74904
2025,100120,뷰웍스,KOSDAQ,997,3.05000,0.01189,-0.01528,-0.01100,690.00000,-0.01100,-0.01320,0.00076,0.00352,-0.00101,0.01545,-0.03164,-0.04294,-0.02013,0.24991,0.17076,0.26477,0.25007,0.15742,0.26493,0.36807,0.30278,0.38433,600.00000,19905.95511,0.03466,0.02673,0.04142,0.00585,0.29074,0.29090,0.41030,0.31734
2025,478560,블랙야크아이앤씨,KOSDAQ,1499,8.57000,-0.00147,-0.02864,-0.04560,325.00000,-0.04560,-0.04780,-0.04700,-0.10460,-0.10913,-0.10591,-0.10991,-0.12122,-0.11122,-0.05765,-0.13680,-0.05904,-0.09111,-0.18376,-0.09245,-0.19827,-0.26355,-0.19945,320.00000,3728.47074,0.08717,0.02339,-0.03552,-0.04083,0.01135,-0.02205,-0.12905,0.52313
2025,318410,비비씨,KOSDAQ,2189,5.18000,0.02319,-0.00398,-0.01650,400.00000,-0.01650,-0.01870,0.00630,-0.03285,-0.03738,-0.01042,-0.06828,-0.07959,-0.04668,-0.06319,-0.14234,-0.04147,-0.07468,-0.16733,-0.05322,-0.09123,-0.15651,-0.07015,400.00000,7901.04729,0.05063,0.04578,0.02906,-0.00720,-0.00199,-0.01375,-0.03067,0.32592
2025,005180,빙그레,KOSPI,406,4.51000,0.05732,0.03015,-0.02450,3300.00000,-0.02450,-0.02670,0.03142,-0.04902,-0.05355,0.00549,-0.01026,-0.02157,0.04647,-0.02066,-0.09981,0.03547,0.01048,-0.08217,0.06840,-0.08909,-0.15437,-0.03688,3300.00000,77364.88288,0.04266,0.06415,0.03823,0.07920,0.06821,0.10113,-0.00414,0.57438
2025,143240,사람인,KOSDAQ,1127,3.72000,0.01935,-0.00782,0.00000,700.00000,0.00000,-0.00220,0.01935,-0.03650,-0.04103,-0.01786,-0.06199,-0.07329,-0.04384,-0.04516,-0.12431,-0.02668,0.01891,-0.07374,0.03863,0.23714,0.17186,0.26108,500.00000,13700.94203,0.05109,0.05922,0.02201,-0.00396,0.01319,0.07850,0.30095,
2025,419120,산돌,KOSDAQ,1828,4.11000,-0.03879,-0.06596,-0.00480,100.00000,-0.00480,-0.00700,-0.04340,-0.05111,-0.05563,-0.08791,-0.05117,-0.06247,-0.08798,-0.01202,-0.09116,-0.05034,-0.06680,-0.15945,-0.10300,-0.04042,-0.10571,-0.07765,180.00000,4209.67427,0.02375,-0.02666,-0.07117,-0.07123,-0.03359,-0.08625,-0.06090,0.20206
2025,016360,삼성증권,KOSPI,85,4.44000,0.01403,-0.01314,-0.04630,4000.00000,-0.04630,-0.04850,-0.03292,-0.03261,-0.03714,-0.01904,0.01360,0.00230,0.02782,0.10486,0.02571,0.12036,0.25763,0.16498,0.27528,0.15622,0.09094,0.17244,3500.00000,79934.69988,0.05004,0.00606,0.01995,0.06680,0.15934,0.31426,0.21143,0.92524
2025,029780,삼성카드,KOSPI,90,5.10000,0.02006,-0.00710,0.00360,2800.00000,0.00360,0.00140,0.02374,-0.05529,-0.05982,-0.03634,-0.06602,-0.07733,-0.04728,0.00715,-0.07199,0.02736,0.10531,0.01266,0.12749,-0.05173,-0.11701,-0.03270,2800.00000,56003.49217,0.05000,0.06268,0.00261,-0.00833,0.06631,0.16644,0.00625,-0.07200
2025,000810,삼성화재,KOSPI,30,3.95000,0.02080,-0.00637,0.00920,19500.00000,0.00920,0.00700,0.03019,-0.01216,-0.01669,0.00838,-0.02429,-0.03560,-0.00400,-0.00086,-0.08001,0.01992,0.06222,-0.03043,0.08431,-0.10361,-0.16889,-0.08497,19000.00000,491015.55399,0.03971,0.06043,0.03863,0.02625,0.05017,0.11456,-0.05472,-0.23166
2025,009300,삼아제약,KOSDAQ,1440,4.89000,-0.00306,-0.03023,-0.01600,850.00000,-0.01600,-0.01820,-0.01901,-0.07130,-0.07583,-0.07415,-0.05775,-0.06905,-0.06063,-0.02703,-0.10618,-0.03001,-0.03007,-0.12272,-0.03304,-0.03078,-0.09606,-0.03375,800.00000,16309.82052,0.05212,0.02173,-0.03341,-0.01989,0.01073,0.00770,0.00699,0.30701
2025,145990,삼양사,KOSPI,478,3.35000,-0.04412,-0.07129,-0.03200,1750.00000,-0.03200,-0.03420,-0.07471,-0.06810,-0.07263,-0.10921,-0.08311,-0.09442,-0.12356,-0.04001,-0.11916,-0.08236,0.00765,-0.08500,-0.03681,-0.10853,-0.17381,-0.14786,1750.00000,49934.10315,0.03505,-0.04841,-0.08291,-0.09727,-0.05607,-0.01051,-0.12156,0.91308
2025,036670,삼양케이씨아이,KOSDAQ,1695,3.71000,-0.00592,-0.03309,-0.02840,250.00000,-0.02840,-0.03060,-0.03415,-0.07472,-0.07925,-0.08020,-0.06584,-0.07714,-0.07137,-0.06294,-0.14208,-0.06848,-0.06449,-0.15714,-0.07003,-0.08985,-0.15513,-0.09523,250.00000,6698.65661,0.03732,-0.00593,-0.05198,-0.04314,-0.04026,-0.04180,-0.06701,0.76097
2025,272550,삼양패키징,KOSPI,919,3.56000,0.01847,-0.00870,-0.04120,500.00000,-0.04120,-0.04340,-0.02349,-0.09074,-0.09527,-0.07395,-0.10332,-0.11462,-0.08676,-0.12998,-0.20912,-0.11391,-0.14594,-0.23859,-0.13017,-0.13112,-0.19640,-0.11507,500.00000,14304.33813,0.03495,0.00273,-0.04773,-0.06053,-0.08769,-0.10394,-0.08885,1.17868
2025,000070,삼양홀딩스,KOSPI,537,5.75000,0.03451,0.00734,-0.06190,3500.00000,-0.06190,-0.06410,-0.02953,-0.09688,-0.10140,-0.06571,-0.07621,-0.08752,-0.04434,-0.03160,-0.11075,0.00181,0.17622,0.08357,0.21681,0.04752,-0.01776,0.08367,3500.00000,62970.02836,0.05558,0.01414,-0.02204,-0.00066,0.04548,0.26048,0.12734,1.11367
2025,002810,삼영무역,KOSPI,734,4.44000,0.01377,-0.01340,-0.00810,1181.00000,-0.00810,-0.01030,0.00556,-0.03745,-0.04197,-0.02419,-0.03369,-0.04499,-0.02038,0.06889,-0.01026,0.08361,0.25156,0.15891,0.26879,0.17021,0.10493,0.18632,700.00000,15982.86079,0.07389,0.06472,0.03497,0.03878,0.14277,0.32795,0.24548,0.10962
2025,002450,삼익악기,KOSPI,1409,4.17000,0.04977,0.02261,-0.00160,50.00000,-0.00160,-0.00380,0.04810,-0.05632,-0.06085,-0.00935,-0.07449,-0.08580,-0.02843,-0.08176,-0.16090,-0.03605,-0.05541,-0.14806,-0.00840,-0.05943,-0.12471,-0.01262,50.00000,1258.72272,0.03972,0.07835,0.02091,0.00183,-0.00580,0.02186,0.01764,0.04028
2025,002290,삼일기업공사,KOSDAQ,2124,5.34000,0.07202,0.04486,-0.05230,225.00000,-0.05230,-0.05450,0.01596,-0.12697,-0.13149,-0.06409,-0.12932,-0.14063,-0.06661,-0.05085,-0.13000,0.01751,-0.06845,-0.16110,-0.00135,-0.02982,-0.09510,0.04006,200.00000,4015.06917,0.05604,0.06002,-0.02003,-0.02256,0.06157,0.04270,0.08412,0.93328
2025,009770,삼정펄프,KOSPI,1673,3.22000,0.01589,-0.01128,0.00000,1000.00000,0.00000,-0.00220,0.01589,-0.03631,-0.04084,-0.02100,-0.02362,-0.03492,-0.00810,0.04136,-0.03779,0.05790,0.14917,0.05652,0.16743,0.00658,-0.05871,0.02257,1000.00000,31549.32580,0.03170,0.03935,0.00246,0.01536,0.08137,0.19090,0.04603,
2025,037460,삼지전자,KOSDAQ,924,3.42000,0.10040,0.07323,-0.02560,550.00000,-0.02560,-0.02780,0.07223,0.16081,0.15628,0.27735,0.17739,0.16609,0.29560,0.40170,0.32256,0.54243,0.53968,0.44703,0.69426,0.65701,0.59173,0.82337,450.00000,14478.92257,0.03799,0.10101,0.30614,0.32439,0.57122,0.72304,0.85216,0.67393
2025,005500,삼진제약,KOSPI,739,3.85000,-0.00247,-0.02964,-0.03610,800.00000,-0.03610,-0.03830,-0.03848,-0.06115,-0.06568,-0.06347,-0.08138,-0.09268,-0.08365,-0.06703,-0.14618,-0.06934,-0.10633,-0.19898,-0.10854,-0.13372,-0.19901,-0.13587,800.00000,20727.80809,0.03860,-0.00918,-0.03417,-0.05435,-0.04004,-0.07924,-0.10657,0.93534
2025,038500,삼표시멘트,KOSDAQ,675,3.59000,0.56773,0.54056,0.03430,121.00000,0.03430,0.03210,0.62150,-0.01775,-0.02228,0.53990,-0.00317,-0.01448,0.56275,0.40688,0.32774,1.20560,2.53792,2.44527,4.54649,2.08023,2.01495,3.82896,110.00000,4803.61538,0.02519,0.63946,0.55786,0.58071,1.22356,4.56445,3.84692,-1.36169
2025,010960,삼호개발,KOSPI,1610,4.24000,0.03815,0.01099,-0.00540,200.00000,-0.00540,-0.00760,0.03255,0.00142,-0.00311,0.03963,0.03130,0.01999,0.07064,0.02855,-0.05059,0.06779,0.11032,0.01767,0.15268,0.02324,-0.04204,0.06228,150.00000,3672.71145,0.05446,0.07527,0.08235,0.11336,0.11051,0.19540,0.10500,0.09916
2025,000390,SP삼화,KOSPI,1125,6.04000,0.28689,0.25972,-0.02950,350.00000,-0.02950,-0.03170,0.24892,-0.09128,-0.09581,0.16942,-0.10879,-0.12009,0.14689,-0.10468,-0.18383,0.15217,0.11050,0.01785,0.42908,0.18175,0.11647,0.52078,350.00000,7457.12379,0.04693,0.28528,0.20578,0.18325,0.18853,0.46544,0.55714,0.62853
2025,017390,서울가스,KOSPI,684,3.86000,0.01393,-0.01323,-0.02890,2750.00000,-0.02890,-0.03110,-0.01537,-0.07752,-0.08205,-0.06467,-0.06376,-0.07506,-0.05071,-0.01950,-0.09865,-0.00584,0.12359,0.03094,0.13925,-0.05603,-0.12131,-0.04288,2500.00000,65669.29035,0.04188,0.01671,-0.03259,-0.01863,0.02624,0.17133,-0.01080,0.69012
2025,031210,서울보증보험,KOSPI,134,5.81000,0.01229,-0.01487,-0.00100,2865.00000,-0.00100,-0.00320,0.01128,-0.03805,-0.04258,-0.02622,-0.07412,-0.08542,-0.06273,-0.01699,-0.09613,-0.00490,0.13634,0.04369,0.15031,0.04621,-0.01907,0.05907,2865.00000,49917.81701,0.05739,0.05649,0.01898,-0.01753,0.04030,0.19551,0.10428,0.01742
2025,011370,서한,KOSDAQ,1560,3.36000,0.04469,0.01752,-0.03430,50.00000,-0.03430,-0.03650,0.00885,-0.06963,-0.07416,-0.02806,-0.07498,-0.08629,-0.03365,-0.03435,-0.11350,0.00880,0.18840,0.09575,0.24150,0.08784,0.02256,0.13646,30.00000,932.75567,0.05360,0.05085,0.01394,0.00835,0.05080,0.28350,0.17845,0.63987
2025,065710,서호전기,KOSDAQ,887,5.67000,0.29035,0.26318,-0.07030,6000.00000,-0.07030,-0.07250,0.19964,-0.07733,-0.08186,0.19057,-0.06843,-0.07974,0.20204,-0.08599,-0.16513,0.17939,-0.12996,-0.22261,0.12265,-0.25227,-0.31755,-0.03516,2500.00000,56893.59107,0.10546,0.28550,0.27644,0.28791,0.26526,0.20852,0.05071,0.66660
2025,037350,성도이엔지,KOSDAQ,1578,3.50000,0.11708,0.08991,-0.02970,250.00000,-0.02970,-0.03190,0.08390,0.04227,0.03774,0.16430,-0.02986,-0.04116,0.08373,0.10619,0.02705,0.23571,0.91660,0.82395,1.14100,0.45350,0.38822,0.62368,200.00000,6383.32702,0.03916,0.11369,0.19408,0.11351,0.26549,1.17079,0.65346,0.75834
2025,004980,성신양회,KOSPI,846,3.59000,0.02452,-0.00265,-0.04010,350.00000,-0.04010,-0.04230,-0.01657,-0.06118,-0.06570,-0.03816,-0.04217,-0.05348,-0.01869,-0.01104,-0.09018,0.01321,-0.03816,-0.13081,-0.01458,-0.10520,-0.17049,-0.08327,350.00000,9988.31701,0.03504,0.00973,-0.01187,0.00760,0.03950,0.01171,-0.05697,1.14438
2025,340440,세림B&G,KOSDAQ,2243,3.59000,0.06316,0.03599,0.00740,0.00000,0.00740,0.00520,0.07103,-0.02630,-0.03083,0.03520,-0.07164,-0.08295,-0.01301,-0.03188,-0.11103,0.02926,-0.13506,-0.22771,-0.08043,0.22237,0.15709,0.29958,50.00000,1480.72467,0.00000,0.06768,0.03185,-0.01636,0.02591,-0.08378,0.29623,
2025,011560,세보엠이씨,KOSDAQ,1091,3.54000,-0.06908,-0.09624,-0.05330,600.00000,-0.05330,-0.05550,-0.11869,-0.01791,-0.02244,-0.08575,-0.02483,-0.03614,-0.09219,0.01604,-0.06311,-0.05415,0.25408,0.16143,0.16746,0.19120,0.12591,0.10891,550.00000,14463.52132,0.04148,-0.08695,-0.05400,-0.06045,-0.02240,0.19920,0.14066,1.28484
2025,001430,세아베스틸지주,KOSPI,318,4.30000,0.76672,0.73955,-0.01320,1200.00000,-0.01320,-0.01540,0.74340,0.16033,0.15580,1.04998,0.37740,0.36609,1.43347,0.38543,0.30628,1.44766,0.35943,0.26678,1.40172,0.30674,0.24146,1.30865,1200.00000,49303.80382,0.02434,0.76064,1.06722,1.45071,1.46490,1.41897,1.32589,0.54234
2025,306200,세아제강,KOSPI,663,5.87000,0.01922,-0.00794,-0.02710,5500.00000,-0.02710,-0.02930,-0.00840,-0.06246,-0.06699,-0.04444,-0.04185,-0.05315,-0.02343,-0.02447,-0.10362,-0.00572,0.06682,-0.02583,0.08733,0.01999,-0.04530,0.03959,7000.00000,121543.01470,0.04525,0.02654,-0.00951,0.01151,0.02921,0.12226,0.07453,0.59888
2025,019440,세아특수강,KOSPI,1239,6.42000,0.05985,0.03268,-0.00610,,-0.00610,-0.00830,0.05338,0.00734,0.00281,0.06763,0.10914,0.09783,0.17552,0.14378,0.06464,0.21223,0.14378,0.05113,0.21223,0.14378,0.07850,0.21223,1000.00000,16508.50213,,,,,,,,
2025,058650,세아홀딩스,KOSPI,528,3.33000,0.16412,0.13696,0.03790,4300.00000,0.03790,0.03570,0.20824,-0.02437,-0.02890,0.13575,0.06291,0.05161,0.23736,0.14735,0.06820,0.33566,0.10955,0.01690,0.29165,0.06871,0.00343,0.24411,4000.00000,139834.69524,0.03075,0.23091,0.15842,0.26002,0.35832,0.31432,0.26678,-1.23250
2025,252500,세화피앤씨,KOSDAQ,2329,6.04000,-0.01685,-0.04402,-0.00610,10.00000,-0.00610,-0.00830,-0.02285,-0.02941,-0.03393,-0.04576,-0.02584,-0.03715,-0.04226,-0.00479,-0.08394,-0.02157,-0.02436,-0.11701,-0.04080,-0.02325,-0.08853,-0.03971,50.00000,813.86384,0.01229,-0.01580,-0.03872,-0.03521,-0.01452,-0.03376,-0.03267,0.49646
2025,004430,송원산업,KOSPI,905,3.28000,-0.01410,-0.04127,-0.00220,300.00000,-0.00220,-0.00440,-0.01627,-0.01766,-0.02219,-0.03151,-0.03203,-0.04334,-0.04568,0.01139,-0.06776,-0.00288,0.01576,-0.07689,0.00144,-0.01427,-0.07956,-0.02817,300.00000,9017.36111,0.03327,0.00852,-0.00672,-0.02089,0.02192,0.02623,-0.00338,0.06613
2025,086980,쇼박스,KOSDAQ,1135,6.01000,-0.04025,-0.06742,0.01250,0.00000,0.01250,0.01030,-0.02826,0.02910,0.02457,-0.01233,0.04376,0.03245,0.00174,0.06888,-0.01027,0.02585,0.19820,0.10555,0.14996,0.11450,0.04922,0.06964,150.00000,2395.37310,0.00000,-0.03161,-0.01568,-0.00161,0.02250,0.14661,0.06629,
2025,126720,수산인더스트리,KOSPI,723,3.81000,0.00252,-0.02465,-0.00950,900.00000,-0.00950,-0.01170,-0.00701,0.00249,-0.00203,0.00502,0.09986,0.08855,0.10263,0.22822,0.14908,0.23131,0.24728,0.15463,0.25042,0.23074,0.16545,0.23383,800.00000,21050.20115,0.04275,0.02581,0.03784,0.13545,0.26413,0.28324,0.26665,0.22220
2025,053210,스카이라이프,KOSPI,804,6.53000,0.00391,-0.02325,-0.05390,350.00000,-0.05390,-0.05610,-0.05020,-0.09196,-0.09649,-0.08841,-0.10861,-0.11991,-0.10512,-0.09470,-0.17385,-0.09116,-0.06851,-0.16116,-0.06486,-0.12433,-0.18962,-0.12091,350.00000,5380.85610,0.06505,0.00148,-0.03673,-0.05344,-0.03948,-0.01319,-0.06923,0.82865
2025,330730,스톤브릿지벤처스,KOSDAQ,1509,3.80000,0.07021,0.04304,-0.08170,300.00000,-0.08170,-0.08390,-0.01723,-0.10655,-0.11108,-0.04382,-0.08709,-0.09839,-0.02300,-0.03198,-0.11113,0.03598,0.05151,-0.04114,0.12533,0.01960,-0.04568,0.09119,200.00000,5632.66678,0.05326,0.02448,-0.00211,0.01871,0.07769,0.16704,0.13290,1.53396
2025,352090,스톰테크,KOSDAQ,1476,10.07000,0.04758,0.02042,-0.04160,450.00000,-0.04160,-0.04380,0.00400,-0.09494,-0.09947,-0.05188,-0.10926,-0.12056,-0.06687,-0.10134,-0.18048,-0.05858,-0.07516,-0.16781,-0.03115,-0.07131,-0.13659,-0.02712,370.00000,3849.11853,0.11691,0.09956,0.04368,0.02868,0.03698,0.06440,0.06844,0.35583
2025,415380,스튜디오삼익,KOSDAQ,2494,11.04000,0.06421,0.03704,-0.04560,100.00000,-0.04560,-0.04780,0.01568,-0.06423,-0.06876,-0.00415,-0.10373,-0.11504,-0.04618,-0.03319,-0.11234,0.02888,-0.15552,-0.24817,-0.10130,-0.15144,-0.21672,-0.09696,250.00000,2409.88825,0.04150,0.04743,0.02760,-0.01443,0.06064,-0.06955,-0.06520,1.09891
2025,029530,신도리코,KOSPI,531,3.16000,0.05044,0.02327,-0.03810,1000.00000,-0.03810,-0.04030,0.01041,-0.06306,-0.06759,-0.01581,-0.05692,-0.06823,-0.00936,-0.04190,-0.12104,0.00642,0.12465,0.03200,0.18137,-0.01069,-0.07597,0.03921,1500.00000,49862.47813,0.02006,0.02403,-0.00219,0.00426,0.02004,0.19499,0.05283,1.89976
2025,031430,신세계인터내셔날,KOSPI,631,3.86000,0.09567,0.06850,-0.04050,400.00000,-0.04050,-0.04270,0.05130,-0.03174,-0.03626,0.06090,-0.06436,-0.07566,0.02516,0.03146,-0.04769,0.13014,0.11494,0.02229,0.22161,0.03761,-0.02767,0.13688,400.00000,11354.11499,0.03523,0.07775,0.08735,0.05161,0.15659,0.24807,0.16334,1.14960
2025,001720,신영증권,KOSPI,179,3.57000,0.01146,-0.01571,0.01060,5000.00000,0.01060,0.00840,0.02218,-0.05646,-0.06099,-0.04565,-0.00064,-0.01194,0.01081,0.17899,0.09984,0.19250,0.41722,0.32457,0.43346,0.30340,0.23812,0.31834,5000.00000,141660.81988,0.03530,0.04869,-0.01914,0.03732,0.21901,0.45997,0.34485,-0.30032
2025,009270,신원,KOSPI,1061,4.54000,-0.00005,-0.02722,-0.00450,50.00000,-0.00450,-0.00670,-0.00455,-0.05303,-0.05756,-0.05308,-0.05686,-0.06817,-0.05691,-0.08925,-0.16840,-0.08929,-0.07970,-0.17235,-0.07974,-0.15931,-0.22459,-0.15935,70.00000,1541.77525,0.03243,0.01954,-0.02899,-0.03282,-0.06521,-0.05566,-0.13526,0.13876
2025,012790,신일제약,KOSDAQ,1724,3.09000,0.01621,-0.01095,-0.01280,190.00000,-0.01280,-0.01500,0.00321,-0.05119,-0.05571,-0.03580,-0.05434,-0.06565,-0.03901,-0.04473,-0.12387,-0.02924,-0.00800,-0.10065,0.00809,-0.05281,-0.11809,-0.03745,190.00000,6248.56497,0.03041,0.02558,-0.01343,-0.01663,-0.00686,0.03046,-0.01508,0.42096
2025,049960,쎌바이오텍,KOSDAQ,1292,3.38000,0.02697,-0.00020,-0.03510,600.00000,-0.03510,-0.03730,-0.00908,-0.05706,-0.06159,-0.03163,-0.04899,-0.06030,-0.02334,-0.03064,-0.10978,-0.00450,0.03813,-0.05452,0.06612,0.02418,-0.04111,0.05180,450.00000,13672.62976,0.04388,0.02470,0.00214,0.01043,0.02928,0.09990,0.08557,0.79985
2025,352480,씨앤씨인터내셔널,KOSDAQ,550,3.03000,-0.05146,-0.07862,-0.02390,0.00000,-0.02390,-0.02610,-0.07413,0.07026,0.06573,0.01519,-0.00307,-0.01437,-0.05437,0.14682,0.06768,0.08781,-0.08298,-0.17563,-0.13016,-0.16118,-0.22646,-0.20434,1000.00000,31305.11132,0.00000,-0.07748,0.01184,-0.05772,0.08446,-0.13351,-0.20769,
2025,096530,씨젠,KOSDAQ,259,3.11000,-0.05256,-0.07973,-0.01440,1000.00000,-0.01440,-0.01660,-0.06620,-0.03287,-0.03740,-0.08370,-0.02055,-0.03185,-0.07203,0.12941,0.05027,0.07005,0.03703,-0.05562,-0.01748,-0.10262,-0.16790,-0.14978,800.00000,24371.42390,0.04103,-0.03484,-0.05234,-0.04066,0.10141,0.01388,-0.11842,0.35095
2025,083930,아바코,KOSDAQ,935,3.47000,-0.00293,-0.03010,-0.01670,500.00000,-0.01670,-0.01890,-0.01958,-0.06066,-0.06519,-0.06341,-0.12333,-0.13464,-0.12590,0.02561,-0.05353,0.02261,-0.00705,-0.09970,-0.00996,-0.12831,-0.19359,-0.13086,500.00000,14367.02837,0.03480,0.00651,-0.03732,-0.09981,0.04870,0.01613,-0.10477,0.47986
2025,122900,아이마켓코리아,KOSPI,779,7.55000,0.02127,-0.00589,-0.02960,450.00000,-0.02960,-0.03180,-0.00896,-0.04314,-0.04767,-0.02278,-0.05918,-0.07048,-0.03916,-0.03689,-0.11603,-0.01640,-0.04560,-0.13825,-0.02529,-0.09970,-0.16498,-0.08055,600.00000,8116.08906,0.05545,0.03460,0.02077,0.00440,0.02716,0.01826,-0.03699,0.53386
2025,461300,아이스크림미디어,KOSDAQ,873,4.25000,0.05118,0.02402,-0.06950,1554.00000,-0.06950,-0.07170,-0.02187,-0.11330,-0.11783,-0.06792,-0.21292,-0.22422,-0.17263,-0.14135,-0.22050,-0.09740,-0.17362,-0.26627,-0.13132,-0.08474,-0.15002,-0.03789,738.00000,18253.50580,0.08513,0.04680,0.00075,-0.10396,-0.02873,-0.06265,0.03078,0.81636
2025,010780,아이에스동서,KOSPI,477,5.60000,0.36844,0.34127,-0.04290,500.00000,-0.04290,-0.04510,0.30973,-0.07564,-0.08017,0.26493,-0.03478,-0.04608,0.32085,-0.05320,-0.13235,0.29564,0.22684,0.13420,0.67886,0.04876,-0.01652,0.43517,1000.00000,24436.41946,0.02046,0.32369,0.27889,0.33481,0.30960,0.69282,0.44913,2.09664
2025,013310,아진산업,KOSDAQ,1408,3.57000,0.04995,0.02278,-0.01530,100.00000,-0.01530,-0.01750,0.03389,-0.03746,-0.04199,0.01062,0.11048,0.09917,0.16595,0.19387,0.11473,0.25351,0.13631,0.04366,0.19307,0.02067,-0.04461,0.07165,100.00000,2941.04388,0.03400,0.05930,0.03603,0.19136,0.27892,0.21849,0.09707,0.44998
2025,001540,안국약품,KOSDAQ,1396,5.16000,0.06585,0.03868,-0.06500,633.00000,-0.06500,-0.06720,-0.00343,-0.11672,-0.12125,-0.05856,-0.12658,-0.13788,-0.06907,-0.07151,-0.15066,-0.01038,-0.13320,-0.22585,-0.07612,-0.14659,-0.21187,-0.09039,440.00000,9088.62451,0.06965,0.05214,-0.00299,-0.01349,0.04520,-0.02055,-0.03482,0.93327
2025,018250,애경산업,KOSPI,630,4.18000,-0.02597,-0.05314,-0.01920,200.00000,-0.01920,-0.02140,-0.04467,-0.03700,-0.04153,-0.06201,-0.05328,-0.06458,-0.07787,-0.07621,-0.15535,-0.10020,0.11130,0.01865,0.08244,0.11865,0.05336,0.08959,580.00000,13515.22084,0.01480,-0.03550,-0.05285,-0.06870,-0.09103,0.09161,0.09876,1.29746
2025,031330,에스에이엠티,KOSDAQ,607,5.19000,-0.02591,-0.05308,-0.02530,230.00000,-0.02530,-0.02750,-0.05055,0.10927,0.10474,0.08053,0.11729,0.10599,0.08834,0.21450,0.13536,0.18304,0.33200,0.23936,0.29749,0.31370,0.24842,0.27966,200.00000,3753.72477,0.06127,-0.00207,0.12901,0.13683,0.23152,0.34598,0.32815,0.41291
2025,012750,에스원,KOSPI,143,3.60000,0.03473,0.00757,-0.05930,3200.00000,-0.05930,-0.06150,-0.02663,-0.07999,-0.08451,-0.04803,0.00629,-0.00501,0.04124,-0.01945,-0.09859,0.01461,0.12374,0.03109,0.16277,0.10455,0.03927,0.14292,2700.00000,77605.03873,0.04123,0.00491,-0.01650,0.07278,0.04614,0.19430,0.17445,1.43812
2025,069510,에스텍,KOSDAQ,1096,5.71000,0.08065,0.05348,-0.07210,850.00000,-0.07210,-0.07430,0.00274,-0.12931,-0.13383,-0.05908,-0.12931,-0.14061,-0.05909,-0.10125,-0.18040,-0.02877,-0.06460,-0.15725,0.01084,-0.08143,-0.14672,-0.00735,850.00000,16086.73771,0.05284,0.04409,-0.01773,-0.01774,0.01258,0.05219,0.03400,1.36453
2025,078520,에이블씨엔씨,KOSPI,803,4.19000,0.07252,0.04535,-0.02090,437.00000,-0.02090,-0.02310,0.05010,-0.04856,-0.05309,0.02044,-0.05995,-0.07125,0.00823,-0.02001,-0.09915,0.05106,0.00102,-0.09163,0.07361,0.13974,0.07446,0.22239,411.00000,10520.41707,0.04154,0.08190,0.05223,0.04002,0.08285,0.10540,0.25419,0.50315
2025,003800,에이스침대,KOSDAQ,677,4.92000,0.03233,0.00516,0.02630,2300.00000,0.02630,0.02410,0.05948,0.04427,0.03974,0.07803,0.01307,0.00177,0.04582,0.10843,0.02928,0.14426,0.15626,0.06361,0.19364,0.07902,0.01374,0.11390,1450.00000,30424.23679,0.07560,0.12008,0.13863,0.10643,0.20487,0.25425,0.17450,-0.34789
2025,224110,에이텍모빌리티,KOSDAQ,2012,3.00000,-0.02888,-0.05605,-0.00310,300.00000,-0.00310,-0.00530,-0.03189,-0.03293,-0.03746,-0.06086,-0.01124,-0.02254,-0.03980,0.02805,-0.05110,-0.00165,-0.03706,-0.12971,-0.06487,-0.11326,-0.17854,-0.13887,300.00000,9711.17696,0.03089,-0.00911,-0.03807,-0.01701,0.02114,-0.04208,-0.11608,0.10035
2025,230360,에코마케팅,KOSDAQ,658,4.50000,0.01109,-0.01608,-0.05070,620.00000,-0.05070,-0.05290,-0.04017,0.41379,0.40926,0.42947,0.41549,0.40418,0.43119,0.41374,0.33460,0.42942,0.40836,0.31571,0.42398,0.41013,0.34485,0.42577,500.00000,11234.35780,0.05519,0.00317,0.47281,0.47453,0.47276,0.46732,0.46911,0.91868
2025,448280,에코아이,KOSDAQ,633,4.06000,-0.09489,-0.12205,0.00270,70.00000,0.00270,0.00050,-0.09244,-0.05924,-0.06377,-0.14850,-0.10321,-0.11451,-0.18830,0.00359,-0.07556,-0.09164,0.00795,-0.08470,-0.08769,0.02232,-0.04296,-0.07468,500.00000,11146.71603,0.00628,-0.09048,-0.14654,-0.18634,-0.08968,-0.08572,-0.07272,-0.42994
2025,067570,엔브이에이치코리아,KOSDAQ,1478,6.44000,0.01501,-0.01216,-0.05710,150.00000,-0.05710,-0.05930,-0.04295,-0.06554,-0.07007,-0.05151,-0.01053,-0.02183,0.00433,-0.02527,-0.10442,-0.01064,-0.01686,-0.10951,-0.00211,-0.10776,-0.17304,-0.09437,150.00000,2364.15521,0.06345,0.00738,-0.00119,0.05465,0.03968,0.04822,-0.04404,0.89996
2025,048830,엔피케이,KOSDAQ,2601,3.08000,0.00613,-0.02104,-0.01020,30.00000,-0.01020,-0.01240,-0.00413,-0.05726,-0.06178,-0.05148,-0.04403,-0.05533,-0.03817,-0.05616,-0.13530,-0.05037,-0.07344,-0.16609,-0.06776,0.05112,-0.01417,0.05756,30.00000,979.99678,0.03061,0.01842,-0.02893,-0.01562,-0.02783,-0.04522,0.08011,0.33320
2025,347890,엠엑스온,KOSDAQ,1427,3.50000,0.00015,-0.02702,0.03180,60.00000,0.03180,0.02960,0.03195,0.04134,0.03681,0.04149,0.03490,0.02359,0.03505,0.11112,0.03198,0.11129,-0.06053,-0.15318,-0.06039,-0.17339,-0.23867,-0.17327,220.00000,6286.64702,0.00954,0.03668,0.04622,0.03978,0.11601,-0.05567,-0.16854,-3.33192
2025,014440,영보화학,KOSPI,1497,7.25000,0.11165,0.08448,-0.07260,350.00000,-0.07260,-0.07480,0.03094,-0.14420,-0.14873,-0.04866,-0.13953,-0.15084,-0.04346,-0.13024,-0.20938,-0.03313,-0.09488,-0.18753,0.00617,-0.14604,-0.21132,-0.05070,350.00000,5366.56865,0.06522,0.08277,0.00317,0.00836,0.01869,0.05800,0.00113,1.11318
2025,009970,영원무역홀딩스,KOSPI,183,3.22000,0.15270,0.12553,-0.00730,6576.00000,-0.00730,-0.00950,0.14428,-0.00936,-0.01389,0.14190,0.01842,0.00712,0.17393,0.03001,-0.04914,0.18729,0.27635,0.18370,0.47125,0.14549,0.08021,0.32041,5350.00000,191519.88719,0.03434,0.16998,0.16760,0.19963,0.21299,0.49695,0.34610,0.21261
2025,012280,영화금속,KOSPI,2145,3.41000,0.10364,0.07648,-0.01860,35.00000,-0.01860,-0.02080,0.08312,-0.04339,-0.04792,0.05576,0.00924,-0.00206,0.11385,-0.03709,-0.11623,0.06271,0.11968,0.02703,0.23573,0.03403,-0.03125,0.14120,30.00000,970.94794,0.03605,0.11026,0.08291,0.14099,0.08986,0.26287,0.16835,0.51599
2025,053280,예스24,KOSDAQ,1532,5.36000,0.01482,-0.01235,-0.01720,250.00000,-0.01720,-0.01940,-0.00264,-0.04088,-0.04541,-0.02667,-0.06203,-0.07334,-0.04813,-0.04472,-0.12387,-0.03057,-0.04583,-0.13848,-0.03169,-0.10791,-0.17320,-0.09470,200.00000,3786.62621,0.06602,0.04987,0.02583,0.00437,0.02193,0.02081,-0.04219,0.26052
2025,080520,오디텍,KOSDAQ,2285,3.19000,0.01921,-0.00796,-0.00160,100.00000,-0.00160,-0.00380,0.01758,-0.02668,-0.03121,-0.00798,-0.04705,-0.05836,-0.02875,-0.03314,-0.11228,-0.01457,-0.05033,-0.14298,-0.03209,0.09502,0.02973,0.11605,100.00000,3195.00511,0.03130,0.04070,0.01514,-0.00562,0.00856,-0.00896,0.13918,0.05112
2025,001800,오리온홀딩스,KOSPI,267,3.95000,0.01500,-0.01217,0.00240,1100.00000,0.00240,0.00020,0.01743,-0.04291,-0.04744,-0.02856,-0.00983,-0.02113,0.00502,0.01692,-0.06222,0.03218,0.14805,0.05540,0.16527,0.11864,0.05335,0.13542,800.00000,20556.93820,0.05351,0.05935,0.01336,0.04694,0.07410,0.20719,0.17733,-0.04485
2025,010470,오리콤,KOSDAQ,1803,4.75000,0.05630,0.02913,-0.01000,270.00000,-0.01000,-0.01220,0.04574,-0.05493,-0.05945,-0.00172,-0.04992,-0.06122,0.00357,-0.03160,-0.11075,0.02292,-0.02834,-0.12099,0.02637,-0.01178,-0.07706,0.04385,270.00000,6004.23279,0.04497,0.08043,0.03298,0.03827,0.05761,0.06106,0.07855,0.22238
2025,053980,오상자이엘,KOSDAQ,1795,8.29000,0.03859,0.01142,-0.07050,150.00000,-0.07050,-0.07270,-0.03463,-0.11837,-0.12290,-0.08435,-0.11576,-0.12706,-0.08164,-0.12500,-0.20415,-0.09124,-0.11842,-0.21107,-0.08440,-0.18896,-0.25424,-0.15767,300.00000,3758.45707,0.03991,-0.00422,-0.05394,-0.05123,-0.06083,-0.05399,-0.12725,1.76647
2025,036220,오상헬스케어,KOSDAQ,1010,3.89000,-0.06384,-0.09101,-0.01580,200.00000,-0.01580,-0.01800,-0.07863,-0.06974,-0.07426,-0.12912,-0.08953,-0.10084,-0.14766,-0.05806,-0.13721,-0.11819,-0.17022,-0.26287,-0.22319,-0.27321,-0.33849,-0.31961,500.00000,12032.93463,0.01662,-0.06792,-0.11841,-0.13694,-0.10748,-0.21248,-0.30890,0.95060
2025,122990,와이솔,KOSDAQ,1112,8.68000,-0.00344,-0.03061,0.00000,500.00000,0.00000,-0.00220,-0.00344,-0.02084,-0.02537,-0.02421,0.00881,-0.00249,0.00534,0.06627,-0.01287,0.06260,0.20904,0.11639,0.20488,0.08720,0.02191,0.08345,500.00000,5740.52479,0.08710,0.06689,0.04613,0.07567,0.13294,0.27521,0.15379,
2025,065530,와이어블,KOSDAQ,1810,3.54000,-0.02256,-0.04973,-0.00580,50.00000,-0.00580,-0.00800,-0.02823,-0.04199,-0.04652,-0.06361,-0.08769,-0.09899,-0.10827,-0.02408,-0.10323,-0.04611,-0.05310,-0.14575,-0.07447,0.33818,0.27289,0.30798,50.00000,1380.55998,0.03622,-0.00094,-0.03632,-0.08098,-0.01882,-0.04718,0.33527,0.16014
2025,019210,와이지-원,KOSDAQ,1047,3.07000,0.06739,0.04022,-0.03960,190.00000,-0.03960,-0.04180,0.02512,-0.07204,-0.07656,-0.00950,-0.06310,-0.07440,0.00004,0.39014,0.31099,0.48382,0.63466,0.54201,0.74483,1.21382,1.14853,1.36301,160.00000,5562.94676,0.03415,0.05067,0.01605,0.02558,0.50937,0.77037,1.38855,1.15944
2025,079000,와토스코리아,KOSDAQ,2244,3.65000,0.27189,0.24472,-0.03010,403.00000,-0.03010,-0.03230,0.23361,-0.01861,-0.02313,0.24823,-0.02431,-0.03561,0.24097,-0.02725,-0.10640,0.23723,0.50373,0.41108,0.91258,0.01470,-0.05058,0.29059,200.00000,6969.27094,0.05783,0.27918,0.29380,0.28654,0.28280,0.95816,0.33616,0.52053
2025,316140,우리금융지주,KOSPI,32,4.52000,0.06601,0.03884,-0.00180,1360.00000,-0.00180,-0.00400,0.06409,-0.01936,-0.02389,0.04538,-0.00881,-0.02011,0.05662,0.06720,-0.01195,0.13764,0.24717,0.15452,0.32949,0.13222,0.06694,0.20696,1200.00000,28301.20881,0.04805,0.10140,0.08268,0.09393,0.17495,0.36680,0.24427,0.03746
2025,073560,우리손에프앤지,KOSDAQ,1443,4.66000,0.04467,0.01751,-0.02550,150.00000,-0.02550,-0.02770,0.01804,-0.06447,-0.06900,-0.02268,-0.02749,-0.03880,0.01595,0.03624,-0.04290,0.08254,0.19192,0.09927,0.24517,0.03067,-0.03462,0.07671,70.00000,1569.25333,0.09559,0.09555,0.05484,0.09347,0.16005,0.32268,0.15423,0.26677
2025,095720,웅진씽크빅,KOSPI,1105,6.49000,-0.03542,-0.06259,-0.03660,170.00000,-0.03660,-0.03880,-0.07073,-0.06296,-0.06748,-0.09615,-0.10255,-0.11386,-0.13434,-0.10408,-0.18323,-0.13582,-0.17726,-0.26991,-0.20640,-0.17062,-0.23590,-0.20000,90.00000,1337.62635,0.12709,0.03344,0.00802,-0.03017,-0.03165,-0.10223,-0.09583,0.28798
2025,012620,원일특강,KOSDAQ,2340,3.25000,0.09718,0.07001,-0.02720,270.00000,-0.02720,-0.02940,0.06734,-0.04967,-0.05420,0.04268,-0.06029,-0.07160,0.03103,-0.02602,-0.10517,0.06863,0.04262,-0.05003,0.14394,0.05782,-0.00746,0.16062,250.00000,8439.84123,0.03199,0.09105,0.06640,0.05474,0.09234,0.16765,0.18433,0.85024
2025,459100,위츠,KOSDAQ,1566,4.25000,-0.01125,-0.03842,-0.00290,300.00000,-0.00290,-0.00510,-0.01412,-0.01284,-0.01737,-0.02395,-0.04007,-0.05138,-0.05087,-0.00435,-0.08350,-0.01556,-0.12590,-0.21855,-0.13574,-0.20479,-0.27007,-0.21374,300.00000,6979.37761,0.04298,0.01889,0.00907,-0.01786,0.01746,-0.10273,-0.18073,0.06747
2025,136540,윈스테크넷,KOSDAQ,1166,6.64000,0.01015,-0.01701,-0.03700,800.00000,-0.03700,-0.03920,-0.02722,-0.08553,-0.09005,-0.07624,-0.10444,-0.11574,-0.09534,-0.08386,-0.16301,-0.07456,-0.04514,-0.13779,-0.03544,-0.09040,-0.15569,-0.08117,800.00000,12170.51847,0.06573,0.02504,-0.02398,-0.04308,-0.02230,0.01682,-0.02891,0.56289
2025,048430,유라테크,KOSDAQ,1591,3.96000,0.07647,0.04930,-0.02450,200.00000,-0.02450,-0.02670,0.05010,-0.01599,-0.02052,0.05926,-0.00004,-0.01134,0.07643,-0.00134,-0.08049,0.07503,-0.03558,-0.12823,0.03817,-0.08820,-0.15348,-0.01847,300.00000,8155.09466,0.02452,0.06750,0.07666,0.09383,0.09243,0.05557,-0.00108,0.99900
2025,054930,유신,KOSDAQ,1806,3.98000,0.02427,-0.00290,-0.00430,900.00000,-0.00430,-0.00650,0.01986,-0.05184,-0.05637,-0.02883,-0.05398,-0.06528,-0.03102,-0.01948,-0.09863,0.00432,0.01094,-0.08171,0.03547,-0.00018,-0.06546,0.02409,900.00000,23161.86669,0.03886,0.04939,0.00070,-0.00149,0.03384,0.06499,0.05361,0.11066
2025,049520,유아이엘,KOSDAQ,1466,8.74000,0.12640,0.09923,-0.03880,400.00000,-0.03880,-0.04100,0.08269,-0.05884,-0.06336,0.06012,-0.03721,-0.04852,0.08448,0.07195,-0.00719,0.20744,0.15105,0.05840,0.29654,0.08899,0.02371,0.22664,270.00000,3479.71315,0.11495,0.17659,0.15402,0.17838,0.30134,0.39044,0.32054,0.33753
2025,003470,유안타증권,KOSPI,381,5.36000,0.00799,-0.01918,-0.01600,220.00000,-0.01600,-0.01820,-0.00814,0.02001,0.01548,0.02816,0.02265,0.01134,0.03082,0.09849,0.01935,0.10727,0.31265,0.22000,0.32314,0.17547,0.11019,0.18486,200.00000,3761.15578,0.05849,0.03800,0.07429,0.07695,0.15340,0.36928,0.23100,0.27354
2025,263770,유에스티,KOSDAQ,2134,3.10000,-0.01544,-0.04260,-0.00050,60.00000,-0.00050,-0.00270,-0.01593,-0.01296,-0.01749,-0.02820,-0.02666,-0.03796,-0.04168,-0.01047,-0.08961,-0.02574,0.05724,-0.03541,0.04092,-0.00315,-0.06843,-0.01854,60.00000,1905.60629,0.03149,0.00736,-0.00491,-0.01839,-0.00245,0.06421,0.00475,0.01588
2025,023410,유진기업,KOSDAQ,769,4.84000,0.05425,0.02709,-0.01620,180.00000,-0.01620,-0.01840,0.03718,-0.05008,-0.05461,0.00146,-0.04605,-0.05735,0.00571,0.06073,-0.01841,0.11828,0.23617,0.14352,0.30324,0.04992,-0.01536,0.10688,170.00000,3702.96106,0.04861,0.07495,0.03923,0.04348,0.15606,0.34101,0.14466,0.33327
2025,003460,유화증권,KOSPI,1123,5.75000,0.04339,0.01622,-0.04130,220.00000,-0.04130,-0.04350,0.00030,-0.06538,-0.06991,-0.02483,-0.07052,-0.08183,-0.03019,-0.03081,-0.10995,0.01125,0.36356,0.27091,0.42273,0.12615,0.06087,0.17502,160.00000,2903.34579,0.07577,0.06105,0.03593,0.03057,0.07200,0.48348,0.23577,0.54504
2025,067920,이글루,KOSDAQ,1916,3.31000,0.00200,-0.02517,-0.02390,210.00000,-0.02390,-0.02610,-0.02195,-0.07541,-0.07993,-0.07356,-0.05516,-0.06646,-0.05327,-0.00909,-0.08824,-0.00711,0.02035,-0.07230,0.02239,0.09017,0.02489,0.09235,180.00000,5448.94382,0.03854,0.00731,-0.04430,-0.02401,0.02214,0.05165,0.12160,0.62014
2025,214320,이노션,KOSPI,395,6.48000,0.02423,-0.00293,-0.01400,1175.00000,-0.01400,-0.01620,0.00989,-0.01460,-0.01912,0.00928,-0.01085,-0.02215,0.01313,0.00894,-0.07020,0.03340,0.06674,-0.02591,0.09259,-0.03009,-0.09537,-0.00659,1175.00000,18572.14081,0.06327,0.06007,0.05946,0.06330,0.08357,0.14277,0.04359,0.22129
2025,041520,이엘씨,KOSDAQ,1589,4.60000,0.00422,-0.02294,-0.01390,365.00000,-0.01390,-0.01610,-0.00974,-0.00144,-0.00597,0.00277,-0.02516,-0.03647,-0.02104,-0.04189,-0.12103,-0.03784,0.09144,-0.00121,0.09605,0.18580,0.12052,0.19081,330.00000,7204.21019,0.05066,0.02978,0.04228,0.01847,0.00167,0.13557,0.23032,0.27435
2025,123570,이엠넷,KOSDAQ,2179,3.09000,0.02313,-0.00404,-0.00700,60.00000,-0.00700,-0.00920,0.01597,-0.04222,-0.04675,-0.02007,-0.05088,-0.06219,-0.02893,-0.02730,-0.10645,-0.00481,-0.00718,-0.09983,0.01578,-0.02503,-0.09031,-0.00248,60.00000,1986.65601,0.03020,0.03817,0.00213,-0.00673,0.01739,0.03798,0.01972,0.23178
2025,035810,이지홀딩스,KOSDAQ,731,5.53000,0.00879,-0.01838,-0.02850,1361.00000,-0.02850,-0.03070,-0.01996,0.03075,0.02622,0.03981,0.06033,0.04903,0.06965,0.10979,0.03065,0.11955,0.76998,0.67733,0.78553,0.23278,0.16750,0.24362,250.00000,4560.52310,0.29843,0.22916,0.28893,0.31877,0.36867,1.03465,0.49274,0.09550
2025,092130,이크레더블,KOSDAQ,926,8.95000,0.02969,0.00253,-0.08200,850.00000,-0.08200,-0.08420,-0.05474,-0.13611,-0.14064,-0.11046,-0.14817,-0.15948,-0.12288,-0.14318,-0.22233,-0.11774,-0.16348,-0.25612,-0.13864,-0.20787,-0.27315,-0.18435,1590.00000,18292.89045,0.04647,-0.01878,-0.07450,-0.08692,-0.08178,-0.10268,-0.14839,1.76473
2025,216050,인크로스,KOSDAQ,1592,3.57000,0.00442,-0.02274,-0.01910,298.00000,-0.01910,-0.02130,-0.01476,-0.03811,-0.04264,-0.03385,-0.05135,-0.06266,-0.04715,0.02644,-0.05271,0.03098,0.04563,-0.04702,0.05026,-0.02638,-0.09166,-0.02207,242.00000,6808.70048,0.04377,0.01892,-0.00017,-0.01348,0.06465,0.08394,0.01160,0.43640
2025,129260,인터지스,KOSPI,1705,3.96000,0.00793,-0.01924,-0.03540,100.00000,-0.03540,-0.03760,-0.02775,-0.07467,-0.07919,-0.06733,-0.06480,-0.07611,-0.05738,-0.05298,-0.13212,-0.04547,0.00591,-0.08674,0.01388,-0.06080,-0.12608,-0.05335,100.00000,2545.28038,0.03929,0.00214,-0.03744,-0.02750,-0.01558,0.04377,-0.02346,0.90103
2025,003120,일성아이에스,KOSPI,702,4.27000,-0.03409,-0.06126,-0.03540,1200.00000,-0.03540,-0.03760,-0.06829,-0.10621,-0.11074,-0.13668,-0.08627,-0.09758,-0.11742,-0.05079,-0.12994,-0.08316,0.02639,-0.06626,-0.00860,-0.02672,-0.09200,-0.05991,1000.00000,22620.74189,0.05305,-0.02676,-0.09515,-0.07589,-0.04163,0.03293,-0.01838,0.66731
2025,094820,일진파워,KOSDAQ,1100,3.08000,0.19564,0.16847,0.02730,360.00000,0.02730,0.02510,0.22828,-0.02025,-0.02478,0.17142,0.03666,0.02535,0.23946,0.22829,0.14915,0.46859,0.37067,0.27802,0.63883,0.26997,0.20469,0.51842,330.00000,12810.38357,0.02810,0.24870,0.19184,0.25989,0.48902,0.65925,0.53884,-0.97145
2025,317400,자이에스앤디,KOSPI,1188,4.03000,0.16878,0.14161,-0.01720,150.00000,-0.01720,-0.01940,0.14868,-0.03443,-0.03896,0.12853,-0.05394,-0.06524,0.10574,-0.07224,-0.15139,0.08434,0.03203,-0.06062,0.20622,-0.07023,-0.13551,0.08670,150.00000,4350.30027,0.03448,0.17450,0.15436,0.13156,0.11016,0.23204,0.11252,0.49883
2025,208140,정다운,KOSDAQ,1571,9.19000,0.00555,-0.02162,-0.03110,200.00000,-0.03110,-0.03330,-0.02573,-0.05671,-0.06124,-0.05148,-0.07498,-0.08629,-0.06985,-0.06769,-0.14683,-0.06251,-0.00373,-0.09638,0.00179,-0.10424,-0.16952,-0.09927,250.00000,2735.43633,0.07311,0.03278,0.00702,-0.01135,-0.00401,0.06030,-0.04076,0.42536
2025,040420,정상제이엘에스,KOSDAQ,1451,8.12000,-0.01361,-0.04078,-0.07610,530.00000,-0.07610,-0.07830,-0.08868,-0.10865,-0.11318,-0.12079,-0.11178,-0.12308,-0.12387,-0.09310,-0.17224,-0.10545,-0.09902,-0.19167,-0.11129,-0.10210,-0.16739,-0.11433,530.00000,6438.23422,0.08232,-0.02238,-0.05449,-0.05758,-0.03915,-0.04499,-0.04803,0.92443
2025,122310,제노레이,KOSDAQ,1847,4.07000,-0.04180,-0.06897,-0.01300,150.00000,-0.01300,-0.01520,-0.05426,-0.02009,-0.02462,-0.06106,-0.04007,-0.05137,-0.08020,-0.00462,-0.08377,-0.04623,0.02471,-0.06794,-0.01812,0.01636,-0.04892,-0.02613,180.00000,4237.72963,0.03540,-0.02766,-0.03446,-0.05360,-0.01964,0.00847,0.00047,0.36727
2025,147830,제룡산업,KOSDAQ,1318,3.29000,0.05430,0.02713,-0.03590,300.00000,-0.03590,-0.03810,0.01645,0.02042,0.01590,0.07583,-0.02178,-0.03309,0.03134,0.11416,0.03501,0.17466,0.14855,0.05590,0.21092,0.12676,0.06147,0.18794,200.00000,6409.12487,0.04681,0.05270,0.11208,0.06759,0.21091,0.24717,0.22419,0.76696
2025,137950,제이씨케미칼,KOSDAQ,1719,4.50000,-0.00014,-0.02731,-0.03000,50.00000,-0.03000,-0.03220,-0.03014,-0.05390,-0.05843,-0.05404,-0.01648,-0.02779,-0.01662,-0.01505,-0.09420,-0.01519,0.02695,-0.06570,0.02681,0.47990,0.41462,0.47970,150.00000,3332.86654,0.01500,-0.02079,-0.04469,-0.00728,-0.00585,0.03615,0.48904,1.99972
2025,417500,제이아이테크,KOSDAQ,1429,3.10000,0.00159,-0.02557,-0.03250,100.00000,-0.03250,-0.03470,-0.03096,-0.01090,-0.01543,-0.00932,0.00450,-0.00680,0.00610,0.01696,-0.06218,0.01858,0.34482,0.25217,0.34696,0.42231,0.35703,0.42458,100.00000,3230.94914,0.03095,-0.00812,0.01351,0.02894,0.04142,0.36980,0.44741,1.05006
2025,194370,제이에스코퍼레이션,KOSPI,660,4.24000,0.13971,0.11255,-0.02750,600.00000,-0.02750,-0.02970,0.10837,-0.12198,-0.12651,0.00069,-0.14723,-0.15854,-0.02809,-0.16422,-0.24336,-0.04744,-0.05565,-0.14830,0.07629,-0.18601,-0.25129,-0.07228,500.00000,13440.02334,0.04464,0.14279,0.03511,0.00633,-0.01303,0.11071,-0.03787,0.61600
2025,030000,제일기획,KOSPI,162,5.43000,-0.00676,-0.03393,-0.06220,1230.00000,-0.06220,-0.06440,-0.06854,-0.08652,-0.09105,-0.09270,-0.07097,-0.08228,-0.07726,-0.07100,-0.15014,-0.07728,-0.05097,-0.14362,-0.05739,-0.15682,-0.22210,-0.16252,1230.00000,22498.73009,0.05467,-0.02564,-0.04980,-0.03436,-0.03438,-0.01449,-0.11962,1.13774
2025,337930,젝시믹스,KOSDAQ,1213,3.81000,0.04356,0.01639,0.01420,200.00000,0.01420,0.01200,0.05838,0.03450,0.02997,0.07956,0.02023,0.00892,0.06467,0.07094,-0.00820,0.11759,0.01843,-0.07422,0.06279,-0.16832,-0.23360,-0.13209,180.00000,4930.19920,0.04057,0.08935,0.11053,0.09563,0.14856,0.09376,-0.10112,-0.35004
2025,004910,조광페인트,KOSPI,1863,4.04000,0.02628,-0.00088,-0.01570,200.00000,-0.01570,-0.01790,0.01017,-0.03927,-0.04380,-0.01402,-0.05205,-0.06335,-0.02713,-0.02534,-0.10449,0.00027,-0.01147,-0.10412,0.01452,-0.06583,-0.13111,-0.04128,200.00000,5080.61062,0.03937,0.04012,0.01593,0.00282,0.03023,0.04447,-0.01132,0.39883
2025,462520,조선내화,KOSPI,1072,7.13000,0.03649,0.00932,0.00000,1000.00000,0.00000,-0.00220,0.03649,-0.05100,-0.05552,-0.01637,-0.07367,-0.08497,-0.03986,-0.02279,-0.10194,0.01287,-0.03385,-0.12650,0.00141,-0.06201,-0.12729,-0.02778,1000.00000,14537.02730,0.06879,0.09134,0.03848,0.01498,0.06771,0.05625,0.02706,
2025,071320,지역난방공사,KOSPI,269,3.59000,-0.09183,-0.11900,-0.01730,6157.00000,-0.01730,-0.01950,-0.10754,-0.01122,-0.01575,-0.10202,0.02858,0.01728,-0.06587,0.03174,-0.04741,-0.06300,-0.08259,-0.17524,-0.16683,-0.26318,-0.32846,-0.33084,3879.00000,98128.08997,0.06274,-0.05781,-0.05228,-0.01614,-0.01327,-0.11710,-0.28111,0.27572
2025,003780,진양산업,KOSPI,1584,4.14000,0.00442,-0.02275,-0.01470,358.00000,-0.01470,-0.01690,-0.01035,-0.08077,-0.08530,-0.07671,-0.08077,-0.09208,-0.07671,-0.07188,-0.15103,-0.06779,-0.13362,-0.22626,-0.12979,-0.20275,-0.26803,-0.19923,281.00000,6817.41716,0.05251,0.03073,-0.03564,-0.03563,-0.02671,-0.08871,-0.15816,0.27993
2025,010640,진양폴리,KOSPI,2182,5.78000,-0.14456,-0.17173,-0.03780,150.00000,-0.03780,-0.04000,-0.17689,-0.12432,-0.12884,-0.25090,-0.08385,-0.09515,-0.21628,-0.07116,-0.15031,-0.20543,-0.16304,-0.25569,-0.28403,-0.24871,-0.31399,-0.35732,250.00000,3700.00444,0.04054,-0.14595,-0.21996,-0.18534,-0.17449,-0.25309,-0.32637,0.93240
2025,100250,진양홀딩스,KOSPI,1011,5.99000,-0.02699,-0.05416,-0.02150,200.00000,-0.02150,-0.02370,-0.04791,-0.05381,-0.05834,-0.07935,-0.02611,-0.03742,-0.05240,-0.06313,-0.14227,-0.08842,-0.01070,-0.10335,-0.03741,-0.05211,-0.11739,-0.07770,200.00000,3248.76651,0.06156,0.00082,-0.03062,-0.00367,-0.03968,0.01132,-0.02896,0.34924
2025,004650,창해에탄올,KOSDAQ,1508,5.77000,-0.00590,-0.03307,-0.04650,600.00000,-0.04650,-0.04870,-0.05213,-0.07166,-0.07618,-0.07713,-0.07753,-0.08883,-0.08297,-0.07264,-0.15178,-0.07811,-0.06604,-0.15869,-0.07155,-0.07590,-0.14118,-0.08135,600.00000,10337.26869,0.05804,-0.00637,-0.03138,-0.03722,-0.03236,-0.02580,-0.03560,0.80114
2025,078340,컴투스,KOSDAQ,590,4.17000,-0.05637,-0.08353,-0.01190,1300.00000,-0.01190,-0.01410,-0.06760,0.01527,0.01074,-0.04196,0.05953,0.04822,-0.00020,0.27736,0.19821,0.20536,0.13923,0.04658,0.07502,0.06959,0.00431,0.00930,1300.00000,29417.81693,0.04419,-0.03356,-0.00792,0.03384,0.23939,0.10905,0.04334,0.26929
2025,025880,케이씨피드,KOSDAQ,2147,3.70000,0.05172,0.02455,-0.05100,165.00000,-0.05100,-0.05320,-0.00192,-0.07208,-0.07660,-0.02408,-0.06154,-0.07284,-0.01300,-0.07395,-0.15309,-0.02605,-0.01227,-0.10492,0.03882,0.00167,-0.06361,0.05348,100.00000,2842.49313,0.05805,0.04384,0.02168,0.03276,0.01971,0.08458,0.09924,0.87859
2025,039420,케이엘넷,KOSDAQ,1794,3.51000,0.03687,0.00970,-0.02540,100.00000,-0.02540,-0.02760,0.01053,-0.04228,-0.04681,-0.00697,-0.04730,-0.05861,-0.01217,-0.04745,-0.12659,-0.01233,-0.05069,-0.14334,-0.01569,-0.07108,-0.13636,-0.03683,100.00000,2954.04984,0.03385,0.03582,0.01832,0.01312,0.01296,0.00960,-0.01154,0.75033
2025,381970,KG모빌리티플랫폼,KOSPI,368,7.10000,0.01561,-0.01156,-0.02550,1200.00000,-0.02550,-0.02770,-0.01029,-0.05643,-0.06096,-0.04171,-0.05891,-0.07022,-0.04423,-0.08626,-0.16540,-0.07199,-0.10560,-0.19825,-0.09164,-0.16476,-0.23004,-0.15172,1150.00000,16449.99501,0.07295,0.04807,0.01666,0.01414,-0.01363,-0.03328,-0.09336,0.34956
2025,003690,코리안리,KOSPI,182,4.44000,-0.01371,-0.04088,0.00090,570.00000,0.00090,-0.00130,-0.01282,0.03237,0.02784,0.01821,-0.04550,-0.05681,-0.05859,-0.01845,-0.09760,-0.03191,0.17641,0.08376,0.16028,0.07059,0.00531,0.05591,515.00000,11440.07946,0.04982,0.02598,0.05702,-0.01979,0.00689,0.19909,0.09472,-0.01806
2025,044820,코스맥스비티아이,KOSPI,1243,3.25000,-0.00795,-0.03511,-0.00440,780.00000,-0.00440,-0.00660,-0.01231,-0.04746,-0.05199,-0.05503,-0.08674,-0.09804,-0.09400,-0.04957,-0.12872,-0.05713,0.02899,-0.06366,0.02081,0.14395,0.07867,0.13487,450.00000,13736.13575,0.05678,0.03238,-0.01034,-0.04931,-0.01244,0.06550,0.17955,0.07749
2025,003070,코오롱글로벌,KOSPI,1049,4.35000,0.00778,-0.01938,-0.01730,400.00000,-0.01730,-0.01950,-0.00965,-0.03995,-0.04447,-0.03247,-0.03668,-0.04798,-0.02918,-0.03774,-0.11688,-0.03025,0.10390,0.01125,0.11249,0.14069,0.07540,0.14957,400.00000,9266.98389,0.04316,0.02352,0.00069,0.00399,0.00292,0.14566,0.18273,0.40080
2025,120110,코오롱인더,KOSPI,292,3.19000,0.13503,0.10787,-0.03240,1300.00000,-0.03240,-0.03460,0.09826,-0.08969,-0.09422,0.03323,-0.00977,-0.02107,0.12395,0.06468,-0.01446,0.20845,0.45533,0.36268,0.65184,0.57592,0.51064,0.78872,1300.00000,46255.26560,0.02810,0.11868,0.05365,0.14437,0.22887,0.67227,0.80915,1.15282
2025,021240,코웨이,KOSPI,92,3.06000,0.01770,-0.00947,-0.00910,1957.00000,-0.00910,-0.01130,0.00844,-0.05830,-0.06283,-0.04163,-0.10402,-0.11532,-0.08816,-0.09033,-0.16947,-0.07423,-0.06973,-0.16238,-0.05327,-0.17487,-0.24015,-0.16027,2630.00000,87468.75889,0.02237,0.02401,-0.02605,-0.07258,-0.05865,-0.03769,-0.14469,0.40673
2025,192400,쿠쿠홀딩스,KOSPI,314,4.19000,0.05233,0.02516,-0.04150,1550.00000,-0.04150,-0.04370,0.00865,-0.06966,-0.07419,-0.02098,-0.08784,-0.09914,-0.04011,-0.11101,-0.19016,-0.06449,-0.04300,-0.13565,0.00707,-0.09113,-0.15641,-0.04357,1200.00000,30138.22426,0.05143,0.04881,0.01918,0.00005,-0.02433,0.04723,-0.00341,0.80693
2025,284740,쿠쿠홈시스,KOSPI,468,4.02000,0.01995,-0.00722,-0.05310,1200.00000,-0.05310,-0.05530,-0.03421,-0.08077,-0.08530,-0.06243,-0.10441,-0.11571,-0.08654,-0.08474,-0.16389,-0.06649,-0.00216,-0.09481,0.01775,-0.08871,-0.15400,-0.07054,1000.00000,25371.84097,0.04730,0.00245,-0.02577,-0.04988,-0.02982,0.05441,-0.03387,1.12270
2025,405100,큐알티,KOSDAQ,1036,3.31000,0.09170,0.06453,-0.00250,480.00000,-0.00250,-0.00470,0.08897,0.04609,0.04156,0.14202,-0.00770,-0.01900,0.08330,0.07497,-0.00417,0.17355,0.05477,-0.03788,0.15149,-0.06280,-0.12809,0.02314,480.00000,15831.27846,0.03032,0.11127,0.16432,0.10560,0.19585,0.17379,0.04544,0.08245
2025,264900,크라운제과,KOSPI,1378,3.08000,-0.01313,-0.04029,-0.02120,280.00000,-0.02120,-0.02340,-0.03405,-0.03341,-0.03794,-0.04610,-0.02902,-0.04033,-0.04177,-0.04343,-0.12258,-0.05599,-0.04120,-0.13385,-0.05378,-0.08926,-0.15454,-0.10121,280.00000,8971.57753,0.03121,-0.01099,-0.02305,-0.01871,-0.03294,-0.03073,-0.07816,0.67928
2025,096240,크레버스,KOSDAQ,1209,11.79000,0.00463,-0.02253,-0.01960,800.00000,-0.01960,-0.02180,-0.01506,-0.06591,-0.07044,-0.06159,-0.11610,-0.12741,-0.11201,-0.06450,-0.14365,-0.06017,-0.10587,-0.19852,-0.10173,-0.16290,-0.22818,-0.15902,1500.00000,12781.60791,0.06259,0.03454,-0.01198,-0.06241,-0.01057,-0.05213,-0.10942,0.31315
2025,110790,크리스에프앤씨,KOSDAQ,1473,4.74000,-0.00974,-0.03690,-0.00720,320.00000,-0.00720,-0.00940,-0.01687,-0.01676,-0.02129,-0.02633,-0.03942,-0.05072,-0.04877,-0.04436,-0.12350,-0.05366,0.00821,-0.08444,-0.00160,-0.08264,-0.14792,-0.09157,200.00000,4178.33039,0.07659,0.04458,0.03511,0.01267,0.00778,0.05984,-0.03013,0.09401
2025,014580,태경비케이,KOSPI,1234,3.05000,-0.01544,-0.04261,-0.03000,150.00000,-0.03000,-0.03220,-0.04498,-0.04349,-0.04802,-0.05826,-0.06211,-0.07341,-0.07659,-0.03929,-0.11843,-0.05412,-0.08059,-0.17324,-0.09478,-0.09197,-0.15726,-0.10599,150.00000,4842.10343,0.03098,-0.02212,-0.03540,-0.05373,-0.03126,-0.07192,-0.08314,0.96842
2025,015890,태경산업,KOSPI,1146,4.84000,0.00570,-0.02147,-0.04240,250.00000,-0.04240,-0.04460,-0.03694,-0.06651,-0.07104,-0.06119,-0.08589,-0.09719,-0.08067,-0.09075,-0.16990,-0.08557,-0.06384,-0.15649,-0.05850,-0.07629,-0.14157,-0.07102,250.00000,5194.74452,0.04813,0.00042,-0.02383,-0.04331,-0.04821,-0.02114,-0.03366,0.88103
2025,124560,태웅로직스,KOSDAQ,1421,3.62000,-0.05248,-0.07965,-0.00760,130.00000,-0.00760,-0.00980,-0.05968,-0.02109,-0.02562,-0.07247,-0.01342,-0.02473,-0.06520,-0.00201,-0.08115,-0.05438,0.13565,0.04300,0.07605,0.03847,-0.02681,-0.01603,100.00000,2617.45222,0.04967,-0.02102,-0.03380,-0.02653,-0.01572,0.11472,0.02264,0.15302
2025,078000,텔코웨어,KOSPI,1147,3.93000,-0.05954,-0.08671,-0.01700,640.00000,-0.01700,-0.01920,-0.07553,-0.00726,-0.01179,-0.06637,0.00959,-0.00172,-0.05053,0.02973,-0.04942,-0.03158,0.16459,0.07194,0.09525,0.07889,0.01361,0.01465,640.00000,15315.35851,0.04179,-0.04353,-0.03437,-0.01852,0.00042,0.12725,0.04665,0.40681
2025,108230,톱텍,KOSDAQ,1064,3.37000,0.06416,0.03699,-0.04960,100.00000,-0.04960,-0.05180,0.01138,-0.05913,-0.06366,0.00123,-0.07810,-0.08941,-0.01895,0.02747,-0.05167,0.09340,-0.03788,-0.13053,0.02385,-0.13711,-0.20240,-0.08175,150.00000,4736.62020,0.02111,0.02589,0.01575,-0.00444,0.10791,0.03836,-0.06724,2.34936
2025,204610,티쓰리,KOSDAQ,1376,3.09000,-0.03724,-0.06441,-0.01020,140.00000,-0.01020,-0.01240,-0.04706,-0.06528,-0.06981,-0.10009,0.01877,0.00747,-0.01917,0.02091,-0.05823,-0.01711,0.22930,0.13665,0.18351,0.38955,0.32427,0.33780,60.00000,1869.42962,0.07489,0.01294,-0.04009,0.04084,0.04289,0.24352,0.39780,0.13620
2025,170790,파이오링크,KOSDAQ,1873,3.21000,-0.04388,-0.07105,-0.00670,360.00000,-0.00670,-0.00890,-0.05029,-0.02907,-0.03360,-0.07168,-0.04248,-0.05378,-0.08449,-0.02346,-0.10261,-0.06632,-0.05934,-0.15199,-0.10062,-0.01890,-0.08418,-0.06195,300.00000,8935.68261,0.04029,-0.01955,-0.04094,-0.05376,-0.03558,-0.06988,-0.03122,0.16630
2025,091700,파트론,KOSDAQ,593,4.33000,0.03186,0.00469,-0.02800,310.00000,-0.02800,-0.03020,0.00297,-0.04058,-0.04511,-0.01001,-0.04053,-0.05184,-0.00996,0.00717,-0.07197,0.03926,0.18070,0.08805,0.21831,0.06581,0.00052,0.09976,300.00000,7149.12901,0.04336,0.03630,0.02332,0.02337,0.07259,0.25165,0.13310,0.64573
2025,028670,팬오션,KOSPI,198,3.18000,0.03563,0.00847,-0.01020,150.00000,-0.01020,-0.01240,0.02507,0.00382,-0.00071,0.03959,0.03847,0.02717,0.07548,0.20114,0.12200,0.24394,0.58794,0.49529,0.64452,0.25332,0.18804,0.29799,120.00000,3908.05635,0.03838,0.05419,0.06871,0.10460,0.27307,0.67365,0.32711,0.26575
2025,010770,평화홀딩스,KOSPI,1974,3.92000,0.01558,-0.01159,-0.01670,150.00000,-0.01670,-0.01890,-0.00138,-0.05141,-0.05594,-0.03663,0.00765,-0.00365,0.02335,-0.01562,-0.09476,-0.00028,0.04264,-0.05001,0.05888,-0.04210,-0.10738,-0.02718,150.00000,3886.13520,0.03860,0.02792,-0.00733,0.05265,0.02902,0.08819,0.00212,0.43266
2025,058430,포스코스틸리온,KOSPI,876,5.63000,0.02095,-0.00622,0.02170,109.00000,0.02170,0.01950,0.04310,-0.04473,-0.04925,-0.02471,-0.02945,-0.04075,-0.00912,0.08816,0.00902,0.11096,0.17761,0.08496,0.20228,0.14962,0.08433,0.17370,2160.00000,39169.58174,0.00278,0.04211,-0.02571,-0.01011,0.10996,0.20128,0.17270,-7.79798
2025,472850,폰드그룹,KOSDAQ,775,3.03000,0.19007,0.16290,0.01420,280.00000,0.01420,0.01200,0.20697,-0.05444,-0.05896,0.12528,-0.09691,-0.10822,0.07474,-0.04347,-0.12262,0.13833,0.07220,-0.02045,0.27599,-0.09425,-0.15953,0.07791,250.00000,9819.04306,0.02852,0.22774,0.14606,0.09551,0.15911,0.29677,0.09868,-0.49797
2025,007330,푸른저축은행,KOSDAQ,1099,6.05000,0.02236,-0.00481,-0.05920,770.00000,-0.05920,-0.06140,-0.03816,-0.08747,-0.09200,-0.06707,-0.09573,-0.10704,-0.07551,-0.06287,-0.14202,-0.04192,0.03832,-0.05433,0.06154,0.03832,-0.02696,0.06154,650.00000,10984.01871,0.07010,0.01779,-0.01111,-0.01956,0.01404,0.11749,0.11749,0.84449
2025,005810,풍산홀딩스,KOSPI,482,3.78000,0.02026,-0.00690,0.01190,1600.00000,0.01190,0.00970,0.03241,-0.00652,-0.01105,0.01361,0.04651,0.03520,0.06772,0.04785,-0.03130,0.06908,0.08871,-0.00394,0.11077,-0.09238,-0.15766,-0.07399,1400.00000,37787.56999,0.04234,0.06488,0.04608,0.10019,0.10156,0.14324,-0.04152,-0.28105
2025,075130,플랜티넷,KOSDAQ,2228,4.09000,0.04508,0.01791,-0.02150,100.00000,-0.02150,-0.02370,0.02261,-0.05484,-0.05937,-0.01223,-0.07444,-0.08574,-0.03271,-0.06469,-0.14383,-0.02252,-0.13326,-0.22591,-0.09419,-0.14109,-0.20638,-0.10237,100.00000,2555.21042,0.03914,0.05237,0.01753,-0.00295,0.00724,-0.06443,-0.07262,0.54937
2025,043370,피에이치에이,KOSDAQ,856,3.12000,0.06237,0.03520,-0.03520,400.00000,-0.03520,-0.03740,0.02498,-0.05448,-0.05901,0.00449,-0.02687,-0.03818,0.03382,-0.00758,-0.08673,0.05432,0.07892,-0.01373,0.14621,0.01682,-0.04846,0.08024,350.00000,11917.64021,0.03356,0.05002,0.02954,0.05887,0.07936,0.17126,0.10529,1.04875
2025,006140,피제이전자,KOSDAQ,1684,3.52000,0.13314,0.10598,-0.03450,200.00000,-0.03450,-0.03670,0.09405,0.41451,0.40998,0.60285,0.66142,0.65011,0.88262,0.42139,0.34224,0.61064,0.23831,0.14566,0.40319,0.08294,0.01766,0.22713,180.00000,5794.49037,0.03452,0.11990,0.62870,0.90847,0.63649,0.42904,0.25298,0.99955
2025,376180,피코그램,KOSDAQ,2117,3.95000,-0.06912,-0.09628,-0.00850,100.00000,-0.00850,-0.01070,-0.07703,-0.00850,-0.01303,-0.07703,-0.03186,-0.04316,-0.09877,0.05304,-0.02610,-0.01974,0.03825,-0.05440,-0.03351,0.12330,0.05802,0.04566,100.00000,2356.66916,0.04243,-0.04448,-0.04448,-0.06622,0.01281,-0.00096,0.07821,0.20032
2025,086790,하나금융지주,KOSPI,26,3.86000,0.00513,-0.02204,0.01170,4105.00000,0.01170,0.00950,0.01689,-0.00320,-0.00773,0.00192,0.02453,0.01322,0.02979,0.09479,0.01564,0.10041,0.28030,0.18765,0.28687,0.13613,0.07085,0.14196,3600.00000,93742.91636,0.04379,0.05059,0.03561,0.06348,0.13410,0.32056,0.17566,-0.26718
2025,293480,하나제약,KOSPI,954,4.40000,0.01890,-0.00827,-0.04490,260.00000,-0.04490,-0.04710,-0.02685,-0.08213,-0.08666,-0.06478,-0.12957,-0.14087,-0.11312,-0.12963,-0.20877,-0.11318,-0.14393,-0.23658,-0.12775,-0.22964,-0.29492,-0.21507,510.00000,11809.98726,0.02202,-0.01157,-0.04950,-0.09784,-0.09790,-0.11248,-0.19980,2.03949
2025,039130,하나투어,KOSPI,389,4.87000,0.04122,0.01405,-0.00310,1200.00000,-0.00310,-0.00530,0.03799,-0.05596,-0.06049,-0.01705,-0.07528,-0.08659,-0.03717,-0.07119,-0.15034,-0.03291,-0.08632,-0.17897,-0.04866,-0.18709,-0.25238,-0.15359,2300.00000,49174.61013,0.02440,0.05529,0.00025,-0.01987,-0.01561,-0.03136,-0.13629,0.12703
2025,013030,하이록코리아,KOSDAQ,621,3.65000,0.00799,-0.01917,-0.03140,1350.00000,-0.03140,-0.03360,-0.02366,-0.04556,-0.05009,-0.03794,0.00468,-0.00663,0.01271,0.02987,-0.04928,0.03810,0.16822,0.07558,0.17756,0.09912,0.03384,0.10791,1150.00000,31758.68998,0.04251,0.00895,-0.00532,0.04532,0.07071,0.21017,0.14052,0.73868
2025,000080,하이트진로,KOSPI,260,3.72000,0.00700,-0.02017,-0.02380,700.00000,-0.02380,-0.02600,-0.01697,-0.05707,-0.06159,-0.05047,-0.04173,-0.05303,-0.03502,-0.05591,-0.13505,-0.04930,-0.08376,-0.17641,-0.07735,-0.11715,-0.18243,-0.11097,700.00000,18948.91101,0.03694,0.01094,-0.02256,-0.00712,-0.02140,-0.04945,-0.08307,0.64426
2025,000140,하이트진로홀딩스,KOSPI,864,3.47000,0.00202,-0.02514,-0.04050,350.00000,-0.04050,-0.04270,-0.03856,-0.05136,-0.05589,-0.04944,-0.05538,-0.06669,-0.05347,-0.05724,-0.13639,-0.05533,-0.05933,-0.15198,-0.05743,-0.12752,-0.19281,-0.12576,350.00000,10106.86377,0.03463,-0.01261,-0.02350,-0.02753,-0.02939,-0.03148,-0.09981,1.16951
2025,004590,한국가구,KOSDAQ,1774,4.36000,0.04153,0.01437,-0.02150,205.00000,-0.02150,-0.02370,0.01914,-0.04707,-0.05160,-0.00749,0.04800,0.03669,0.09153,0.02957,-0.04958,0.07233,-0.02667,-0.11932,0.01375,-0.00107,-0.06636,0.04042,205.00000,4897.12455,0.04186,0.05121,0.02458,0.12359,0.10439,0.04582,0.07248,0.51360
2025,036460,한국가스공사,KOSPI,130,3.51000,-0.01934,-0.04651,-0.03190,1154.00000,-0.03190,-0.03410,-0.05063,-0.05518,-0.05970,-0.07345,-0.04047,-0.05177,-0.05903,-0.01970,-0.09884,-0.03866,-0.00257,-0.09522,-0.02186,-0.14148,-0.20676,-0.15808,1455.00000,40651.12573,0.02839,-0.02996,-0.05279,-0.03836,-0.01799,-0.00120,-0.13742,1.12372
2025,034950,한국기업평가,KOSDAQ,553,4.00000,0.01209,-0.01508,-0.01000,8009.00000,-0.01000,-0.01220,0.00197,-0.01791,-0.02244,-0.00604,-0.03694,-0.04825,-0.02530,-0.03102,-0.11017,-0.01931,0.01203,-0.08062,0.02426,-0.00512,-0.07040,0.00691,3954.00000,100044.97399,0.08005,0.06634,0.05833,0.03908,0.04507,0.08864,0.07128,0.12492
2025,025540,한국단자,KOSPI,438,3.55000,0.11927,0.09211,-0.03310,3200.00000,-0.03310,-0.03530,0.08223,0.00289,-0.00164,0.12251,0.05196,0.04066,0.17744,0.07357,-0.00558,0.20162,0.10808,0.01543,0.24024,0.09208,0.02679,0.22233,2200.00000,69363.51339,0.04613,0.11791,0.15819,0.21312,0.23730,0.27592,0.25801,0.71748
2025,002960,한국쉘석유,KOSPI,450,5.80000,-0.01086,-0.03803,-0.02170,36000.00000,-0.02170,-0.02390,-0.03233,-0.04567,-0.05020,-0.05604,-0.04994,-0.06125,-0.06027,-0.04992,-0.12907,-0.06024,0.21389,0.12124,0.20071,0.01296,-0.05232,0.00196,27000.00000,460459.52450,0.07818,0.03046,0.00675,0.00253,0.00255,0.26350,0.06475,0.27755
2025,000240,한국앤컴퍼니,KOSPI,144,3.35000,-0.15075,-0.17792,0.00000,1100.00000,0.00000,-0.00220,-0.15075,-0.02967,-0.03419,-0.17595,0.00382,-0.00748,-0.14750,0.02747,-0.05167,-0.12742,0.13206,0.03941,-0.03860,-0.05340,-0.11869,-0.19610,1000.00000,25350.68033,0.04339,-0.11739,-0.14259,-0.11414,-0.09406,-0.00524,-0.16275,
2025,123890,한국자산신탁,KOSPI,720,4.05000,0.00609,-0.02108,-0.01610,150.00000,-0.01610,-0.01830,-0.01011,-0.04224,-0.04676,-0.03641,0.00814,-0.00317,0.01427,0.01619,-0.06296,0.02237,0.16323,0.07058,0.17031,0.03454,-0.03074,0.04084,100.00000,2484.16220,0.06038,0.03762,0.01133,0.06200,0.07011,0.21804,0.08857,0.26663
2025,000970,한국주철관,KOSPI,1089,5.57000,0.02793,0.00076,-0.04470,400.00000,-0.04470,-0.04690,-0.01802,-0.08276,-0.08729,-0.05714,-0.09367,-0.10497,-0.06835,-0.08954,-0.16868,-0.06411,-0.07479,-0.16744,-0.04895,-0.09102,-0.15630,-0.06563,400.00000,7381.90206,0.05419,0.02447,-0.01465,-0.02586,-0.02162,-0.00645,-0.02314,0.82493
2025,104700,한국철강,KOSPI,629,7.94000,0.02680,-0.00037,-0.03480,750.00000,-0.03480,-0.03700,-0.00893,-0.04343,-0.04796,-0.01779,-0.03485,-0.04615,-0.00898,-0.06857,-0.14772,-0.04361,-0.04815,-0.14080,-0.02264,-0.13518,-0.20046,-0.11200,800.00000,10345.61112,0.07249,0.04905,0.04019,0.04900,0.01437,0.03534,-0.05402,0.48004
2025,023760,한국캐피탈,KOSDAQ,802,3.70000,0.02335,-0.00381,-0.03380,40.00000,-0.03380,-0.03600,-0.01124,-0.05431,-0.05884,-0.03223,-0.04702,-0.05832,-0.02476,-0.02767,-0.10682,-0.00496,0.26327,0.17062,0.29277,0.10767,0.04239,0.13354,30.00000,829.74582,0.04821,0.02620,0.00520,0.01267,0.03247,0.33020,0.17098,0.70114
2025,054040,한국컴퓨터,KOSDAQ,1640,5.56000,0.01969,-0.00748,-0.04180,300.00000,-0.04180,-0.04400,-0.02293,-0.06118,-0.06571,-0.04269,-0.06205,-0.07335,-0.04358,-0.06126,-0.14040,-0.04277,0.04482,-0.04783,0.06539,-0.03424,-0.09953,-0.01523,280.00000,5135.11951,0.05842,0.02314,0.00338,0.00249,0.00330,0.11147,0.03084,0.71549
2025,161390,한국타이어앤테크놀로지,KOSPI,78,3.25000,-0.05533,-0.08250,0.00690,2300.00000,0.00690,0.00470,-0.04881,-0.02751,-0.03204,-0.08132,0.02408,0.01277,-0.03259,0.11894,0.03980,0.05703,0.14984,0.05719,0.08622,-0.06862,-0.13390,-0.12015,2000.00000,58133.45891,0.03956,-0.01869,-0.05120,-0.00247,0.08715,0.11634,-0.09003,-0.17440
2025,034830,한국토지신탁,KOSPI,672,5.31000,0.00541,-0.02176,-0.04000,70.00000,-0.04000,-0.04220,-0.03481,-0.09814,-0.10267,-0.09326,-0.08606,-0.09737,-0.08112,-0.09444,-0.17359,-0.08954,0.16360,0.07095,0.16990,0.28044,0.21516,0.28737,70.00000,1325.39952,0.05281,0.00652,-0.05193,-0.03978,-0.04821,0.21123,0.32870,0.75737
2025,052600,한네트,KOSDAQ,2140,4.56000,0.00869,-0.01848,-0.02010,180.00000,-0.02010,-0.02230,-0.01159,-0.07149,-0.07602,-0.06343,-0.08782,-0.09912,-0.07989,-0.06394,-0.14309,-0.05581,-0.13921,-0.23186,-0.13174,-0.08162,-0.14691,-0.07364,180.00000,3981.66286,0.04521,0.02331,-0.02853,-0.04500,-0.02092,-0.09684,-0.03875,0.44462
2025,009240,한샘,KOSPI,301,18.77000,0.06698,0.03981,-0.01960,0.00000,-0.01960,-0.02180,0.04606,-0.11543,-0.11996,-0.05619,-0.09787,-0.10917,-0.03745,-0.05974,-0.13889,0.00323,-0.04845,-0.14110,0.01528,-0.14942,-0.21470,-0.09245,8530.00000,48488.61745,0.00000,0.04271,-0.05954,-0.04080,-0.00012,0.01193,-0.09580,
2025,020000,한섬,KOSPI,651,4.82000,0.03655,0.00938,-0.00680,750.00000,-0.00680,-0.00900,0.02950,-0.04342,-0.04795,-0.00845,-0.07505,-0.08636,-0.04124,0.05926,-0.01989,0.09797,0.44942,0.35677,0.50240,0.44009,0.37481,0.49273,750.00000,16128.91484,0.04650,0.06549,0.02753,-0.00525,0.13396,0.53839,0.52872,0.14624
2025,105630,한세실업,KOSPI,491,3.88000,0.07965,0.05248,-0.04670,600.00000,-0.04670,-0.04890,0.02923,0.00219,-0.00234,0.08201,0.01940,0.00810,0.10060,0.01221,-0.06693,0.09284,-0.01560,-0.10825,0.06281,-0.20811,-0.27340,-0.14504,500.00000,13913.01112,0.04313,0.06236,0.11515,0.13373,0.12597,0.09594,-0.11191,1.08290
2025,016450,한세예스24홀딩스,KOSPI,1065,5.91000,0.01410,-0.01307,-0.01630,500.00000,-0.01630,-0.01850,-0.00243,-0.05006,-0.05459,-0.03667,-0.05586,-0.06716,-0.04254,-0.05009,-0.12923,-0.03670,0.14907,0.05642,0.16527,0.00102,-0.06427,0.01513,250.00000,4289.75463,0.11656,0.09283,0.05858,0.05271,0.05856,0.26053,0.11039,0.13985
2025,009180,한솔로지스틱스,KOSPI,1698,5.58000,0.13379,0.10662,-0.07380,200.00000,-0.07380,-0.07600,0.05011,-0.10161,-0.10613,0.01859,-0.10813,-0.11944,0.01118,-0.06532,-0.14447,0.05973,0.01506,-0.07759,0.15086,-0.05880,-0.12409,0.06712,150.00000,3047.81170,0.06562,0.10228,0.07075,0.06335,0.11189,0.20303,0.11928,1.12464
2025,213500,한솔제지,KOSPI,965,5.93000,0.00115,-0.02601,-0.01540,500.00000,-0.01540,-0.01760,-0.01426,-0.05565,-0.06017,-0.05456,-0.04606,-0.05737,-0.04496,-0.00817,-0.08731,-0.00702,0.02522,-0.06743,0.02640,-0.04005,-0.10533,-0.03894,500.00000,8441.43125,0.05923,0.03250,-0.00780,0.00180,0.03974,0.07316,0.00782,0.26000
2025,004150,한솔홀딩스,KOSPI,1271,3.83000,-0.00652,-0.03369,-0.00160,130.00000,-0.00160,-0.00380,-0.00811,-0.05147,-0.05599,-0.05765,-0.03708,-0.04838,-0.04335,0.02082,-0.05833,0.01417,0.06896,-0.02369,0.06199,0.01436,-0.05092,0.00775,120.00000,3112.73527,0.04176,0.02387,-0.02567,-0.01137,0.04615,0.09397,0.03973,0.03831
2025,045100,한양이엔지,KOSDAQ,624,3.17000,0.02444,-0.00273,0.02380,0.00000,0.02380,0.02160,0.04882,0.15230,0.14777,0.18046,0.14520,0.13390,0.17319,0.38566,0.30651,0.41952,0.48780,0.39515,0.52416,0.41640,0.35111,0.45101,650.00000,21005.86448,0.00000,0.04547,0.17711,0.16984,0.41617,0.52081,0.44766,
2025,001750,한양증권,KOSPI,847,5.07000,0.03576,0.00860,-0.00770,1600.00000,-0.00770,-0.00990,0.02779,-0.01552,-0.02005,0.01969,-0.04032,-0.05163,-0.00600,0.02994,-0.04920,0.06678,0.27204,0.17939,0.31754,0.25925,0.19397,0.30429,950.00000,19407.81879,0.08244,0.09418,0.08608,0.06040,0.13318,0.38393,0.37069,0.09340
2025,300720,한일시멘트,KOSPI,265,5.70000,0.09878,0.07161,-0.05080,1000.00000,-0.05080,-0.05300,0.04296,-0.12333,-0.12786,-0.03673,-0.11458,-0.12588,-0.02711,-0.13636,-0.21551,-0.05105,-0.09181,-0.18446,-0.00210,-0.16699,-0.23227,-0.08470,1000.00000,19276.85361,0.05188,0.08350,0.00380,0.01342,-0.01052,0.03844,-0.04417,0.97926
2025,003300,한일홀딩스,KOSPI,507,5.71000,0.09944,0.07227,-0.08260,1000.00000,-0.08260,-0.08480,0.00862,-0.11828,-0.12281,-0.03061,-0.11045,-0.12175,-0.02199,-0.13210,-0.21124,-0.04580,-0.03983,-0.13248,0.05564,-0.06434,-0.12962,0.02870,930.00000,17906.76329,0.05584,0.05252,0.01329,0.02190,-0.00190,0.09954,0.07260,1.47910
2025,051600,한전KPS,KOSPI,172,4.63000,-0.01698,-0.04415,-0.04390,1651.00000,-0.04390,-0.04610,-0.06013,-0.05150,-0.05603,-0.06761,0.02484,0.01354,0.00745,0.10323,0.02408,0.08450,0.10902,0.01637,0.09020,0.05932,-0.00596,0.04134,2469.00000,52420.80261,0.03150,-0.03684,-0.04431,0.03074,0.10779,0.11349,0.06463,1.39387
2025,130660,한전산업,KOSPI,637,3.31000,-0.03335,-0.06051,-0.01960,377.00000,-0.01960,-0.02180,-0.05229,-0.02619,-0.03072,-0.05866,0.02784,0.01653,-0.00644,0.33378,0.25463,0.28930,1.01000,0.91735,0.94298,0.67144,0.60616,0.61570,367.00000,10717.89122,0.03517,-0.02588,-0.03225,0.01997,0.31571,0.96938,0.64211,0.55722
2025,002320,한진,KOSPI,721,3.03000,0.03034,0.00318,-0.02650,600.00000,-0.02650,-0.02870,0.00304,-0.04075,-0.04528,-0.01164,-0.03728,-0.04858,-0.00806,-0.05211,-0.13126,-0.02335,0.00003,-0.09262,0.03037,-0.08147,-0.14675,-0.05360,600.00000,20402.85049,0.02941,0.02457,0.00989,0.01346,-0.00182,0.05190,-0.03207,0.90113
2025,034810,해성산업,KOSDAQ,835,3.04000,0.18100,0.15384,-0.01030,250.00000,-0.01030,-0.01250,0.16884,-0.08132,-0.08585,0.08496,-0.05949,-0.07079,0.11075,-0.05028,-0.12943,0.12162,-0.07316,-0.16581,0.09460,-0.18081,-0.24609,-0.03253,225.00000,8740.99030,0.02860,0.18969,0.10581,0.13160,0.14247,0.11544,-0.01169,0.36013
2025,101530,해태제과식품,KOSPI,975,3.69000,0.05335,0.02618,-0.04770,250.00000,-0.04770,-0.04990,0.00310,-0.03799,-0.04252,0.01333,-0.02407,-0.03538,0.02799,-0.04507,-0.12422,0.00587,-0.06611,-0.15876,-0.01629,-0.13507,-0.20035,-0.08892,250.00000,7136.49452,0.03503,0.02939,0.03962,0.05428,0.03216,0.01000,-0.06264,1.36164
2025,214180,헥토이노베이션,KOSDAQ,969,3.24000,0.11842,0.09125,-0.03610,500.00000,-0.03610,-0.03830,0.07805,-0.04203,-0.04656,0.07141,-0.05988,-0.07118,0.05145,0.16411,0.08496,0.30197,0.25652,0.16387,0.40532,0.05428,-0.01100,0.17913,490.00000,16914.40710,0.02956,0.09971,0.09307,0.07311,0.32362,0.42698,0.20079,1.22122
2025,170030,현대공업,KOSDAQ,1521,3.25000,0.01150,-0.01567,-0.01770,300.00000,-0.01770,-0.01990,-0.00641,0.01457,0.01004,0.02624,0.03376,0.02246,0.04565,0.01934,-0.05981,0.03106,-0.00321,-0.09586,0.00825,-0.14314,-0.20842,-0.13329,200.00000,6224.60482,0.04820,0.03102,0.06366,0.08307,0.06848,0.04567,-0.09586,0.36725
2025,039010,현대에이치티,KOSDAQ,1713,4.63000,0.13293,0.10576,-0.05310,450.00000,-0.05310,-0.05530,0.07277,-0.11850,-0.12303,-0.00132,-0.15424,-0.16554,-0.04181,-0.15526,-0.23441,-0.04297,-0.08054,-0.17319,0.04168,-0.19193,-0.25722,-0.08452,400.00000,9787.73242,0.04598,0.10832,0.03423,-0.00626,-0.00743,0.07723,-0.04897,1.15495
2025,017800,현대엘리베이터,KOSPI,135,6.34000,0.04720,0.02003,-0.01540,14010.00000,-0.01540,-0.01760,0.03107,-0.04617,-0.05070,-0.00116,-0.03411,-0.04542,0.01148,0.00106,-0.07809,0.04830,0.04071,-0.05194,0.08983,-0.08379,-0.14907,-0.04055,5500.00000,90845.14153,0.15422,0.15819,0.12596,0.13860,0.17542,0.21695,0.08657,0.09986
2025,090850,현대이지웰,KOSDAQ,1336,3.39000,0.03781,0.01064,-0.01730,220.00000,-0.01730,-0.01950,0.01986,-0.04422,-0.04875,-0.00808,-0.04816,-0.05946,-0.01217,-0.01370,-0.09284,0.02359,0.22231,0.12966,0.26852,0.20682,0.14153,0.25245,170.00000,5204.35320,0.04227,0.05227,0.02433,0.02025,0.05601,0.30093,0.28486,0.40925
2025,005380,현대차,KOSPI,6,4.59000,0.09373,0.06656,0.02620,10000.00000,0.02620,0.02400,0.12239,0.22544,0.22091,0.34030,0.43870,0.42739,0.57354,0.72195,0.64280,0.88335,1.08024,0.98759,1.27522,0.55723,0.49194,0.70318,12000.00000,285942.49865,0.03497,0.14862,0.36653,0.59978,0.90958,1.30146,0.72942,-0.74917
2025,011760,현대코퍼레이션,KOSPI,727,3.16000,0.01365,-0.01351,-0.03340,700.00000,-0.03340,-0.03560,-0.02020,-0.06462,-0.06915,-0.05185,-0.04018,-0.05149,-0.02708,0.00208,-0.07706,0.01576,0.21576,0.12311,0.23236,0.08212,0.01684,0.09690,700.00000,22454.36015,0.03117,0.00282,-0.02882,-0.00406,0.03879,0.25538,0.11992,1.07139
2025,227840,현대코퍼레이션홀딩스,KOSPI,1400,4.12000,0.04622,0.01905,-0.03860,500.00000,-0.03860,-0.04080,0.00584,-0.06923,-0.07376,-0.02621,-0.06535,-0.07665,-0.02215,-0.03318,-0.11233,0.01150,0.01311,-0.07953,0.05994,-0.05989,-0.12517,-0.01644,500.00000,12696.85825,0.03938,0.03580,0.00376,0.00782,0.04147,0.08991,0.01353,0.98020
2025,126560,현대퓨처넷,KOSPI,654,3.49000,0.00951,-0.01766,-0.03450,150.00000,-0.03450,-0.03670,-0.02532,-0.03452,-0.03905,-0.02534,-0.02050,-0.03180,-0.01118,0.00789,-0.07126,0.01747,0.05639,-0.03626,0.06644,0.02793,-0.03735,0.03770,110.00000,3181.83601,0.04714,0.01121,0.01119,0.02535,0.05401,0.10297,0.07424,0.73182
2025,057050,현대홈쇼핑,KOSPI,423,5.11000,0.01451,-0.01266,-0.00900,2800.00000,-0.00900,-0.01120,0.00538,-0.03605,-0.04058,-0.02207,-0.05041,-0.06172,-0.03664,-0.00539,-0.08454,0.00904,0.49271,0.40006,0.51437,0.42820,0.36292,0.44892,2800.00000,55589.53328,0.05037,0.04464,0.01720,0.00263,0.04830,0.55363,0.48819,0.17868
2025,003010,혜인,KOSPI,1815,3.40000,0.02063,-0.00653,-0.00370,200.00000,-0.00370,-0.00590,0.01686,-0.02214,-0.02667,-0.00196,-0.04430,-0.05561,-0.02458,-0.02377,-0.10292,-0.00363,0.01344,-0.07921,0.03435,-0.00510,-0.07038,0.01543,180.00000,5403.35915,0.03701,0.04482,0.02600,0.00338,0.02434,0.06231,0.04339,0.09996
2025,111110,호전실업,KOSPI,1706,4.99000,0.04248,0.01531,-0.06830,400.00000,-0.06830,-0.07050,-0.02872,-0.07896,-0.08349,-0.03984,-0.08016,-0.09147,-0.04108,-0.07302,-0.15217,-0.03364,-0.05520,-0.14785,-0.01507,-0.13407,-0.19935,-0.09729,400.00000,8356.55870,0.04787,0.00842,-0.00269,-0.00394,0.00350,0.02208,-0.06014,1.42688
2025,006060,화승인더,KOSPI,927,5.18000,-0.00633,-0.03350,-0.04300,206.00000,-0.04300,-0.04520,-0.04906,-0.13681,-0.14134,-0.14227,-0.11331,-0.12462,-0.11893,-0.12242,-0.20157,-0.12798,-0.11314,-0.20578,-0.11875,-0.18217,-0.24745,-0.18734,200.00000,3836.56462,0.05369,-0.00698,-0.10020,-0.07685,-0.08590,-0.07667,-0.14527,0.80084
2025,013520,화승코퍼레이션,KOSPI,1425,3.52000,0.04917,0.02200,-0.02680,75.00000,-0.02680,-0.02900,0.02105,-0.06928,-0.07381,-0.02352,0.00676,-0.00454,0.05626,0.03800,-0.04114,0.08904,0.42484,0.33219,0.49489,0.17427,0.10899,0.23201,75.00000,2235.44016,0.03355,0.04608,0.00151,0.08130,0.11407,0.51993,0.25704,0.79880
2025,126640,화신정공,KOSDAQ,2118,3.88000,0.03568,0.00851,-0.03520,75.00000,-0.03520,-0.03740,-0.00078,-0.05763,-0.06216,-0.02401,0.04884,0.03753,0.08626,0.02929,-0.04986,0.06601,0.12266,0.03001,0.16272,0.11726,0.05198,0.15712,50.00000,1334.63839,0.05619,0.04341,0.02018,0.13045,0.11021,0.20691,0.20131,0.62639
2025,094280,효성ITX,KOSPI,1165,5.86000,0.02353,-0.00364,-0.01910,750.00000,-0.01910,-0.02130,0.00398,-0.05193,-0.05646,-0.02962,-0.06259,-0.07389,-0.04053,-0.03740,-0.11655,-0.01476,-0.04577,-0.13842,-0.02331,-0.07627,-0.14156,-0.05454,750.00000,13099.76768,0.05725,0.04907,0.01546,0.00455,0.03033,0.02177,-0.00945,0.33361
2025,298020,효성티앤씨,KOSPI,323,4.51000,0.06094,0.03377,-0.05110,10100.00000,-0.05110,-0.05330,0.00673,-0.04464,-0.04917,0.01358,0.01280,0.00149,0.07452,0.64464,0.56550,0.74487,0.65081,0.55816,0.75141,0.61261,0.54733,0.71089,10000.00000,235242.24852,0.04293,0.03970,0.04656,0.10749,0.77785,0.78439,0.74386,1.19019
2025,005010,휴스틸,KOSPI,882,3.69000,0.01005,-0.01712,-0.01220,0.00000,-0.01220,-0.01440,-0.00227,-0.04506,-0.04959,-0.03546,-0.03659,-0.04789,-0.02691,0.01345,-0.06569,0.02364,0.08065,-0.01200,0.09151,0.27849,0.21320,0.29133,150.00000,4105.89612,0.00000,-0.00562,-0.03881,-0.03026,0.02029,0.08816,0.28798,
2025,010240,흥국,KOSDAQ,1870,4.31000,0.03738,0.01022,-0.01700,280.00000,-0.01700,-0.01920,0.01975,-0.04711,-0.05163,-0.01148,-0.05653,-0.06783,-0.02126,-0.06213,-0.14128,-0.02707,-0.00189,-0.09454,0.03542,-0.03212,-0.09741,0.00406,220.00000,5295.22714,0.05288,0.06113,0.02990,0.02013,0.01431,0.07680,0.04544,0.32150
2025,037440,희림,KOSDAQ,1844,3.24000,0.00768,-0.01949,-0.00960,100.00000,-0.00960,-0.01180,-0.00199,-0.08035,-0.08488,-0.07329,-0.05903,-0.07033,-0.05180,-0.06328,-0.14243,-0.05608,-0.09640,-0.18905,-0.08946,-0.13288,-0.19816,-0.12622,150.00000,4665.19677,0.02144,0.01279,-0.05850,-0.03702,-0.04130,-0.07467,-0.11144,0.44786
