code,names,index_names,first,last,class,reason
0000D0,TIGER 엔비디아미국채커버드콜밸런스(합성),KEDI 엔비디아미국채30년타겟커버드콜혼합지수(TR),20241217,20260921,제외,해외:미국
0000H0,KODEX 인도Nifty미드캡100,Nifty Midcap 100 Index(PR),20250408,20260921,제외,해외:인도
0000J0,PLUS 한화그룹주,FnGuide 한화그룹주 지수,20241224,20260921,국내주식형,
0000Y0,HK 26-12 회사채(AA-이상)액티브,KAP 26-12 크레딧 채권 총수익지수(AA-이상),20241224,20260921,제외,채권·금리·현금성:채권
0000Z0,RISE 바이오TOP10액티브,KRX 바이오 TOP 10 지수,20241224,20260921,국내주식형,
0001P0,마이티 바이오시밀러&CDMO액티브,FnGuide 바이오시밀러&CDMO 지수,20241224,20260921,국내주식형,
0001S0,TIGER 26-04 회사채(A+이상)액티브,KIS 회사채 2604만기형 지수,20241224,20260421,제외,채권·금리·현금성:회사채
0002C0,에셋플러스 인도일등기업포커스20액티브,MSCI India IMI Index(PR),20250225,20260921,제외,해외:인도
0004G0,1Q 미국배당30 | 1Q 미국배당TOP30,Solactive U.S. Dividend TOP 30 Index PR,20250121,20260921,제외,해외:미국
0005A0,KODEX 미국S&P500데일리커버드콜OTM,S&P 500 Covered Call 1% OTM Daily Index(TR),20250107,20260921,제외,해외:미국
0005C0,RISE 미국S&P500엔화노출(합성 H),S&P500 Yen Hedged Index(PR),20250114,20260921,제외,해외:미국
0005D0,SOL 전고체배터리&실리콘음극재,FnGuide 전고체배터리&실리콘음극재 지수(PR),20250107,20260921,국내주식형,
0005G0,IBK K-AI반도체코어테크 | ITF K-AI반도체코어테크,FnGuide K-AI반도체 코어테크 지수,20250121,20260921,국내주식형,
0007F0,KODEX 27-12 회사채(AA-이상)액티브,KAP 27-12 회사채 총수익 지수(AA-이상),20250114,20260921,제외,채권·금리·현금성:회사채
0007G0,PLUS 글로벌원자력밸류체인,Solactive Global Nuclear Energy Value Chain Index(PR),20250114,20260921,제외,해외:글로벌
0007N0,아이엠에셋 200,코스피 200,20250211,20260921,국내주식형,
0008E0,ACE 미국중심중소형제조업,NYSE FactSet US Focus Manufacturing Index(Price Return),20250121,20260921,제외,해외:미국
0008S0,TIGER 미국배당다우존스타겟데일리커버드콜,Dow Jones U.S. Dividend 100 10% Daily Premium Covered Call 지수,20250121,20260921,제외,해외:미국
0008T0,SOL 화장품TOP3플러스,FnGuide 화장품TOP3 플러스 지수(PR),20250121,20260921,국내주식형,
0010E0,ACE FTSE WGBI Korea,FTSE Korean Government Bond Index(TR),20250218,20260420,제외,수동: 채권(국고채·은행채·물가채·전단채·WGBI) — 키워드 '국채'가 '국고채'를 못 잡음
0013P0,RISE 미국은행TOP10,KEDI 미국 은행 TOP10 지수,20250218,20260921,제외,해외:미국
0013R0,RISE 테슬라미국채타겟커버드콜혼합(합성),KEDI 테슬라미국30년국채15%타겟프리미엄 혼합지수(TR),20250218,20260921,제외,해외:미국
0015B0,KoAct 미국나스닥성장기업액티브,나스닥 종합주가지수,20250225,20260921,제외,해외:미국
0015E0,KIWOOM 엔비디아미국30년국채혼합액티브(H),Bloomberg Blended NVIDIA and US Long Treasury Bond Index,20250211,20260921,제외,해외:미국
0015F0,KIWOOM 팔란티어미국30년국채혼합액티브(H),Bloomberg Blended PALANTIR and US Long Treasury Bond Index,20250211,20260921,제외,해외:미국
0015K0,TIGER 미국소비트렌드액티브,Mirae Asset US Consumer Trend 지수 (Net Total Return) | Mirae Asset US Consumer Trend 지수 (PR),20250218,20260921,제외,해외:미국
0016X0,SOL 중단기회사채(A-이상)액티브,KIS 중단기크레딧플러스채권(AA+~A-)지수(총수익),20250218,20260921,제외,채권·금리·현금성:채권
0017Y0,1Q 종합채권(AA-이상)액티브,KIS 종합채권형 지수(AA-이상)(총수익),20250225,20260921,제외,채권·금리·현금성:채권
0018C0,PLUS 고배당주위클리고정커버드콜,코스피 고배당 위클리 고정 커버드콜 지수,20250305,20260921,제외,구조가 다른 상품:커버드콜
0018Z0,RISE 미국양자컴퓨팅,Solactive US Quantum Computing Technology Index PR,20250311,20260921,제외,해외:미국
0019K0,TIME 미국나스닥100채권혼합50액티브 | TIMEFOLIO 미국나스닥100채권혼합50액티브,FnGuide 미국나스닥100 단기채권혼합 지수,20250325,20260921,제외,해외:미국
0020H0,KoAct 글로벌양자컴퓨팅액티브,FactSet 글로벌양자컴퓨팅 PR 지수,20250311,20260921,제외,해외:글로벌
0021C0,ACE TDF장기자산배분액티브 | ACE 장기자산배분액티브,Bloomberg Multi Asset Target-date 2080 KRW Index,20250311,20260708,제외,채권·금리·현금성:TDF
0021D0,ACE TDF2030액티브 | ACE TDF2030액티브 적격,Bloomberg Multi Asset Target-date 2030 KRW Index,20250311,20260706,제외,채권·금리·현금성:TDF
0021E0,ACE TDF2050액티브 | ACE TDF2050액티브 적격,Bloomberg Multi Asset Target-date 2050 KRW Index,20250311,20260708,제외,채권·금리·현금성:TDF
0022T0,SOL 골드커버드콜액티브 | SOL 국제금커버드콜액티브,KEDI 골드인컴프리미엄 지수(NTR),20250311,20260921,제외,원자재·통화:골드
0023A0,SOL 미국양자컴퓨팅TOP10,KEDI 미국양자컴퓨팅 TOP10(PR),20250311,20260921,제외,해외:미국
0023B0,PLUS 미국양자컴퓨팅TOP10,iSelect 미국양자컴퓨팅 TOP10 (PR),20250311,20260921,제외,해외:미국
0025N0,TIGER TDF2045 | TIGER TDF2045 적격,S&P 500 and Korea Target Date 2045 (KRW) TR 지수 | S&P Korea Target Date 2045 Global Index,20250325,20260921,제외,해외:S&P
0026E0,KODEX 미국S&P500버퍼3월액티브,S&P500 10% Buffered Index March Series (USD) TR,20250325,20260921,제외,해외:미국
0026S0,1Q 미국S&P500,S&P 500,20250318,20260921,제외,해외:미국
0028X0,KODEX 미국금융테크액티브,iSelect 미국 차세대 파이낸셜 테크 지수(시장가격),20250527,20260921,제외,해외:미국
0035T0,PLUS 글로벌휴머노이드로봇액티브,iSelect 글로벌휴머노이드로봇 (PR),20250415,20260921,제외,해외:글로벌
0036D0,TIME 미국배당다우존스액티브 | TIMEFOLIO 미국배당다우존스액티브,Dow Jones U.S. Dividend 100 Price Return Index,20250429,20260818,제외,해외:미국
0036R0,RISE 미국휴머노이드로봇,KEDI 미국 휴머노이드 로봇 지수(시장가격),20250415,20260921,제외,해외:미국
0036Z0,RISE 미국천연가스밸류체인,Solactive US Natural Gas Value Chain Index PR,20250422,20260921,제외,해외:미국
0038A0,KODEX 미국휴머노이드로봇,iSelect 미국 휴머노이드 로봇 지수(Price Return),20250415,20260921,제외,해외:미국
0040S0,HANARO 글로벌피지컬AI액티브,Solactive Physical AI Index,20250422,20260921,제외,해외:글로벌
0040X0,SOL 팔란티어미국채커버드콜혼합,KEDI 팔란티어미국채커버드콜혼합지수(NTR),20250422,20260921,제외,해외:미국
0040Y0,SOL 팔란티어커버드콜OTM채권혼합,KEDI 팔란티어커버드콜OTM 채권혼합지수(NTR),20250422,20260921,제외,채권·금리·현금성:채권
0041D0,KODEX 미국AI소프트웨어TOP10,iSelect 미국 AI 소프트웨어 TOP10 지수(PR),20250422,20260921,제외,해외:미국
0041E0,KODEX 미국S&P500액티브,S&P 500,20250422,20260921,제외,해외:미국
0043B0,TIGER 머니마켓액티브,KIS-미래에셋 MMF지수,20250422,20260921,제외,채권·금리·현금성:머니마켓
0043Y0,TIME 차이나AI테크액티브 | TIMEFOLIO 차이나AI테크액티브,Solactive China Artificial Intelligence 지수(원화환산)(PR),20250513,20260921,제외,해외:차이나
0046A0,TIGER 미국초단기(3개월이하)국채,ICE 0-3 Month US Treasury Securities 지수,20250429,20260921,제외,해외:미국
0046Y0,ACE 미국배당퀄리티,WisdomTree U.S. Quality Dividend Growth Index (Price Return),20250513,20260921,제외,해외:미국
0047A0,TIGER 차이나테크TOP10,Mirae Asset China Tech Top 10 지수 (Price Return),20250513,20260921,제외,해외:차이나
0047N0,PLUS 차이나AI테크TOP10,Solactive China AI Tech Top10 Index(PR),20250513,20260921,제외,해외:차이나
0047P0,RISE 테슬라고정테크100,KEDI 테슬라고정테크100 지수(PR),20250513,20260921,제외,수동: 해외 개별기업(테슬라·팔란티어·엔비디아·브로드컴·BYD·구글·TSMC·버크셔·애플·일라이릴리) 편입 — 해외장 오염
0047R0,RISE 팔란티어고정테크100,KEDI 팔란티어고정테크100 지수(PR),20250513,20260921,제외,수동: 해외 개별기업(테슬라·팔란티어·엔비디아·브로드컴·BYD·구글·TSMC·버크셔·애플·일라이릴리) 편입 — 해외장 오염
0048J0,KODEX 미국머니마켓액티브,KAP 미국 머니마켓 지수,20250513,20260921,제외,해외:미국
0048K0,KODEX 차이나휴머노이드로봇,Solactive China Humanoid Robotics Index (CNH) (Price Return),20250513,20260921,제외,해외:차이나
0049K0,ACE 미국배당퀄리티채권혼합50,Bloomberg WisdomTree U.S. Quality Dividend & Short Term KRW Bonds 50:50 TR Index,20250513,20260921,제외,해외:미국
0049M0,ACE 미국배당퀄리티+커버드콜액티브,Bloomberg WisdomTree U.S. Quality Dividend & B500 Premium Decrement 50:50 Index,20250513,20260921,제외,해외:미국
0050E0,PLUS 미국AI에이전트,Solactive US AI Agents Index(PR),20250520,20260921,제외,해외:미국
0051A0,KoAct 브로드컴밸류체인액티브,FactSet 브로드컴밸류체인 지수,20250520,20260921,제외,수동: 해외 개별기업(테슬라·팔란티어·엔비디아·브로드컴·BYD·구글·TSMC·버크셔·애플·일라이릴리) 편입 — 해외장 오염
0051G0,SOL 미국원자력SMR,KEDI 미국원자력 SMR 지수(PR),20250520,20260921,제외,해외:미국
0052D0,TIGER 코리아배당다우존스,Dow Jones Korea Dividend 30 지수 (Price Return),20250520,20260921,국내주식형,수동: 코리아배당다우존스 — 국내 배당주 지수('다우존스'는 지수 산출사)
0052S0,1Q 미국S&P500미국채혼합50액티브,S&P 500 and Short-Term Treasury 50/50 Blend Index,20250610,20260921,제외,해외:미국
0052T0,1Q 중단기회사채(A-이상)액티브,KEDI 중단기크레딧플러스채권(AAA~A-)지수(총수익),20250527,20260921,제외,채권·금리·현금성:채권
0053L0,TIGER 차이나휴머노이드로봇,Mirae Asset China Humanoid Robot 지수(PR),20250527,20260921,제외,해외:차이나
0053M0,더제이 중소형포커스액티브,코스피 200 중소형주지수,20250722,20260921,국내주식형,
0057H0,PLUS 미국S&P500미국채혼합50액티브,S&P 500 and U.S. Treasury Bill 0-3 Month 50/50 Blend Index (USD),20250610,20260921,제외,해외:미국
0060H0,TIGER 토탈월드스탁액티브,FTSE Global All Cap Index(PR),20250624,20260921,제외,해외:GLOBAL
0061Z0,RISE 단기특수은행채액티브,KAP 단기 특수은행채 지수(시장가격),20250624,20260921,제외,채권·금리·현금성:단기
0064K0,KODEX 금액티브,Bloomberg Gold Spot NY 4pm USD Index,20250617,20260921,제외,원자재·통화:GOLD
0065G0,KODEX 차이나테크TOP10,Hang Seng China Tech Top 10 Select Index (HKD) (Price Return),20250617,20260921,제외,해외:차이나
0066W0,SOL 국제금,KEDI 국제금현물 ETF 가격지수(PR),20250617,20260921,제외,원자재·통화:금현물
0067V0,TIGER 차이나글로벌리더스TOP3+,"Solactive-KEDI 차이나글로벌리더스TOP3플러스 지수 (Price Return, CNH)",20250617,20260921,제외,해외:차이나
0067Y0,TIGER 차이나AI소프트웨어,"Mirae Asset China AI Software 지수 (Price Return, HKD)",20250617,20260921,제외,해외:차이나
0068M0,KODEX 미국S&P500버퍼6월액티브,S&P500 10% Buffered Index June Series (USD) TR,20250624,20260921,제외,해외:미국
0069M0,1Q 미국나스닥100,NASDAQ 100,20250624,20260921,제외,해외:미국
0072R0,TIGER KRX금현물,KRX 금현물지수,20250624,20260921,제외,원자재·통화:금현물
0073X0,FOCUS 알리바바미국채커버드콜혼합,KEDI 알리바바미국채커버드콜혼합지수(TR),20250701,20260921,제외,해외:미국
0074K0,KoAct K수출핵심기업TOP30액티브,KEDI K수출핵심기업TOP30 지수(PR),20250708,20260921,국내주식형,
0078V0,PLUS 미국로보택시,KEDI 미국로보택시 지수(PR),20250722,20260921,제외,해외:미국
0079X0,ACE BYD밸류체인액티브,Bloomberg BYD Plus Top Supply Chain Select Price Return Index,20250715,20260921,제외,수동: 해외 개별기업(테슬라·팔란티어·엔비디아·브로드컴·BYD·구글·TSMC·버크셔·애플·일라이릴리) 편입 — 해외장 오염
0080G0,KODEX K방산TOP10 | KODEX 방산TOP10,iSelect 방산 TOP10 지수(Price Return),20250715,20260921,국내주식형,
0080X0,SOL 미국S&P500미국채혼합50,S&P 500 and iBoxx $ Treasuries 7-10Y 5050 Blend Index(USD) PR/TR Hybrid,20250715,20260921,제외,해외:미국
0080Y0,SOL 조선TOP3플러스레버리지,FnGuide 조선TOP3플러스지수(PR),20250715,20260921,제외,구조가 다른 상품:레버리지
0082F0,HANARO 유럽방산,Stoxx 유럽 방산 지수,20250729,20260921,제외,해외:유럽
0082V0,KODEX TDF2060액티브 | KODEX TDF2060액티브 적격,Samsung Korea Target Date 2060 Index,20250722,20260921,제외,채권·금리·현금성:TDF
0083S0,1Q 미국메디컬AI,KEDI 미국메디컬AI 지수,20250722,20260921,제외,해외:미국
0084D0,KIWOOM 미국테크100월간목표헤지액티브,Akros 미국테크100 월간방어적배분 지수(TR),20250722,20260921,제외,해외:미국
0084E0,KIWOOM 미국대형주500월간목표헤지액티브,Akros 미국대형주500 월간방어적배분 지수(TR),20251021,20260921,제외,해외:미국
0085N0,ACE 미국10년국채액티브(H),ICE U.S. Treasury 7-10 Year Bond Index (Total Return),20250722,20260921,제외,해외:미국
0085P0,ACE 미국10년국채액티브,ICE U.S. Treasury 7-10 Year Bond Index (Total Return),20250722,20260921,제외,해외:미국
0086B0,TIGER 리츠부동산인프라TOP10액티브,KEDI 리츠부동산인프라TOP10지수 (Price Return),20250729,20260921,제외,구조가 다른 상품:리츠
0086C0,TIGER 리츠부동산인프라10채권혼합액티브,KEDI 리츠부동산인프라TOP10채권혼합지수 (Price Return),20250729,20260921,제외,채권·금리·현금성:채권
0087F0,ACE 차이나AI빅테크TOP2+액티브,Solactive China AI Big Tech TOP2+ Index (Price Return),20250729,20260921,제외,해외:차이나
0088N0,WON K-글로벌수급상위,DeepSearch 외인수급 Top20 지수,20250812,20260921,제외,해외:글로벌
0089B0,PLUS 미국나스닥100미국채혼합50,Nasdaq-100 US T-Bills 1-3 Month 50/50 Index (USD),20250819,20260921,제외,해외:미국
0089C0,KODEX 미국S&P500변동성확대시커버드콜,Cboe S&P 500 Volatility Contingent Daily Covered Call Index(Total Retrun),20250812,20260921,제외,해외:미국
0089D0,KODEX 금융고배당TOP10,코스피 200 금융 고배당 TOP 10 지수,20250812,20260921,국내주식형,
0090B0,PLUS K방산소부장,Akros K방산소부장 지수(PR),20250826,20260921,국내주식형,
0091C0,KODEX 미국10년국채액티브(H),KAP 미국 국채 10년 지수(총수익),20250819,20260921,제외,해외:미국
0091M0,HANARO 27-06 회사채(AA-이상)액티브,KIS 회사채(AA-이상)2706만기형지수(총수익),20250826,20260921,제외,채권·금리·현금성:회사채
0091P0,TIGER 코리아원자력,iSelect 코리아 원자력 지수 (Price Return),20250819,20260921,국내주식형,
0092B0,SOL 한국원자력SMR,FnGuide 한국원자력 SMR 지수(PR),20250819,20260921,국내주식형,
0092C0,SOL 27-12 회사채(AA-이상)액티브,"KAP 27-12 크레딧 채권지수(AA-이상, 총수익)",20250819,20260921,제외,채권·금리·현금성:채권
0093A0,RISE AI반도체TOP10,FnGuide AI반도체TOP10 지수,20250826,20260921,국내주식형,
0093B0,RISE 엔비디아고정테크100,KEDI 엔비디아고정테크100 지수(PR),20250826,20260921,제외,수동: 해외 개별기업(테슬라·팔란티어·엔비디아·브로드컴·BYD·구글·TSMC·버크셔·애플·일라이릴리) 편입 — 해외장 오염
0093D0,KoAct 팔란티어밸류체인액티브,KEDI 팔란티어밸류체인지수(PR),20250826,20260921,제외,수동: 해외 개별기업(테슬라·팔란티어·엔비디아·브로드컴·BYD·구글·TSMC·버크셔·애플·일라이릴리) 편입 — 해외장 오염
0094K0,TIGER 28-04 회사채(A+이상)액티브,KIS 회사채 2804만기형 지수(총수익),20250826,20260921,제외,채권·금리·현금성:회사채
0094L0,RISE 차이나테크TOP10위클리타겟커버드콜,Bloomberg China Tech Select TOP 10 + 12% Target Premium Weekly Index,20250902,20260921,제외,해외:차이나
0094M0,RISE 코리아밸류업위클리고정커버드콜,코리아 밸류업 위클리 커버드콜 30% 지수,20250902,20260921,제외,구조가 다른 상품:커버드콜
0094X0,1Q 샤오미밸류체인액티브,Solactive-KEDI Xiaomi Focus China Tech Index,20250902,20260921,제외,해외:CHINA
0097L0,KIWOOM 한국고배당&미국AI테크,Akros 미국AI테크TOP10&한국고배당3070 지수,20250902,20260921,제외,해외:미국
0098F0,KODEX K원자력SMR | KODEX 원자력SMR,iSelect 원자력SMR 지수(Price Return),20250916,20260921,국내주식형,
0098N0,PLUS 자사주매입고배당주,FnGuide 고배당주 플러스 자사주 지수 (PR),20250916,20260921,국내주식형,
0098Z0,FOCUS 200,코스피 200,20250923,20260921,국내주식형,
0099L0,ACE 우량회사채(AA-이상)액티브,KIS 1~3년 우량크레딧(AA-이상) 총수익지수,20250909,20260921,제외,채권·금리·현금성:회사채
0100K0,KODEX K방산TOP10레버리지 | KODEX 방산TOP10레버리지,iSelect 방산 TOP10 지수(Price Return),20250916,20260921,제외,구조가 다른 상품:레버리지
0101N0,RISE AI전력인프라,KRX-Akros AI 전력인프라 지수,20250923,20260921,국내주식형,수동: AI전력인프라 — 국내 주식 테마('인프라'는 인프라펀드가 아님)
0102A0,TIGER 미국AI소프트웨어TOP4Plus,Akros U.S. AI Software TOP4 Plus 지수 (Price Return),20250909,20260921,제외,해외:미국
0102X0,ACE 유럽방산TOP10,NYSE FactSet Europe Defense TOP10 Index (Price Return),20250923,20260921,제외,해외:유럽
0103T0,1Q K소버린AI,iSelect K소버린AI 지수,20250930,20260921,국내주식형,
0104G0,PLUS K방산레버리지,FnGuide K-방위산업 지수,20250930,20260921,제외,구조가 다른 상품:레버리지
0104H0,KoAct 미국나스닥채권혼합50액티브,FnGuide 미국나스닥 금융채권혼합 지수,20250930,20260921,제외,해외:미국
0104N0,TIGER 200타겟위클리커버드콜,코스피 200 타겟 7% 위클리 커버드콜 지수,20250923,20260921,제외,구조가 다른 상품:커버드콜
0104P0,TIGER 코리아배당다우존스위클리커버드콜,KRX 다우존스 코리아 배당 30 타겟 7% 위클리 커버드콜 지수,20250923,20260921,제외,해외:다우
0105D0,SOL 한국AI소프트웨어,KEDI 한국AI소프트웨어 지수(PR),20250923,20260921,국내주식형,
0105E0,SOL 코리아고배당,FnGuide 코리아 고배당 지수(PR),20250923,20260921,국내주식형,
0107F0,KIWOOM 미국고배당&AI테크,Akros 미국AI테크TOP10&미국고배당3070 지수,20250923,20260921,제외,해외:미국
0111J0,HANARO 증권고배당TOP3플러스,FnGuide 증권 고배당 TOP3 플러스 지수,20251028,20260921,국내주식형,
0111P0,1Q 미국나스닥100미국채혼합50액티브,Nasdaq-100 US T-Bills 0-6 Month 50/50 Index,20250930,20260921,제외,해외:미국
0112X0,마이티 200TR,코스피 200 TR,20251028,20260921,국내주식형,
0113D0,TIME 글로벌탑픽액티브 | TIMEFOLIO 글로벌탑픽액티브,"Bloomberg World Large, Mid & Small cap PR Index",20251028,20260921,제외,해외:글로벌
0113G0,KoAct 미국바이오헬스케어액티브,Solactive 미국바이오헬스케어지수 PR,20251111,20260921,제외,해외:미국
0113P0,HK 머니마켓액티브,KAP 머니마켓 지수(총수익),20250930,20260921,제외,채권·금리·현금성:머니마켓
0114X0,RISE 글로벌게임테크TOP3Plus,Solactive-KEDI 글로벌 게임 테크 TOP3 플러스 지수,20251021,20260921,제외,해외:글로벌
0115C0,RISE 미국고배당다우존스TOP10,Dow Jones U.S. High Dividend 10 Index,20251021,20260921,제외,해외:미국
0115D0,KODEX K조선TOP10 | KODEX 조선TOP10,KRX 조선 TOP10,20251028,20260921,국내주식형,
0115E0,KODEX 코리아소버린AI,KRX 코리아 소버린 AI 지수,20251021,20260921,국내주식형,
0117L0,KODEX 26-12 금융채(AA-이상)액티브,KAP 26-12 금융채 총수익 지수(AA-이상),20251028,20260921,제외,채권·금리·현금성:금융채
0117V0,TIGER 코리아AI전력기기TOP3플러스,KEDI 코리아AI전력기기TOP3플러스 지수,20251021,20260921,국내주식형,
0118S0,SOL 미국넥스트테크TOP10액티브,KEDI 미국넥스트테크TOP10(PR),20251028,20260921,제외,해외:미국
0118Z0,ACE 미국AI테크핵심산업액티브,Akros U.S. AI Innovator Price Return Index,20251028,20260921,제외,해외:미국
0119H0,KODEX 28-12 회사채(AA-이상)액티브,KAP 28-12 회사채 총수익 지수(AA- 이상),20251104,20260921,제외,채권·금리·현금성:회사채
0120J0,BNK 카카오그룹포커스,FnGuide 카카오그룹 포커스 지수,20251202,20260921,국내주식형,
0122W0,RISE 26-11 회사채(AA-이상)액티브,KAP 26-11 회사채(AA-이상) 총수익지수,20251118,20260921,제외,채권·금리·현금성:회사채
0123G0,TIGER 미국AI전력SMR,Akros U.S. AI Electricity SMR Index 지수(PR),20251104,20260921,제외,해외:미국
0123S0,HANARO 26-12 은행채(AA+이상)액티브,KIS 은행채2612만기형 지수,20251216,20260921,제외,수동: 채권(국고채·은행채·물가채·전단채·WGBI) — 키워드 '국채'가 '국고채'를 못 잡음
0127M0,ACE 미국대형가치주액티브,CRSP US Large Cap Value Index(PR),20251111,20260921,제외,해외:미국
0127P0,ACE 미국대형성장주액티브,CRSP US Large Cap Growth Index(PR),20251111,20260921,제외,해외:미국
0127R0,RISE 미국AI클라우드인프라,Akros 미국 AI 클라우드 인프라 지수(Price Return),20251125,20260921,제외,해외:미국
0127T0,KIWOOM 미국S&P500&배당다우존스비중전환,S&P500 생애배당다우존스 2040 지수,20251111,20260921,제외,해외:미국
0127V0,KIWOOM 미국S&P500 TOP10&배당다우비중전환,S&P500 TOP10 생애배당다우존스 2040 지수,20251111,20260921,제외,해외:미국
0128D0,PLUS 차이나항셍테크위클리타겟커버드콜,HSTECH 15% Target Premium Weekly Covered Call Index,20251118,20260921,제외,해외:차이나
0131A0,SOL 차이나소비트렌드,SOLACTIVE-KEDI CHINA CONSUMER TREND INDEX(PR),20251125,20260921,제외,해외:차이나
0131V0,1Q 미국우주항공테크,Akros 미국우주항공테크 지수,20251125,20260921,제외,해외:미국
0131W0,1Q 단기특수은행채액티브,KIS 단기특수은행채 지수(총수익),20251125,20260921,제외,채권·금리·현금성:단기
0132D0,KoAct 글로벌K컬처밸류체인액티브,KEDI 글로벌 K컬처밸류체인 지수(PR),20251125,20260921,제외,해외:글로벌
0132H0,KODEX 미국원자력SMR,iSelect 미국원자력SMR 지수(Price Return),20251125,20260921,제외,해외:미국
0132K0,PLUS 테슬라위클리커버드콜채권혼합,Akros 테슬라 위클리 커버드콜 채권혼합 지수,20251209,20260921,제외,채권·금리·현금성:채권
0133E0,TIGER 차이나증권,Solactive China Securities Index (Price Return),20260203,20260921,제외,해외:차이나
0135Y0,IBK 중기종합채권(AA-이상)액티브 | ITF 중기종합채권(AA-이상)액티브,"KIS 중기종합채권 (1~5Y, AA-이상, 총수익)",20251216,20260921,제외,채권·금리·현금성:채권
0137V0,KIWOOM 미국S&P500모멘텀,S&P500 모멘텀 지수,20251209,20260921,제외,해외:미국
0137W0,KIWOOM 미국S&P500&GOLD,S&P500 & S&P GSCI 금현물 90/10 혼합지수,20251209,20260921,제외,해외:미국
0138D0,RISE 동학개미,FnGuide 동학개미 지수,20251216,20260921,국내주식형,
0138T0,RISE 미국S&P500데일리고정커버드콜,S&P500 10% Daily Fixed Covered Call Index,20251223,20260921,제외,해외:미국
0138Y0,PLUS 금채권혼합,Akros 미국 금현물 ETF 채권혼합 지수,20251216,20260921,제외,해외:미국
0139F0,TIGER 12월자동연장금융채(AA-이상)액티브,KIS 12월 만기 자동연장금융채(AA-이상) 총수익지수,20251209,20260921,제외,채권·금리·현금성:금융채
0139P0,ACE 고배당주,KRX-Akros 고배당주 20 지수,20251216,20260921,국내주식형,
0141S0,SOL 조선기자재,FnGuide 조선기자재 지수(PR),20251216,20260921,국내주식형,
0141T0,SOL 중기종합채권(AA-이상)액티브,"KAP K-중기종합채권지수(AA-이상,총수익)",20251216,20260921,제외,채권·금리·현금성:채권
0142D0,TIGER 미국AI데이터센터TOP4Plus,Akros U.S. AI Data Center TOP4 Plus 지수(PR),20251209,20260921,제외,해외:미국
0144L0,KODEX 미국성장커버드콜액티브,NASDAQ 100,20251223,20260921,제외,해외:미국
0144M0,KODEX 미국드론UAM TOP10,iSelect 미국드론UAM TOP10 지수(Price Return),20251223,20260921,제외,해외:미국
0148J0,TIGER 코리아휴머노이드로봇산업,KEDI 코리아 휴머노이드로봇산업 지수 (PR),20260106,20260921,국내주식형,
0150K0,KoAct 수소전력ESS인프라액티브,FnGuide 수소전력ESS인프라 지수(PR),20260113,20260921,국내주식형,수동: 수소전력ESS인프라 — 국내 주식 테마
0151P0,RISE 코리아전략산업액티브,KAP 코리아전략산업지수,20260120,20260921,국내주식형,
0151S0,KODEX 미국AI반도체TOP3플러스,Akros 미국 AI 반도체 Top 3 플러스 지수 (Price Return),20260113,20260921,제외,해외:미국
0152E0,SOL 배당성향탑픽액티브,FnGuide 배당성향탑픽 지수(PR),20260113,20260921,국내주식형,
0153K0,KODEX 주주환원고배당주,Akros 주주환원 고배당 지수 (Price Return),20260120,20260921,국내주식형,
0153P0,ACE 리츠부동산인프라액티브,FnGuide 맥쿼리인프라 배당 리츠 지수 (시장가격),20260120,20260921,제외,구조가 다른 상품:리츠
0153X0,PLUS 미국고배당주액티브,Akros 미국 고배당주 20 지수,20260127,20260921,제외,해외:미국
0154F0,WON 초대형IB&금융지주,iSelect 초대형IB&금융지주 지수,20260120,20260921,국내주식형,
0154H0,KoAct 차이나바이오헬스케어액티브,Solactive 차이나바이오헬스케어지수 PR,20260127,20260921,제외,해외:차이나
0155M0,ACE 미국SMR원자력TOP10,Solactive US SMR Nuclear TOP 10 Index (Price Return),20260203,20260921,제외,해외:미국
0155N0,HANARO K휴머노이드테마TOP10,iSelect K휴머노이드테마TOP10 지수,20260226,20260921,국내주식형,
0162L0,KODEX 차이나AI반도체TOP10,Indxx China AI Semiconductor Top 10 Index (Price Return),20260226,20260921,제외,해외:차이나
0162M0,KODEX 금융채1~2년(AA-이상)PLUS액티브,KAP 금융채 1-2년 총수익 지수,20260226,20260921,제외,채권·금리·현금성:금융채
0162Y0,TIME 코스닥액티브,코스닥,20260310,20260921,국내주식형,
0162Z0,RISE 삼성전자SK하이닉스채권혼합50,KAP 삼성전자SK하이닉스채권혼합50 지수,20260226,20260921,제외,채권·금리·현금성:채권
0163Y0,KoAct 코스닥액티브,코스닥,20260310,20260921,국내주식형,
0164G0,RISE 차이나AI반도체TOP4Plus,Solactive China AI Semiconductor TOP 4 Plus Index,20260310,20260921,제외,해외:차이나
0166N0,PLUS 코스닥150액티브,코스닥 150,20260317,20260921,국내주식형,
0166S0,PLUS K제조업핵심기업액티브,Akros K제조업 50 지수,20260324,20260921,국내주식형,
0166T0,PLUS 글로벌저작권핵심기업액티브,iSelect 미국AI지적재산 지수(PR),20260331,20260921,제외,해외:미국
0167A0,SOL AI반도체TOP2플러스,FnGuide AI반도체 TOP2 플러스 지수(PR),20260317,20260921,국내주식형,
0167B0,SOL 200타겟위클리커버드콜,코스피 200 타겟 15% 위클리 커버드콜 지수,20260317,20260921,제외,구조가 다른 상품:커버드콜
0167Z0,KODEX 미국우주항공,iSelect 미국우주항공지수(Price Return),20260317,20260921,제외,해외:미국
0168K0,TIGER 기술이전바이오액티브,KRX 기술이전 바이오 지수,20260317,20260921,국내주식형,
0172V0,1Q 은액티브,Bloomberg Blended Silver Spot USD index,20260331,20260921,제외,수동: 은(銀) — '은 선물'·'실버' 키워드가 '은액티브'를 못 잡음
0172Y0,ACE K수출핵심TOP10산업액티브,iSelect K수출핵심산업 지수 (시장가격),20260331,20260921,국내주식형,
0173Y0,KODEX 미국AI광통신네트워크,Akros 미국 AI 광통신 및 네트워크 인프라 지수(PR),20260331,20260921,제외,해외:미국
0174B0,KoAct 글로벌AI메모리반도체액티브,Solactive 글로벌AI메모리반도체 지수 (PR),20260414,20260921,제외,해외:글로벌
0174J0,DAISHIN 오피스리츠플러스 | DAISHIN343 오피스리츠플러스,KRX 프라임 오피스 리츠 지수,20260331,20260921,제외,구조가 다른 상품:리츠
0174R0,KIWOOM 미국성장다우존스,미국성장다우존스 지수,20260331,20260921,제외,해외:미국
0176E0,RISE 미국AI전력인프라액티브,Solactive US AI Electricity Infrastructure Index PR,20260407,20260921,제외,해외:미국
0176P0,FOCUS AI반도체위클리고정커버드콜,AI 반도체 위클리 고정 30% 커버드콜 지수,20260407,20260921,제외,구조가 다른 상품:커버드콜
0177A0,WON 두산그룹포커스,iSelect 두산그룹 포커스 지수,20260331,20260921,국내주식형,
0177N0,KODEX 삼성전자SK하이닉스채권혼합50,Wise 삼성전자 SK하이닉스 채권혼합 지수,20260407,20260921,제외,채권·금리·현금성:채권
0177R0,TIGER 반도체TOP10커버드콜액티브,FnGuide 반도체 TOP10 Capped 지수(Price Return),20260421,20260921,제외,구조가 다른 상품:커버드콜
0177X0,ACE K휴머노이드로봇산업TOP2+,Akros K-휴머노이드 로봇 TOP2+ 지수 (시장가격),20260407,20260921,국내주식형,
0178H0,IBK 미국AI TOP10국채혼합50 | ITF 미국AI TOP10국채혼합50,FnGuide 미국AI TOP10국채혼합 지수,20260428,20260921,제외,해외:미국
0180V0,ACE 미국우주테크액티브,FnGuide 미국스페이스테크 지수(시장가격),20260414,20260921,제외,해외:미국
0181B0,HANARO 미국AI메모리반도체TOP4+,Solactive US AI Memory Semiconductor Top4+ Index,20260512,20260921,제외,해외:미국
0181L0,SOL 미국우주항공TOP10,KEDI 미국우주항공 TOP10(PR),20260421,20260921,제외,해외:미국
0182R0,1Q K반도체TOP2+,NICE K반도체 TOP2 MAX+ 지수,20260414,20260921,국내주식형,
0182S0,1Q K반도체TOP2채권혼합50,KEDI K반도체TOP2채권혼합 지수,20260414,20260921,제외,채권·금리·현금성:채권
0183J0,TIGER 미국우주테크,Akros U.S. Space Tech 지수(PR),20260414,20260921,제외,해외:미국
0183V0,KIWOOM 삼성전자&SK하이닉스채권혼합50,FnGuide 삼성전자 & SK하이닉스 채권혼합 지수,20260421,20260921,제외,채권·금리·현금성:채권
0184E0,1Q 200채권혼합50액티브,코스피 200 단기국공채 혼합지수,20260421,20260921,제외,채권·금리·현금성:채권
0184L0,PLUS 중기종합채권(A-이상)액티브,KIS 중기종합채권(A-이상) 지수(총수익),20260512,20260921,제외,채권·금리·현금성:채권
0184N0,PLUS 은채권혼합,Akros 은 채권혼합 지수,20260512,20260921,제외,채권·금리·현금성:채권
0184V0,UNICORN K바이오액티브 | UNICORN 코스닥바이오액티브,FnGuide K-바이오 밸런스드 지수,20260512,20260921,국내주식형,수동: 코스닥 바이오 — 기초지수명의 '밸런스'에 걸림
0185L0,TIME 글로벌휴머노이드로봇산업액티브,Solactive Global AI Humanoid Robotics 지수(원화환산)(PR),20260519,20260921,제외,해외:글로벌
0186L0,KoAct 미국로봇피지컬AI액티브,iSelect 미국로봇피지컬AI지수,20260428,20260921,제외,해외:미국
0186S0,1Q 코스닥150채권혼합50액티브,코스닥 150 단기국공채 혼합지수,20260428,20260921,제외,채권·금리·현금성:채권
0189B0,TIGER 은액티브,ICE Silver Spot 지수 (시장가격),20260428,20260921,제외,수동: 은(銀) — '은 선물'·'실버' 키워드가 '은액티브'를 못 잡음
0189Z0,DAISHIN 금융&지주고배당 | DAISHIN343 금융&지주고배당,KRX-Akros 금융 & 지주 고배당 지수,20260609,20260921,국내주식형,
0190C0,RISE 현대차고정피지컬AI,KEDI 현대차고정피지컬AI 지수,20260512,20260921,국내주식형,
0190G0,KODEX 반도체타겟위클리커버드콜,KRX 반도체 타겟 9% 분배 위클리 커버드콜 지수,20260512,20260921,제외,구조가 다른 상품:커버드콜
0190M0,KIWOOM 미국AI테크하이베타,Akros 미국AI&프론티어테크 하이베타 지수,20260512,20260921,제외,해외:미국
0190Y0,TIGER 구글밸류체인,Akros Google Value Chain 지수 (Price Return),20260512,20260921,제외,수동: 해외 개별기업(테슬라·팔란티어·엔비디아·브로드컴·BYD·구글·TSMC·버크셔·애플·일라이릴리) 편입 — 해외장 오염
0191B0,MIDAS 코스닥액티브,코스닥,20260519,20260921,국내주식형,
0191M0,마이티 5월만기자동연장특수채(AAA)액티브,KAP 5월 만기자동연장 특수채(AAA) 총수익 지수,20260602,20260921,제외,채권·금리·현금성:특수채
0191S0,IBK 코스닥150,코스닥 150,20260519,20260921,국내주식형,
0191W0,HANARO 중기종합채권(A-이상)액티브,KIS 중기종합채권시장 A-이상 총수익지수,20260519,20260921,제외,채권·금리·현금성:채권
0192L0,RISE SK하이닉스단일종목레버리지,KRX SK하이닉스 지수,20260527,20260921,제외,구조가 다른 상품:레버리지
0192M0,RISE 삼성전자단일종목레버리지,KRX 삼성전자 지수,20260527,20260921,제외,구조가 다른 상품:레버리지
0192S0,SOL 코스피200채권혼합50,코스피 200 KTB 혼합지수,20260519,20260921,제외,채권·금리·현금성:채권
0192T0,SOL 코스닥TOP10,코스닥 TOP 10 지수,20260519,20260921,국내주식형,
0192Z0,TIGER 중기종합채권(A-이상)액티브,NICE 중기종합채권(A-이상)(총수익지수),20260519,20260921,제외,채권·금리·현금성:채권
0193G0,KoAct 코스피액티브,코스피,20260519,20260921,국내주식형,
0193K0,PLUS 삼성전자단일종목레버리지,KRX 삼성전자 지수,20260527,20260921,제외,구조가 다른 상품:레버리지
0193L0,PLUS 삼성전자선물단일종목인버스2X,KRX 삼성전자 선물 지수,20260527,20260921,제외,구조가 다른 상품:인버스
0193M0,BNK 27-12 특수채(AAA이상)액티브,KAP 27-12 특수채 총수익 지수(AAA이상),20260616,20260921,제외,채권·금리·현금성:특수채
0193T0,KODEX SK하이닉스단일종목레버리지,KRX SK하이닉스 지수,20260527,20260921,제외,구조가 다른 상품:레버리지
0193W0,KODEX 삼성전자단일종목레버리지,KRX 삼성전자 지수,20260527,20260921,제외,구조가 다른 상품:레버리지
0194M0,ACE 삼성전자단일종목레버리지,KRX 삼성전자 지수,20260527,20260921,제외,구조가 다른 상품:레버리지
0194N0,KIWOOM 삼성전자선물단일종목레버리지,KRX 삼성전자 선물 지수,20260527,20260921,제외,구조가 다른 상품:레버리지
0194R0,KIWOOM SK하이닉스선물단일종목레버리지,KRX SK하이닉스 선물 지수,20260527,20260921,제외,구조가 다른 상품:레버리지
0194T0,ACE SK하이닉스단일종목레버리지,KRX SK하이닉스 지수,20260527,20260921,제외,구조가 다른 상품:레버리지
0195R0,TIGER 삼성전자단일종목레버리지,KRX 삼성전자 지수,20260527,20260921,제외,구조가 다른 상품:레버리지
0195S0,TIGER SK하이닉스단일종목레버리지,KRX SK하이닉스 지수,20260527,20260921,제외,구조가 다른 상품:레버리지
0197W0,SOL SK하이닉스단일종목레버리지,KRX SK하이닉스 지수,20260527,20260921,제외,구조가 다른 상품:레버리지
0197X0,SOL SK하이닉스선물단일종목인버스2X,KRX SK하이닉스 선물 지수,20260527,20260921,제외,구조가 다른 상품:인버스
0198A0,KIWOOM 코스닥150커버드콜액티브,코스닥 150 위클리 고정 30% 커버드콜 지수,20260630,20260921,제외,구조가 다른 상품:커버드콜
0198B0,1Q 삼성전자선물단일종목레버리지,KRX 삼성전자 선물 지수,20260527,20260921,제외,구조가 다른 상품:레버리지
0198D0,1Q SK하이닉스선물단일종목레버리지,KRX SK하이닉스 선물 지수,20260527,20260921,제외,구조가 다른 상품:레버리지
0199C0,ACE 고배당주Plus커버드콜액티브,KRX-Akros 고배당주 20 위클리 고정 30% 커버드콜 지수,20260602,20260921,제외,구조가 다른 상품:커버드콜
0203D0,PLUS 200위클리커버드콜채권혼합,코스피 200 KTB 혼합 위클리 고정 10% 커버드콜 지수,20260602,20260921,제외,채권·금리·현금성:채권
0203R0,WON 중단기종합채권(A-이상)액티브,KAP 중단기 종합채권 총수익 지수(A-이상),20260602,20260921,제외,채권·금리·현금성:채권
0203S0,WON 삼성전자현대차채권혼합50,KAP 삼성전자현대차채권혼합지수,20260602,20260921,제외,채권·금리·현금성:채권
0204D0,KODEX 현대차로보틱스밸류체인TOP3플러스,Akros 현대차로보틱스 밸류체인 TOP3 플러스 지수 (PR),20260609,20260921,국내주식형,
0204S0,TIGER 코스닥액티브,코스닥,20260602,20260921,국내주식형,
0206G0,1Q 현대차기아채권혼합50,KEDI 현대차&기아채권혼합50지수,20260609,20260921,제외,채권·금리·현금성:채권
0207G0,SOL 우주항공밸류체인,Akros 우주항공밸류체인 지수(PR),20260616,20260921,국내주식형,
0207Z0,KIWOOM 미국우주데이터센터인프라,iSelect 미국 우주데이터센터인프라 지수,20260616,20260921,제외,해외:미국
0208N0,IBK 코스피액티브,코스피,20260623,20260921,국내주식형,
0209D0,KODEX 전고체배터리ESS TOP2플러스,Akros 한국 전고체 배터리 ESS TOP2 플러스 지수(Price Return),20260623,20260921,국내주식형,
0209Z0,ACE 코리아AI전력TOP10,Akros 코리아 AI전력 TOP 10 지수 (시장가격),20260623,20260921,국내주식형,
0210A0,ACE K반도체TOP2+,KRX K-AI 반도체TOP2+ 지수,20260623,20260921,국내주식형,
0210E0,PLUS 200커버드콜액티브,코스피 200 위클리 고정 30% 커버드콜 지수,20260623,20260921,제외,구조가 다른 상품:커버드콜
0214M0,MIDAS 바이오헬스케어액티브,KRX 헬스케어,20260728,20260921,국내주식형,
0215T0,HANARO 미국AI광통신TOP10,Indxx US AI Optical Communication TOP10 Index(PR),20260714,20260921,제외,해외:미국
0216K0,KIWOOM 미국우주테크TOP2채권혼합50,Akros 미국 우주 Top 2 채권혼합 지수,20260707,20260921,제외,해외:미국
0216Z0,ACE K방산TOP5+,KRX K-AI 방산TOP5+ 지수,20260707,20260921,국내주식형,
0218J0,RISE 미국우주&로봇TOP2미국채혼합50,Akros 미국 우주-로봇 TOP2 채권혼합50 지수,20260714,20260921,제외,해외:미국
0218K0,BNK 스마트카,FnGuide 스마트카 지수,20260721,20260921,국내주식형,
0219B0,KoAct 광통신&위성네트워크액티브,FnGuide 저궤도위성 & 광통신 인프라 지수,20260714,20260921,국내주식형,수동: 광통신&위성네트워크 — 국내 주식 테마
0219E0,KODEX 200커버드콜액티브,코스피 200 커버드콜 5% OTM,20260714,20260921,제외,구조가 다른 상품:커버드콜
0219Z0,HANARO 미국S&P500액티브,S&P 500,20260804,20260921,제외,해외:미국
0220A0,KIWOOM 현대차그룹TOP3채권혼합50,FnGuide 현대차그룹TOP3 채권혼합 지수,20260714,20260921,제외,채권·금리·현금성:채권
0220B0,DS 코스닥액티브,코스닥,20260714,20260921,국내주식형,
0221V0,IBK 초단기채권액티브,KIS 단기자금 총수익지수,20260721,20260921,제외,채권·금리·현금성:채권
0221Z0,ACE K바이오코스닥액티브,KRX K-AI 바이오테크 코스닥 지수,20260721,20260921,국내주식형,
0222D0,KoAct 고배당액티브,코스피 200 고배당지수,20260728,20260921,국내주식형,
0222F0,마이티 AI데이터센터밸류체인,KAP AI데이터센터밸류체인지수,20260804,20260921,국내주식형,
0223A0,RISE 코스닥커버드콜액티브,코스닥 150 타겟 15% 위클리 커버드콜 지수,20260728,20260921,제외,구조가 다른 상품:커버드콜
0223R0,TIGER 미국테크NYSE100액티브,NYSE 100 지수(Price Return),20260721,20260921,제외,해외:미국
0224D0,KIWOOM 미국CPU반도체TOP4+,iSelect 미국CPU반도체TOP4 지수,20260728,20260921,제외,해외:미국
0224X0,1Q 엔비디아알파벳미국채혼합50,KEDI 엔비디아알파벳미국채혼합50 지수,20260728,20260921,제외,해외:미국
0225V0,KODEX 미국CPU반도체TOP10,Indxx US CPU Semiconductor TOP 10 Index (Price Return),20260804,20260921,제외,해외:미국
0226A0,PLUS SK하이닉스샌디스크채권혼합50,Akros SK하이닉스 샌디스크 채권혼합 50 지수,20260804,20260921,제외,채권·금리·현금성:채권
0226D0,FOCUS 금융반도체지주채권혼합50액티브,KAP 금융반도체지주채권혼합50지수,20260811,20260921,제외,채권·금리·현금성:채권
0226G0,WON 피지컬AI TOP2플러스액티브,FnGuide 피지컬AI TOP2플러스 지수,20260804,20260921,국내주식형,
0227K0,RISE 미국우주위성통신,Indxx US Space Satellite Communications Index PR,20260811,20260921,제외,해외:미국
0227L0,HANARO 미국에이전틱AI TOP2+,Indxx US Agentic AI TOP2+ Index(PR),20260915,20260921,제외,해외:미국
0228G0,ACE 반도체Plus전략산업,iSelect 반도체 TOP2+전략산업 지수 (시장가격),20260811,20260921,국내주식형,
0229F0,마이티 신약포커스바이오액티브,FnGuide 신약포커스바이오 지수,20260901,20260921,국내주식형,
0231Z0,KODEX 코리아TDF2065액티브 적격,FnGuide 코리아 TDF 2065 지수,20260825,20260921,제외,채권·금리·현금성:TDF
0232A0,MIDAS 머니마켓액티브,KIS-Midas 머니마켓 지수(총수익),20260901,20260921,제외,채권·금리·현금성:머니마켓
0233A0,ACE 삼성전자SK하이닉스플러스채권혼합50,KAP 삼성전자SK하이닉스플러스채권혼합50지수,20260825,20260921,제외,채권·금리·현금성:채권
0233J0,TIGER 삼성전자SK하이닉스미국채혼합50,KRX 삼성전자 SK하이닉스 미국채 혼합지수,20260825,20260921,제외,해외:미국
0233N0,RISE 글로벌AI낸드메모리반도체,iSelect 글로벌AI낸드메모리반도체지수,20260901,20260921,제외,해외:글로벌
0234N0,KIWOOM 삼성SK그룹TOP4+,Akros 삼성SK그룹 TOP4+ 지수,20260901,20260921,국내주식형,
0238F0,KODEX 미국AI메모리TOP2플러스,Akros 미국 AI 메모리 TOP2 플러스 지수(Price Return),20260915,20260921,제외,해외:미국
0238P0,TIGER 미국S&P500미국채혼합50,S&P 500 and Short-Term Treasury 50/50 Blend Index,20260908,20260921,제외,해외:미국
0239Y0,PLUS 코리아HBM반도체,Akros 한국 HBM 반도체 지수,20260915,20260921,국내주식형,
0239Z0,PLUS AI반도체소부장액티브,Akros 한국 AI 반도체 소부장 지수,20260915,20260921,국내주식형,
069500,KODEX 200,코스피 200,20100104,20260921,국내주식형,
069660,KIWOOM 200 | KOSEF 200,코스피 200,20100104,20260921,국내주식형,
091160,KODEX 반도체,KRX 반도체,20100104,20260921,국내주식형,
091170,KODEX 은행,KRX 은행,20100104,20260921,국내주식형,
091180,KODEX 자동차,KRX 자동차,20100104,20260921,국내주식형,
091190,KOSEF Banks,KRX 은행,20100104,20130625,국내주식형,
091200,KOSEF IT,KRX 정보통신,20100104,20150217,국내주식형,
091210,TIGER KRX100,KRX 100,20100104,20190919,국내주식형,
091220,TIGER 은행,KRX 은행,20100104,20260921,국내주식형,
091230,TIGER 반도체,KRX 반도체,20100104,20260921,국내주식형,
097710,TIGER 가치주 | TIGER 순수가치,MKF 순수가치,20100104,20151214,국내주식형,
097720,TIGER 미드캡 | TIGER 중형가치,MKF 중형 가치,20100104,20151214,국내주식형,
097740,KOSEF 중형순수가치,MKF 중형 순수가치,20100104,20100517,국내주식형,
097750,TREX 중소형가치,MKF 중소형 가치,20100104,20200622,국내주식형,
098560,TIGER 미디어통신 | TIGER 방송통신,KRX 방송통신,20100104,20251203,국내주식형,
099140,KODEX China H | KODEX 차이나H,Hang Seng China H,20100104,20260921,제외,해외:차이나
100910,KIWOOM KRX100 | KOSEF KRX100,KRX 100,20100104,20260921,국내주식형,
101280,KODEX Japan | KODEX 일본TOPIX100,TOPIX100,20100104,20260921,제외,해외:일본
102110,TIGER 200 | TIGER200,코스피 200,20100104,20260921,국내주식형,
102780,KODEX 삼성그룹,삼성그룹,20100104,20260921,국내주식형,
102960,KODEX 기계장비 | KODEX 조선,KRX 기계장비,20100104,20260921,국내주식형,
102970,KODEX 증권,KRX 증권,20100104,20260921,국내주식형,
104520,KIWOOM 블루칩 | KOSEF 블루칩,MKF 블루칩,20100104,20260921,국내주식형,
104530,KIWOOM 고배당 | KIWOOM 코리아고배당 | KOSEF 고배당,MKF 웰스 고배당20,20100104,20260921,국내주식형,
104580,KODEX Brazil,DJ Brazil 20,20100104,20150217,제외,수동: 해외(Brazil·BRIC·MSCI EM) — 영문 이름이라 키워드가 못 잡음
105010,TIGER 라틴 | TIGER 라틴35,BNY Latin America 35 ADR,20100104,20260921,제외,해외:라틴
105020,TIGER 브릭스,BNY BRIC Select ADR,20100104,20150217,제외,수동: 해외(Brazil·BRIC·MSCI EM) — 영문 이름이라 키워드가 못 잡음
105190,ACE 200 | KINDEX 200 | KINDEX200,코스피 200,20100104,20260921,국내주식형,
105270,KINDEX F15 | KINDEX 성장대형F15,MKF F15 VW,20100104,20160428,국내주식형,
105450,KODEX 15,MKF F15 PW,20100104,20100413,국내주식형,
105780,KBSTAR 5대그룹주 | KStar 5대그룹주 | RISE 5대그룹주,MKF 5대그룹주,20100104,20260921,국내주식형,
107560,GIANT 현대차그룹,MKF 현대차그룹,20100104,20160928,국내주식형,
108440,KINDEX 코스닥스타,스타지수,20100104,20160428,국내주식형,
108450,ACE 삼성그룹섹터가중 | KINDEX 삼성그룹SW | KINDEX 삼성그룹섹터가중 | KINDEX 삼성그룹주,MKF SAMs SW,20100104,20260921,국내주식형,
108480,KStar 코스닥엘리트30,MKF 코스닥 엘리트30,20100104,20151214,국내주식형,
108590,TREX 200,코스피 200,20100104,20260921,국내주식형,
108630,FIRST 스타우량,MKF 스타우량,20100104,20160311,국내주식형,
110550,HIT 골드 | HiShares Gold,LBMA PM FIX - Gold,20100104,20111216,제외,원자재·통화:골드
114100,KBSTAR 국고채 | KBSTAR 국고채3년 | KStar 국고채 | RISE 국고채3년,KTB INDEX(시장가격),20100104,20260921,제외,수동: 채권(국고채·은행채·물가채·전단채·WGBI) — 키워드 '국채'가 '국고채'를 못 잡음
114260,KODEX 국고채 | KODEX 국고채3년,MKF 국고채지수(총수익),20100104,20260921,제외,수동: 채권(국고채·은행채·물가채·전단채·WGBI) — 키워드 '국채'가 '국고채'를 못 잡음
114460,ACE 국고채3년 | KINDEX 국고채 | KINDEX 국고채3년 | KINDEX 중기국고채,KTB INDEX(시장가격),20100104,20260921,제외,수동: 채권(국고채·은행채·물가채·전단채·WGBI) — 키워드 '국채'가 '국고채'를 못 잡음
114470,KIWOOM 국고채3년 | KOSEF 국고채 | KOSEF 국고채3년,KTB INDEX(시장가격),20100104,20260921,제외,수동: 채권(국고채·은행채·물가채·전단채·WGBI) — 키워드 '국채'가 '국고채'를 못 잡음
114800,KODEX 인버스,코스피 200 선물지수,20100104,20260921,제외,구조가 다른 상품:인버스
114820,TIGER 국채3 | TIGER 국채3년,KTB INDEX(시장가격),20100104,20260921,제외,채권·금리·현금성:국채
117460,KODEX 에너지화학,KRX 에너지화학,20100104,20260921,국내주식형,
117680,KODEX 철강,KRX 철강,20100104,20260921,국내주식형,
117690,TIGER 차이나 | TIGER 차이나항셍25 | TIGER 차이나항셍30,Hang Seng China (Hong Kong-listed) 30 Index,20100104,20260921,제외,해외:차이나
117700,KODEX 건설,KRX 건설,20100104,20260921,국내주식형,
117740,ARIRANG LG그룹& | PREX LG그룹& | 아리랑 LG그룹&,MKF 범LG그룹주 지수,20100104,20150506,국내주식형,
120210,GREAT SRI,사회책임투자지수,20100104,20151214,국내주식형,
122090,ARIRANG KOSPI50 | ARIRANG 코스피50 | PLUS 코스피50 | 아리랑 KOSPI50,코스피 50,20100107,20260921,국내주식형,
122260,KIWOOM 통안채1년 | KOSEF 통안채 | KOSEF 통안채1년,MK 통안채지수(총수익),20100114,20260921,제외,채권·금리·현금성:통안
122390,TIGER 코스닥프리미어,코스닥 프리미어,20100208,20160428,국내주식형,
122630,KODEX 레버리지,코스피 200,20100222,20260921,제외,구조가 다른 상품:레버리지
123310,TIGER 인버스 | TIGER200인버스,코스피 200 선물지수,20100329,20260921,제외,구조가 다른 상품:인버스
123320,TIGER 레버리지 | TIGER200레버리지,코스피 200,20100409,20260921,제외,구조가 다른 상품:레버리지
123760,KBSTAR 레버리지 | KStar 레버리지,코스피 200,20100409,20161024,제외,구조가 다른 상품:레버리지
123930,KOSEF 인버스,코스피 200 선물지수,20100415,20130625,제외,구조가 다른 상품:인버스
124090,HIT 보험 | HiShares 보험,MKF 보험주 Top10 지수,20100507,20111216,국내주식형,
129270,ARIRANG 네오밸류 | PREX 네오밸류 | 아리랑 네오밸류,MKF 네오밸류 지수,20100617,20150506,국내주식형,
130680,TIGER WTI선물 | TIGER 원유선물(H) | TIGER 원유선물Enhanced(H),S&P GSCI Crude Oil Enhanced Index (ER) | S&P GSCI Crude Oil Enhanced Index ER,20100802,20260921,제외,해외:S&P
130730,KIWOOM 단기자금 | KOSEF 단기자금,MK 머니마켓 지수(총수익),20100729,20260921,제외,채권·금리·현금성:머니마켓
131890,ACE 삼성그룹동일가중 | KINDEX 삼성그룹EW | KINDEX 삼성그룹동일가중,MKF SAMs EW 지수,20100917,20260921,국내주식형,
132030,KODEX 골드선물(H),S&P GSCI Gold Index(TR),20101001,20260921,제외,해외:S&P
133690,TIGER 나스닥100 | TIGER 미국나스닥100,NASDAQ 100,20101018,20260921,제외,해외:미국
136280,KODEX 소비재,핵심소비재 지수,20101207,20170524,국내주식형,
136340,KBSTAR 우량회사채 | KBSTAR 중기우량회사채 | KStar 우량회사채 | RISE 중기우량회사채,KOBI 크레딧 지수(총수익),20110415,20260921,제외,채권·금리·현금성:회사채
137610,TIGER 농산물선물 | TIGER 농산물선물(H) | TIGER 농산물선물Enhanced(H),S&P GSCI Agriculture Enhanced Index(ER),20110111,20260921,제외,해외:S&P
137930,마이다스 200커버드콜 | 마이다스 200커버드콜5%OTM | 마이다스 커버드콜,코스피 200 커버드콜 5% OTM,20110215,20231026,제외,구조가 다른 상품:커버드콜
137990,TIGER 그린,녹색산업지수,20110127,20151214,국내주식형,
138210,GREAT GREEN,녹색산업지수,20110127,20150701,국내주식형,
138230,KIWOOM 미국달러선물 | KOSEF 달러선물 | KOSEF 미국달러선물,미국달러선물지수,20110224,20260921,제외,해외:미국
138520,TIGER 삼성그룹 | TIGER 삼성그룹펀더멘털,MKF SAMs FW,20110307,20260921,국내주식형,
138530,TIGER LG그룹+ | TIGER LG그룹+펀더멘털 | TIGER LG그룹플러스,MKF LG그룹+ FW,20110310,20260921,국내주식형,
138540,TIGER 현대차그룹+ | TIGER 현대차그룹+펀더멘털 | TIGER 현대차그룹플러스,MKF 현대차그룹+ FW,20110310,20260921,국내주식형,
138910,KODEX 구리선물(H),S&P GSCI North American Copper Index(TR),20110315,20260921,제외,해외:S&P
138920,KODEX 콩선물(H),S&P GSCI Soybeans Index(TR),20110315,20260921,제외,해외:S&P
139220,TIGER 200 건설 | TIGER 건설기계,코스피 200 건설,20110406,20260921,국내주식형,
139230,TIGER 200 중공업 | TIGER 조선운송,코스피 200 중공업,20110406,20260921,국내주식형,
139240,TIGER 200 철강소재 | TIGER 철강소재,코스피 200 철강/소재,20110406,20260921,국내주식형,
139250,TIGER 200 에너지화학 | TIGER 에너지화학,코스피 200 에너지/화학,20110406,20260921,국내주식형,
139260,TIGER 200 IT | TIGER IT | TIGER 정보통신,코스피 200 정보기술,20110406,20260921,국내주식형,
139270,TIGER 200 금융 | TIGER 금융,코스피 200 금융,20110406,20260921,국내주식형,
139280,TIGER 경기방어 | TIGER 필수소비재,코스피 200 경기방어소비재 | 코스피 200 생활소비재,20110406,20260921,국내주식형,
139290,TIGER 200 경기소비재 | TIGER 경기민감 | TIGER 경기민감소비재 | TIGER 경기소비재 | TIGER 자동차&유통,코스피 200 경기소비재,20110406,20260921,국내주식형,
139300,TIGER 블루칩30,MKF 블루칩30 지수,20110408,20130625,국내주식형,
139310,TIGER 금속선물(H),S&P GSCI Industrial Metals Select Index(TR),20110408,20250801,제외,해외:S&P
139320,TIGER 금은선물(H),S&P GSCI Precious Metals Index(TR),20110408,20260921,제외,해외:S&P
139660,KIWOOM 미국달러선물인버스 | KOSEF 달러인버스선물 | KOSEF 미국달러선물 인버스 | KOSEF 미국달러선물인버스,미국달러선물지수,20110401,20260921,제외,해외:미국
140570,KBSTAR 수출주 | KStar 수출주 | RISE 수출주,MKF 수출주 지수,20110415,20260921,국내주식형,
140580,KBKBSTAR 우량업종대표주 | KBSTAR 우량업종 | KBSTAR 우량업종대표주 | KStar 우량업종 | RISE 우량업종대표주,MKF 우량업종대표주 지수,20110415,20260921,국내주식형,
140700,KODEX 보험,KRX 보험,20110426,20260921,국내주식형,
140710,KODEX 운송,KRX 운송,20110426,20260921,국내주식형,
140950,파워 K100 | 파워 코스피100,코스피 100,20110503,20260921,국내주식형,
141240,ARIRANG K100EW | ARIRANG 코스피100동일가중 | 아리랑 K100EW,코스피 100 동일가중지수,20110518,20181109,국내주식형,
141250,ARIRANG KRX100EW | 아리랑 KRX100EW,KRX 100 동일가중지수,20110518,20150506,국내주식형,
143460,ACE 밸류대형 | KINDEX 밸류대형 | KINDEX 펀더멘털대형,FnGuide-RAFI 코리아 대형 지수,20110621,20241217,국내주식형,
143570,TIGER 인버스국채3Y,국채선물지수,20110718,20130625,제외,채권·금리·현금성:국채
143850,TIGER S&P500선물(H) | TIGER 미국S&P500선물(H),S&P 500 Futures Index(ER),20110718,20260921,제외,해외:미국
143860,TIGER 제약&바이오 | TIGER 헬스케어,KRX 헬스케어,20110718,20260921,국내주식형,
144600,KODEX 은선물(H),S&P GSCI Silver Index(TR),20110718,20260921,제외,해외:S&P
144670,KOSEF 펀더멘탈대형주,FnGuide-RAFI 코리아 대형 지수,20110718,20150506,국내주식형,
144750,KODEX 태양광,FnGuide 태양광 지수,20110727,20130625,국내주식형,
145670,ACE 인버스 | KINDEX 인버스,코스피 200 선물지수,20110908,20260921,제외,구조가 다른 상품:인버스
145850,TREX 펀더멘탈 200,FnGuide-RAFI 코리아200 지수,20110923,20260921,국내주식형,
147970,TIGER 모멘텀,FnGuide 모멘텀 지수,20111026,20260921,국내주식형,
148020,KBSTAR 200 | KStar 200 | RISE 200,코스피 200,20111020,20260921,국내주식형,
148040,PIONEER SRI,사회책임투자지수,20111020,20160907,국내주식형,
148070,KIWOOM 국고채10년 | KOSEF 10년국고채 | KOSEF 국고채10년,KIS 10년 국고채 지수 (총수익),20111020,20260921,제외,수동: 채권(국고채·은행채·물가채·전단채·WGBI) — 키워드 '국채'가 '국고채'를 못 잡음
150460,TIGER 중국소비테마,FnGuide 중국내수테마 지수,20111216,20260921,제외,해외:중국
152100,ARIRANG 200 | PLUS 200 | 아리랑 200,코스피 200,20120110,20260921,국내주식형,
152180,TIGER 생활소비재 | TIGER 생활필수품,FnGuide 생활필수품 지수,20120117,20181217,국내주식형,
152280,KOSEF 200 선물,코스피 200 선물지수,20120113,20210322,국내주식형,
152380,KODEX 10년국채선물 | KODEX 국채선물10년,10년국채선물지수,20120120,20260921,제외,채권·금리·현금성:국채
152500,ACE 레버리지 | KINDEX 레버리지,코스피 200,20120127,20260921,제외,구조가 다른 상품:레버리지
152870,파워 200 | 파워 K200,코스피 200,20120213,20260921,국내주식형,
153130,KODEX 단기채권,KRW Cash 지수(총수익),20120222,20260921,제외,채권·금리·현금성:채권
153270,KIWOOM 코스피100 | KOSEF 100 | KOSEF 코스피100 | iKon 100,코스피 100,20120228,20260921,국내주식형,
156080,KODEX KOREA MSCI | KODEX MSCI KOREA | KODEX MSCI Korea,MSCI Korea Index,20120430,20260921,국내주식형,
157450,TIGER 단기통안채 | TIGER 유동자금,KIS MSB 6M(총수익),20120516,20260921,제외,채권·금리·현금성:통안
157490,TIGER 소프트웨어,FnGuide 소프트웨어 지수,20120516,20260921,국내주식형,
157500,TIGER 증권,FnGuide 증권 지수,20120516,20260921,국내주식형,
157510,TIGER 자동차,FnGuide 자동차 지수,20120516,20181217,국내주식형,
157520,TIGER 화학,FnGuide 화학 지수,20120516,20181217,국내주식형,
157650,KStar 5대그룹주장기채+,FnGuide-KIS 5대 그룹주장기채플러스지수,20120523,20151214,제외,수동: 주식·채권 혼합(장기채+·TRF·멀티에셋)
159800,마이티 K100 | 마이티 코스피100,코스피 100,20120705,20260921,국내주식형,
160580,TIGER 구리실물,S&P GSCI Cash Copper Index,20121217,20260921,제외,해외:S&P
161490,ARIRANG 경기방어주 | ARIRANG 방어주 | 아리랑 방어주,FnGuide 경기방어주 지수,20120829,20171201,국내주식형,
161500,ARIRANG 경기주도주 | ARIRANG 주도주 | 아리랑 주도주,FnGuide 경기주도주 지수,20120829,20171201,국내주식형,
161510,ARIRANG 고배당주 | ARIRANG 배당주 | PLUS 고배당주 | 아리랑 배당주,FnGuide 배당주 지수,20120829,20260921,국내주식형,
161520,ARIRANG 자동차 | 아리랑 자동차,FnGuide 자동차+ 지수,20120829,20150217,국내주식형,
161530,ARIRANG 조선운송 | 아리랑 조선운송,FnGuide 조선운송+ 지수,20120829,20150217,국내주식형,
161540,ARIRANG 철강금속 | 아리랑 철강금속,FnGuide 철강금속+ 지수,20120829,20150217,국내주식형,
161550,ARIRANG 화학 | 아리랑 화학,FnGuide 화학+ 지수,20120829,20150217,국내주식형,
166060,KODEX 주식&골드(H),주식골드지수,20121010,20150217,제외,원자재·통화:골드
166400,TIGER 200커버드C | TIGER 200커버드콜5%OTM | TIGER 200커버드콜OTM | TIGER 커버드C200,코스피 200 커버드콜 5% OTM,20121025,20260921,제외,구조가 다른 상품:커버드콜
167860,KIWOOM 국고채10년레버리지 | KOSEF 10년국고채 레버리지 | KOSEF 국고채10년레버리지,KIS 10년 국고채 지수 (총수익),20121030,20260921,제외,구조가 다른 상품:레버리지
168300,KTOP 50 | KTOP 코스피50 | KTOP50,코스피 50,20121112,20231214,국내주식형,
168580,ACE 중국본토CSI300 | KINDEX 중국본토CSI300,CSI 300 Index,20121129,20260921,제외,해외:중국
169950,KODEX CHINA A50 | KODEX 중국본토 A50 | KODEX 차이나A50,FTSE China A50 Index,20130121,20260921,제외,해외:중국
170350,TIGER 베타플러스,FnGuide 베타플러스 지수,20130117,20210506,국내주식형,
174350,TIGER 로우볼,FnGuide Low Vol 지수,20130620,20260921,국내주식형,
174360,KBSTAR 중국본토대형주CSI100 | KStar 중국본토 CSI100 | KStar 중국본토 대형주 CSI100 | RISE 중국본토대형주CSI100,CSI A100,20130604,20260921,제외,해외:중국
176710,파워 국고채 | 파워 국고채 ETF | 파워 중기국고채,KTB INDEX(시장가격),20130522,20220719,제외,수동: 채권(국고채·은행채·물가채·전단채·WGBI) — 키워드 '국채'가 '국고채'를 못 잡음
176950,KODEX 국채선물10년인버스 | KODEX 인버스국채선물10년,10년국채선물지수,20130531,20260921,제외,채권·금리·현금성:국채
181450,"KINDEX 선진국하이일드(합성 H) | KINDEX 선진국하이일드(합성,H) | KINDEX 합성-선진국하이일드(H)",Markit iBoxx USD Liquid High Yield Index,20130801,20160428,제외,해외:선진국
181480,"ACE 미국다우존스리츠(합성 H) | ACE 미국부동산리츠(합성 H) | KINDEX 미국다우존스리츠(합성 H) | KINDEX 미국리츠부동산(합성 H) | KINDEX 미국리츠부동산(합성,H) | KINDEX 합성-미국리츠부동산(H)",Dow Jones U.S. Real Estate Index,20130801,20260921,제외,해외:미국
182480,"TIGER US리츠(합성 H) | TIGER US리츠(합성,H) | TIGER 미국MSCI리츠(합성 H) | TIGER합성-MSCI US리츠(H)",MSCI US REIT Index,20131010,20260921,제외,해외:미국
182490,"TIGER 단기선진하이일드(합성 H) | TIGER 단기선진하이일드(합성,H) | TIGER 합성-단기선진하이일드(H)",iBoxx USD Liquid High Yield 0-5 year Index,20140324,20260921,제외,채권·금리·현금성:단기
183700,KBSTAR 채권혼합 | KStar 채권혼합 | RISE 200채권혼합50 | RISE 채권혼합,주식국채혼합(채권형)지수 | 코스피 200 KTB 혼합지수,20131017,20260921,제외,채권·금리·현금성:채권
183710,KBSTAR 주식혼합 | KStar 주식혼합 | RISE 주식혼합,주식국채혼합(주식형)지수,20131017,20260921,제외,채권·금리·현금성:국채
185680,KODEX 미국S&P바이오(합성) | KODEX 미국바이오(합성) | KODEX 합성-미국바이오,S&P Biotechnology Select Industry Index,20131031,20260921,제외,해외:미국
189400,"ARIRANG AC 월드(합성 H) | ARIRANG AC 월드(합성,H) | ARIRANG 글로벌MSCI(합성 H) | ARIRANG 합성-AC 월드(H) | PLUS 글로벌MSCI(합성 H)",MSCI AC World Daily TR Net USD | MSCI ACWI Index,20131210,20260921,제외,해외:글로벌
190150,ARIRANG 바벨 채권,KAP Barbell Index(총수익),20131219,20190621,제외,채권·금리·현금성:채권
190160,ARIRANG 단기유동성,KAP Money Market Index(총수익),20131219,20200828,제외,채권·금리·현금성:단기
190620,ACE 단기통안채 | KINDEX 단기자금 | KINDEX 단기통안채,KIS MSB 단기지수(총수익),20131223,20260921,제외,채권·금리·현금성:통안
192090,TIGER 차이나A300 | TIGER 차이나CSI300,CSI 300 Index,20140217,20260921,제외,해외:차이나
192720,파워 고배당저변동성 | 파워고배당저변동성,코스피 200 고배당지수,20140220,20260921,국내주식형,
195920,"TIGER 일본(합성 H) | TIGER 일본(합성,H) | TIGER 일본TOPIX(합성 H) | TIGER 합성-일본(H)",TOPIX,20140430,20260921,제외,해외:일본
195930,"TIGER 유로스탁스50(합성 H) | TIGER 유로스탁스50(합성,H) | TIGER 합성-유로스탁스50(H)",EURO STOXX 50 Index,20140430,20260921,제외,해외:유로
195970,"ARIRANG 선진국(합성 H) | ARIRANG 선진국(합성,H) | ARIRANG 선진국MSCI(합성 H) | ARIRANG 합성-선진국(H) | PLUS 선진국MSCI(합성 H)",MSCI EAFE Index,20140513,20260921,제외,해외:선진국
195980,"ARIRANG 신흥국(합성 H) | ARIRANG 신흥국(합성,H) | ARIRANG 신흥국MSCI(합성 H) | ARIRANG 합성-신흥국(H) | PLUS 신흥국MSCI(합성 H)",MSCI EM Index,20140513,20260921,제외,해외:신흥국
196030,ACE 일본TOPIX레버리지(H) | KINDEX 일본TOPIX레버리지(H) | KINDEX 일본레버리지(H),TOPIX,20140616,20260921,제외,해외:일본
196220,KBSTAR 일본TOPIX레버리지(H) | KBSTAR 일본레버리지(H) | KStar 일본레버리지(H),TOPIX,20140616,20200424,제외,해외:일본
196230,KBSTAR 단기통안채 | KStar 단기통안채 | RISE 단기통안채,KIS 통안채 5개월 지수(총수익),20140519,20260921,제외,채권·금리·현금성:통안
200020,KODEX 미국IT(합성) | KODEX 미국S&P IT(합성) | KODEX 합성-미국IT,S&P Select Sector Technology Index,20140612,20190919,제외,해외:미국
200030,KODEX 미국S&P500산업재(합성) | KODEX 미국S&P산업재(합성) | KODEX 미국산업재(합성) | KODEX 합성-미국산업재,S&P Select Sector Industrial Index,20140612,20260921,제외,해외:미국
200040,KODEX 미국S&P금융(합성) | KODEX 미국금융(합성) | KODEX 합성-미국금융,S&P Select Sector Financials Index,20140612,20190919,제외,해외:미국
200050,KODEX MSCI독일(합성) | KODEX 독일MSCI(합성) | KODEX 합성-MSCI독일,MSCI Germany Index,20140612,20180921,제외,해외:독일
200250,"KIWOOM 인도Nifty50(합성) | KOSEF 인도Nifty50(합성) | KOSEF 인디아(합성 H) | KOSEF 인디아(합성) | KOSEF 인디아(합성,H) | KOSEF 합성-인디아(H)",Nifty 50 Index,20140626,20260921,제외,해외:인도
203780,TIGER 나스닥바이오 | TIGER 미국나스닥바이오,NASDAQ Biotechnology 지수(시장가격지수),20140827,20260921,제외,해외:미국
204420,"ARIRANG 차이나H 레버리지(합성 H) | ARIRANG 차이나H 레버리지(합성,H) | ARIRANG 합성-차이나H 레버리지(H)",Hang Seng China H,20140825,20190621,제외,해외:차이나
204450,KODEX China H 레버리지(H) | KODEX 차이나H레버리지(H),Hang Seng China H,20140912,20260921,제외,해외:차이나
204480,TIGER 차이나A레버리지(합성) | TIGER 차이나CSI300레버리지(합성) | TIGER 합성-차이나A레버리지,CSI 300 Index,20140901,20260921,제외,해외:차이나
205720,"ACE 일본TOPIX인버스(합성 H) | KINDEX 일본TOPIX인버스(합성 H) | KINDEX 일본인버스(합성 H) | KINDEX 일본인버스(합성,H) | KINDEX 합성-일본인버스(H)",TOPIX,20140929,20260921,제외,해외:일본
208470,"SMART MSCI선진국(합성 H) | SMART MSCI선진국(합성,H) | SMART 선진국MSCI World(합성 H) | SMART 합성-MSCI 선진국(H) | SOL 선진국MSCI World(합성 H)",MSCI World,20141124,20220419,제외,해외:선진국
210780,TIGER 코스피고배당,코스피 고배당 50,20141205,20260921,국내주식형,
211210,마이티 코스피고배당,코스피 고배당 50,20141212,20200803,국내주식형,
211260,KINDEX 배당성장,코스피 배당성장 50,20141217,20210924,국내주식형,
211560,TIGER 배당성장,코스피 배당성장 50,20141217,20260921,국내주식형,
211900,KODEX 배당성장 | KODEX 코리아배당성장,코스피 배당성장 50,20141217,20260921,국내주식형,
213610,KODEX 삼성그룹밸류,WISE 삼성그룹 밸류 인덱스,20150108,20260921,국내주식형,
213630,"ARIRANG 미국고배당주(합성 H) | ARIRANG 미국고배당주(합성,H) | ARIRANG 미국다우존스고배당주(합성 H) | ARIRANG 합성-미국 고배당주(H) | PLUS 미국다우존스고배당주(합성 H)",Dow Jones U.S Select Dividend Index(시장가격지수),20150126,20260921,제외,해외:미국
214980,KODEX 단기채권PLUS,KRW Cash PLUS 지수(총수익),20150303,20260921,제외,채권·금리·현금성:채권
215620,HK S&P코리아로우볼 | 흥국 S&P 로우볼 | 흥국 S&P코리아로우볼,S&P Korea 저변동성 지수,20150325,20260921,제외,해외:S&P
217770,TIGER 원유선물인버스(H) | TIGER 원유인버스선물(H),S&P GSCI Crude Oil Index (Excess Return) | S&P GSCI Crude Oil Index ER,20150429,20260921,제외,해외:S&P
217780,TIGER 차이나A인버스(합성) | TIGER 차이나CSI300인버스(합성),CSI 300 Index,20150610,20260921,제외,해외:차이나
217790,TIGER 가격조정,FnGuide Contrarian Index,20150429,20221220,국내주식형,
218420,KODEX 미국S&P500에너지(합성) | KODEX 미국S&P에너지(합성) | KODEX 미국에너지(합성),S&P Select Sector Energy Index,20150428,20260921,제외,해외:미국
219390,KBSTAR 미국S&P원유생산기업(합성 H) | KBSTAR 미국원유생산기업(합성 H) | KStar 미국원유생산기업(합성 H) | RISE 미국S&P원유생산기업(합성 H),S&P Oil & Gas Exploration & Production Select Industry Index(PR),20150602,20260921,제외,해외:미국
219480,KODEX S&P500선물(H) | KODEX 미국S&P500선물(H),S&P 500 Futures Total Return Index,20150529,20260921,제외,해외:미국
219900,ACE 중국본토CSI300레버리지(합성) | KINDEX 중국본토CSI300레버리지(합성) | KINDEX 중국본토레버리지(합성),CSI 300 Index,20150528,20260921,제외,해외:중국
220130,SMART 중국본토 중소형 CSI500(합성 H) | SOL 중국본토 중소형 CSI500(합성 H) | SOL 차이나강소기업CSI500(합성 H),CSI 500 지수,20150608,20260921,제외,해외:중국
222170,ARIRANG S&P 배당성장 | ARIRANG S&P한국배당성장,S&P KOREA Dividend Opportunity Index,20150629,20181109,제외,해외:S&P
222180,ARIRANG 스마트베타 Value,WISE 스마트베타 VALUE INDEX,20150629,20200521,국내주식형,
222190,ARIRANG 스마트베타 Momentum,WISE 스마트베타 MOMENTUM INDEX,20150629,20200521,국내주식형,
222200,ARIRANG 스마트베타 Quality,WISE 스마트베타 QUALITY INDEX,20150629,20200521,국내주식형,
223190,KODEX 200 내재가치 | KODEX 200가치저변동,코스피 200 가치저변동성,20150626,20260921,국내주식형,
225030,TIGER S&P500인버스선물(H) | TIGER 미국S&P500선물인버스(H),S&P 500 Futures Total Return Index,20150729,20260921,제외,해외:미국
225040,TIGER S&P500레버리지(합성 H) | TIGER 미국S&P500레버리지(합성 H),S&P 500,20150729,20260921,제외,해외:미국
225050,TIGER 유로스탁스레버리지(합성 H),EURO STOXX 50 Index,20150729,20260921,제외,해외:유로
225060,TIGER 이머징마켓MSCI레버리지(합성 H) | TIGER 이머징마켓레버리지(합성 H),MSCI EM Index,20150729,20260921,제외,구조가 다른 상품:레버리지
225130,ACE 골드선물 레버리지(합성 H) | KINDEX 골드선물 레버리지(합성 H) | KINDEX 골드선물레버리지(합성 H),S&P GSCI GOLD Index Excess Return | S&P WCI Gold Excess Return Index,20150728,20260921,제외,해외:S&P
225800,KIWOOM 미국달러선물레버리지 | KOSEF 미국달러선물 레버리지(합성) | KOSEF 미국달러선물레버리지,미국달러선물지수,20150810,20260921,제외,해외:미국
226380,ACE Fn성장소비주도주 | KINDEX Fn성장소비주도주 | KINDEX 한류,FnGuide 성장소비주도 지수,20150819,20260921,국내주식형,
226490,KODEX 코스피,코스피,20150824,20260921,국내주식형,
226810,파워 단기채,KAP 단기채권 지수(총수익),20150826,20190530,제외,채권·금리·현금성:채권
226980,KODEX 200 중소형,코스피 200 중소형주지수,20150901,20260921,국내주식형,
227540,TIGER 200 건강관리 | TIGER 200 헬스케어 | TIGER 200헬스케어,코스피 200 헬스케어,20150923,20260921,국내주식형,
227550,TIGER 200 산업재,코스피 200 산업재,20150923,20260921,국내주식형,
227560,TIGER 200 생활소비재,코스피 200 생활소비재,20150923,20260921,국내주식형,
227570,TIGER 우량가치,FnGuide 퀄리티밸류 지수,20150923,20260921,국내주식형,
227830,ARIRANG 코스피 | PLUS 코스피,코스피,20150923,20260921,국내주식형,
227930,KINDEX 코스닥 150,코스닥 150,20151001,20170425,국내주식형,
228790,TIGER 화장품,WISE 화장품 지수,20151007,20260921,국내주식형,
228800,TIGER 여행레저,WISE 여행레저 지수,20151007,20260921,국내주식형,
228810,TIGER 미디어컨텐츠,WISE 미디어컨텐츠 지수,20151007,20260921,국내주식형,
228820,TIGER KTOP30,KTOP 30,20151014,20260921,국내주식형,
229200,KODEX 코스닥 150 | KODEX 코스닥150,코스닥 150,20151001,20260921,국내주식형,
229720,KODEX KTOP30,KTOP 30,20151014,20260921,국내주식형,
230480,KIWOOM 미국달러선물인버스2X | KOSEF 미국달러선물 인버스2X(합성) | KOSEF 미국달러선물인버스2X,미국달러선물지수,20151116,20260921,제외,해외:미국
232080,TIGER 코스닥150,코스닥 150,20151112,20260921,국내주식형,
232590,KINDEX 골드선물 인버스2X(합성 H),S&P WCI Gold Excess Return Index,20151203,20190919,제외,해외:S&P
233160,TIGER 코스닥150 레버리지,코스닥 150,20151217,20260921,제외,구조가 다른 상품:레버리지
233740,KODEX 코스닥150 레버리지 | KODEX 코스닥150레버리지,코스닥 150,20151217,20260921,제외,구조가 다른 상품:레버리지
234310,KBSTAR V&S셀렉트밸류 | KStar V&S 셀렉트밸류 | RISE V&S셀렉트밸류,FnGuide 셀렉트 밸류 지수,20160202,20260921,국내주식형,
234790,KINDEX 코스닥150 레버리지,코스닥 150,20151217,20170425,제외,구조가 다른 상품:레버리지
236350,TIGER 인도니프티50레버리지(합성) | TIGER 인도레버리지(합성),Nifty 50 Index,20160513,20260921,제외,해외:인도
236460,ARIRANG 스마트베타 LowVOL,WISE 스마트베타 LowVOL 지수,20160112,20200521,국내주식형,
237350,KODEX 200 대형 | KODEX 200대형 | KODEX 코스피100,코스피 100,20160127,20260921,국내주식형,
237370,KODEX 배당성장채권혼합 | KODEX 코리아배당성장채권혼합,배당성장채권혼합지수,20160127,20260921,제외,채권·금리·현금성:채권
237440,TIGER 경기방어채권혼합,경기방어소비재 채권혼합 지수,20160127,20260921,제외,채권·금리·현금성:채권
238670,ARIRANG 스마트베타Quality채권혼합 | PLUS 스마트베타Quality채권혼합,WISE-KAP 스마트베타 Quality 채권혼합지수,20160224,20260921,제외,채권·금리·현금성:채권
238720,ACE 일본Nikkei225(H) | KINDEX 일본Nikkei225(H),Nikkei 225,20160303,20260921,제외,해외:일본
239660,ARIRANG 우량회사채50 | ARIRANG 우량회사채50 1년 | PLUS 우량회사채50,KOBI HALF CREDIT Index(총수익),20160322,20260921,제외,채권·금리·현금성:회사채
241180,TIGER 일본니케이225,Nikkei 225,20160331,20260921,제외,해외:일본
241390,KBSTAR V&S셀렉트밸류채권혼합 | RISE V&S셀렉트밸류채권혼합,FnGuide 셀렉트벨류 채권혼합지수,20160412,20260921,제외,채권·금리·현금성:채권
243880,TIGER 200IT레버리지,코스피 200 정보기술,20160513,20260921,제외,구조가 다른 상품:레버리지
243890,TIGER 200에너지화학레버리지,코스피 200 에너지/화학,20160513,20260921,제외,구조가 다른 상품:레버리지
244580,KODEX 바이오,FnGuide 바이오 지수,20160513,20260921,국내주식형,
244620,KODEX 모멘텀Plus,FnGuide 모멘텀 Plus 지수,20160513,20260921,국내주식형,
244660,KODEX 퀄리티Plus,FnGuide 퀄리티 Plus 지수,20160513,20260921,국내주식형,
244670,KODEX 밸류Plus,FnGuide 벨류 Plus 지수,20160513,20260921,국내주식형,
244820,ARIRANG 스마트베타4종결합,WISE 스마트베타 지수,20160519,20181109,국내주식형,
245340,TIGER 미국다우존스30,Dow Jones Industrial Average,20160701,20260921,제외,해외:미국
245350,TIGER 유로스탁스배당30,Euro STOXX Select Dividend 30,20160701,20260921,제외,해외:유로
245360,TIGER 차이나H | TIGER 차이나HSCEI,Hang Seng China H,20160616,20260921,제외,해외:차이나
245710,ACE 베트남VN30(합성) | KINDEX 베트남VN30(합성),VN30 Index(PR),20160701,20260921,제외,해외:베트남
247780,KODEX 가치투자,FnGuide 가치투자형 지수,20160624,20200925,국내주식형,
247790,KODEX 성장투자,FnGuide 성장투자형 지수,20160624,20200925,국내주식형,
247800,KODEX 턴어라운드투자,FnGuide 턴어라운드투자형 지수,20160624,20200925,국내주식형,
248260,TIGER 일본TOPIX헬스케어(합성) | TIGER 일본헬스케어(합성),TOPIX-17 Pharmaceutical Index,20160701,20221220,제외,해외:일본
248270,TIGER S&P글로벌헬스케어(합성) | TIGER 글로벌헬스케어(합성),S&P Global 1200 Health Care Index,20160701,20260921,제외,해외:S&P
250730,KBSTAR 차이나HSCEI(H) | KBSTAR 차이나H주(H) | RISE 차이나HSCEI(H),Hang Seng China H,20160810,20260921,제외,해외:차이나
250780,TIGER 코스닥150선물인버스 | TIGER 코스닥150인버스,F-코스닥150 지수,20160810,20260921,제외,구조가 다른 상품:인버스
251340,KODEX 코스닥150선물인버스 | KODEX 코스닥150인버스,F-코스닥150 지수,20160810,20260921,제외,구조가 다른 상품:인버스
251350,KODEX MSCI World | KODEX MSCI선진국 | KODEX 선진국MSCI World,MSCI World,20160817,20260921,제외,해외:선진국
251590,ARIRANG 고배당저변동50 | PLUS 고배당저변동50,FnGuide 고배당저변동50 지수,20160811,20260921,국내주식형,
251600,ARIRANG 고배당주채권혼합 | PLUS 고배당주채권혼합,FnGuide 고배당 채권혼합 지수,20160811,20260921,제외,채권·금리·현금성:채권
251890,ACE 코스닥(합성) | KINDEX 코스닥(합성),코스닥,20160906,20230824,제외,구조가 다른 상품:합성
252000,TIGER 200동일가중,코스피 200 동일가중지수,20160920,20260921,국내주식형,
252400,KBSTAR 200선물레버리지 | RISE 200선물레버리지,코스피 200 선물지수,20160912,20260921,제외,구조가 다른 상품:레버리지
252410,KBSTAR 200선물인버스 | RISE 200선물인버스,코스피 200 선물지수,20160912,20260921,제외,구조가 다른 상품:인버스
252420,KBSTAR 200선물인버스2X | RISE 200선물인버스2X,코스피 200 선물지수,20160922,20260921,제외,구조가 다른 상품:인버스
252650,KODEX 200동일가중,코스피 200 동일가중지수,20160920,20260921,국내주식형,
252670,KODEX 200선물인버스2X,코스피 200 선물지수,20160922,20260921,제외,구조가 다른 상품:인버스
252710,TIGER 200선물인버스2X,코스피 200 선물지수,20160922,20260921,제외,구조가 다른 상품:인버스
252720,KBSTAR 모멘텀밸류,FnGuide 모멘텀&밸류 지수,20161014,20240625,국내주식형,
252730,KBSTAR 모멘텀로우볼,FnGuide 모멘텀&로우볼 지수,20161014,20240625,국내주식형,
253150,ARIRANG 200선물레버리지 | PLUS 200선물레버리지,코스피 200 선물지수,20160929,20260921,제외,구조가 다른 상품:레버리지
253160,ARIRANG 200선물인버스2X | PLUS 200선물인버스2X,코스피 200 선물지수,20160922,20260921,제외,구조가 다른 상품:인버스
253230,KIWOOM 200선물인버스2X | KOSEF 200선물인버스2X,코스피 200 선물지수,20160922,20260921,제외,구조가 다른 상품:인버스
253240,KIWOOM 200선물인버스 | KOSEF 200선물인버스,코스피 200 선물지수,20160912,20260921,제외,구조가 다른 상품:인버스
253250,KIWOOM 200선물레버리지 | KOSEF 200선물레버리지,코스피 200 선물지수,20160912,20260921,제외,구조가 다른 상품:레버리지
253280,KBSTAR 헬스케어 | RISE 헬스케어,FnGuide 헬스케어 지수,20160923,20260921,국내주식형,
253290,KBSTAR 헬스케어채권혼합 | RISE 헬스케어채권혼합,FnGuide 헬스케어 채권혼합 지수,20160923,20260921,제외,채권·금리·현금성:채권
253990,TIGER 대만TAEIX파생(H) | TIGER 대만TAIEX선물(H) | TIGER 대만TAIEX파생(H),TAIEX 지수,20161007,20200622,제외,해외:대만
256440,ACE MSCI인도네시아(합성) | ACE 인도네시아MSCI(합성) | KINDEX 인도네시아MSCI(합성),MSCI Indonesia Index,20161101,20260921,제외,해외:인도
256450,ARIRANG 심천차이넥스트(합성) | PLUS 심천차이넥스트(합성),SZSE ChiNext Price Index,20161108,20260921,제외,구조가 다른 상품:합성
256750,KODEX 심천ChiNext(합성) | KODEX 차이나심천ChiNext(합성),SZSE ChiNext Price Index,20161108,20260921,제외,해외:차이나
260200,KOSEF 배당바이백Plus | KOSEF 배당바이백플러스,WISE 배당바이백플러스 지수,20161216,20210322,국내주식형,
260270,KOSEF 저PBR가중,FnGuide 저BPR 가중 지수,20161216,20210322,국내주식형,
261060,TIGER 코스닥150IT,코스닥 150 정보기술,20161215,20260921,국내주식형,
261070,TIGER 코스닥150바이오테크,코스닥 150 헬스케어,20161215,20260921,국내주식형,
261110,TIGER 미국달러선물레버리지,미국달러선물지수,20161227,20260921,제외,해외:미국
261120,TIGER 미국달러선물인버스2X,미국달러선물지수,20161227,20260921,제외,해외:미국
261140,TIGER 우선주,코스피 우선주 지수,20170106,20260921,국내주식형,
261220,KODEX WTI원유선물(H),S&P GSCI Crude Oil Index ER,20161227,20260921,제외,해외:S&P
261240,KODEX 미국달러선물,미국달러선물지수,20161227,20260921,제외,해외:미국
261250,KODEX 미국달러선물레버리지,미국달러선물지수,20161227,20260921,제외,해외:미국
261260,KODEX 미국달러선물인버스2X,미국달러선물지수,20161227,20260921,제외,해외:미국
261270,KODEX 미국달러선물인버스,미국달러선물지수,20161227,20260921,제외,해외:미국
261920,ACE MSCI필리핀(합성) | ACE 필리핀MSCI(합성) | KINDEX 필리핀MSCI(합성),MSCI Philippines IMI Index,20161228,20260921,제외,구조가 다른 상품:합성
263190,ARIRANG 단기우량채권 | ARIRANG 우량단기채권,KAP Money Market Credit Index(Total Retrun),20170125,20200925,제외,채권·금리·현금성:채권
265690,ACE 러시아MSCI(합성) | KINDEX 러시아MSCI(합성),MSCI Russia 25% Capped Price Return Index,20170321,20260921,제외,해외:러시아
266140,TIGER 지속배당,WISE 지속배당 지수,20170330,20200925,국내주식형,
266160,KBSTAR 고배당 | RISE 고배당,FnGuide 고배당포커스 지수,20170414,20260921,국내주식형,
266360,KODEX IT소프트웨어 | KODEX K콘텐츠 | KODEX 미디어&엔터테인먼트,KRX K콘텐츠,20170328,20260921,국내주식형,
266370,KODEX IT | KODEX IT하드웨어,KRX 정보기술,20170328,20260921,국내주식형,
266390,KODEX 경기소비재,KRX 경기소비재,20170328,20260921,국내주식형,
266410,KODEX 필수소비재,KRX 필수소비재,20170328,20260921,국내주식형,
266420,KODEX 헬스케어,KRX 헬스케어,20170328,20260921,국내주식형,
266550,ARIRANG 중형주저변동50 | PLUS 중형주저변동50,FnGuide 중형주저변동50지수,20170328,20260921,국내주식형,
267300,TIGER 코스닥150로우볼,코스닥 150 저변동성,20170425,20200622,국내주식형,
267440,KBSTAR 미국장기국채선물(H) | RISE 미국장기국채선물(H),S&P U.S. Treasury Bond Futures Excess Return Index,20170420,20260921,제외,해외:미국
267450,KBSTAR 미국장기국채선물인버스(H) | RISE 미국장기국채선물인버스(H),S&P U.S. Treasury Bond Futures Excess Return Index,20170420,20260921,제외,해외:미국
267490,KBSTAR 미국장기국채선물레버리지(합성 H) | RISE 미국장기국채선물레버리지(합성 H),S&P U.S. Treasury Bond Futures Excess Return Index,20170420,20260921,제외,해외:미국
267500,KBSTAR 미국장기국채선물인버스2X(합성 H),S&P U.S. Treasury Bond Futures Excess Return Index,20170420,20240625,제외,해외:미국
267770,TIGER 200선물레버리지,코스피 200 선물지수,20170425,20260921,제외,구조가 다른 상품:레버리지
269370,TIGER S&P글로벌인프라(합성),S&P Global Infrastructure Index,20170516,20260921,제외,해외:S&P
269420,KODEX S&P글로벌인프라(합성),S&P Global Infrastructure Index,20170516,20260921,제외,해외:S&P
269530,ARIRANG S&P글로벌인프라 | PLUS S&P글로벌인프라,S&P Global Infrastructure Index,20170516,20260921,제외,해외:S&P
269540,ARIRANG 미국S&P500(H) | PLUS 미국S&P500(H),S&P 500,20170516,20260921,제외,해외:미국
270800,KBSTAR KQ고배당 | RISE KQ고배당,FnGuide KQ고배당포커스 지수,20170707,20260921,국내주식형,
270810,KBSTAR 코스닥150 | RISE 코스닥150,코스닥 150,20170616,20260921,국내주식형,
271050,KODEX WTI원유선물인버스(H),S&P GSCI Crude Oil Index ER,20170613,20260921,제외,해외:S&P
271060,KODEX 3대농산물선물(H),S&P GSCI Grains Select Index ER,20170613,20260921,제외,해외:S&P
272220,ACE 스마트모멘텀 | KINDEX 스마트모멘텀,FnGuide 스마트 모멘텀 지수,20170711,20240723,국내주식형,
272230,ACE 스마트밸류 | KINDEX 스마트밸류,FnGuide 스마트 밸류 지수,20170711,20240723,국내주식형,
272560,KBSTAR 단기국공채액티브 | RISE 단기국공채액티브,KIS 종합채권국공채3M~1.5Y지수,20170629,20260921,제외,채권·금리·현금성:채권
272570,KBSTAR 중장기국공채액티브 | RISE 중장기국공채액티브,KIS 종합채권국공채4~5Y지수,20170629,20260921,제외,채권·금리·현금성:채권
272580,TIGER 단기채권액티브,KIS MSB 6M PLUS 지수 | KIS MSB 6M(총수익),20170629,20260921,제외,채권·금리·현금성:채권
272910,ACE 중장기국공채액티브 | KINDEX 중장기국공채액티브,KIS 종합채권국공채1-10Y지수,20170629,20260921,제외,채권·금리·현금성:채권
273130,KODEX 종합채권(AA-이상)액티브,KAP 한국종합채권지수,20170629,20260921,제외,채권·금리·현금성:채권
273140,KODEX 단기변동금리부채권액티브,KAP 단기변동금리부은행채권지수,20170629,20260921,제외,채권·금리·현금성:채권
275280,KODEX MSCI모멘텀 | KODEX 모멘텀주,MSCI Korea IMI Momentum Capped,20170711,20260921,국내주식형,
275290,KODEX MSCI밸류 | KODEX 가치주,MSCI Korea IMI Enhanced Value Capped,20170711,20260921,국내주식형,
275300,KODEX MSCI퀄리티 | KODEX 우량주,MSCI Korea IMI Quality Capped,20170711,20260921,국내주식형,
275540,파워 스마트밸류,KRX 스마트 밸류지수,20170711,20200622,국내주식형,
275750,KBSTAR 코스닥150선물인버스 | RISE 코스닥150선물인버스,F-코스닥150 지수,20170801,20260921,제외,구조가 다른 상품:인버스
275980,TIGER 글로벌4차산업혁신기술(합성 H),Morningstar Exponential Technologies Equal Weighted Select PR USD,20170801,20260921,제외,해외:글로벌
276000,TIGER 글로벌자원생산기업(합성 H),MorningStar Global Upstream Resources Index(PR),20170801,20260921,제외,해외:글로벌
276650,KBSTAR 글로벌4차산업IT(합성 H) | RISE 글로벌4차산업IT(합성 H) | RISE 글로벌테크놀로지(합성 H),S&P Global 1200 Information Technology Index (Price Return) | S&P Global 1200 Information Technology and Interactive Media & Services(PR),20170817,20260921,제외,해외:S&P
276970,KODEX 미국S&P500배당귀족커버드콜(합성 H) | KODEX 미국S&P고배당커버드콜(합성 H),S&P500 Dividend Aristocrats Covered Call(7.2% Premium) Index,20170810,20260921,제외,해외:미국
276990,KODEX 글로벌4차산업로보틱스(합성) | KODEX 글로벌로봇(합성) | 삼성 KODEX 글로벌4차산업로보틱스(합성),ROBO Global Robotics & Automation UCITS Price Return Index,20170817,20260921,제외,해외:글로벌
277540,ACE 아시아TOP50 | ACE 아시아TOP50S&P | KINDEX S&P아시아TOP50 | KINDEX 아시아TOP50S&P,S&P ASIA50 Price Return Index,20170823,20260921,제외,해외:S&P
277630,TIGER 코스피,코스피,20170831,20260921,국내주식형,
277640,TIGER 코스피대형주,코스피 대형주,20170831,20260921,국내주식형,
277650,TIGER 코스피중형주,코스피 중형주,20170831,20260921,국내주식형,
278240,KBSTAR 코스닥150선물레버리지 | RISE 코스닥150선물레버리지,F-코스닥150 지수,20170831,20260921,제외,구조가 다른 상품:레버리지
278420,ARIRANG ESG우수기업,WISE ESG우수기업 지수,20170831,20231214,국내주식형,
278530,KODEX 200TR,코스피 200 TR,20171121,20260921,국내주식형,
278540,KODEX MSCI Korea TR,MSCI Korea TR Index,20171109,20260921,국내주식형,
278620,ARIRANG 단기채권액티브 | PLUS 단기채권액티브,"KAP 투자적격 크레딧 채권 1년 지수(A- 이상,총수익)",20170926,20260921,제외,채권·금리·현금성:채권
279530,KODEX 고배당 | KODEX 고배당주,FnGuide 고배당 Plus 지수,20171017,20260921,국내주식형,
279540,KODEX 최소변동성,KRX 최소변동성지수,20171017,20260921,국내주식형,
280320,ACE 미국IT인터넷(합성 H) | ACE 미국IT인터넷S&P(합성 H) | KINDEX 미국4차산업인터넷(합성 H) | KINDEX 미국IT인터넷S&P(합성 H),다우존스 인터넷 종합지수,20171017,20260921,제외,해외:미국
280920,ARIRANG 주도업종 | PLUS 주도업종,FnGuide 주도업종 지수,20171017,20260921,국내주식형,
280930,KODEX 미국러셀2000(H),FTSE Russell 2000 Index,20171109,20260921,제외,해외:미국
280940,KODEX 골드선물인버스(H),S&P GSCI GOLD Index Excess Return,20171109,20260921,제외,해외:S&P
281990,KBSTAR 중소형고배당 | RISE 중소형고배당,FnGuide 중소형고배당포커스 지수,20171102,20260921,국내주식형,
282000,KBSTAR 국고채3년선물인버스 | RISE 국고채3년선물인버스,국채선물지수,20171109,20260921,제외,채권·금리·현금성:국채
283580,KODEX 중국본토CSI300 | KODEX 차이나CSI300,CSI 300 Index,20171213,20260921,제외,해외:중국
283930,KBSTAR 지주회사,WISE 지주회사테마지수(시장가격지수),20171130,20200424,국내주식형,
284430,KODEX 200미국채혼합 | KODEX 200미국채혼합50,코스피 200 미국채 혼합지수,20171130,20260921,제외,해외:미국
284980,KBSTAR 200금융 | RISE 200금융,코스피 200 금융,20171208,20260921,국내주식형,
284990,KBSTAR 200에너지화학,코스피 200 에너지/화학,20171208,20240625,국내주식형,
285000,KBSTAR 200IT,코스피 200 정보기술,20171208,20240625,국내주식형,
285010,KBSTAR 200중공업,코스피 200 중공업,20171208,20240625,국내주식형,
285020,KBSTAR 200철강소재,코스피 200 철강/소재,20171208,20240625,국내주식형,
285690,FOCUS ESG리더스,KRX ESG Leaders 150,20171213,20260921,국내주식형,
287180,ARIRANG 미국나스닥기술주 | ARIRANG 미국나스닥테크 | PLUS 미국나스닥테크,NASDAQ 100 Technology Sector Index,20171213,20260921,제외,해외:미국
287300,KBSTAR 200건설,코스피 200 건설,20171222,20240625,국내주식형,
287310,KBSTAR 200경기소비재,코스피 200 경기소비재,20171222,20240625,국내주식형,
287320,KBSTAR 200산업재,코스피 200 산업재,20171222,20240625,국내주식형,
287330,KBSTAR 200생활소비재,코스피 200 생활소비재,20171222,20240625,국내주식형,
289040,KODEX MSCI KOREA ESG유니버설,MSCI Korea ESG Universal Capped Index,20180207,20260921,국내주식형,
289250,TIGER MSCI KOREA ESG유니버설,MSCI Korea ESG Universal Index,20180207,20260921,국내주식형,
289260,TIGER MSCI KOREA ESG리더스,MSCI Korea Country ESG Leaders Capped Index,20180207,20260921,국내주식형,
289480,TIGER 200커버드콜 | TIGER 200커버드콜ATM,코스피 200 커버드콜 ATM 지수,20180209,20260921,제외,구조가 다른 상품:커버드콜
289670,ARIRANG 국채선물10년 | PLUS 국채선물10년,10년국채선물지수,20180207,20260921,제외,채권·금리·현금성:국채
290080,KBSTAR 200고배당커버드콜ATM | RISE 200고배당커버드콜ATM,코스피 200 고배당커버드콜 ATM 지수(시장가격지수),20180227,20260921,제외,구조가 다른 상품:커버드콜
290130,KBSTAR ESG사회책임투자 | RISE ESG사회책임투자,KRX ESG 사회책임경영지수(S),20180227,20260921,국내주식형,
291130,ACE MSCI멕시코(합성) | ACE 멕시코MSCI(합성) | KINDEX 멕시코MSCI(합성),MSCI MEXICO IMI 25/50 Price return Index,20180309,20260921,제외,구조가 다른 상품:합성
291610,KOSEF 코스닥150선물,F-코스닥150 지수,20180316,20210322,국내주식형,
291620,KIWOOM 코스닥150선물인버스 | KOSEF 코스닥150선물인버스,F-코스닥150 지수,20180316,20260921,제외,구조가 다른 상품:인버스
291630,KIWOOM 코스닥150선물레버리지 | KOSEF 코스닥150선물레버리지,F-코스닥150 지수,20180316,20260921,제외,구조가 다른 상품:레버리지
291660,KODEX China H선물인버스(H),Hang Seng China Enterprises Futures Index(Price Return),20180316,20210812,제외,해외:CHINA
291680,KBSTAR 차이나H선물인버스(H) | RISE 차이나H선물인버스(H),Hang Seng China Enterprises Futures Index(Price Return),20180323,20260921,제외,해외:차이나
291890,KODEX MSCI EM선물(H),iEdge Emerging Markets Futures Index(ER),20180323,20260921,제외,수동: 해외(Brazil·BRIC·MSCI EM) — 영문 이름이라 키워드가 못 잡음
292050,KBSTAR KRX300 | RISE KRX300,KRX 300,20180326,20260921,국내주식형,
292100,TIGER 대형성장,FnGuide 대형성장 지수,20180330,20210506,국내주식형,
292110,TIGER 대형가치,FnGuide 대형가치 지수,20180330,20210506,국내주식형,
292120,TIGER 중소형,FnGuide 중소형 지수,20180330,20201223,국내주식형,
292130,TIGER 중소형성장,FnGuide 중소형성장 지수,20180330,20210506,국내주식형,
292140,TIGER 중소형가치,FnGuide 중소형가치 지수,20180330,20210506,국내주식형,
292150,TIGER TOP10 | TIGER 코리아TOP10,FnGuide TOP10 지수,20180330,20260921,국내주식형,
292160,TIGER KRX300,KRX 300,20180326,20260921,국내주식형,
292190,KODEX KRX300,KRX 300,20180326,20260921,국내주식형,
292340,마이티 200커버드콜ATM레버리지,코스피 200 커버드콜 ATM 지수,20180320,20231226,제외,구조가 다른 상품:레버리지
292500,SMART KRX300 | SOL KRX300,KRX 300,20180326,20260921,국내주식형,
292560,TIGER 일본엔선물,엔선물지수,20180417,20260921,제외,해외:일본
292570,TIGER 일본엔선물레버리지,엔선물지수,20180417,20210322,제외,해외:일본
292580,TIGER 일본엔선물인버스,엔선물지수,20180417,20210322,제외,해외:일본
292590,TIGER 일본엔선물인버스2X,엔선물지수,20180417,20210322,제외,해외:일본
292730,FOCUS KRX300,KRX 300,20180326,20251028,국내주식형,
292750,ARIRANG KRX300,KRX 300,20180326,20240625,국내주식형,
292770,KODEX 국채선물3년인버스,국채선물지수,20180413,20260921,제외,채권·금리·현금성:국채
293180,HANARO 200,코스피 200,20180330,20260921,국내주식형,
294400,KIWOOM 200TR | KOSEF 200TR,코스피 200 TR,20180423,20260921,국내주식형,
295000,KBSTAR 국채선물10년 | RISE 국채선물10년,10년국채선물지수,20180511,20260921,제외,채권·금리·현금성:국채
295020,KBSTAR 국채선물10년인버스 | RISE 국채선물10년인버스,10년국채선물지수,20180511,20260921,제외,채권·금리·현금성:국채
295040,SMART 200TR | SOL 200TR,코스피 200 TR,20180423,20260921,국내주식형,
295820,ARIRANG 200동일가중,코스피 200 동일가중지수,20180511,20240625,국내주식형,
295840,ARIRANG 200밸류,코스피 200 밸류 가중 지수,20180511,20191210,국내주식형,
295860,ARIRANG 200모멘텀,코스피 200 모멘텀 가중 지수,20180511,20191210,국내주식형,
295880,ARIRANG 200퀄리티,코스피 200 퀄리티 가중 지수,20180511,20191210,국내주식형,
295890,ARIRANG 200로우볼,코스피 200 로우볼 가중 지수,20180511,20191210,국내주식형,
296710,KODEX FnKorea50,FnKorea 50 지수,20180608,20210812,국내주식형,
298340,ARIRANG 국채선물3년 | PLUS 국채선물3년,국채선물지수,20180608,20260921,제외,채권·금리·현금성:국채
298770,KODEX 한국대만IT프리미어,한국 대만 IT 프리미어지수,20180611,20260921,제외,해외:대만
299070,ACE 국채선물10년인버스 | KINDEX 국채선물10년인버스,10년국채선물지수,20180608,20240524,제외,채권·금리·현금성:국채
299080,ACE 국채선물3년인버스 | KINDEX 국채선물3년인버스,국채선물지수,20180608,20240524,제외,채권·금리·현금성:국채
300280,KBSTAR 중소형모멘텀로우볼,FnGuide 중소형 모멘텀&로우볼 지수,20180718,20210506,국내주식형,
300290,KBSTAR 중소형모멘텀밸류,FnGuide 중소형모멘텀&밸류 지수(시장가격 지수),20180718,20210506,국내주식형,
300300,KBSTAR KQ모멘텀로우볼,FnGuide KQ 모멘텀&로우볼 지수,20180718,20200803,국내주식형,
300310,KBSTAR KQ모멘텀밸류,FnGuide KQ 모멘텀&밸류 지수,20180718,20200803,국내주식형,
300610,TIGER K게임,WISE K게임 테마 지수,20180724,20260921,국내주식형,
300640,KBSTAR 게임테마 | RISE 게임테마,WISE 게임 테마 지수 (시장가격지수),20180724,20260921,국내주식형,
300950,KODEX 게임산업,FnGuide 게임 산업 지수,20180724,20260921,국내주식형,
301400,ARIRANG 코스닥150 | PLUS 코스닥150,코스닥 150,20180705,20260921,국내주식형,
301410,ARIRANG 코스닥150선물인버스 | PLUS 코스닥150선물인버스,F-코스닥150 지수,20180711,20260624,제외,구조가 다른 상품:인버스
301440,ARIRANG 코스피중형주,코스피 중형주,20180705,20230824,국내주식형,
302170,TIGER 국채선물3년인버스,국채선물지수,20180720,20211217,제외,채권·금리·현금성:국채
302180,TIGER 국채선물10년인버스,10년국채선물지수,20180720,20211217,제외,채권·금리·현금성:국채
302190,TIGER 중장기국채,KIS 국채 3-10년 지수(시장가격지수),20180720,20260921,제외,채권·금리·현금성:국채
302200,TIGER 중장기국채선물인버스,국채 3-10년 선물지수,20180720,20201223,제외,채권·금리·현금성:국채
302210,TIGER 중장기국채선물인버스2X,국채 3-10년 선물지수,20180720,20201223,제외,채권·금리·현금성:국채
302450,KBSTAR 코스피 | RISE 코스피,코스피,20180724,20260921,국내주식형,
304660,KODEX 미국30년국채울트라선물(H) | KODEX 미국채울트라30년선물(H),S&P Ultra T-Bond Futures Index(ER),20180912,20260921,제외,해외:미국
304670,KODEX 미국30년국채울트라선물인버스(H) | KODEX 미국채울트라30년선물인버스(H),S&P Ultra T-Bond Futures Index(ER),20180912,20260921,제외,해외:미국
304760,HANARO KRX300,KRX 300,20180814,20260921,국내주식형,
304770,HANARO 코스닥150,코스닥 150,20180814,20260921,국내주식형,
304780,HANARO 200선물레버리지,코스피 200 선물지수,20180814,20260921,제외,구조가 다른 상품:레버리지
304940,KODEX 미국나스닥100선물(H),NASDAQ 100,20180830,20260921,제외,해외:미국
305050,ACE 코스피 | KINDEX 코스피,코스피,20181005,20260921,국내주식형,
305080,TIGER 미국채10년선물,S&P 10-Year U.S. Treasury Note Futures(ER),20180830,20260921,제외,해외:미국
305540,TIGER 2차전지테마,WISE 2차전지 테마 지수,20180912,20260921,국내주식형,
305720,KODEX 2차전지산업,FnGuide 2차전지 산업 지수,20180912,20260921,국내주식형,
306520,HANARO 200선물인버스,코스피 200 선물지수,20180918,20260921,제외,구조가 다른 상품:인버스
306530,HANARO 코스닥150선물레버리지,F-코스닥150 지수,20180918,20260921,제외,구조가 다른 상품:레버리지
306540,HANARO 단기통안채,KAP 단기 통안채 지수(총수익),20180918,20210701,제외,채권·금리·현금성:통안
306950,KODEX KRX300레버리지,KRX 300,20181016,20260921,제외,구조가 다른 상품:레버리지
306960,KODEX KRX300선물인버스,KRX 300 선물지수,20181016,20200925,제외,구조가 다른 상품:인버스
307010,KBSTAR KRX300레버리지,KRX 300,20181016,20240425,제외,구조가 다른 상품:레버리지
307020,KBSTAR KRX300선물인버스,KRX 300 선물지수,20181016,20201223,제외,구조가 다른 상품:인버스
307510,TIGER 의료기기,FnGuide 의료기기 지수,20181108,20260921,국내주식형,
307520,TIGER 지주회사,FnGuide 지주회사 지수,20181108,20260921,국내주식형,
307610,TIGER KRX300레버리지,KRX 300,20181016,20201223,제외,구조가 다른 상품:레버리지
307620,TIGER KRX300선물인버스,KRX 300 선물지수,20181016,20200925,제외,구조가 다른 상품:인버스
308620,KODEX 미국10년국채선물 | KODEX 미국채10년선물,S&P 10-Year U.S. Treasury Note Futures KRW(ER),20181019,20260921,제외,해외:미국
309170,ARIRANG KRX300IT,KRX300 정보기술,20181108,20210701,국내주식형,
309180,ARIRANG KRX300금융,KRX300 금융,20181108,20200521,국내주식형,
309190,ARIRANG KRX300산업재,KRX300 산업재,20181108,20200521,국내주식형,
309200,ARIRANG KRX300자유소비재,KRX300 자유소비재,20181108,20200521,국내주식형,
309210,ARIRANG KRX300헬스케어,KRX300 헬스케어,20181108,20231026,국내주식형,
309230,ACE 미국WideMoat가치주 | ACE 미국WideMoat동일가중 | KINDEX 미국WideMoat가치주,MorningStar Wide Moat Focus Index,20181025,20260921,제외,해외:미국
310080,KBSTAR 중국MSCI China(H) | KBSTAR 중국MSCI China선물(H) | RISE 중국MSCI China(H),"MSCI China Index(USD, Price Return) | MSCI China NTR Index(USD) (Net Total Return)",20181128,20260921,제외,해외:중국
310960,TIGER 200TR,코스피 200 TR,20181120,20260921,국내주식형,
310970,TIGER MSCI Korea TR,MSCI Korea TR Index,20181120,20260921,국내주식형,
314250,KODEX 미국FANG플러스(H) | KODEX 미국빅테크10(H),NYSE U.S. Big TECH 10 INDEX,20190110,20260921,제외,해외:미국
314700,HANARO 농업융복합산업,FnGuide 농업융복합산업 지수(시장가격),20181221,20260921,국내주식형,
315270,TIGER 200커뮤니케이션서비스,코스피 200 커뮤니케이션서비스,20190115,20260921,국내주식형,수동: '커뮤니케이션'이 해외 키워드 '니케이'에 부분 일치 — 코스피200 업종
315480,KBSTAR 200커뮤니케이션서비스,코스피 200 커뮤니케이션서비스,20190115,20240625,국내주식형,수동: '커뮤니케이션'이 '니케이'에 부분 일치 — 코스피200 업종
315930,KODEX Top5PlusTR,FnGuide TOP 5 Plus Total Return 지수,20190122,20260921,국내주식형,
315960,KBSTAR 대형고배당10TR | RISE 대형고배당10TR,WISE 대형고배당10 TR 지수,20190122,20260921,국내주식형,
316300,ACE 싱가포르리츠 | KINDEX 싱가포르리츠,Morningstar Singapore REIT Yield Focus Index(PR),20190129,20260921,제외,구조가 다른 상품:리츠
316670,KIWOOM 코스닥150 | KOSEF 코스닥150,코스닥 150,20190122,20260921,국내주식형,
319640,TIGER 골드선물(H),S&P GSCI Gold Index(TR),20190409,20260921,제외,해외:S&P
319870,KBSTAR KRX300미국달러선물혼합,KRX 300 미국달러 선물혼합지수,20190319,20240625,제외,해외:미국
321410,KODEX 멀티에셋하이인컴(H),Morningstar Multi-Asset High Income 10% Capped Index,20190605,20260921,제외,수동: 주식·채권 혼합(장기채+·TRF·멀티에셋)
322120,ACE 스마트퀄리티 | KINDEX 스마트퀄리티,FnGuide 스마트 퀄리티 지수,20190416,20240723,국내주식형,
322130,ACE 스마트로우볼 | KINDEX 스마트로우볼,FnGuide 스마트 로우볼 지수,20190416,20240723,국내주식형,
322150,ACE 스마트하이베타 | KINDEX 스마트하이베타,FnGuide 스마트 하이베타 지수,20190416,20240723,국내주식형,
322400,HANARO e커머스,FnGuide E커머스 지수,20190423,20260921,국내주식형,
322410,HANARO K고배당 | HANARO 고배당,FnGuide 고배당 알파 지수,20190423,20260921,국내주식형,
325010,KODEX Fn성장 | KODEX 성장주,FnGuide 성장 지수(PR),20190531,20260921,국내주식형,
325020,KODEX 배당가치,FnGuide SLV 배당가치 지수,20190531,20260921,국내주식형,
326230,KBSTAR 내수주플러스 | RISE 내수주플러스,FnGuide 내수주플러스 지수,20190620,20260921,국내주식형,
326240,KBSTAR IT플러스 | RISE IT플러스,FnGuide IT플러스 지수,20190620,20260921,국내주식형,
328370,ARIRANG 코스피TR | PLUS 코스피TR,코스피 TR,20190625,20260921,국내주식형,
329200,TIGER 리츠부동산인프라 | TIGER 부동산인프라고배당,FnGuide 리츠부동산인프라,20190719,20260921,제외,구조가 다른 상품:리츠
329650,KODEX TRF3070,FnGuide TRF 3070 지수,20190704,20260921,제외,수동: 주식·채권 혼합(장기채+·TRF·멀티에셋)
329660,KODEX TRF5050,FnGuide TRF 5050 지수,20190704,20260921,제외,수동: 주식·채권 혼합(장기채+·TRF·멀티에셋)
329670,KODEX TRF7030,FnGuide TRF 7030 지수,20190704,20260921,제외,수동: 주식·채권 혼합(장기채+·TRF·멀티에셋)
329750,TIGER 미국달러단기채권액티브,KIS U.S. TREASURY BOND 0-1Y 지수(총수익),20190724,20260921,제외,해외:미국
331910,KOSEF Fn중소형,FnGuide-키움 스마트 중소형주 지수,20190813,20241105,국내주식형,
332500,ACE 200TR | KINDEX 200TR,코스피 200 TR,20190828,20260921,국내주식형,
332610,ARIRANG 미국단기우량회사채 | ARIRANG 미국단기회사채(AAA~A) | PLUS 미국단기회사채(AAA~A),ICE BofaAML 1-3 Year AAA-A US Corporate Index(총수익지수),20190820,20260921,제외,해외:미국
332620,ARIRANG 미국장기우량회사채 | PLUS 미국장기우량회사채,ICE BofaAML 15+ Year AAA-A US Corporate Index(총수익지수),20190820,20260921,제외,해외:미국
332930,HANARO 200TR,코스피 200 TR,20190828,20260921,국내주식형,
332940,HANARO MSCI Korea TR,MSCI Korea TR Index,20190828,20260921,국내주식형,
333940,ARIRANG KS로우볼가중TR | PLUS KS로우볼가중TR,FnGuide KS 로우볼 가중 TR 지수,20190905,20240926,국내주식형,
333950,ARIRANG KS로우사이즈가중TR | PLUS KS로우사이즈가중TR,FnGuide KS 로우사이즈 가중 TR 지수,20190905,20241023,국내주식형,
333960,ARIRANG KS모멘텀가중TR | PLUS KS모멘텀가중TR,FnGuide KS 모멘텀 가중 TR 지수,20190905,20240926,국내주식형,
333970,ARIRANG KS밸류가중TR | PLUS KS밸류가중TR,FnGuide KS 밸류 가중 TR 지수,20190905,20241023,국내주식형,
333980,ARIRANG KS퀄리티가중TR | PLUS KS퀄리티가중TR,FnGuide KS 퀄리티 가중 TR 지수,20190905,20240826,국내주식형,
334690,KBSTAR 팔라듐선물(H) | RISE 팔라듐선물(H),S&P GSCI Palladium Excess Return Index,20190924,20260921,제외,해외:S&P
334700,KBSTAR 팔라듐선물인버스(H) | RISE 팔라듐선물인버스(H),S&P GSCI Palladium Excess Return Index,20190924,20260921,제외,해외:S&P
336160,KBSTAR 금융채액티브 | RISE 금융채액티브,KIS 종합채권금융채 2.5Y-3Y 지수 (총수익),20191029,20260921,제외,채권·금리·현금성:채권
337120,KODEX Fn멀티팩터 | KODEX 멀티팩터,FnGuide 멀티팩터 지수,20191114,20260921,국내주식형,
337140,KODEX 코스피대형주,코스피 대형주,20191114,20260921,국내주식형,
337150,KODEX 200exTOP,코스피 200 초대형제외 지수,20191114,20260921,국내주식형,
337160,KODEX 200ESG,코스피 200 ESG 지수,20191114,20260921,국내주식형,
341850,TIGER KIS부동산인프라채권TR | TIGER 리츠부동산인프라채권 | TIGER 리츠부동산인프라채권 KIS | TIGER 리츠부동산인프라채권TR KIS,KIS 리츠부동산인프라채권PR 지수 | KIS 리츠부동산인프라채권TR 지수,20200522,20260921,제외,채권·금리·현금성:채권
342140,ACE 싱가포르리츠채권혼합모닝스타 | KINDEX 모닝스타싱가포르리츠채권혼합 | KINDEX 싱가포르리츠채권혼합모닝스타,Morningstar Singapore REIT Yield Focus Income Protection Index,20191227,20230623,제외,채권·금리·현금성:채권
342500,KBSTAR KRX국채선물3년10년스티프너,국채선물 3년/10년 일드커브 스티프닝 지수(총수익지수),20191219,20211217,제외,채권·금리·현금성:국채
342600,KBSTAR KRX국채선물3년10년스티프너2X,국채선물 3년/10년 일드커브 스티프닝 지수(총수익지수),20191219,20211217,제외,채권·금리·현금성:국채
342610,KBSTAR KRX국채선물3년10년플래트너,국채선물 3년/10년 일드커브 플래트닝 지수(총수익지수),20191219,20211217,제외,채권·금리·현금성:국채
342620,KBSTAR KRX국채선물3년10년플래트너2X,국채선물 3년/10년 일드커브 플래트닝 지수(총수익지수),20191219,20211217,제외,채권·금리·현금성:국채
346000,HANARO KAP초장기국고채,KAP 초장기 국고채 지수(총수익),20200116,20251104,제외,수동: 채권(국고채·은행채·물가채·전단채·WGBI) — 키워드 '국채'가 '국고채'를 못 잡음
352540,KODEX TSE일본리츠(H) | KODEX 일본부동산리츠(H),Tokyo Stock Exchange REIT Index,20200513,20260921,제외,해외:일본
352560,KODEX 다우존스미국리츠(H) | KODEX 미국부동산리츠(H),Dow Jones U.S. Real Estate PR Index,20200513,20260921,제외,해외:미국
354240,KBSTAR 미국고정배당우선증권ICE TR | RISE 미국고정배당우선증권 | RISE 미국고정배당우선증권 TR,ICE BofAML Core Plus Fixed Rate Preferred Securities Index | ICE BofAML Core Plus Fixed Rate Preferred Securities Index(PR),20200519,20260921,제외,해외:미국
354350,HANARO 글로벌럭셔리S&P(합성),S&P Global Luxury Index,20200512,20260921,제외,해외:S&P
354500,ACE 코스닥150 | KINDEX 코스닥150,코스닥 150,20200507,20260921,국내주식형,
356540,ACE 종합채권(AA-이상)KIS액티브 | ACE 종합채권(AA-이상)액티브 | KINDEX KIS종합채권(AA-이상)액티브 | KINDEX 종합채권(AA-이상)KIS액티브,KIS 종합채권 AA-이상 총수익 지수(Total return Index),20200721,20260921,제외,채권·금리·현금성:채권
357870,TIGER CD금리투자KIS(합성),KIS CD Index(총수익),20200707,20260921,제외,채권·금리·현금성:금리
359210,KODEX 코스피TR,코스피 TR,20200721,20260921,국내주식형,
360140,KODEX 200롱코스닥150숏선물,코스피200 롱 100% 코스닥150 숏 100% 선물지수,20200821,20260921,제외,수동: 롱숏 선물(코스피200·코스닥150) — 구조가 다른 상품
360150,KODEX 코스닥150롱코스피200숏선물,코스닥150 롱 100% 코스피200 숏 100% 선물지수,20200821,20260921,제외,수동: 롱숏 선물(코스피200·코스닥150) — 구조가 다른 상품
360200,ACE 미국S&P500 | KINDEX 미국S&P500,S&P 500,20200807,20260921,제외,해외:미국
360750,TIGER 미국S&P500,S&P 500,20200807,20260921,제외,해외:미국
361580,KBSTAR 200TR | RISE 200TR,코스피 200 TR,20200821,20260921,국내주식형,
361590,KBSTAR 코스피ex200,코스피200제외 코스피지수,20200821,20220419,국내주식형,
363510,SMART KIS단기통안채 | SOL KIS단기통안채,KIS 단기통안채 Index(총수익),20200909,20260921,제외,채권·금리·현금성:통안
363570,KODEX 장기종합채권(AA-이상)액티브 | KODEX 장기종합채권(AA-이상)액티브KAP,"KAP 한국장기종합채권지수(AA-이상, 총수익)",20200925,20260921,제외,채권·금리·현금성:채권
363580,KODEX 200IT TR,코스피200 정보기술 TR,20200925,20260921,국내주식형,
364690,KODEX 혁신기술테마액티브,코스피,20200929,20260921,국내주식형,
364960,TIGER BBIG | TIGER KRX BBIG K-뉴딜,KRX BBIG 지수,20201007,20260921,국내주식형,
364970,TIGER KRX바이오K-뉴딜 | TIGER 바이오TOP10,KRX 바이오 TOP 10 지수,20201007,20260921,국내주식형,
364980,TIGER 2차전지TOP10 | TIGER KRX2차전지K-뉴딜,KRX 2차전지 TOP 10 지수,20201007,20260921,국내주식형,
364990,TIGER KRX게임K-뉴딜 | TIGER 게임TOP10,KRX 게임 TOP 10 지수,20201007,20260921,국내주식형,
365000,TIGER KRX인터넷K-뉴딜 | TIGER 인터넷TOP10,KRX 인터넷 TOP 10 지수,20201007,20260921,국내주식형,
365040,TIGER AI코리아그로스액티브,코스피,20200929,20260921,국내주식형,
365780,ACE 국고채10년 | KINDEX 국고채10년,KIS 10년 국고채 지수 (총수익),20201015,20260921,제외,수동: 채권(국고채·은행채·물가채·전단채·WGBI) — 키워드 '국채'가 '국고채'를 못 잡음
367380,ACE 미국나스닥100 | KINDEX 미국나스닥100,NASDAQ 100,20201029,20260921,제외,해외:미국
367740,HANARO Fn5G산업,FnGuide 5G 산업 지수,20201029,20260921,국내주식형,
367760,KBSTAR Fn5G테크 | RISE 5G테크 | RISE 네트워크인프라,FnGuide 네트워크 인프라 지수,20201029,20260921,국내주식형,수동: 네트워크인프라 — 국내 주식 테마
367770,KBSTAR Fn수소경제테마 | RISE 수소경제테마,FnGuide 수소 경제 테마 지수,20201029,20260921,국내주식형,
368190,HANARO Fn K-뉴딜디지털플러스,FnGuide K-뉴딜 디지털 플러스 지수,20201110,20260921,국내주식형,
368200,KBSTAR Fn K-뉴딜디지털플러스,FnGuide K-뉴딜 디지털 플러스 지수,20201110,20240425,국내주식형,
368470,KINDEX Fn K-뉴딜디지털플러스,FnGuide K-뉴딜 디지털 플러스 지수,20201110,20220915,국내주식형,
368590,KBSTAR 미국나스닥100 | RISE 미국나스닥100,NASDAQ 100,20201106,20260921,제외,해외:미국
368680,KODEX Fn K-뉴딜디지털플러스 | KODEX K-뉴딜디지털플러스,FnGuide K-뉴딜 디지털 플러스 지수,20201110,20260921,국내주식형,
371130,ACE 베트남VN30선물블룸버그레버리지(H) | KINDEX 베트남VN30선물블룸버그레버리지(H) | KINDEX 블룸버그베트남VN30선물레버리지(H),Bloomberg VN30 Futures Excess Return Index,20201125,20241217,제외,해외:베트남
371150,KBSTAR 차이나항셍테크 | RISE 차이나항셍테크,Hang Seng TECH Index,20201216,20260921,제외,해외:차이나
371160,TIGER 차이나항셍테크,Hang Seng TECH Index,20201216,20260921,제외,해외:차이나
371450,TIGER 글로벌클라우드컴퓨팅INDXX,Indxx Global Cloud Computing Index(Net Total Return) | Indxx Global Cloud Computing Index(PR),20201208,20260921,제외,해외:글로벌
371460,TIGER 차이나전기차SOLACTIVE,Solactive China Electric Vehicle and Battery Index(Net Total Return) | Solactive China Electric Vehicle and Battery Index(PR),20201208,20260921,제외,해외:차이나
371470,TIGER 차이나바이오테크SOLACTIVE,Solactive China Biotech Index(Net Total Return) | Solactive China Biotech Index(PR),20201208,20260921,제외,해외:차이나
371870,ACE 차이나항셍테크 | KINDEX 차이나항셍테크,Hang Seng TECH Index,20201216,20260921,제외,해외:차이나
372330,KODEX 차이나항셍테크,Hang Seng TECH Index,20201216,20260921,제외,해외:차이나
373490,KODEX K-이노베이션액티브 | KODEX 코리아혁신성장액티브,FnGuide K-이노베이션 지수,20201224,20260921,국내주식형,
373530,ARIRANG 신흥국MSCI인버스(합성 H) | PLUS 신흥국MSCI인버스(합성 H),MSCI EM Index,20201216,20251218,제외,해외:신흥국
373790,KIWOOM 미국방어배당성장나스닥 | KOSEF 미국방어배당성장나스닥,Nasdaq US Low Volatility Dividend Achievers Index,20201224,20260921,제외,해외:미국
375270,KBSTAR 글로벌데이터센터리츠나스닥(합성) | RISE 글로벌데이터센터리츠(합성),Kelly Data Center & Tech Infrastructure Net Total Return Index,20210114,20260921,제외,해외:나스닥
375760,HANARO 탄소효율그린뉴딜,KRX/S&P 탄소효율 그린뉴딜지수,20210205,20260921,제외,해외:S&P
375770,KODEX 탄소효율그린뉴딜,KRX/S&P 탄소효율 그린뉴딜지수,20210205,20260921,제외,해외:S&P
376250,ARIRANG 탄소효율그린뉴딜,KRX/S&P 탄소효율 그린뉴딜지수,20210205,20230623,제외,해외:S&P
376410,TIGER 탄소효율그린뉴딜,KRX/S&P 탄소효율 그린뉴딜지수,20210205,20260921,제외,해외:S&P
377990,TIGER Fn신재생에너지,FnGuide 신재생에너지 지수,20210305,20260921,국내주식형,
379780,KBSTAR 미국S&P500 | RISE 미국S&P500,S&P 500,20210409,20260921,제외,해외:미국
379790,KBSTAR 유로스탁스50(H) | RISE 유로스탁스50(H),EURO STOXX 50 Index,20210409,20260921,제외,해외:유로
379800,KODEX 미국S&P500 | KODEX 미국S&P500TR,S&P 500 | S&P 500 Total Return Index,20210409,20260921,제외,해외:미국
379810,KODEX 미국나스닥100 | KODEX 미국나스닥100TR,NASDAQ 100 | NASDAQ-100 Total Return Index,20210409,20260921,제외,해외:미국
380340,ACE Fn5G플러스 | ACE 코리아AI테크핵심산업 | KINDEX Fn5G플러스,FnGuide 코리아AI테크핵심산업지수 (Price Return),20210402,20260921,국내주식형,
381170,TIGER 미국테크TOP10 INDXX,Indxx US Tech Top 10 Index,20210409,20260921,제외,해외:미국
381180,TIGER 미국필라델피아반도체나스닥,PHLX Semiconductor Sector Index,20210409,20260921,제외,해외:미국
381560,HANARO Fn전기&수소차,FnGuide 전기&수소차 지수 (시장가격),20210402,20260921,국내주식형,
381570,HANARO Fn친환경에너지,FnGuide 친환경에너지 지수 (시장가격),20210402,20260921,국내주식형,
385510,KODEX K-신재생에너지액티브 | KODEX 신재생에너지액티브,FnGuide K-신재생에너지 플러스 지수,20210525,20260921,국내주식형,
385520,KODEX K-미래차액티브 | KODEX 자율주행액티브,FnGuide K-미래차 지수,20210525,20260921,국내주식형,
385540,KBSTAR KIS종합채권(A-이상)액티브 | KBSTAR 종합채권(A-이상)액티브 | RISE 종합채권(A-이상)액티브,KIS 종합채권 지수(A-이상)(총수익지수),20210526,20260921,제외,채권·금리·현금성:채권
385550,KBSTAR KIS단기종합채권(AA-이상)액티브 | KBSTAR 단기종합채권(AA-이상)액티브 | RISE 단기종합채권(AA-이상)액티브 | RISE 단기채권알파액티브,KIS 단기채권알파지수(AA-이상)(총수익지수),20210526,20260921,제외,채권·금리·현금성:채권
385560,KBSTAR KIS국고채30년Enhanced | RISE KIS국고채30년Enhanced,KIS 국고채30년Enhanced지수(시장가격),20210526,20260921,제외,수동: 채권(국고채·은행채·물가채·전단채·WGBI) — 키워드 '국채'가 '국고채'를 못 잡음
385590,ACE ESG액티브 | KINDEX ESG액티브 | 네비게이터 ESG액티브,MSCI Korea Country ESG Leaders Custom Capped Price return Index,20210525,20260921,국내주식형,
385600,ACE 2차전지&친환경차액티브 | ACE 친환경자동차밸류체인액티브 | KINDEX 친환경자동차밸류체인액티브 | 네비게이터 친환경자동차밸류체인액티브,FnGuide 친환경 자동차 밸류체인 지수,20210525,20260921,국내주식형,
385710,TIME K이노베이션액티브 | TIMEFOLIO BBIG액티브 | TIMEFOLIO K이노베이션액티브 | TIMEFOLIO 이노베이션액티브,KRX BBIG 지수,20210525,20260921,국내주식형,
385720,TIME 코스피액티브 | TIMEFOLIO Kstock액티브 | TIMEFOLIO 코스피액티브,코스피,20210525,20260921,국내주식형,
387270,TIGER 글로벌BBIG액티브 | TIGER 글로벌이노베이션액티브,NASDAQ 100,20210525,20260921,제외,해외:NASDAQ
387280,TIGER 퓨처모빌리티액티브,FnGuide 퓨처모빌리티 지수,20210525,20260921,국내주식형,
388280,KBSTAR Fn컨택트대표 | RISE K엔터&여행레저 | RISE 컨택트대표,FnGuide K엔터&여행레저 지수,20210610,20260921,국내주식형,
388420,KBSTAR 비메모리반도체액티브 | RISE 비메모리반도체액티브,iSelect 비메모리반도체 지수(시장가격지수),20210610,20260921,국내주식형,
390390,KODEX 미국반도체 | KODEX 미국반도체MV,MVIS US Listed Semiconductor 25 Index,20210630,20260921,제외,해외:미국
390400,KODEX 미국스마트모빌리티S&P,S&P Kensho Smart Transportation,20210630,20260921,제외,해외:미국
390950,HANARO 단기채권액티브,KAP 단기 통안채 지수(총수익),20210625,20250325,제외,채권·금리·현금성:채권
391590,ACE 미국스팩&IPO INDXX | KINDEX 미국스팩&IPO INDXX,Indxx SPAC & NEXTGEN IPO Price return Index,20210805,20240723,제외,해외:미국
391600,ACE 미국친환경그린테마 | ACE 미국친환경그린테마INDXX | KINDEX 미국친환경그린테마INDXX,Indxx US Green Infrastructure Price return Index,20210805,20260921,제외,해외:미국
391670,HK 베스트일레븐액티브,코스피 200,20210706,20260921,국내주식형,
391680,HK 하이볼액티브,코스피 200,20210706,20241209,국내주식형,
394340,KOSEF 글로벌디지털경제 | KOSEF 릭소글로벌디지털경제MSCI,MSCI ACWI IMI 디지털 이코노미&메타버스 ESG 지수(시장가격),20210720,20241105,제외,해외:글로벌
394350,KIWOOM 글로벌퓨처모빌리티 | KOSEF 글로벌퓨처모빌리티 | KOSEF 릭소글로벌퓨처모빌리티MSCI,MSCI ACWI IMI 퓨처모빌리티 ESG 지수(시장가격),20210720,20260325,제외,해외:글로벌
394660,TIGER 글로벌자율주행&전기차SOLACTIVE,Solactive Autonomous & Electric Vehicles 지수(Net Total Return) | Solactive Autonomous & Electric Vehicles 지수(PR),20210720,20260921,제외,해외:글로벌
394670,TIGER 글로벌리튬&2차전지SOLACTIVE(합성),Solactive Global Lithium 지수(Net Total Return) | Solactive Global Lithium 지수(PR),20210720,20260921,제외,해외:글로벌
395150,KODEX Fn웹툰&드라마 | KODEX 웹툰&드라마,FnGuide 웹툰&드라마 지수,20210730,20260921,국내주식형,
395160,KODEX AI반도체 | KODEX AI반도체TOP2플러스 | KODEX Fn시스템반도체 | KODEX 시스템반도체,FnGuide AI반도체 TOP2+ 지수,20210730,20260921,국내주식형,
395170,KODEX Fn Top10동일가중 | KODEX Top10동일가중,FnGuide TOP10 동일가중 지수,20210730,20260921,국내주식형,
395270,HANARO Fn K-반도체,FnGuide K-반도체 지수,20210730,20260921,국내주식형,
395280,HANARO Fn K-게임,FnGuide K-게임 지수,20210730,20260921,국내주식형,
395290,HANARO Fn K-POP&미디어,FnGuide K-POP & 미디어 지수,20210730,20260921,국내주식형,
395750,ARIRANG ESG가치주액티브 | PLUS ESG가치주액티브,FnGuide 한화 ESG 가치 지수,20210730,20260921,국내주식형,
395760,ARIRANG ESG성장주액티브 | PLUS ESG성장주액티브,FnGuide 한화 ESG 성장 지수,20210730,20260921,국내주식형,
396500,TIGER Fn반도체TOP10 | TIGER 반도체TOP10,FnGuide 반도체TOP10 지수,20210810,20260921,국내주식형,
396510,TIGER 차이나클린에너지SOLACTIVE,Solactive China Clean Energy 지수(Net Total Return) | Solactive China Clean Energy 지수(PR),20210810,20260921,제외,해외:차이나
396520,TIGER 차이나반도체FACTSET,FactSet China Semiconductor 지수(Net Total Return) | FactSet China Semiconductor 지수(PR),20210810,20260921,제외,해외:차이나
397410,KBSTAR 국채선물5년추종인버스 | RISE 국채선물5년추종인버스,5년 국채선물 추종 지수,20210831,20250521,제외,채권·금리·현금성:국채
397420,KBSTAR 국채선물5년추종 | RISE 국채선물5년추종,5년 국채선물 추종 지수,20210831,20260819,제외,채권·금리·현금성:국채
399110,SOL 미국S&P500ESG,S&P500 Scored&Screened(PR),20210914,20260921,제외,해외:미국
399580,KBSTAR 글로벌클린에너지S&P | RISE 글로벌클린에너지,S&P Global Clean Energy Transition Index (Price Return),20211021,20260921,제외,해외:S&P
400570,KODEX 유럽탄소배출권선물ICE(H),ICE EUA Carbon Futures Index(Excess Return),20210930,20260921,제외,해외:유럽
400580,SOL 유럽탄소배출권선물S&P(H),S&P GSCI Carbon Emission Allowances(EUA)(EUR)ER,20210930,20260921,제외,해외:S&P
400590,SOL 글로벌탄소배출권선물ICE(합성) | SOL 글로벌탄소배출권선물IHS(합성),ICE Global Carbon Futures Index(Excess Return) | IHS Markit Global Carbon Index(Total Return),20210930,20260921,제외,해외:글로벌
400970,TIGER Fn메타버스,FnGuide 메타버스테마 지수,20211013,20260921,국내주식형,
401170,KBSTAR iSelect메타버스 | RISE 메타버스,iSelect 메타버스 지수(시장가격지수),20211013,20260921,국내주식형,
401470,KODEX K-메타버스액티브 | KODEX 메타버스액티브,FnGuide K-메타버스 지수,20211013,20260921,국내주식형,
401590,HANARO 글로벌탄소배출권선물ICE(합성),ICE Global Carbon Futures Index(Excess Return),20210930,20260921,제외,해외:글로벌
402460,HANARO Fn K-메타버스MZ,FnGuide K-메타버스 MZ 지수(시장가격),20211013,20260921,국내주식형,
402520,FOCUS 혁신기업액티브,코스피,20210930,20240903,국내주식형,
402970,ACE 미국고배당S&P | ACE 미국배당다우존스 | KINDEX 미국고배당S&P,Dow Jones U.S. Dividend 100 Price Return Index,20211021,20260921,제외,해외:미국
403790,MIDAS 코스피액티브 | 마이다스 KoreaStock액티브 | 마이다스 코스피액티브,코스피,20211013,20260921,국내주식형,
403990,KBSTAR KRX기후변화솔루션,KRX 기후변화 솔루션지수,20211029,20240625,국내주식형,
404120,TIME K신재생에너지액티브 | TIMEFOLIO K신재생에너지액티브 | TIMEFOLIO 탄소중립액티브,KRX 기후변화 솔루션지수,20211029,20260921,국내주식형,
404260,KODEX KRX기후변화솔루션 | KODEX 기후변화솔루션,KRX 기후변화 솔루션지수,20211029,20260921,국내주식형,
404470,HANARO KRX기후변화솔루션,KRX 기후변화 솔루션지수,20211029,20240910,국내주식형,
404540,TIGER KRX기후변화솔루션,KRX 기후변화 솔루션지수,20211029,20260921,국내주식형,
404650,SOL KRX기후변화솔루션,KRX 기후변화 솔루션지수,20211029,20260921,국내주식형,
407160,KCGI 테크미디어텔레콤액티브 | MASTER 테크미디어텔레콤액티브,FnGuide TMT 지수,20211116,20250917,국내주식형,
407170,KCGI 스마트커머스액티브 | MASTER 스마트커머스액티브,FnGuide 스마트커머스 지수,20211116,20250917,국내주식형,
407300,HANARO Fn골프테마,FnGuide 골프 테마 지수,20211124,20260921,국내주식형,
407310,HANARO 200 TOP10,코스피 200 Top 10 지수,20211124,20260921,국내주식형,
407820,에셋플러스 코리아플랫폼액티브,FnGuide 플랫폼 지수(Price Return),20211116,20260921,국내주식형,
407830,에셋플러스 글로벌플랫폼액티브,S&P 500,20211116,20260921,제외,해외:S&P
409810,KODEX 미국나스닥100선물인버스(H),NASDAQ 100,20211209,20260921,제외,해외:미국
409820,KODEX 미국나스닥100레버리지(합성 H),NASDAQ 100,20211209,20260921,제외,해외:미국
410870,TIME K컬처액티브 | TIMEFOLIO K컬처액티브,FnGuide K-컬처 지수,20211215,20260921,국내주식형,
411050,ACE 글로벌메타버스테크액티브 | KINDEX 글로벌메타버스테크액티브 | 네비게이터 글로벌메타버스테크액티브,Bloomberg Global Digital Media & Tech Select Price Return Index,20211222,20250814,제외,해외:글로벌
411060,ACE KRX금현물 | KINDEX KRX금현물,KRX 금현물지수,20211215,20260921,제외,원자재·통화:금현물
411420,KODEX 미국나스닥AI테크액티브 | KODEX 미국메타버스나스닥액티브,Nasdaq CB Insights Metaverse US Index (Price Return),20211222,20260921,제외,해외:미국
411540,SOL 200 Top10,코스피 200 Top 10 지수,20211209,20260921,국내주식형,
411720,KBSTAR 글로벌메타버스Moorgate | RISE 글로벌메타버스,Global Metaverse Index(Price Return),20211222,20250121,제외,해외:글로벌
411860,KIWOOM 독일DAX | KOSEF 독일DAX,DAX Index(PR),20211222,20260921,제외,해외:독일
412560,TIGER BBIG레버리지 | TIGER KRX BBIG K-뉴딜레버리지,KRX BBIG 지수,20211215,20260921,제외,구조가 다른 상품:레버리지
412570,TIGER 2차전지TOP10레버리지 | TIGER KRX2차전지K-뉴딜레버리지,KRX 2차전지 TOP 10 지수,20211215,20260921,제외,구조가 다른 상품:레버리지
412770,TIGER 글로벌AI플랫폼액티브 | TIGER 글로벌메타버스액티브,Indxx Global Metaverse Index (Price Return),20211222,20260921,제외,해외:글로벌
413220,SOL 차이나태양광CSI(합성),CSI Photovoltaic Industry Index(PR),20211222,20260921,제외,해외:차이나
413930,WON AI ESG액티브 | WOORI AI ESG액티브,MK-iSelect AI ESG 지수(시장가격지수),20220105,20260921,국내주식형,
414270,ACE G2전기차&자율주행액티브 | ACE 글로벌자율주행액티브 | KINDEX G2전기차&자율주행액티브,FactSet US-China Electric&Autonomous Vehicle Price Return Index,20220215,20260921,제외,해외:CHINA
414780,TIGER 차이나과창판STAR50(합성),STAR 50 Index(Price Return),20220113,20260921,제외,해외:차이나
415340,KODEX 차이나과창판STAR50(합성),STAR 50 Index(Price Return),20220113,20260921,제외,해외:차이나
415760,SOL 차이나육성산업액티브(합성),STAR 50 Index(Price Return),20220113,20260921,제외,해외:차이나
415920,ARIRANG 글로벌희토류전략자원기업MV | PLUS 글로벌희토류&전략자원생산기업,MVIS Global Rare Earth/Strategic Metals Index (Price Return),20220118,20260921,제외,해외:글로벌
416090,ACE 중국과창판STAR50 | KINDEX 중국과창판STAR50,STAR 50 Index(Price Return),20220113,20260921,제외,해외:중국
417450,KBSTAR 글로벌수소경제Indxx | RISE 글로벌수소경제,Indxx Hydrogen Economy Index (Net Total Return) | Indxx Hydrogen Economy Index (PR),20220215,20260921,제외,해외:글로벌
417630,TIGER KEDI혁신기업ESG30,KEDI 혁신기업ESG30 지수(시장가격 지수),20220208,20260921,국내주식형,
418660,TIGER 미국나스닥100레버리지(합성),NASDAQ 100,20220222,20260921,제외,해외:미국
418670,TIGER 글로벌AI사이버보안 | TIGER 글로벌사이버보안INDXX,Indxx Cybersecurity 지수 (PR) | Indxx Cybersecurity 지수 (총수익),20220222,20260921,제외,해외:글로벌
419170,HANARO 미국메타버스iSelect,iSelect US 메타버스 지수(시장가격),20220222,20250623,제외,해외:미국
419420,KODEX 미국클린에너지나스닥,Nasdaq Clean Edge Green Energy Index (Price Return),20220322,20260921,제외,해외:미국
419430,KODEX 차이나2차전지MSCI(합성),MSCI China all shares IMI Select Batteries Index(Price Return),20220322,20260921,제외,해외:차이나
419650,ARIRANG 글로벌수소&차세대연료전지MV | PLUS 글로벌수소&차세대연료전지,BlueStar Hydrogen and NextGen Fuel Cell Index (시장가격),20220215,20260921,제외,해외:글로벌
419890,KIWOOM 단기채권ESG액티브 | 히어로즈 단기채권ESG액티브,KIS ESG 9M~1.5Y,20220303,20260921,제외,채권·금리·현금성:채권
421320,ARIRANG iSelect우주항공&UAM | ARIRANG 우주항공&UAM iSelect | PLUS 우주항공 | PLUS 우주항공&UAM,iSelect 우주항공UAM 지수,20220329,20260921,국내주식형,
422260,VITA MZ소비액티브,FnGuide MZ 소비 지수,20220329,20260624,국내주식형,
422420,KBSTAR 2차전지액티브 | RISE 2차전지액티브,iSelect 2차전지 지수 (시장가격지수),20220408,20260921,국내주식형,
423160,KODEX KOFR금리액티브(합성),KOFR 지수,20220426,20260921,제외,채권·금리·현금성:금리
423170,SOL 글로벌AI반도체탑픽액티브 | SOL 한국형글로벌반도체액티브,S&P Global Semiconductor Korea Tilted Index(PR),20220412,20260921,제외,해외:S&P
423920,TIGER 미국필라델피아반도체레버리지(합성),PHLX Semiconductor Sector Index,20220419,20260921,제외,해외:미국
424460,HANARO 글로벌워터MSCI(합성),MSCI ACWI IMI Water ESG Filtered (Price Return),20220419,20260715,제외,해외:글로벌
426020,TIME 미국S&P500액티브 | TIMEFOLIO 미국S&P500액티브,S&P 500,20220511,20260921,제외,해외:미국
426030,TIME 미국나스닥100액티브 | TIMEFOLIO 미국나스닥100액티브,NASDAQ 100,20220511,20260921,제외,해외:미국
426150,WON 대한민국국고채액티브 | WOORI 대한민국국고채액티브,KAP 한국 국고채 총수익 지수,20220511,20260921,제외,수동: 채권(국고채·은행채·물가채·전단채·WGBI) — 키워드 '국채'가 '국고채'를 못 잡음
426330,KIWOOM 미국ETF산업STOXX | KOSEF 미국ETF산업STOXX,STOXX USA ETF Industry Index (KRW),20220426,20260325,제외,해외:미국
426410,ARIRANG 미국대체투자Top10MV | PLUS 미국대체투자Top10,BlueStar Top 10 US Listed Alternative Asset Managers Index (시장가격),20220511,20250219,제외,해외:미국
427110,KBSTAR Fn창업투자회사 | RISE 창업투자회사,FnGuide 창업투자회사 지수(시장가격지수),20220517,20250121,국내주식형,
427120,KBSTAR Fn플랫폼테마 | RISE AI플랫폼 | RISE 플랫폼테마,FnGuide AI 플랫폼 지수,20220517,20260921,국내주식형,
428510,KODEX 차이나AI테크액티브 | KODEX 차이나메타버스액티브,Bloomberg China Media & Tech Index PR,20220517,20260921,제외,해외:차이나
428560,KODEX 미국ETF산업Top10 Indxx,Indxx US ETF Industry Top10 Index(Price Return),20220517,20260921,제외,해외:미국
429000,TIGER 미국S&P500배당귀족,S&P 500 Dividend Aristocrats 지수 (Price Return),20220517,20260921,제외,해외:미국
429010,TIGER 미국나스닥넥스트100,Nasdaq Next Generation 100 지수 (Price Return),20220517,20260921,제외,해외:미국
429740,ARIRANG Fn K리츠 | ARIRANG K리츠Fn | PLUS K리츠,FnGuide 리츠 지수,20220524,20260921,제외,구조가 다른 상품:리츠
429760,ARIRANG 미국S&P500 | PLUS 미국S&P500,S&P 500,20220531,20260921,제외,해외:미국
429870,KIWOOM 리츠이지스액티브 | 히어로즈 리츠이지스액티브,iSelect 리츠 지수,20220524,20250602,제외,구조가 다른 상품:리츠
429980,SOL 한국형글로벌전기차&2차전지액티브,FactSet Global Electric Vehicle and Rechargeable Battery Korea-Tilted Index(PR),20220614,20260921,제외,해외:글로벌
429990,SOL 한국형글로벌플랫폼&메타버스액티브,Dow Jones Internet Korea Tilted Index(PR),20220614,20250116,제외,해외:DOW
430500,KIWOOM 물가채KIS | KOSEF 물가채KIS,KIS TIPS 지수(총수익),20220531,20260921,제외,수동: 채권(국고채·은행채·물가채·전단채·WGBI) — 키워드 '국채'가 '국고채'를 못 잡음
432600,KBSTAR 국채선물3년 | RISE 국채선물3년,국채선물지수,20220614,20260921,제외,채권·금리·현금성:국채
432840,HANARO 미국S&P500,S&P 500,20220608,20260921,제외,해외:미국
432850,HANARO 글로벌백신치료제MSCI,MSCI World IMI Virology Select Index,20220608,20250623,제외,해외:글로벌
433220,에셋플러스 글로벌대장장이액티브,S&P 500,20220628,20260921,제외,해외:S&P
433250,UNICORN R&D 액티브,코스피 200,20220706,20260921,국내주식형,
433330,SOL 미국S&P500,S&P 500,20220621,20260921,제외,해외:미국
433500,ACE 원자력TOP10 | ACE 원자력테마딥서치 | KINDEX 원자력테마딥서치,DeepSearch 원자력 TOP 10지수,20220628,20260921,국내주식형,
433850,ARIRANG TDF2030액티브 | PLUS TDF2030액티브,Morningstar Korea Lifetime Allocation Moderate 2030 Index (Gross Return),20220630,20250715,제외,채권·금리·현금성:TDF
433860,ARIRANG TDF2040액티브 | PLUS TDF2040액티브,Morningstar Korea Lifetime Allocation Moderate 2040 Index (Gross Return),20220630,20250820,제외,채권·금리·현금성:TDF
433870,ARIRANG TDF2050액티브 | PLUS TDF2050액티브,Morningstar Korea Lifetime Allocation Moderate 2050 Index (Gross Return),20220630,20250917,제외,채권·금리·현금성:TDF
433880,ARIRANG TDF2060액티브 | PLUS TDF2060액티브 | PLUS TDF2060액티브 적격,Morningstar Korea Lifetime Allocation Moderate 2060 Index (Gross Return),20220630,20260921,제외,채권·금리·현금성:TDF
433970,KODEX TDF2030액티브 | KODEX TDF2030액티브 적격,Samsung Korea Target Date 2030 Index (Price Return),20220630,20260921,제외,채권·금리·현금성:TDF
433980,KODEX TDF2040액티브 | KODEX TDF2040액티브 적격,Samsung Korea Target Date 2040 Index (Price Return),20220630,20260921,제외,채권·금리·현금성:TDF
434060,KODEX TDF2050액티브 | KODEX TDF2050액티브 적격,Samsung Korea Target Date 2050 Index (Price Return),20220630,20260921,제외,채권·금리·현금성:TDF
434730,HANARO 원자력iSelect,iSelect 원자력지수 (시장가격),20220628,20260921,국내주식형,
434960,DAISHIN K200 | DAISHIN343 K200 | 대신343 K200,코스피 200,20220628,20260921,국내주식형,
435040,ACE 글로벌브랜드TOP10 | ACE 글로벌브랜드TOP10블룸버그 | KINDEX 글로벌브랜드TOP10블룸버그,Bloomberg Global Select Industry Leaders TOP10 Index(PR),20220628,20260921,제외,해외:글로벌
435420,TIGER 미국나스닥100TR채권혼합Fn | TIGER 미국나스닥100채권혼합50 | TIGER 미국나스닥100채권혼합Fn,FnGuide 나스닥100채권혼합50 지수(총수익 지수),20220706,20260921,제외,해외:미국
435530,KIWOOM TDF2030액티브 | KIWOOM TDF2030액티브 적격 | 히어로즈 TDF2030액티브,Dow Jones Target 2030 Index (Total Return),20220630,20260921,제외,해외:DOW
435540,KIWOOM TDF2040액티브 | KIWOOM TDF2040액티브 적격 | 히어로즈 TDF2040액티브,Dow Jones Target 2040 Index (Total Return),20220630,20260921,제외,해외:DOW
435550,KIWOOM TDF2050액티브 | KIWOOM TDF2050액티브 적격 | 히어로즈 TDF2050액티브,Dow Jones Target 2050 Index (Total Return),20220630,20260921,제외,해외:DOW
436140,SOL 종합채권(AA-이상)액티브,"KAP K-종합채권지수(AA-이상, 총수익)",20220809,20260921,제외,채권·금리·현금성:채권
436180,ARIRANG K-유니콘투자기업액티브 | PLUS K-유니콘투자기업액티브,FnGuide K-유니콘 투자기업 지수,20220713,20240826,국내주식형,
437070,KODEX 아시아달러채권ESG플러스액티브 | KODEX 아시아달러채권SRI플러스액티브,Bloomberg MSCI EM Asia Investment Grade Credit SRI Index(Total Return),20220809,20260921,제외,해외:아시아
437080,KODEX 미국종합채권ESG액티브(H) | KODEX 미국종합채권SRI액티브(H),Bloomberg MSCI US Aggregate 2bn ex Securitized SRI Capped Index(Total Return),20220809,20260921,제외,해외:미국
437350,KBSTAR 미국단기투자등급회사채액티브 | RISE 미국단기투자등급회사채액티브,Bloomberg US Corporate 1-5 Years Total Return Index,20220729,20260921,제외,해외:미국
437370,KBSTAR 글로벌농업경제MV | RISE 글로벌농업경제,MVIS Global Agribusiness Index(Price Return),20220729,20260921,제외,해외:글로벌
437550,KIWOOM 글로벌리츠이지스액티브 | 히어로즈 글로벌리츠이지스액티브,S&P Global REIT Index,20220729,20250602,제외,해외:S&P
438080,ACE 미국S&P500미국채혼합50액티브 | ACE 미국S&P500채권혼합액티브 | KINDEX 미국S&P500채권혼합액티브,S&P 500 and Short-Term Treasury 50/50 Blend Index | S&P500 and Short-Term Treasury 30/70 Blend Index,20220826,20260921,제외,해외:미국
438100,ACE 미국나스닥100미국채혼합50액티브 | ACE 미국나스닥100채권혼합액티브 | KINDEX 미국나스닥100채권혼합액티브,NASDAQ-100 US T-Bills 50/50 Index,20220826,20260921,제외,해외:미국
438210,ARIRANG 글로벌인공지능산업MV | PLUS 글로벌AI,BlueStar Artificial Intelligence Index(시장가격),20220817,20250423,제외,해외:글로벌
438320,TIGER 차이나항셍테크레버리지(합성 H),Hang Seng TECH Index,20220823,20260921,제외,해외:차이나
438330,TIGER 우량회사채액티브 | TIGER 투자등급회사채액티브,KIS 투자등급회사채 지수(총수익),20220823,20260921,제외,채권·금리·현금성:회사채
438560,SOL 국고채3년,KAP 국고채3년지수(총수익지수),20220906,20260921,제외,수동: 채권(국고채·은행채·물가채·전단채·WGBI) — 키워드 '국채'가 '국고채'를 못 잡음
438570,SOL 국고채10년,KAP 국고채10년지수(총수익지수),20220906,20260921,제외,수동: 채권(국고채·은행채·물가채·전단채·WGBI) — 키워드 '국채'가 '국고채'를 못 잡음
438740,MIDAS 중소형액티브 | 마이다스 KoreaStock중소형액티브 | 마이다스 중소형액티브,코스피 중형주,20220817,20260921,국내주식형,
438900,HANARO Fn K-푸드,FnGuide K-푸드 지수 (시장가격),20220817,20260921,국내주식형,
439860,KODEX ESG종합채권(A-이상)액티브,"KAP ESG 종합채권지수(A- 이상, 총수익)",20220823,20260921,제외,채권·금리·현금성:채권
439870,KODEX 국고채30년액티브,KAP 국고채 30년 총수익 지수,20220823,20260921,제외,수동: 채권(국고채·은행채·물가채·전단채·WGBI) — 키워드 '국채'가 '국고채'를 못 잡음
440340,TIGER 글로벌멀티에셋TIF액티브,INDXX 멀티에셋인컴 지수(시장가격 지수),20220830,20260921,제외,해외:글로벌
440640,ACE 단기채권알파액티브 | KINDEX 단기채권알파액티브,KIS 단기채권알파AA-이상 총수익지수,20220823,20260921,제외,채권·금리·현금성:채권
440650,ACE 미국달러단기채권액티브 | KINDEX 미국달러단기채권액티브,Bloomberg Short-Term Treasury Total Return Index,20220823,20260921,제외,해외:미국
440910,WON 미국우주항공방산 | WOORI 미국S&P우주항공&디펜스 | WOORI 미국우주항공방산,S&P Aerospace & Defense Select Industry Index(PR),20220826,20260921,제외,해외:미국
441330,KIWOOM 차이나A50커넥트MSCI | KOSEF 차이나A50커넥트MSCI,MSCI China A50 Connect Index,20220920,20260325,제외,해외:차이나
441540,HANARO Fn조선해운,FnGuide 조선해운지수,20220915,20260921,국내주식형,
441640,KODEX 미국배당커버드콜액티브 | KODEX 미국배당프리미엄액티브,S&P 500,20220927,20260921,제외,해외:미국
441680,TIGER 미국나스닥100커버드콜(합성),Cboe Nasdaq-100 BuyWrite V2 지수 (Total Return),20220922,20260921,제외,해외:미국
441800,TIME Korea플러스배당액티브 | TIMEFOLIO Korea플러스배당액티브,코스피 200,20220927,20260921,국내주식형,
442090,에셋플러스 코리아대장장이액티브,FnGuide 대장장이 지수(Price Return),20220920,20260921,국내주식형,
442260,마이티 다이나믹퀀트액티브,코스피 200,20221025,20260921,국내주식형,
442320,KBSTAR 글로벌원자력iSelect | RISE 글로벌원자력,iSelect 글로벌원자력 지수(시장가격),20221013,20260921,제외,해외:글로벌
442550,KBSTAR TDF2030액티브 | RISE TDF2030액티브 | RISE TDF2030액티브 적격,iSelect 전략적자산배분 TDF 2030 지수,20220922,20260921,제외,채권·금리·현금성:TDF
442560,KBSTAR TDF2040액티브 | RISE TDF2040액티브 | RISE TDF2040액티브 적격,iSelect 전략적자산배분 TDF 2040 지수,20220922,20260921,제외,채권·금리·현금성:TDF
442570,KBSTAR TDF2050액티브 | RISE TDF2050액티브 | RISE TDF2050액티브 적격,iSelect 전략적자산배분 TDF 2050 지수,20220922,20260921,제외,채권·금리·현금성:TDF
442580,ARIRANG 글로벌D램반도체iSelect | ARIRANG 글로벌HBM반도체 | PLUS 글로벌HBM반도체,iSelect 글로벌HBM반도체 지수,20220922,20260921,제외,해외:글로벌
444200,SOL KEDI메가테크액티브 | SOL 코리아메가테크액티브,KEDI 메가테크지수(PR),20221018,20260921,국내주식형,
444490,WON 미국S&P500 | WOORI 미국S&P500,S&P 500,20221006,20260921,제외,해외:미국
445150,KODEX K-친환경선박액티브 | KODEX K-친환경조선해운액티브 | KODEX 친환경조선해운액티브,FnGuide K-친환경 선박 지수,20221115,20260921,국내주식형,
445290,KODEX K-로봇액티브 | KODEX 로봇액티브,iSelect K-로봇테마 지수,20221115,20260921,국내주식형,
445690,BNK 주주가치액티브,FnGuide 주주가치 지수,20221027,20260921,국내주식형,
445910,TIGER MKF배당귀족,MKF 배당귀족 지수(시장가격지수),20221018,20260921,국내주식형,
445930,KOSEF 차이나A50커넥트레버리지MSCI(합성H),MSCI China A50 Connect Index,20221025,20241105,제외,해외:차이나
445950,KOSEF 차이나A50커넥트인버스MSCI(합성 H),MSCI China A50 Connect Index,20221025,20241105,제외,해외:차이나
446690,KODEX 아시아 AI 반도체 exChina 액티브 | KODEX 아시아AI반도체exChina액티브 | KODEX 아시아반도체공급망exChina액티브,iSelect 아시아반도체 제조동맹 지수(시장가격),20230201,20260921,제외,해외:CHINA
446700,KBSTAR 배터리 리사이클링iSelect | RISE 배터리 리사이클링,iSelect 배터리 리사이클링 지수,20221101,20260921,국내주식형,
446720,SOL 미국배당다우존스,Dow Jones U.S. Dividend 100 Price Return Index,20221115,20260921,제외,해외:미국
446770,ACE 글로벌반도체TOP4 Plus | ACE 글로벌반도체TOP4 Plus SOLACTIVE,Solactive Global Semiconductor TOP4 Plus Price Return Index,20221115,20260921,제외,해외:글로벌
447430,ACE 주주환원가치주액티브 | ACE 차세대가치주액티브,FnGuide 올라운드 가치주 지수,20221115,20260921,국내주식형,
447620,SOL 미국TOP5채권혼합40 Solactive | SOL 미국TOP5채권혼합50,Solactive US TOP5 Balanced50 Index(PR),20221129,20260921,제외,해외:미국
447660,ARIRANG Apple채권혼합Fn | ARIRANG 애플채권혼합 | PLUS 애플채권혼합,FnGuide 애플채권혼합 지수,20221129,20260921,제외,채권·금리·현금성:채권
447770,TIGER 테슬라채권혼합Fn,FnGuide 테슬라채권혼합 지수,20221129,20260921,제외,채권·금리·현금성:채권
447780,TIGER 23-12 국공채액티브,KIS 국공채 2312만기형 지수(총수익지수),20221209,20231212,제외,채권·금리·현금성:국공채
447820,TIGER 24-10 회사채(A+이상)액티브,KIS 회사채 2410만기형 지수(총수익지수),20221122,20241007,제외,채권·금리·현금성:회사채
448100,WON 200 | WOORI 200,코스피 200,20221216,20260921,국내주식형,
448290,TIGER 미국S&P500(H) | TIGER 미국S&P500TR(H),S&P 500 | S&P 500 Total Return Index,20221125,20260921,제외,해외:미국
448300,TIGER 미국나스닥100(H) | TIGER 미국나스닥100TR(H),NASDAQ 100 | NASDAQ-100 Total Return Index,20221125,20260921,제외,해외:미국
448310,KODEX 23-12 국고채액티브,KAP 23-12 국고채 총수익지수,20221122,20231206,제외,수동: 채권(국고채·은행채·물가채·전단채·WGBI) — 키워드 '국채'가 '국고채'를 못 잡음
448320,KODEX 23-12 은행채(AA+이상)액티브,KAP 23-12 은행채 총수익지수,20221122,20231206,제외,수동: 채권(국고채·은행채·물가채·전단채·WGBI) — 키워드 '국채'가 '국고채'를 못 잡음
448330,KODEX 삼성전자채권혼합 | KODEX 삼성전자채권혼합Wise,Wise 삼성전자채권혼합 지수,20221129,20260921,제외,채권·금리·현금성:채권
448490,HANARO 32-10 국고채액티브,KAP 32-10 국고채 10년 총수익지수,20221122,20260921,제외,수동: 채권(국고채·은행채·물가채·전단채·WGBI) — 키워드 '국채'가 '국고채'를 못 잡음
448510,HANARO 글로벌신재생에너지MSCI(합성),MSCI ACWI IMI New Energy ESG Filtered (Price Return),20221130,20250325,제외,해외:글로벌
448540,ACE 엔비디아채권혼합 | ACE 엔비디아채권혼합블룸버그,Bloomberg Blended NVIDIA Equity and Korean Bond Index,20221129,20260921,제외,채권·금리·현금성:채권
448570,FOCUS AI코리아액티브,코스피,20221115,20260921,국내주식형,
448590,KBSTAR 23-11 회사채(AA-이상)액티브,KIS 2023년 만기도래 크레딧 종합채권 지수(AA-이상)(시장가격),20221122,20231120,제외,채권·금리·현금성:채권
448600,KBSTAR 25-11 회사채(AA-이상)액티브 | RISE 25-11 회사채(AA-이상)액티브,KIS 2025년 만기도래 크레딧 종합채권 지수(AA-이상)(시장가격),20221122,20251120,제외,채권·금리·현금성:채권
448630,KBSTAR 삼성그룹Top3채권혼합블룸버그 | RISE 삼성그룹Top3채권혼합,Bloomberg Blended Samsung Group Fixed Top 3 Equity and Korean Bond Index,20221129,20260921,제외,채권·금리·현금성:채권
448870,ACE 23-12 회사채(AA-이상)액티브,KIS 크레딧 2312만기형 총수익지수,20221122,20231215,제외,채권·금리·현금성:회사채
448880,ACE 24-12 회사채(AA-이상)액티브,KIS 크레딧 2412만기형 총수익지수,20221122,20241217,제외,채권·금리·현금성:회사채
449170,TIGER KOFR금리액티브(합성),KOFR 지수,20221130,20260921,제외,채권·금리·현금성:금리
449180,KODEX 미국S&P500(H),S&P 500,20221202,20260921,제외,해외:미국
449190,KODEX 미국나스닥100(H),NASDAQ 100,20221202,20260921,제외,해외:미국
449450,ARIRANG K방산Fn | PLUS K방산,FnGuide K-방위산업 지수,20230105,20260921,국내주식형,
449540,SOL 24-06 국고채액티브,KAP 24-06 무위험채권 총수익 지수,20221216,20240605,제외,채권·금리·현금성:채권
449580,KBSTAR 미국빅데이터Top3채권혼합iSelect | RISE 미국빅데이터Top3채권혼합 | RISE 테슬라애플아마존채권혼합,iSelect 테슬라 애플 아마존 채권혼합지수(Price Return),20221220,20260921,제외,해외:미국
449680,TIGER 한중전기차(합성),KRX CSI 한·중 전기차지수,20221222,20260921,제외,해외:CSI
449690,TIGER 한중반도체(합성),KRX CSI 한·중 반도체지수,20221222,20260921,제외,해외:CSI
449770,KIWOOM 미국S&P500 | KOSEF 미국S&P500,S&P 500,20221220,20260921,제외,해외:미국
449780,KIWOOM 미국S&P500(H) | KOSEF 미국S&P500(H),S&P 500,20221220,20260921,제외,해외:미국
450120,KIWOOM SK그룹대표주 | KOSEF SK그룹대표주,FnGuide SK그룹대표주 지수,20221223,20250602,국내주식형,
450180,KODEX 한중전기차(합성),KRX CSI 한·중 전기차지수,20221222,20260921,제외,해외:CSI
450190,KODEX 한중반도체(합성),KRX CSI 한·중 반도체지수,20221222,20260921,제외,해외:CSI
450910,SOL 코스닥150,코스닥 150,20230131,20260921,국내주식형,
451000,ARIRANG 종합채권(AA-이상)액티브 | PLUS 종합채권(AA-이상)액티브,"KAP 종합채권지수(AA-이상, 총수익)",20230110,20260921,제외,채권·금리·현금성:채권
451060,1Q 200액티브 | 1Q K200액티브 | KTOP K200액티브,코스피 200,20230131,20260921,국내주식형,
451150,에셋플러스 글로벌영에이지액티브,S&P 500,20230131,20260921,제외,해외:S&P
451530,TIGER 국고채30년스트립액티브,KIS STRIP 30Y Index(총수익지수),20230201,20260921,제외,수동: 채권(국고채·은행채·물가채·전단채·WGBI) — 키워드 '국채'가 '국고채'를 못 잡음
451540,TIGER 종합채권(AA-이상)액티브,KIS 종합채권 AA-이상 총수익 지수(Total return Index),20230201,20260921,제외,채권·금리·현금성:채권
451600,ARIRANG 국고채30년액티브 | PLUS 국고채30년액티브,KAP 국고채 30년 지수(총수익),20230207,20260921,제외,수동: 채권(국고채·은행채·물가채·전단채·WGBI) — 키워드 '국채'가 '국고채'를 못 잡음
451670,KBSTAR 국채30년레버리지KAP(합성) | RISE 국채30년레버리지(합성),KAP 국채30년 TR 지수(총수익),20230214,20260921,제외,채권·금리·현금성:국채
452250,ACE 미국30년국채선물레버리지(합성 H),S&P Ultra T-Bond Futures Index(ER),20230207,20260921,제외,해외:미국
452360,SOL 미국배당다우존스(H),Dow Jones U.S. Dividend 100 Price Return Index,20230321,20260921,제외,해외:미국
452440,VITA 밸류알파액티브,FnGuide 밸류알파지수,20230221,20260528,국내주식형,
453010,ARIRANG KOFR금리 | PLUS KOFR금리,KOFR 지수,20230314,20260921,제외,채권·금리·현금성:금리
453060,HANARO KOFR금리액티브(합성),KOFR 지수,20230314,20260921,제외,채권·금리·현금성:금리
453080,KIWOOM 미국나스닥100(H) | KOSEF 미국나스닥100(H),NASDAQ 100,20230314,20260921,제외,해외:미국
453330,KBSTAR 미국S&P500(H) | RISE 미국S&P500(H),S&P 500,20230321,20260921,제외,해외:미국
453530,TIGER 24-04 회사채(A+이상)액티브,KIS 회사채2404만기형 지수 (총수익지수),20230323,20240408,제외,채권·금리·현금성:회사채
453540,TIGER 25-10 회사채(A+이상)액티브,KIS 회사채2510만기형 지수 (총수익지수),20230323,20251014,제외,채권·금리·현금성:회사채
453630,KODEX 미국S&P500필수소비재,S&P Consumer Staples Select Sector Index(Price Return),20230321,20260921,제외,해외:미국
453640,KODEX 미국S&P500헬스케어,S&P Health Care Select Sector Index(Price Return),20230321,20260921,제외,해외:미국
453650,KODEX 미국S&P500금융,S&P Financial Select Sector Index(Price Return),20230321,20260921,제외,해외:미국
453660,KODEX 미국S&P500경기소비재,S&P Consumer Discretionary Select Sector Index(Price Return),20230321,20260921,제외,해외:미국
453810,KODEX 인도Nifty50,Nifty 50 Index,20230421,20260921,제외,해외:인도
453820,KODEX 인도Nifty50레버리지(합성),Nifty 50 Index,20230421,20260921,제외,해외:인도
453850,ACE 미국30년국채액티브(H),Bloomberg U.S Treasury 20+ Year Total Return Index,20230314,20260921,제외,해외:미국
453870,TIGER 인도니프티50,Nifty 50 Index,20230414,20260921,제외,해외:인도
453950,TIGER TSMC밸류체인FACTSET | TIGER TSMC파운드리밸류체인,FactSet TSMC 파운드리 밸류체인 지수(시장가격지수),20230404,20260921,제외,수동: 해외 개별기업(테슬라·팔란티어·엔비디아·브로드컴·BYD·구글·TSMC·버크셔·애플·일라이릴리) 편입 — 해외장 오염
454180,KIWOOM 차이나내수소비TOP CSI | KOSEF 차이나내수소비TOP CSI,CSI SH-HK-SZ Consumer Top Index,20230404,20260921,제외,해외:차이나
454320,HANARO CAPEX설비투자iSelect,iSelect CAPEX 설비투자 지수(시장가격),20230418,20260921,국내주식형,
454780,KIWOOM 종합채권(AA-이상)액티브 | 히어로즈 종합채권(AA-이상)액티브,KIS 종합 채권시장지수(AA-이상)(총수익지수),20230411,20260921,제외,채권·금리·현금성:채권
455030,KODEX 미국달러SOFR금리액티브(합성),Bloomberg SOFR Daily Total Return Index,20230404,20260921,제외,해외:미국
455660,ACE 미국하이일드액티브(H),iBoxx USD Liquid High Yield Total Return Index,20230418,20260921,제외,해외:미국
455850,SOL AI반도체소부장 | SOL 반도체소부장Fn,FnGuide AI 반도체 소부장 지수,20230425,20260921,국내주식형,
455860,SOL 2차전지소부장Fn,FnGuide 2차전지 소부장 지수(PR),20230425,20260921,국내주식형,
455890,KBSTAR 머니마켓액티브 | RISE 머니마켓액티브,KIS 시가평가 MMF 지수 (총수익지수),20230509,20260921,제외,채권·금리·현금성:머니마켓
455960,KBSTAR 미국달러SOFR금리액티브(합성) | RISE 미국달러SOFR금리액티브(합성),KAP SOFR 지수,20230516,20260921,제외,해외:미국
456100,HANARO 유로존국채25년플러스(합성 H),Bloomberg Euro Treasury 50bn 25+ Year Bond Index,20230516,20241212,제외,해외:유로
456200,ARIRANG 미국달러SOFR금리액티브(합성) | PLUS 미국달러SOFR금리액티브(합성),Solactive SOFR Daily Total Return Index,20230509,20260921,제외,해외:미국
456250,KODEX 유럽명품TOP10 STOXX,STOXX Europe Luxury 10 Index(Price Return),20230425,20260921,제외,해외:유럽
456600,TIME 글로벌AI인공지능액티브 | TIMEFOLIO 글로벌AI인공지능액티브,Solactive Global Artificial Intelligence 지수,20230516,20260921,제외,해외:글로벌
456610,TIGER 미국달러SOFR금리액티브(합성),Solactive SOFR Daily Total Return Index,20230509,20260921,제외,해외:미국
456680,TIGER 차이나전기차레버리지(합성),Solactive China Electric Vehicle and Battery Index(Net Total Return) | Solactive China Electric Vehicle and Battery Index(PR),20230509,20260921,제외,해외:차이나
456880,ACE 미국달러SOFR금리(합성),Solactive SOFR Daily Total Return Index,20230425,20260921,제외,해외:미국
457480,ACE 테슬라밸류체인액티브,Bloomberg EV Supporters Plus Tesla Price Return Index,20230516,20260921,제외,수동: 해외 개별기업(테슬라·팔란티어·엔비디아·브로드컴·BYD·구글·TSMC·버크셔·애플·일라이릴리) 편입 — 해외장 오염
457690,KODEX 33-06 국고채액티브,KAP 33-06 국고채 총수익 지수,20230531,20260921,제외,수동: 채권(국고채·은행채·물가채·전단채·WGBI) — 키워드 '국채'가 '국고채'를 못 잡음
457700,KODEX 53-09 국고채액티브,KAP 53-09 국고채 총수익 지수,20230531,20260921,제외,수동: 채권(국고채·은행채·물가채·전단채·WGBI) — 키워드 '국채'가 '국고채'를 못 잡음
457930,BNK 미래전략기술액티브,iSelect 미래전략기술 지수 (PR),20230620,20260921,국내주식형,
457990,ARIRANG 태양광&ESS Fn | PLUS 태양광&ESS,FnGuide 태양광 & ESS 지수,20230620,20260921,국내주식형,
458030,WON 국공채머니마켓액티브 | WON 단기국공채액티브 | WOORI 단기국공채액티브,KAP 국공채 머니마켓 총수익 지수,20230531,20260921,제외,채권·금리·현금성:국공채
458210,KIWOOM CD금리액티브(합성) | 히어로즈 CD금리액티브(합성),FnGuide CD91일 금리투자 지수(총수익),20230523,20260921,제외,채권·금리·현금성:금리
458250,TIGER 미국30년국채스트립액티브(합성 H) | TIGER 미국채30년스트립액티브(합성 H),ICE BofA Long US Treasury Principal STRIPS Index,20230531,20260921,제외,해외:미국
458260,TIGER 미국투자등급회사채액티브(H),iBoxx USD Liquid Investment Grade Index(Price Return),20230531,20260921,제외,해외:미국
458730,TIGER 미국배당다우존스,Dow Jones U.S. Dividend 100 Price Return Index,20230620,20260921,제외,해외:미국
458750,TIGER 미국배당+3%프리미엄다우존스 | TIGER 미국배당다우존스타겟커버드콜1호,DowJones U.S. Dividend 100 3% Premium Covered Call 지수 (TR),20230620,20260921,제외,해외:미국
458760,TIGER 미국배당+7%프리미엄다우존스 | TIGER 미국배당다우존스타겟커버드콜2호,DowJones U.S. Dividend 100 7% Premium Covered Call 지수 (TR),20230620,20260921,제외,해외:미국
459370,SOL 유럽탄소배출권선물인버스ICE(H),ICE EUA Carbon Futures Custom Roll Index(Excess Return),20230620,20251218,제외,해외:유럽
459560,KODEX 테슬라밸류체인FactSet,FactSet TSLA Value Chain Index(PR),20230608,20260921,제외,수동: 해외 개별기업(테슬라·팔란티어·엔비디아·브로드컴·BYD·구글·TSMC·버크셔·애플·일라이릴리) 편입 — 해외장 오염
459580,KODEX CD금리액티브(합성),KAP 양도성예금증서(CD)금리지수(총수익지수),20230608,20260921,제외,채권·금리·현금성:금리
459750,KBSTAR 글로벌주식분산액티브 | RISE 글로벌주식분산액티브,Bloomberg Global Equity Market Weighted Index(Price Return),20230627,20260921,제외,해외:글로벌
459790,KIWOOM 미국성장기업30액티브 | 히어로즈 미국성장기업30액티브,MSCI USA Index(Price Return),20230627,20260921,제외,해외:미국
460270,KIWOOM 미국달러SOFR금리액티브(합성) | 히어로즈 미국달러SOFR금리액티브(합성),Solactive SOFR Daily Total Return Index,20230620,20260921,제외,해외:미국
460280,KIWOOM Fn유전자혁신기술 | KOSEF Fn유전자혁신기술,FnGuide 유전자혁신기술 지수(시장가격),20230627,20260325,국내주식형,
460660,KBSTAR 미국S&P배당킹 | RISE 미국S&P배당킹,S&P Dividend Monarchs Index(Price Return),20230627,20260921,제외,해외:미국
460960,ACE 글로벌인컴TOP10 | ACE 글로벌인컴TOP10 SOLACTIVE,Solactive Global Superior Income TOP 10 Price Return Index,20230711,20260921,제외,해외:글로벌
461260,ACE 25-06 회사채(AA-이상)액티브,KIS 크레딧 2506만기형(AA-이상)지수(총수익지수),20230620,20250624,제외,채권·금리·현금성:회사채
461270,ACE 26-06 회사채(AA-이상)액티브,KIS 크레딧 2606만기형(AA-이상)지수(총수익지수),20230620,20260624,제외,채권·금리·현금성:회사채
461340,HANARO 글로벌생성형AI액티브,Solactive United States Technology 100 Index(Price Return),20230711,20260921,제외,해외:글로벌
461450,KODEX 코스닥글로벌,코스닥 글로벌 지수,20230629,20260921,제외,해외:글로벌
461460,ARIRANG 국고채10년액티브 | PLUS 국고채10년액티브,KAP 국고채 10년 동일가중 지수(총수익),20230718,20260921,제외,수동: 채권(국고채·은행채·물가채·전단채·WGBI) — 키워드 '국채'가 '국고채'를 못 잡음
461490,KBSTAR 글로벌자산배분액티브 | RISE 글로벌자산배분액티브,Bloomberg Multi-Asset Weighted (KRW ETFs) 지수(시장가격),20230627,20260921,제외,해외:글로벌
461500,HANARO 종합채권(AA-이상)액티브,KAP 종합채권 총수익지수(AA-이상),20231026,20260921,제외,채권·금리·현금성:채권
461580,TIGER 코스닥글로벌,코스닥 글로벌 지수,20230629,20260921,제외,해외:글로벌
461600,SOL 미국30년국채액티브(H),KAP 미국채 20Y+ 지수(시장가격),20230711,20260921,제외,해외:미국
461900,ARIRANG 미국테크10iSelect | PLUS 미국테크TOP10,iSelect 미국 Tech 10 지수,20230718,20260921,제외,해외:미국
461910,ARIRANG 미국테크10레버리지iSelect(합성) | PLUS 미국테크TOP10레버리지(합성),iSelect 미국 Tech 10 지수,20230718,20260921,제외,해외:미국
461950,KODEX 2차전지핵심소재10 | KODEX 2차전지핵심소재10 Fn,FnGuide 2차전지핵심소재10 지수,20230704,20260921,국내주식형,
462010,TIGER 2차전지소재Fn,FnGuide 2차전지소재 (Price Return) 지수,20230713,20260921,국내주식형,
462330,KODEX 2차전지산업레버리지,FnGuide 2차전지 산업 지수,20230704,20260921,제외,구조가 다른 상품:레버리지
462340,에셋플러스 글로벌다이나믹시니어액티브,S&P 500,20230725,20260921,제외,해외:S&P
462540,SOL 25-09 회사채(AA-이상)액티브,"KAP 25-09 크레딧 채권지수(AA- 이상, 총수익)",20230808,20250908,제외,채권·금리·현금성:채권
462900,KoAct 바이오헬스케어액티브,iSelect 바이오헬스케어 PR 지수,20230803,20260921,국내주식형,
463050,TIME K바이오액티브 | TIMEFOLIO K바이오액티브,KRX 헬스케어,20230817,20260921,국내주식형,
463250,TIGER K방산&우주 | TIGER 스페이스테크iSelect | TIGER 우주방산,iSelect K방산&우주,20230725,20260921,국내주식형,
463290,1Q 단기금융채액티브 | KTOP 단기금융채액티브,MK 머니마켓 지수(총수익),20230803,20260921,제외,채권·금리·현금성:금융채
463300,KBSTAR 중국본토CSI300 | RISE 중국본토CSI300,CSI 300 Index,20230808,20260921,제외,해외:중국
463640,KODEX 미국S&P500유틸리티,S&P Utilities Select Sector Index(Price Return),20230801,20260921,제외,해외:미국
463680,KODEX 미국S&P500테크놀로지,S&P Technology Select Sector Index(Price Return),20230801,20260921,제외,해외:미국
463690,KODEX 미국S&P500커뮤니케이션 | KODEX 미국S&P500통신서비스,S&P Communication Services Select Sector Index(Price Return),20230801,20260921,제외,해외:미국
464060,HANARO 글로벌반도체TOP10 SOLACTIVE,Solactive Semiconductor Top 10 Index PR,20230801,20251104,제외,해외:글로벌
464230,히어로즈 24-09 회사채(AA-이상)액티브,KIS 2409 만기형 크레딧 종합채권 지수(AA-이상)(총수익지수),20230817,20240926,제외,채권·금리·현금성:채권
464240,KIWOOM 26-09회사채(AA-이상)액티브 | 히어로즈 26-09 회사채(AA-이상)액티브,KIS 2609 만기형 크레딧 종합채권 지수(AA-이상)(총수익지수),20230817,20260921,제외,채권·금리·현금성:채권
464310,TIGER 글로벌AI&로보틱스 INDXX,Indxx Global Robotics & Artificial Intelligence Thematic Index(Net Total Return) | Indxx Global Robotics & Artificial Intelligence Thematic Index(PR),20230817,20260921,제외,해외:글로벌
464470,ARIRANG 미국채30년액티브 | PLUS 미국채30년액티브,ICE U.S. Treasury 20+ Year Bond Index(Total Return),20230822,20260921,제외,해외:미국
464540,KBSTAR 25-03 회사채(AA-이상)액티브 | RISE 25-03 회사채(AA-이상)액티브,KIS 2025년 3월 만기도래 크레딧 종합채권지수(AA-이상)(시장가격),20230817,20250318,제외,채권·금리·현금성:채권
464600,SOL 자동차소부장Fn,FnGuide 자동차소부장지수(PR),20230822,20260921,국내주식형,
464610,SOL 의료기기소부장Fn,FnGuide 의료기기소부장지수(PR),20230822,20260921,국내주식형,
464920,ARIRANG 일본반도체소부장Solactive | PLUS 일본반도체소부장,Solactive Japan Semiconductor Materials and Equipment Index PR,20230831,20260921,제외,해외:일본
464930,TIGER 글로벌혁신블루칩TOP10,Mirae Asset Global Innovative Bluechip Top 10 Index(NTR) | Mirae Asset Global Innovative Bluechip Top 10 Index(PR),20230829,20260921,제외,해외:글로벌
465330,KBSTAR 2차전지TOP10 | RISE 2차전지TOP10,iSelect 2차전지 TOP10 지수(PR),20230912,20260921,국내주식형,
465350,KBSTAR 2차전지TOP10인버스(합성) | RISE 2차전지TOP10인버스(합성),iSelect 2차전지 TOP10 지수(PR),20230912,20260921,제외,구조가 다른 상품:인버스
465580,ACE 미국빅테크TOP7 Plus,Solactive US Big Tech Top 7 Plus Price Return Index,20230912,20260921,제외,해외:미국
465610,ACE 미국빅테크TOP7 Plus레버리지(합성),Solactive US Big Tech Top 7 Plus Price Return Index,20230912,20260921,제외,해외:미국
465620,ACE 미국빅테크TOP7 Plus인버스(합성),Solactive US Big Tech Top 7 Plus Price Return Index,20230912,20260921,제외,해외:미국
465660,TIGER 일본반도체FACTSET,FactSet Japan Semiconductor Index(PR),20230919,20260921,제외,해외:일본
465670,TIGER 미국캐시카우100,Global X U.S. Cash Flow Kings 100 Index(PR) | Global X U.S. Cash Flow Kings 100 Index(TR),20230919,20260921,제외,해외:미국
465680,KODEX 24-12 은행채(AA+이상)액티브,KAP 24-12 은행채 총수익 지수,20230912,20241205,제외,수동: 채권(국고채·은행채·물가채·전단채·WGBI) — 키워드 '국채'가 '국고채'를 못 잡음
465780,마이티 26-09 특수채(AAA)액티브,KAP 26-09 특수채 지수(총수익),20230921,20260914,제외,채권·금리·현금성:특수채
466400,1Q 25-08 회사채(A+이상)액티브 | KTOP 25-08 회사채(A+이상)액티브,KIS 2025-08만기형 크레딧 A+이상 지수(총수익),20230919,20250826,제외,채권·금리·현금성:회사채
466810,BNK 2차전지양극재,iSelect 2차전지양극재 지수,20231019,20260921,국내주식형,
466920,SOL 조선TOP3플러스,FnGuide 조선TOP3플러스지수(PR),20231005,20260921,국내주식형,
466930,SOL 자동차TOP3플러스,FnGuide 자동차TOP3플러스지수(PR),20231005,20260921,국내주식형,
466940,TIGER 은행고배당플러스TOP10,FnGuide 은행고배당플러스TOP10 지수(시장가격 지수),20231017,20260921,국내주식형,
466950,TIGER 글로벌AI액티브,Indxx Artificial Intelligence and Big Data 지수(Net Total Return) | Indxx Artificial Intelligence and Big Data 지수(PR),20231011,20260921,제외,해외:글로벌
467540,KIWOOM 코스닥글로벌 | KOSEF 코스닥글로벌,코스닥 글로벌 지수,20231024,20250602,제외,해외:글로벌
467620,KIWOOM 25-09 미국채권(AA-이상)액티브 | 히어로즈 25-09 미국채권(AA-이상)액티브,USD AA3 Above Select September 2025 Maturity Index(Total Return),20231017,20250925,제외,해외:미국
467940,KODEX 25-11 회사채(A+이상)액티브,KAP 25-11 회사채 총수익 지수,20231011,20251113,제외,채권·금리·현금성:회사채
468370,KODEX iShares미국인플레이션국채액티브,ICE U.S. Treasury Inflation Linked Bond Index(Total Return),20231019,20260921,제외,해외:미국
468380,KODEX iShares미국하이일드액티브,ICE BofAML US HY Constrained Index(Total Return),20231019,20260921,제외,해외:미국
468630,KODEX iShares미국투자등급회사채액티브,iBoxx USD Liquid Investment Grade Index(Total Return),20231019,20260921,제외,해외:미국
468820,WON 25-09 회사채(AA-이상)액티브 | WOORI 25-09 회사채(AA-이상)액티브,KAP 25-09 회사채 총수익 지수(AA-이상),20231019,20250925,제외,채권·금리·현금성:회사채
469050,KBSTAR 미국반도체NYSE(H) | RISE 미국반도체NYSE(H),NYSE Semicondoctor Index(Price Return),20231024,20260921,제외,해외:미국
469060,KBSTAR 미국반도체NYSE | RISE 미국반도체NYSE,NYSE Semicondoctor Index(Price Return),20231024,20260921,제외,해외:미국
469070,KBSTAR AI&로봇 | RISE AI&로봇,iSelect AI&로봇 지수(시장가격),20231024,20260921,국내주식형,
469150,ACE AI반도체TOP3+ | ACE AI반도체포커스,FnGuide AI반도체 TOP3+ 지수,20231017,20260921,국내주식형,
469160,ACE 일본반도체,Bloomberg Japan Semiconductor Select Top 25 Index(Price Return),20231017,20260921,제외,해외:일본
469170,ACE 포스코그룹포커스,FnGuide 포스코그룹포커스 지수(시장가격),20231017,20260921,국내주식형,
469530,KBSTAR 미국달러선물인버스 | RISE 미국달러선물인버스,미국달러선물지수,20231109,20260921,제외,해외:미국
469580,KBSTAR KP달러채권액티브 | RISE KP달러채권액티브,KIS KP 달러채권 지수(총수익 지수),20231109,20250121,제외,채권·금리·현금성:채권
469790,KIWOOM K-테크TOP10 | KIWOOM 코리아테크TOP10 | KOSEF K-테크TOP10,Solactive K-TechTOP10 Index(PR),20231031,20260921,국내주식형,
469820,SOL 24-12 회사채(AA-이상)액티브,"KAP 24-12 크레딧 채권지수(AA-이상, 총수익)",20231107,20241206,제외,채권·금리·현금성:채권
469830,SOL 초단기채권액티브,KAP 단기자금시장지수,20231107,20260921,제외,채권·금리·현금성:채권
470260,TIGER 24-12 금융채(AA-이상),KIS 금융채2412만기형 지수(총수익지수),20231121,20241217,제외,채권·금리·현금성:금융채
470310,UNICORN 생성형AI강소기업액티브,iSelect AI 지수,20231121,20260921,국내주식형,
470320,BNK 24-11 회사채(AA-이상)액티브,KAP 24-11 회사채 총수익 지수(AA-이상),20231114,20241126,제외,채권·금리·현금성:회사채
471040,KoAct 글로벌AI&로봇액티브,iSelect 글로벌AI&로봇PR지수,20231121,20260921,제외,해외:글로벌
471230,KODEX 국고채10년액티브,KAP 국고채 10년 지수(TR),20231114,20260921,제외,수동: 채권(국고채·은행채·물가채·전단채·WGBI) — 키워드 '국채'가 '국고채'를 못 잡음
471290,HANARO CD금리액티브(합성),iSelect CD Index(총수익),20231114,20250623,제외,채권·금리·현금성:금리
471460,KIWOOM 국고채30년액티브 | 히어로즈 국고채30년액티브,KIS-키움 국고채30년 지수(총수익지수),20231107,20260921,제외,수동: 채권(국고채·은행채·물가채·전단채·WGBI) — 키워드 '국채'가 '국고채'를 못 잡음
471760,TIGER AI반도체핵심공정,iSelect AI반도체핵심공정지수,20231121,20260921,국내주식형,
471780,TIGER 코리아테크액티브,KRX 정보기술,20231128,20260921,국내주식형,
471990,KODEX AI반도체핵심장비,iSelect AI 반도체핵심장비 지수,20231121,20260921,국내주식형,
472150,TIGER 배당커버드콜액티브 | TIGER 배당프리미엄액티브,코스피 200 커버드콜 5% OTM,20231212,20260921,제외,구조가 다른 상품:커버드콜
472160,TIGER 미국테크TOP10 INDXX(H),Indxx US Tech Top 10 Index,20231205,20260921,제외,해외:미국
472170,TIGER 미국테크TOP10채권혼합,FnGuide 미국테크TOP10 채권혼합지수,20231205,20260921,제외,해외:미국
472350,1Q 차이나H(H) | KTOP 차이나H(H),Hang Seng China H,20231212,20260303,제외,해외:차이나
472490,HANARO 미국애그테크,iSelect 미국 애그테크 지수 (PR),20231128,20250623,제외,해외:미국
472720,TRUSTON 주주가치액티브,코스피 200,20231214,20260921,국내주식형,
472830,KBSTAR 미국30년국채커버드콜(합성) | KBSTAR 미국채30년커버드콜(합성) | RISE 미국30년국채커버드콜(합성),Bloomberg U.S. Treasury 20+ Year (TLT) 2% OTM Covered Call Index(TR),20231214,20260921,제외,해외:미국
472840,IBK 200 | ITF 200,코스피 200,20231221,20260921,국내주식형,
472870,KBSTAR 미국30년국채엔화노출(합성 H) | KBSTAR 미국채30년엔화노출(합성 H) | RISE 미국30년국채엔화노출(합성 H),KIS 미국채30년 엔화노출 지수(USD/JPY 헤지)(총수익지수),20231227,20260921,제외,해외:미국
472920,HK 종합채권(AA-이상)액티브,KAP 종합채권 AA- 이상 지수(총수익),20231128,20260921,제외,채권·금리·현금성:채권
473290,KODEX 26-12 회사채(AA-이상)액티브,KAP 26-12 회사채 총수익 지수(AA-이상),20231212,20260921,제외,채권·금리·현금성:회사채
473330,SOL 미국30년국채커버드콜(합성),KEDI 미국 국채 20년+ 커버드콜 지수(NTR),20231227,20260921,제외,해외:미국
473380,HANARO K-메디테크,iSelect K-메디테크 지수(PR),20231221,20250325,국내주식형,
473440,ACE 11월만기자동연장회사채AA-이상액티브,KIS 11월 만기자동연장회사채(AA-이상) 총수익지수,20231219,20260921,제외,채권·금리·현금성:회사채
473460,KODEX 미국서학개미,iSelect 서학개미 지수(PR),20231227,20260921,제외,해외:미국
473490,KIWOOM 글로벌AI반도체 | KOSEF 글로벌AI반도체,Solactive Global AI Semiconductor Index (Price Return),20231221,20260921,제외,해외:글로벌
473500,KIWOOM 글로벌전력반도체 | KOSEF 글로벌전력반도체,Solactive Global Power Semiconductor Index (Price Return),20231221,20250602,제외,해외:글로벌
473590,ACE 미국주식베스트셀러,FnGuide 미국 주식 베스트셀러 지수(시장가격지수),20231227,20260921,제외,해외:미국
473640,HANARO 글로벌금채굴기업,NYSE Arca Gold Miners Index (Price Return),20240118,20260921,제외,해외:글로벌
474220,TIGER 미국테크TOP10+10%프리미엄 | TIGER 미국테크TOP10타겟커버드콜,Bloomberg U.S. Tech Top10+10% Premium Covered Call Index,20240116,20260921,제외,해외:미국
474390,SOL 국고채30년액티브,KAP 국고채30년 지수(TR),20240116,20260921,제외,수동: 채권(국고채·은행채·물가채·전단채·WGBI) — 키워드 '국채'가 '국고채'를 못 잡음
474590,WON 반도체밸류체인액티브 | WOORI 반도체밸류체인액티브,FnGuide 반도체 밸류체인 (Price Return) 지수,20240116,20260921,국내주식형,
474800,KIWOOM 미국원유에너지기업 | KOSEF 미국원유에너지기업,MSCI US IMI Energy 25/50 Index(Price Return),20240116,20260921,제외,해외:미국
474920,에셋플러스 차이나일등기업포커스10액티브,"MSCI China Index(USD, Price Return)",20240116,20260921,제외,해외:차이나
475050,ACE KPOP포커스,iSelect K-POP 포커스지수(시장가격),20240130,20260921,국내주식형,
475070,KoAct 글로벌기후테크인프라액티브 | KoAct 글로벌친환경전력인프라액티브,Solactive 글로벌친환경전력인프라 PR지수,20240118,20260921,제외,해외:글로벌
475080,KODEX 테슬라인컴프리미엄채권혼합액티브 | KODEX 테슬라커버드콜채권혼합액티브,KEDI 테슬라 인컴 프리미엄 밸런스드 지수(TR),20240123,20260921,제외,채권·금리·현금성:채권
475260,ACE 2월만기자동연장회사채AA-이상액티브,KAP 2월 만기자동연장회사채(AA-이상) 총수익지수,20240123,20260921,제외,채권·금리·현금성:회사채
475270,ACE 5월만기자동연장회사채AA-이상액티브,KIS 5월 만기자동연장회사채(AA-이상) 총수익지수,20240123,20260921,제외,채권·금리·현금성:회사채
475280,ACE 8월만기자동연장회사채AA-이상액티브,KAP 8월 만기자동연장회사채(AA-이상) 총수익지수,20240123,20260921,제외,채권·금리·현금성:회사채
475300,SOL 반도체전공정,FnGuide 반도체 전공정 지수(PR),20240214,20260921,국내주식형,
475310,SOL 반도체후공정,FnGuide 반도체 후공정 지수(PR),20240214,20260921,국내주식형,
475350,KBSTAR 버크셔포트폴리오TOP10 | RISE 버크셔포트폴리오TOP10,Solactive Berkshire Portfolio Top10 Index(PR) | Solactive Berkshire Portfolio Top10 Index(TR),20240227,20260921,제외,수동: 해외 개별기업(테슬라·팔란티어·엔비디아·브로드컴·BYD·구글·TSMC·버크셔·애플·일라이릴리) 편입 — 해외장 오염
475380,KBSTAR 글로벌리얼티인컴 | RISE 글로벌리얼티인컴,Solactive Global Realty Income Index(Price Return),20240220,20260921,제외,해외:글로벌
475630,TIGER 1년은행양도성예금증서액티브(합성) | TIGER CD1년금리액티브(합성),KIS CD 1Y 총수익지수,20240206,20260921,제외,채권·금리·현금성:금리
475720,KBSTAR 200위클리커버드콜 | RISE 200위클리커버드콜,코스피 200 위클리 커버드콜 ATM 지수,20240305,20260921,제외,구조가 다른 상품:커버드콜
476000,UNICORN 포스트IPO액티브,iSelect 포스트 IPO 지수,20240227,20260921,국내주식형,
476030,SOL 미국나스닥100,NASDAQ 100,20240312,20260921,제외,해외:미국
476070,KODEX 글로벌비만치료제TOP2 Plus,iSelect 글로벌 비만치료제TOP2 Plus 지수(PR),20240214,20260921,제외,해외:글로벌
476260,HANARO 반도체핵심공정주도주,FnGuide 반도체 핵심공정 지수,20240227,20260921,국내주식형,
476310,KBSTAR 글로벌비만산업TOP2+ | RISE 글로벌비만산업TOP2+,KEDI 글로벌 비만 산업 Top2+ 지수(Price Return),20240227,20260921,제외,해외:글로벌
476450,KIWOOM 머니마켓액티브 | 히어로즈 머니마켓액티브,KIS-키움 MMF지수(총수익지수),20240229,20260921,제외,채권·금리·현금성:머니마켓
476550,TIGER 미국30년국채커버드콜액티브(H) | TIGER 미국30년국채프리미엄액티브(H),KEDI 미국채30년 위클리 커버드콜30 지수(Total Return),20240227,20260921,제외,해외:미국
476690,TIGER 글로벌비만치료제TOP2Plus,Indxx Global Obesity Treatment Top 2 Plus 지수 (시장가격),20240229,20260921,제외,해외:글로벌
476750,ACE 미국30년국채엔화노출액티브(H),Bloomberg U.S. Treasury 20+ Year Total Return Index T1530 JPY Currency Hedged,20240312,20260921,제외,해외:미국
476760,ACE 미국30년국채액티브,Bloomberg U.S Treasury 20+ Year Total Return Index,20240312,20260921,제외,해외:미국
476800,KODEX 한국부동산리츠인프라,KRX 부동산리츠인프라 지수,20240305,20260921,제외,구조가 다른 상품:리츠
476810,KODEX 25-11 은행채(AA-이상)PLUS액티브,"KAP 25-11 은행채 PLUS 지수(AA-이상, 총수익)",20240305,20251118,제외,수동: 채권(국고채·은행채·물가채·전단채·WGBI) — 키워드 '국채'가 '국고채'를 못 잡음
476850,KoAct 배당성장액티브,코스피,20240227,20260921,국내주식형,
477050,ARIRANG 머니마켓액티브 | PLUS 머니마켓액티브,KAP 시가평가 MMF 지수(총수익),20240326,20260921,제외,채권·금리·현금성:머니마켓
477080,KBSTAR CD금리액티브(합성) | RISE CD금리액티브(합성),FnGuide CD금리투자 지수(총수익),20240326,20260921,제외,채권·금리·현금성:금리
477490,에셋플러스 글로벌일등기업포커스10액티브,MSCI World,20240319,20260921,제외,해외:글로벌
477730,KODEX 인도타타그룹,Nifty India Corporate Group Index - Tata Group 25% Cap(PR),20240508,20260921,제외,해외:인도
478150,TIME 글로벌우주테크&방산액티브 | TIMEFOLIO 글로벌우주테크&방산액티브,Solactive Aerospace and Defense USD Index PR,20240423,20260921,제외,해외:글로벌
479080,1Q 머니마켓액티브,KIS-하나 MMF 지수(총수익),20240402,20260921,제외,채권·금리·현금성:머니마켓
479520,KBSTAR KOFR금리액티브(합성) | RISE KOFR금리액티브(합성),KOFR 지수,20240430,20260921,제외,채권·금리·현금성:금리
479620,SOL 미국AI반도체칩메이커,Solactive US AI Semiconductor Chip Makers Index(PR),20240416,20260921,제외,해외:미국
479730,TIGER 인도빌리언컨슈머,Mirae Asset India Billion Consumer 지수 | Mirae Asset India Billion Consumer 지수(PR),20240514,20260921,제외,해외:인도
479850,HANARO K-뷰티,FnGuide K-뷰티 지수,20240416,20260921,국내주식형,
480020,ACE 미국빅테크7+ 15%프리미엄분배(합성) | ACE 미국빅테크7+데일리타겟커버드콜(합성) | ACE미국빅테크7+데일리타겟커버드콜(합성),Bloomberg US Big Tech Top 7 Plus Premium Decrement 15% Distribution Index,20240423,20260921,제외,해외:미국
480030,ACE 미국500 15%프리미엄분배(합성) | ACE 미국500데일리타겟커버드콜(합성) | ACE미국500데일리타겟커버드콜(합성),Bloomberg US 500 Large Cap Premium Decrement 15% Distribution Index,20240423,20260921,제외,해외:미국
480040,ACE 미국반도체15%프리미엄분배(합성) | ACE 미국반도체데일리타겟커버드콜(합성) | ACE미국반도체데일리타겟커버드콜(합성),Bloomberg US Listed Semiconductor Premium Decrement 15% Distribution Index,20240423,20260921,제외,해외:미국
480260,TIGER 27-04회사채(A+이상)액티브,KIS 회사채2704만기형 지수 (총수익 지수),20240423,20260921,제외,채권·금리·현금성:회사채
480310,TIGER 글로벌온디바이스AI,Mirae Asset Global On-Device AI 지수 (NTR) | Mirae Asset Global On-Device AI 지수 (PR),20240416,20260921,제외,해외:글로벌
480460,WON 한국부동산TOP3플러스 | WOORI 한국부동산TOP3플러스,DeepSearch 한국부동산TOP3플러스 지수,20240430,20260921,제외,구조가 다른 상품:부동산
481050,KODEX 1년은행양도성예금증서+액티브(합성) | KODEX CD1년금리플러스액티브(합성),KAP 1년은행 CD+추가금리 지수(총수익지수),20240423,20260921,제외,채권·금리·현금성:금리
481060,KODEX 미국30년국채+12%프리미엄(합성 H) | KODEX 미국30년국채타겟커버드콜(합성 H),Bloomberg U.S.Treasury 20+ Year(TLT)+ 12% Premium Covered Call index(TR),20240430,20260921,제외,해외:미국
481180,SOL 미국AI소프트웨어,KEDI 미국 AI 소프트웨어지수(PR),20240514,20260921,제외,해외:미국
481190,SOL 미국테크TOP10,Solactive US Tech TOP 10 Custom Index(PR),20240521,20260921,제외,해외:미국
481200,SOL 미국테크TOP10인버스(합성),Solactive US Tech TOP 10 Custom Index(PR),20240521,20260220,제외,해외:미국
481340,KBSTAR 미국30년국채액티브 | RISE 미국30년국채액티브,Bloomberg U.S Treasury 20+ Year Total Return Index,20240528,20260921,제외,해외:미국
481430,KBSTAR 국고채10년액티브 | RISE 국고채10년액티브,KAP 국고채 10년 지수(총수익),20240521,20260921,제외,수동: 채권(국고채·은행채·물가채·전단채·WGBI) — 키워드 '국채'가 '국고채'를 못 잡음
482030,KoAct 반도체&2차전지핵심소재액티브 | KoAct 테크핵심소재공급망액티브,iSelect 반도체&2차전지핵심소재 지수,20240514,20260921,국내주식형,
482730,TIGER 미국S&P500+10%프리미엄초단기 | TIGER 미국S&P500+10%프리미엄초단기옵션 | TIGER 미국S&P500타겟데일리커버드콜,S&P500 10% Daily Premium Covered Call Index(TR),20240521,20260921,제외,해외:미국
482870,HANARO 주주가치성장코리아액티브,iSelect 주주가치성장 지수,20240611,20251125,국내주식형,
483020,KIWOOM 의료AI | KOSEF 의료AI,FnGuide 의료AI 지수,20240528,20260921,국내주식형,
483030,KIWOOM 미국블록버스터바이오테크의약품+ | KOSEF 미국블록버스터바이오테크의약품+,Solactive Blockbuster Biotech Drugs Index(PR),20240528,20260921,제외,해외:미국
483230,KBSTAR 25-06 은행채(AA+이상)액티브 | RISE 25-06 은행채(AA+이상)액티브,KIS 2025년 6월 만기도래 은행채 지수(AA+이상)(총수익),20240618,20250624,제외,수동: 채권(국고채·은행채·물가채·전단채·WGBI) — 키워드 '국채'가 '국고채'를 못 잡음
483240,TIGER 미국나스닥100ETF선물,KRX 나스닥 100 ETF 선물지수,20241119,20260608,제외,해외:미국
483280,KODEX 미국AI테크TOP10+15%프리미엄 | KODEX 미국AI테크TOP10타겟커버드콜,KEDI 미국 AI 테크 TOP10+15%프리미엄 지수(Total Return),20240528,20260921,제외,해외:미국
483290,KODEX 미국배당+10%프리미엄다우존스 | KODEX 미국배당다우존스타겟커버드콜,Dow Jones U.S. Dividend 100 10% Premium Covered Call Index(Total Return),20240528,20260921,제외,해외:미국
483320,ACE 엔비디아밸류체인액티브,KEDI 글로벌AI반도체 지수,20240611,20260921,제외,해외:글로벌
483330,ACE 마이크로소프트밸류체인액티브,KEDI 글로벌생성형AI 지수,20240611,20260921,제외,해외:글로벌
483340,ACE 구글밸류체인액티브,KEDI 글로벌 AI 클라우드 지수,20240611,20260921,제외,해외:글로벌
483420,ACE 애플밸류체인액티브,Bloomberg Top 30 Supply Chain Plus Apple Price Return Index,20240611,20260708,제외,수동: 해외 개별기업(테슬라·팔란티어·엔비디아·브로드컴·BYD·구글·TSMC·버크셔·애플·일라이릴리) 편입 — 해외장 오염
483570,KCGI 미국S&P500 TOP10,S&P500 Top10 25% Capped Index(PR),20240528,20260921,제외,해외:미국
484790,KODEX 미국30년국채액티브(H),KEDI-KAP 미국 국채 20+ 지수(TR),20240618,20260921,제외,해외:미국
484880,SOL 금융지주플러스고배당,FnGuide 금융지주플러스고배당 지수(PR),20240625,20260921,국내주식형,
484890,SOL 머니마켓액티브,KAP 시가 MMF 지수(TR),20240625,20260921,제외,채권·금리·현금성:머니마켓
485540,KODEX 미국AI테크TOP10,KEDI 미국AI테크 TOP10 지수(PR),20240625,20260921,제외,해외:미국
485690,RISE 미국AI밸류체인TOP3Plus,KEDI 미국 AI 밸류체인 TOP3 Plus 지수(Price Return),20240723,20260921,제외,해외:미국
485810,TIME 글로벌바이오액티브 | TIMEFOLIO 글로벌바이오액티브 | TIMEFOLIO 글로벌안티에이징바이오액티브,KEDI 글로벌 불로장생바이오 지수(원화환산),20240702,20260921,제외,해외:글로벌
486240,DAISHIN AI반도체&인프라액티브 | DAISHIN343 AI반도체&인프라액티브,FnGuide AI반도체&인프라 지수,20240618,20260921,국내주식형,수동: AI반도체&인프라 — 국내 주식 테마
486290,TIGER 미국나스닥100+15%프리미엄초단기 | TIGER 미국나스닥100타겟데일리커버드콜,NASDAQ 100 Daily Covered Call Target Premium 15% 지수(TR),20240625,20260921,제외,해외:미국
486450,SOL 미국AI전력인프라,KEDI 미국AI전력인프라 지수(PR),20240716,20260921,제외,해외:미국
486780,HANARO 200선물레버리지1.5X,코스피 200 선물지수,20240709,20250915,제외,구조가 다른 상품:레버리지
486790,HANARO 코스닥150선물레버리지1.5X,F-코스닥150 지수,20240709,20250915,제외,구조가 다른 상품:레버리지
486830,HANARO 머니마켓액티브,KIS-NH Amundi MMF지수,20240716,20260921,제외,채권·금리·현금성:머니마켓
487130,KoAct AI인프라액티브,Solactive AI인프라 지수,20240709,20260921,국내주식형,수동: AI인프라 — 국내 주식 테마
487230,KODEX 미국AI전력핵심인프라,iSelect 미국AI전력핵심인프라 지수(Price Return),20240709,20260921,제외,해외:미국
487240,KODEX AI전력핵심설비,iSelect AI 전력핵심설비 지수(Price Return),20240709,20260921,국내주식형,
487340,ACE CD금리&초단기채권액티브 | ACE 머니마켓액티브,MK-KAP 머니마켓 총수익지수,20240709,20260921,제외,채권·금리·현금성:채권
487750,BNK 온디바이스AI,FnGuide 온디바이스AI 지수,20240723,20260921,국내주식형,
487910,ACE 인도컨슈머파워액티브,Indxx India Super Consumption Index (Price Return),20240910,20260921,제외,해외:인도
487920,ACE 인도시장대표BIG5그룹액티브,Indxx India Big 5 Conglomerates Index (Price Return),20240910,20260921,제외,해외:인도
487950,KODEX 대만테크고배당다우존스,Dow Jones Taiwan Technology Dividend 30 Index(TWD)(PR),20240723,20260921,제외,해외:다우
488080,TIGER 반도체TOP10레버리지,FnGuide 반도체TOP10 지수,20240723,20260921,제외,구조가 다른 상품:레버리지
488200,KIWOOM K-2차전지북미공급망 | KOSEF K-2차전지북미공급망,Solactive K-Battery North America Supply Chain 지수,20240723,20260921,국내주식형,
488210,KIWOOM K-반도체북미공급망 | KOSEF K-반도체북미공급망,Solactive K-Semiconductor North America Supply Chain 지수,20240723,20260921,국내주식형,
488290,MIDAS 일본테크액티브 | 마이다스 일본테크액티브,Solactive Japan Tech Top 30 지수(PR),20240806,20260921,제외,해외:일본
488480,RISE 일본섹터TOP4Plus,Solactive Japan Samurai Sector TOP4 Plus Index(PR),20240820,20260921,제외,해외:일본
488500,TIGER 미국S&P500동일가중,S&P 500 Equal Weight Index(PR),20240723,20260921,제외,해외:미국
488720,WON 종합채권(AA-이상)액티브 | WOORI 종합채권(AA-이상)액티브,KIS 종합채권시장 총수익지수(AA-이상),20240806,20260921,제외,채권·금리·현금성:채권
488770,KODEX 머니마켓액티브,KAP MMF 지수(TR),20240806,20260921,제외,채권·금리·현금성:머니마켓
488980,SOL 26-12 회사채(AA-이상)액티브,"KAP 26-12 크레딧 채권지수(AA-이상, 총수익)",20241008,20260921,제외,채권·금리·현금성:채권
489000,PLUS 일본엔화초단기국채(합성),KAP 일본 단기 국채 지수(총수익),20240813,20260921,제외,해외:일본
489010,PLUS 글로벌AI인프라,Solactive Global AI Infrastructure Index (PR),20240813,20260826,제외,해외:글로벌
489030,PLUS 고배당주위클리커버드콜,코스피 고배당 위클리 콜매도 ATM 지수,20240813,20260921,제외,구조가 다른 상품:커버드콜
489250,KODEX 미국배당다우존스,Dow Jones U.S. Dividend 100 Price Return Index,20240813,20260921,제외,해외:미국
489290,WON 미국빌리어네어,Bloomberg US Billionaires Investment Select Index(PR),20240903,20260921,제외,해외:미국
489570,HANARO 25-12 은행채(AA+이상)액티브,KIS 은행채2512만기형 지수,20241015,20251205,제외,수동: 채권(국고채·은행채·물가채·전단채·WGBI) — 키워드 '국채'가 '국고채'를 못 잡음
489860,KIWOOM 글로벌전력GRID인프라 | KOSEF 글로벌전력GRID인프라,NASDAQ OMX Clean Edge Smart Grid Infrastructure Index,20240827,20260921,제외,해외:NASDAQ
489870,KIWOOM 25-09 회사채(AA-이상)액티브 | 히어로즈 25-09 회사채(AA-이상)액티브,KIS 2509 만기형 크레딧 종합채권 지수(AA-이상) (총수익 지수),20240924,20250925,제외,채권·금리·현금성:채권
490090,TIGER 미국AI빅테크10,KEDI 미국AI빅테크10 지수(PR),20240827,20260921,제외,해외:미국
490330,KoAct 미국뇌질환치료제액티브 | KoAct 미국치매&뇌질환치료제액티브,Solactive 미국뇌질환치료제 PR 지수,20240903,20260921,제외,해외:미국
490480,SOL K방산,KEDI K방산 지수(PR),20241002,20260921,국내주식형,
490490,SOL 미국배당미국채혼합50,KRX 다우존스 미국배당국채 혼합지수,20240924,20260921,제외,해외:미국
490590,RISE 미국AI밸류체인데일리고정커버드콜,KEDI 미국 AI밸류체인 90%참여+데일리옵션 프리미엄 지수(TR),20241002,20260921,제외,해외:미국
490600,RISE 미국배당100데일리고정커버드콜,KEDI 미국 배당100 90%참여+데일리옵션 프리미엄 지수(총수익지수),20240924,20260921,제외,해외:미국
491010,TIGER 글로벌AI인프라액티브 | TIGER 글로벌AI전력인프라액티브,Mirae Asset AI Infrastructure 지수(Net Total Return) | Mirae Asset AI Infrastructure 지수(PR),20240910,20260921,제외,해외:글로벌
491080,KODEX 25-12 은행채(AAA)액티브,KAP 25-12 은행채 총수익 지수,20240910,20251205,제외,수동: 채권(국고채·은행채·물가채·전단채·WGBI) — 키워드 '국채'가 '국고채'를 못 잡음
491090,KODEX 미국테크 TOP3 플러스 | KODEX 미국테크1조달러기업포커스 | KODEX 미국테크TOP3플러스 | KODEx 미국테크TOP3플러스,KEDI 미국테크TOP3플러스 지수(Price Return),20240910,20260921,제외,해외:미국
491220,PLUS 200TR,코스피 200 TR,20240910,20260921,국내주식형,
491230,PLUS 국공채머니마켓액티브,KAP 국공채 MMF 지수(총수익),20240910,20260921,제외,채권·금리·현금성:국공채
491510,파워 K-주주가치액티브,FnGuide K-주주가치 지수,20240924,20260921,국내주식형,
491610,1Q CD금리액티브(합성),KIS 하나 CD금리 총수익지수,20240924,20260921,제외,채권·금리·현금성:금리
491620,RISE 미국테크100데일리고정커버드콜,KEDI 미국 테크100 90%참여+데일리옵션 프리미엄 지수(TR),20241002,20260921,제외,해외:미국
491630,RISE 미국반도체인버스(합성 H),NYSE Semicondoctor Index(Price Return),20241022,20260921,제외,해외:미국
491700,HK 200,코스피 200,20240910,20260921,국내주식형,
491820,HANARO 전력설비투자,iSelect 전력설비투자 지수,20240924,20260921,국내주식형,
491830,TIGER 미국AI반도체팹리스,Mirae Asset US AI Fabless 지수(Net Total Return) | Mirae Asset US AI Fabless 지수(PR),20240924,20260921,제외,해외:미국
492500,1Q 현대차그룹채권(A+이상)&국고통안,KIS 하나 현대차그룹채권(A+이상)&국고통안 총수익지수,20241002,20260921,제외,채권·금리·현금성:채권
493420,SOL 미국배당다우존스2호 | SOL 미국배당다우존스TR,Dow Jones U.S. Dividend 100 Index(TR),20241008,20260921,제외,해외:미국
493810,TIGER 미국AI빅테크10타겟데일리커버드콜,KEDI 미국AI빅테크10+15%데일리프리미엄 지수(TR),20241015,20260921,제외,해외:미국
494180,TIME 글로벌소비트렌드액티브 | TIMEFOLIO 글로벌소비트렌드액티브,Solactive 뉴에이지컨수머지수,20241029,20260921,제외,해외:글로벌
494210,SOL 미국500타겟데일리커버드콜액티브 | SOL 미국500타겟커버드콜액티브,KEDI 미국퀄리티500+월1%프리미엄 지수(NTR),20241015,20260921,제외,해외:미국
494220,UNICORN SK하이닉스밸류체인액티브,FnGuide SK하이닉스밸류체인 지수,20241107,20260921,국내주식형,
494300,KODEX 미국나스닥100데일리커버드콜OTM,NASDAQ-100 Daily Covered Call 101 Index(TR),20241022,20260921,제외,해외:미국
494310,KODEX 반도체레버리지,KRX 반도체,20241022,20260921,제외,구조가 다른 상품:레버리지
494330,ACE 라이프자산주주가치액티브,FnGuide 기업가치 지수(시장가격),20241015,20260921,국내주식형,
494340,ACE 글로벌AI맞춤형반도체,Solactive AI Custom Semiconductor Index(PR),20241022,20260921,제외,해외:글로벌
494410,PLUS 미국S&P500성장주,S&P 500 Growth Index(PR),20241022,20260921,제외,해외:미국
494420,PLUS 미국배당증가성장주데일리커버드콜,Bloomberg U.S. Dividend Growth Partial Covered Call Index,20241022,20260921,제외,해외:미국
494670,TIGER 조선TOP10,iSelect 조선TOP10 Index(PR),20241022,20260921,국내주식형,
494840,TIGER 미국방산TOP10,Mirae Asset US Defense Top 10 Index(PR),20241029,20260921,제외,해외:미국
494890,KODEX 200액티브,코스피 200,20241029,20260921,국내주식형,
494900,TIGER 25-12 금융채(AA-이상),KIS 금융채2512만기형 지수(총수익),20241029,20251216,제외,채권·금리·현금성:금융채
495040,PLUS 코리아밸류업,코리아 밸류업 지수,20241104,20260921,국내주식형,
495050,RISE 코리아밸류업,코리아 밸류업 지수,20241104,20260921,국내주식형,
495060,TIME 코리아밸류업액티브 | TIMEFOLIO 코리아밸류업액티브,코리아 밸류업 지수,20241104,20260921,국내주식형,
495230,KoAct 코리아밸류업액티브,코리아 밸류업 지수,20241104,20260921,국내주식형,
495330,1Q 코리아밸류업,코리아 밸류업 지수,20241104,20260921,국내주식형,
495550,SOL 코리아밸류업TR,코리아 밸류업 TR 지수,20241104,20260921,국내주식형,
495710,BNK 26-06 특수채(AAA이상)액티브,KAP 26-06 특수채 총수익 지수(AAA이상),20241203,20260608,제외,채권·금리·현금성:특수채
495750,HANARO 코리아밸류업,코리아 밸류업 지수,20241104,20260921,국내주식형,
495850,KODEX 코리아밸류업,코리아 밸류업 지수,20241104,20260921,국내주식형,
495940,RISE 미국AI테크액티브,Solactive US AI Tech Active Index PR,20241126,20260921,제외,해외:미국
496020,WON 전단채플러스액티브,KIS 전단채플러스 TR 지수,20241119,20260921,제외,수동: 채권(국고채·은행채·물가채·전단채·WGBI) — 키워드 '국채'가 '국고채'를 못 잡음
496080,TIGER 코리아밸류업,코리아 밸류업 지수,20241104,20260921,국내주식형,
496090,KIWOOM 코리아밸류업 | KOSEF 코리아밸류업,코리아 밸류업 지수,20241104,20260921,국내주식형,
496120,ACE 코리아밸류업,코리아 밸류업 지수,20241104,20260921,국내주식형,
496130,TRUSTON 코리아밸류업액티브,코리아 밸류업 지수,20241104,20260921,국내주식형,
496770,PLUS 글로벌방산,Solactive Global Defense Index(PR),20241112,20260921,제외,해외:글로벌
497510,ACE 글로벌빅파마,Solactive Global Big Pharma Index (Price Return),20241119,20260921,제외,해외:글로벌
497520,ACE 일라이릴리밸류체인,Solactive Eli Lilly Value Chain Index(PR),20241119,20260921,제외,수동: 해외 개별기업(테슬라·팔란티어·엔비디아·브로드컴·BYD·구글·TSMC·버크셔·애플·일라이릴리) 편입 — 해외장 오염
497570,TIGER 미국필라델피아AI반도체나스닥,PHLX US AI Semiconductor 지수 (PR),20241126,20260921,제외,해외:미국
497780,KoAct 미국천연가스인프라액티브,Solactive 미국천연가스인프라 PR 지수,20241210,20260921,제외,해외:미국
497880,SOL CD금리&머니마켓액티브,KAP CD&단기자금시장지수(PR),20241126,20260921,제외,채권·금리·현금성:금리
498050,HANARO 바이오코리아액티브,iSelect K-바이오헬스케어,20241126,20260921,국내주식형,
498180,파워 종합채권(AA-이상)액티브,"KIS 한국종합채권지수(AA-이상, 총수익)",20241126,20260921,제외,채권·금리·현금성:채권
498270,KIWOOM 미국양자컴퓨팅 | KOSEF 미국양자컴퓨팅,Solactive U.S. Quantum Computing Index(PR),20241217,20260921,제외,해외:미국
498400,KODEX 200타겟위클리커버드콜,코스피 200 타겟 15% 위클리 커버드콜 지수,20241203,20260921,제외,구조가 다른 상품:커버드콜
498410,KODEX 금융고배당TOP10타겟위클리커버드콜,코스피 200 금융 고배당 TOP 10 타겟 15%분배 위클리 커버드콜 지수,20241217,20260921,제외,구조가 다른 상품:커버드콜
498610,RISE 인도디지털성장,MarketVector Digital India Index(INR)(Price Return),20250401,20260921,제외,해외:인도
498860,RISE 코리아금융고배당,iSelect 코리아 금융 고배당 지수,20241210,20260921,국내주식형,
499150,SOL 미국S&P500엔화노출(H),S&P500 Yen Hedged Index(PR),20241203,20260921,제외,해외:미국
499660,TIGER CD금리플러스액티브(합성),KIS CD+CPI연동금리 월분배 지수,20241217,20260921,제외,채권·금리·현금성:금리
